date,home_team,away_team,bookmaker,init_1,init_x,init_2,current_1,current_x,current_2,odds_page_url,retrieved_at_utc,semantics_note
2018-02-23,鸟栖沙岩,神户胜利船,William Hill,2.30,3.25,3.00,2.80,3.10,2.50,https://live.nowscore.com/1x2/1496605.htm,2026-10-02T06:32:00Z,
2018-02-23,鸟栖沙岩,神户胜利船,bet365,2.35,3.30,3.00,2.62,3.30,2.60,https://live.nowscore.com/1x2/1496605.htm,2026-10-02T06:32:00Z,
2018-02-23,鸟栖沙岩,神户胜利船,Pinnacle,2.50,3.26,3.13,2.75,3.30,2.79,https://live.nowscore.com/1x2/1496605.htm,2026-10-02T06:32:00Z,
2018-02-24,FC东京,浦和红钻,William Hill,3.50,3.20,2.05,4.00,3.40,1.85,https://live.nowscore.com/1x2/1496606.htm,2026-10-02T06:34:00Z,
2018-02-24,FC东京,浦和红钻,bet365,4.20,3.20,1.95,4.00,3.50,1.90,https://live.nowscore.com/1x2/1496606.htm,2026-10-02T06:34:00Z,
2018-02-24,FC东京,浦和红钻,Pinnacle,4.09,3.59,1.99,4.19,3.76,1.93,https://live.nowscore.com/1x2/1496606.htm,2026-10-02T06:34:00Z,
2018-02-24,广岛三箭,札幌冈萨多,William Hill,1.95,3.20,3.90,2.05,3.25,3.50,https://live.nowscore.com/1x2/1496607.htm,2026-10-02T06:34:00Z,
2018-02-24,广岛三箭,札幌冈萨多,bet365,1.95,3.20,4.20,2.10,3.10,3.75,https://live.nowscore.com/1x2/1496607.htm,2026-10-02T06:34:00Z,
2018-02-24,广岛三箭,札幌冈萨多,Pinnacle,2.07,3.41,4.01,2.14,3.49,3.70,https://live.nowscore.com/1x2/1496607.htm,2026-10-02T06:34:00Z,
2018-02-24,大阪钢巴,名古屋鲸八,William Hill,1.83,3.30,4.33,2.00,3.60,3.25,https://live.nowscore.com/1x2/1496608.htm,2026-10-02T06:34:00Z,
2018-02-24,大阪钢巴,名古屋鲸八,bet365,1.80,3.30,4.75,2.05,3.40,3.50,https://live.nowscore.com/1x2/1496608.htm,2026-10-02T06:34:00Z,
2018-02-24,大阪钢巴,名古屋鲸八,Pinnacle,1.93,3.66,4.28,2.10,3.83,3.47,https://live.nowscore.com/1x2/1496608.htm,2026-10-02T06:34:00Z,
2018-02-24,湘南海洋,长崎成功丸,William Hill,1.80,3.25,4.60,2.20,3.00,3.40,https://live.nowscore.com/1x2/1496609.htm,2026-10-02T06:34:00Z,
2018-02-24,湘南海洋,长崎成功丸,bet365,1.75,3.30,5.25,2.15,3.20,3.50,https://live.nowscore.com/1x2/1496609.htm,2026-10-02T06:34:00Z,
2018-02-24,湘南海洋,长崎成功丸,Pinnacle,1.88,3.49,4.86,2.21,3.17,3.89,https://live.nowscore.com/1x2/1496609.htm,2026-10-02T06:34:00Z,
2018-02-25,清水鼓动,鹿岛鹿角,William Hill,4.20,3.40,1.80,4.60,3.90,1.65,https://live.nowscore.com/1x2/1496610.htm,2026-10-02T06:35:00Z,
2018-02-25,清水鼓动,鹿岛鹿角,bet365,5.25,3.40,1.72,5.75,3.75,1.60,https://live.nowscore.com/1x2/1496610.htm,2026-10-02T06:35:00Z,
2018-02-25,清水鼓动,鹿岛鹿角,Pinnacle,4.56,3.84,1.83,5.30,4.26,1.66,https://live.nowscore.com/1x2/1496610.htm,2026-10-02T06:35:00Z,
2018-02-25,仙台维加泰,柏太阳神,William Hill,3.40,3.10,2.15,3.60,3.40,1.95,https://live.nowscore.com/1x2/1496611.htm,2026-10-02T06:35:00Z,
2018-02-25,仙台维加泰,柏太阳神,bet365,4.10,3.10,2.00,4.00,3.50,1.90,https://live.nowscore.com/1x2/1496611.htm,2026-10-02T06:35:00Z,
2018-02-25,仙台维加泰,柏太阳神,Pinnacle,3.40,3.43,2.28,4.12,3.69,1.95,https://live.nowscore.com/1x2/1496611.htm,2026-10-02T06:35:00Z,
2018-02-25,磐田喜悦,川崎前锋,William Hill,4.00,3.25,1.91,3.10,3.40,2.15,https://live.nowscore.com/1x2/1496612.htm,2026-10-02T06:35:00Z,
2018-02-25,磐田喜悦,川崎前锋,bet365,4.75,3.25,1.83,3.40,3.30,2.15,https://live.nowscore.com/1x2/1496612.htm,2026-10-02T06:35:00Z,
2018-02-25,磐田喜悦,川崎前锋,Pinnacle,3.93,3.53,2.05,3.32,3.59,2.25,https://live.nowscore.com/1x2/1496612.htm,2026-10-02T06:35:00Z,
2018-02-25,大阪樱花,横滨水手,William Hill,2.00,3.20,3.70,1.73,3.60,4.50,https://live.nowscore.com/1x2/1496613.htm,2026-10-02T06:35:00Z,
2018-02-25,大阪樱花,横滨水手,bet365,1.90,3.20,4.33,1.72,3.60,4.75,https://live.nowscore.com/1x2/1496613.htm,2026-10-02T06:35:00Z,
2018-02-25,大阪樱花,横滨水手,Pinnacle,1.92,3.53,4.52,1.79,3.77,5.00,https://live.nowscore.com/1x2/1496613.htm,2026-10-02T06:35:00Z,
2018-03-02,大阪樱花,札幌冈萨多,William Hill,1.57,3.90,5.50,1.61,3.60,5.50,https://live.nowscore.com/1x2/1496614.htm,2026-10-02T06:37:00Z,
2018-03-02,大阪樱花,札幌冈萨多,bet365,1.57,3.75,6.00,1.66,3.75,5.00,https://live.nowscore.com/1x2/1496614.htm,2026-10-02T06:37:00Z,
2018-03-02,大阪樱花,札幌冈萨多,Pinnacle,1.61,4.13,6.20,1.72,3.90,5.34,https://live.nowscore.com/1x2/1496614.htm,2026-10-02T06:37:00Z,
2018-03-02,川崎前锋,湘南海洋,William Hill,1.53,4.00,5.50,1.36,4.60,7.50,https://live.nowscore.com/1x2/1496615.htm,2026-10-02T06:37:00Z,
2018-03-02,川崎前锋,湘南海洋,bet365,1.53,3.80,6.50,1.40,4.33,8.50,https://live.nowscore.com/1x2/1496615.htm,2026-10-02T06:37:00Z,
2018-03-02,川崎前锋,湘南海洋,Pinnacle,1.56,4.43,6.30,1.49,4.67,7.10,https://live.nowscore.com/1x2/1496615.htm,2026-10-02T06:37:00Z,
2018-03-02,柏太阳神,横滨水手,William Hill,2.00,3.20,3.75,2.00,3.30,3.60,https://live.nowscore.com/1x2/1496616.htm,2026-10-02T06:37:00Z,
2018-03-02,柏太阳神,横滨水手,bet365,1.80,3.40,4.75,1.90,3.40,4.00,https://live.nowscore.com/1x2/1496616.htm,2026-10-02T06:37:00Z,
2018-03-02,柏太阳神,横滨水手,Pinnacle,1.87,3.61,4.69,2.00,3.61,4.03,https://live.nowscore.com/1x2/1496616.htm,2026-10-02T06:37:00Z,
2018-03-03,名古屋鲸八,磐田喜悦,William Hill,2.05,3.30,3.40,3.00,3.30,2.25,https://live.nowscore.com/1x2/1496617.htm,2026-10-02T06:38:00Z,
2018-03-03,名古屋鲸八,磐田喜悦,bet365,2.00,3.20,4.00,2.90,3.50,2.30,https://live.nowscore.com/1x2/1496617.htm,2026-10-02T06:38:00Z,
2018-03-03,名古屋鲸八,磐田喜悦,Pinnacle,2.15,3.65,3.50,2.90,3.67,2.46,https://live.nowscore.com/1x2/1496617.htm,2026-10-02T06:38:00Z,
2018-03-03,FC东京,仙台维加泰,William Hill,1.95,3.20,3.80,2.15,3.10,3.40,https://live.nowscore.com/1x2/1496618.htm,2026-10-02T06:38:00Z,
2018-03-03,FC东京,仙台维加泰,bet365,1.95,3.30,4.00,2.15,3.10,3.60,https://live.nowscore.com/1x2/1496618.htm,2026-10-02T06:38:00Z,
2018-03-03,FC东京,仙台维加泰,Pinnacle,1.99,3.54,4.16,2.22,3.40,3.57,https://live.nowscore.com/1x2/1496618.htm,2026-10-02T06:38:00Z,
2018-03-03,鹿岛鹿角,大阪钢巴,William Hill,1.61,3.90,4.75,1.53,4.00,5.50,https://live.nowscore.com/1x2/1496619.htm,2026-10-02T06:38:00Z,
2018-03-03,鹿岛鹿角,大阪钢巴,bet365,1.61,4.00,5.00,1.53,4.00,6.00,https://live.nowscore.com/1x2/1496619.htm,2026-10-02T06:38:00Z,
2018-03-03,鹿岛鹿角,大阪钢巴,Pinnacle,1.65,4.21,5.45,1.61,4.32,5.85,https://live.nowscore.com/1x2/1496619.htm,2026-10-02T06:38:00Z,
2018-03-03,神户胜利船,清水鼓动,William Hill,2.10,3.20,3.40,2.05,3.30,3.40,https://live.nowscore.com/1x2/1496620.htm,2026-10-02T06:38:00Z,
2018-03-03,神户胜利船,清水鼓动,bet365,2.05,3.20,3.80,2.10,3.20,3.60,https://live.nowscore.com/1x2/1496620.htm,2026-10-02T06:38:00Z,
2018-03-03,神户胜利船,清水鼓动,Pinnacle,2.08,3.59,3.76,2.14,3.57,3.61,https://live.nowscore.com/1x2/1496620.htm,2026-10-02T06:38:00Z,
2018-03-03,长崎成功丸,鸟栖沙岩,William Hill,2.40,3.00,3.00,2.87,2.90,2.60,https://live.nowscore.com/1x2/1496621.htm,2026-10-02T06:38:00Z,
2018-03-03,长崎成功丸,鸟栖沙岩,bet365,2.40,3.00,3.20,2.75,3.00,2.70,https://live.nowscore.com/1x2/1496621.htm,2026-10-02T06:38:00Z,
2018-03-03,长崎成功丸,鸟栖沙岩,Pinnacle,2.56,3.22,3.08,2.99,3.13,2.69,https://live.nowscore.com/1x2/1496621.htm,2026-10-02T06:38:00Z,
2018-03-04,浦和红钻,广岛三箭,William Hill,1.61,3.90,4.80,1.67,3.75,4.60,https://live.nowscore.com/1x2/1496622.htm,2026-10-02T06:39:00Z,
2018-03-04,浦和红钻,广岛三箭,bet365,1.60,3.80,5.75,1.70,3.75,4.75,https://live.nowscore.com/1x2/1496622.htm,2026-10-02T06:39:00Z,
2018-03-04,浦和红钻,广岛三箭,Pinnacle,1.64,4.15,5.70,1.72,3.94,5.16,https://live.nowscore.com/1x2/1496622.htm,2026-10-02T06:39:00Z,
2018-03-10,川崎前锋,大阪钢巴,William Hill,1.57,3.80,5.50,1.53,4.20,5.50,https://live.nowscore.com/1x2/1496623.htm,2026-10-02T06:42:00Z,
2018-03-10,川崎前锋,大阪钢巴,bet365,1.57,4.00,5.50,1.53,4.00,6.00,https://live.nowscore.com/1x2/1496623.htm,2026-10-02T06:42:00Z,
2018-03-10,川崎前锋,大阪钢巴,Pinnacle,1.65,4.18,5.57,1.56,4.48,6.25,https://live.nowscore.com/1x2/1496623.htm,2026-10-02T06:42:00Z,
2018-03-10,横滨水手,鸟栖沙岩,William Hill,1.91,3.10,4.20,2.45,3.20,2.80,https://live.nowscore.com/1x2/1496624.htm,2026-10-02T06:42:00Z,
2018-03-10,横滨水手,鸟栖沙岩,bet365,1.85,3.30,4.50,2.30,3.25,3.10,https://live.nowscore.com/1x2/1496624.htm,2026-10-02T06:42:00Z,
2018-03-10,横滨水手,鸟栖沙岩,Pinnacle,1.96,3.45,4.44,2.39,3.30,3.29,https://live.nowscore.com/1x2/1496624.htm,2026-10-02T06:42:00Z,
2018-03-10,长崎成功丸,浦和红钻,William Hill,4.20,3.70,1.75,5.00,3.60,1.67,https://live.nowscore.com/1x2/1496625.htm,2026-10-02T06:42:00Z,
2018-03-10,长崎成功丸,浦和红钻,bet365,4.75,3.75,1.70,5.50,3.80,1.61,https://live.nowscore.com/1x2/1496625.htm,2026-10-02T06:42:00Z,
2018-03-10,长崎成功丸,浦和红钻,Pinnacle,5.11,3.90,1.75,5.58,3.92,1.69,https://live.nowscore.com/1x2/1496625.htm,2026-10-02T06:42:00Z,
2018-03-10,仙台维加泰,神户胜利船,William Hill,2.30,3.25,3.00,2.30,3.20,3.00,https://live.nowscore.com/1x2/1496626.htm,2026-10-02T06:42:00Z,
2018-03-10,仙台维加泰,神户胜利船,bet365,2.37,3.10,3.10,2.30,2.90,3.50,https://live.nowscore.com/1x2/1496626.htm,2026-10-02T06:42:00Z,
2018-03-10,仙台维加泰,神户胜利船,Pinnacle,2.46,3.32,3.15,2.46,3.49,3.01,https://live.nowscore.com/1x2/1496626.htm,2026-10-02T06:42:00Z,
2018-03-10,磐田喜悦,FC东京,William Hill,2.30,3.00,3.20,2.50,3.20,2.75,https://live.nowscore.com/1x2/1496627.htm,2026-10-02T06:42:00Z,
2018-03-10,磐田喜悦,FC东京,bet365,2.15,3.10,3.60,2.60,3.10,2.80,https://live.nowscore.com/1x2/1496627.htm,2026-10-02T06:42:00Z,
2018-03-10,磐田喜悦,FC东京,Pinnacle,2.40,3.27,3.30,2.66,3.32,2.88,https://live.nowscore.com/1x2/1496627.htm,2026-10-02T06:42:00Z,
2018-03-10,鹿岛鹿角,广岛三箭,William Hill,1.70,3.40,5.00,1.85,3.40,4.00,https://live.nowscore.com/1x2/1496628.htm,2026-10-02T06:42:00Z,
2018-03-10,鹿岛鹿角,广岛三箭,bet365,1.65,3.75,5.25,1.83,3.50,4.33,https://live.nowscore.com/1x2/1496628.htm,2026-10-02T06:42:00Z,
2018-03-10,鹿岛鹿角,广岛三箭,Pinnacle,1.77,3.73,5.15,1.88,3.75,4.41,https://live.nowscore.com/1x2/1496628.htm,2026-10-02T06:42:00Z,
2018-03-10,柏太阳神,大阪樱花,William Hill,2.25,3.20,3.10,2.40,3.25,2.80,https://live.nowscore.com/1x2/1496629.htm,2026-10-02T06:42:00Z,
2018-03-10,柏太阳神,大阪樱花,bet365,2.30,3.10,3.25,2.50,3.10,2.90,https://live.nowscore.com/1x2/1496629.htm,2026-10-02T06:42:00Z,
2018-03-10,柏太阳神,大阪樱花,Pinnacle,2.42,3.34,3.20,2.45,3.51,2.93,https://live.nowscore.com/1x2/1496629.htm,2026-10-02T06:42:00Z,
2018-03-10,札幌冈萨多,清水鼓动,William Hill,2.45,3.00,3.00,2.25,3.20,3.10,https://live.nowscore.com/1x2/1496630.htm,2026-10-02T06:42:00Z,
2018-03-10,札幌冈萨多,清水鼓动,bet365,2.37,3.10,3.10,2.30,3.10,3.30,https://live.nowscore.com/1x2/1496630.htm,2026-10-02T06:42:00Z,
2018-03-10,札幌冈萨多,清水鼓动,Pinnacle,2.44,3.31,3.18,2.48,3.40,3.06,https://live.nowscore.com/1x2/1496630.htm,2026-10-02T06:42:00Z,
2018-03-11,湘南海洋,名古屋鲸八,William Hill,2.25,3.20,3.10,2.50,3.40,2.60,https://live.nowscore.com/1x2/1496631.htm,2026-10-02T06:44:00Z,
2018-03-11,湘南海洋,名古屋鲸八,bet365,2.50,3.20,2.80,2.60,3.30,2.62,https://live.nowscore.com/1x2/1496631.htm,2026-10-02T06:44:00Z,
2018-03-11,湘南海洋,名古屋鲸八,Pinnacle,2.60,3.38,2.90,2.63,3.56,2.75,https://live.nowscore.com/1x2/1496631.htm,2026-10-02T06:44:00Z,
2018-03-18,札幌冈萨多,长崎成功丸,William Hill,2.10,3.20,3.40,1.95,3.40,3.70,https://live.nowscore.com/1x2/1496632.htm,2026-10-02T06:47:00Z,
2018-03-18,札幌冈萨多,长崎成功丸,bet365,2.15,3.20,3.50,1.90,3.40,4.00,https://live.nowscore.com/1x2/1496632.htm,2026-10-02T06:47:00Z,
2018-03-18,札幌冈萨多,长崎成功丸,Pinnacle,2.18,3.35,3.73,2.02,3.50,4.11,https://live.nowscore.com/1x2/1496632.htm,2026-10-02T06:47:00Z,
2018-03-18,清水鼓动,仙台维加泰,William Hill,2.25,3.10,3.20,2.45,3.20,2.75,https://live.nowscore.com/1x2/1496633.htm,2026-10-02T06:47:00Z,
2018-03-18,清水鼓动,仙台维加泰,bet365,2.20,3.10,3.50,2.50,3.20,2.87,https://live.nowscore.com/1x2/1496633.htm,2026-10-02T06:47:00Z,
2018-03-18,清水鼓动,仙台维加泰,Pinnacle,2.25,3.42,3.46,2.56,3.43,2.92,https://live.nowscore.com/1x2/1496633.htm,2026-10-02T06:47:00Z,
2018-03-18,FC东京,湘南海洋,William Hill,2.05,3.20,3.60,2.20,3.10,3.30,https://live.nowscore.com/1x2/1496634.htm,2026-10-02T06:47:00Z,
2018-03-18,FC东京,湘南海洋,bet365,2.05,3.25,3.75,2.20,3.20,3.40,https://live.nowscore.com/1x2/1496634.htm,2026-10-02T06:47:00Z,
2018-03-18,FC东京,湘南海洋,Pinnacle,2.14,3.35,3.85,2.27,3.26,3.60,https://live.nowscore.com/1x2/1496634.htm,2026-10-02T06:47:00Z,
2018-03-18,大阪钢巴,柏太阳神,William Hill,3.60,3.25,2.00,3.20,3.30,2.15,https://live.nowscore.com/1x2/1496635.htm,2026-10-02T06:47:00Z,
2018-03-18,大阪钢巴,柏太阳神,bet365,4.00,3.30,1.95,3.30,3.30,2.20,https://live.nowscore.com/1x2/1496635.htm,2026-10-02T06:47:00Z,
2018-03-18,大阪钢巴,柏太阳神,Pinnacle,3.68,3.47,2.15,3.50,3.47,2.22,https://live.nowscore.com/1x2/1496635.htm,2026-10-02T06:47:00Z,
2018-03-18,鸟栖沙岩,鹿岛鹿角,William Hill,3.75,3.25,1.95,4.00,3.40,1.85,https://live.nowscore.com/1x2/1496636.htm,2026-10-02T06:47:00Z,
2018-03-18,鸟栖沙岩,鹿岛鹿角,bet365,4.20,3.30,1.95,4.20,3.50,1.85,https://live.nowscore.com/1x2/1496636.htm,2026-10-02T06:47:00Z,
2018-03-18,鸟栖沙岩,鹿岛鹿角,Pinnacle,4.23,3.56,1.97,4.20,3.51,1.99,https://live.nowscore.com/1x2/1496636.htm,2026-10-02T06:47:00Z,
2018-03-18,广岛三箭,磐田喜悦,William Hill,1.95,3.20,3.90,2.05,3.30,3.40,https://live.nowscore.com/1x2/1496637.htm,2026-10-02T06:47:00Z,
2018-03-18,广岛三箭,磐田喜悦,bet365,1.90,3.25,4.33,2.10,3.30,3.50,https://live.nowscore.com/1x2/1496637.htm,2026-10-02T06:47:00Z,
2018-03-18,广岛三箭,磐田喜悦,Pinnacle,2.13,3.44,3.77,2.12,3.51,3.72,https://live.nowscore.com/1x2/1496637.htm,2026-10-02T06:47:00Z,
2018-03-18,浦和红钻,横滨水手,William Hill,1.75,3.60,4.33,1.60,3.90,5.00,https://live.nowscore.com/1x2/1496638.htm,2026-10-02T06:47:00Z,
2018-03-18,浦和红钻,横滨水手,bet365,1.70,3.60,5.00,1.61,4.00,5.00,https://live.nowscore.com/1x2/1496638.htm,2026-10-02T06:47:00Z,
2018-03-18,浦和红钻,横滨水手,Pinnacle,1.66,4.01,5.73,1.65,4.22,5.54,https://live.nowscore.com/1x2/1496638.htm,2026-10-02T06:47:00Z,
2018-03-18,神户胜利船,大阪樱花,William Hill,3.50,3.40,2.00,3.30,3.40,2.05,https://live.nowscore.com/1x2/1496639.htm,2026-10-02T06:47:00Z,
2018-03-18,神户胜利船,大阪樱花,bet365,3.80,3.40,1.95,3.30,3.50,2.10,https://live.nowscore.com/1x2/1496639.htm,2026-10-02T06:47:00Z,
2018-03-18,神户胜利船,大阪樱花,Pinnacle,3.34,3.62,2.23,3.42,3.62,2.19,https://live.nowscore.com/1x2/1496639.htm,2026-10-02T06:47:00Z,
2018-03-18,名古屋鲸八,川崎前锋,William Hill,4.20,3.60,1.75,4.50,4.20,1.61,https://live.nowscore.com/1x2/1496640.htm,2026-10-02T06:47:00Z,
2018-03-18,名古屋鲸八,川崎前锋,bet365,4.80,3.60,1.72,5.50,3.80,1.61,https://live.nowscore.com/1x2/1496640.htm,2026-10-02T06:47:00Z,
2018-03-18,名古屋鲸八,川崎前锋,Pinnacle,3.98,3.86,1.94,5.38,4.18,1.67,https://live.nowscore.com/1x2/1496640.htm,2026-10-02T06:47:00Z,
2018-03-30,柏太阳神,神户胜利船,William Hill,1.91,3.30,3.90,1.80,3.60,4.00,https://live.nowscore.com/1x2/1496641.htm,2026-10-02T06:49:00Z,
2018-03-30,柏太阳神,神户胜利船,bet365,1.85,3.30,4.50,1.80,3.60,4.50,https://live.nowscore.com/1x2/1496641.htm,2026-10-02T06:49:00Z,
2018-03-30,柏太阳神,神户胜利船,Pinnacle,1.98,3.52,4.22,1.86,3.72,4.57,https://live.nowscore.com/1x2/1496641.htm,2026-10-02T06:49:00Z,
2018-03-31,清水鼓动,横滨水手,William Hill,2.50,3.10,2.75,2.50,3.20,2.75,https://live.nowscore.com/1x2/1496642.htm,2026-10-02T06:51:00Z,
2018-03-31,清水鼓动,横滨水手,bet365,2.50,3.10,2.90,2.70,3.10,2.70,https://live.nowscore.com/1x2/1496642.htm,2026-10-02T06:51:00Z,
2018-03-31,清水鼓动,横滨水手,Pinnacle,2.57,3.34,2.98,2.76,3.35,2.75,https://live.nowscore.com/1x2/1496642.htm,2026-10-02T06:51:00Z,
2018-03-31,仙台维加泰,长崎成功丸,William Hill,1.95,3.25,3.80,1.70,3.40,5.00,https://live.nowscore.com/1x2/1496643.htm,2026-10-02T06:51:00Z,
2018-03-31,仙台维加泰,长崎成功丸,bet365,1.90,3.20,4.33,1.75,3.60,4.75,https://live.nowscore.com/1x2/1496643.htm,2026-10-02T06:51:00Z,
2018-03-31,仙台维加泰,长崎成功丸,Pinnacle,2.02,3.38,4.28,1.78,3.60,5.45,https://live.nowscore.com/1x2/1496643.htm,2026-10-02T06:51:00Z,
2018-03-31,FC东京,大阪钢巴,William Hill,2.20,3.20,3.20,2.00,3.25,3.70,https://live.nowscore.com/1x2/1496644.htm,2026-10-02T06:51:00Z,
2018-03-31,FC东京,大阪钢巴,bet365,2.20,3.10,3.50,1.90,3.40,4.00,https://live.nowscore.com/1x2/1496644.htm,2026-10-02T06:51:00Z,
2018-03-31,FC东京,大阪钢巴,Pinnacle,2.36,3.26,3.40,2.20,3.23,3.81,https://live.nowscore.com/1x2/1496644.htm,2026-10-02T06:51:00Z,
2018-03-31,鹿岛鹿角,札幌冈萨多,William Hill,1.65,3.60,5.00,1.55,3.90,5.50,https://live.nowscore.com/1x2/1496645.htm,2026-10-02T06:51:00Z,
2018-03-31,鹿岛鹿角,札幌冈萨多,bet365,1.57,3.75,6.00,1.57,3.60,6.50,https://live.nowscore.com/1x2/1496645.htm,2026-10-02T06:51:00Z,
2018-03-31,鹿岛鹿角,札幌冈萨多,Pinnacle,1.64,3.89,6.30,1.61,4.05,6.36,https://live.nowscore.com/1x2/1496645.htm,2026-10-02T06:51:00Z,
2018-03-31,川崎前锋,广岛三箭,William Hill,1.83,3.50,4.00,1.80,3.50,4.20,https://live.nowscore.com/1x2/1496646.htm,2026-10-02T06:51:00Z,
2018-03-31,川崎前锋,广岛三箭,bet365,1.75,3.50,4.75,1.75,3.60,4.75,https://live.nowscore.com/1x2/1496646.htm,2026-10-02T06:51:00Z,
2018-03-31,川崎前锋,广岛三箭,Pinnacle,1.80,3.79,4.86,1.82,3.74,4.83,https://live.nowscore.com/1x2/1496646.htm,2026-10-02T06:51:00Z,
2018-03-31,大阪樱花,湘南海洋,William Hill,1.61,3.60,5.50,1.60,3.70,5.50,https://live.nowscore.com/1x2/1496647.htm,2026-10-02T06:51:00Z,
2018-03-31,大阪樱花,湘南海洋,bet365,1.60,3.75,5.75,1.57,3.60,6.50,https://live.nowscore.com/1x2/1496647.htm,2026-10-02T06:51:00Z,
2018-03-31,大阪樱花,湘南海洋,Pinnacle,1.64,3.84,6.43,1.62,3.88,6.67,https://live.nowscore.com/1x2/1496647.htm,2026-10-02T06:51:00Z,
2018-03-31,鸟栖沙岩,名古屋鲸八,William Hill,2.40,3.20,2.87,2.00,3.40,3.50,https://live.nowscore.com/1x2/1496648.htm,2026-10-02T06:51:00Z,
2018-03-31,鸟栖沙岩,名古屋鲸八,bet365,2.45,3.10,3.00,1.90,3.25,4.20,https://live.nowscore.com/1x2/1496648.htm,2026-10-02T06:51:00Z,
2018-03-31,鸟栖沙岩,名古屋鲸八,Pinnacle,2.55,3.35,2.99,2.00,3.54,4.12,https://live.nowscore.com/1x2/1496648.htm,2026-10-02T06:51:00Z,
2018-04-01,磐田喜悦(中),浦和红钻,William Hill,3.10,3.20,2.25,3.60,3.20,2.05,https://live.nowscore.com/1x2/1496649.htm,2026-10-02T06:54:00Z,
2018-04-01,磐田喜悦(中),浦和红钻,bet365,3.60,3.10,2.15,3.75,3.40,2.00,https://live.nowscore.com/1x2/1496649.htm,2026-10-02T06:54:00Z,
2018-04-01,磐田喜悦(中),浦和红钻,Pinnacle,3.49,3.47,2.22,4.07,3.43,2.05,https://live.nowscore.com/1x2/1496649.htm,2026-10-02T06:54:00Z,
2018-04-07,札幌冈萨多,名古屋鲸八,William Hill,2.10,3.20,3.40,1.75,3.75,4.00,https://live.nowscore.com/1x2/1496650.htm,2026-10-02T06:57:00Z,
2018-04-07,札幌冈萨多,名古屋鲸八,bet365,2.00,3.30,3.75,1.80,3.75,4.20,https://live.nowscore.com/1x2/1496650.htm,2026-10-02T06:57:00Z,
2018-04-07,札幌冈萨多,名古屋鲸八,Pinnacle,2.08,3.64,3.71,1.87,3.94,4.24,https://live.nowscore.com/1x2/1496650.htm,2026-10-02T06:57:00Z,
2018-04-07,大阪樱花,鸟栖沙岩,William Hill,1.80,3.40,4.33,1.83,3.50,4.00,https://live.nowscore.com/1x2/1496651.htm,2026-10-02T06:57:00Z,
2018-04-07,大阪樱花,鸟栖沙岩,bet365,1.83,3.25,4.75,1.85,3.60,4.00,https://live.nowscore.com/1x2/1496651.htm,2026-10-02T06:57:00Z,
2018-04-07,大阪樱花,鸟栖沙岩,Pinnacle,1.91,3.68,4.36,1.90,3.80,4.22,https://live.nowscore.com/1x2/1496651.htm,2026-10-02T06:57:00Z,
2018-04-07,磐田喜悦,清水鼓动,William Hill,2.00,3.30,3.60,2.20,3.25,3.10,https://live.nowscore.com/1x2/1496652.htm,2026-10-02T06:57:00Z,
2018-04-07,磐田喜悦,清水鼓动,bet365,2.15,3.20,3.50,2.25,3.20,3.25,https://live.nowscore.com/1x2/1496652.htm,2026-10-02T06:57:00Z,
2018-04-07,磐田喜悦,清水鼓动,Pinnacle,2.14,3.55,3.64,2.34,3.32,3.38,https://live.nowscore.com/1x2/1496652.htm,2026-10-02T06:57:00Z,
2018-04-07,浦和红钻,仙台维加泰,William Hill,1.73,3.50,4.60,1.70,3.75,4.40,https://live.nowscore.com/1x2/1496653.htm,2026-10-02T06:57:00Z,
2018-04-07,浦和红钻,仙台维加泰,bet365,1.61,3.75,5.50,1.66,3.75,5.00,https://live.nowscore.com/1x2/1496653.htm,2026-10-02T06:57:00Z,
2018-04-07,浦和红钻,仙台维加泰,Pinnacle,1.67,4.06,5.56,1.81,3.83,4.77,https://live.nowscore.com/1x2/1496653.htm,2026-10-02T06:57:00Z,
2018-04-07,湘南海洋,鹿岛鹿角,William Hill,4.20,3.40,1.83,5.00,3.60,1.67,https://live.nowscore.com/1x2/1496654.htm,2026-10-02T06:57:00Z,
2018-04-07,湘南海洋,鹿岛鹿角,bet365,5.25,3.50,1.70,5.00,3.75,1.66,https://live.nowscore.com/1x2/1496654.htm,2026-10-02T06:57:00Z,
2018-04-07,湘南海洋,鹿岛鹿角,Pinnacle,5.11,3.76,1.78,5.42,3.78,1.74,https://live.nowscore.com/1x2/1496654.htm,2026-10-02T06:57:00Z,
2018-04-08,长崎成功丸,FC东京,William Hill,3.70,3.25,1.95,3.60,3.20,2.05,https://live.nowscore.com/1x2/1496655.htm,2026-10-02T06:59:00Z,
2018-04-08,长崎成功丸,FC东京,bet365,3.75,3.00,2.15,3.60,3.25,2.10,https://live.nowscore.com/1x2/1496655.htm,2026-10-02T06:59:00Z,
2018-04-08,长崎成功丸,FC东京,Pinnacle,3.76,3.33,2.18,3.61,3.28,2.26,https://live.nowscore.com/1x2/1496655.htm,2026-10-02T06:59:00Z,
2018-04-08,大阪钢巴,神户胜利船,William Hill,2.50,3.10,2.80,3.00,3.30,2.25,https://live.nowscore.com/1x2/1496656.htm,2026-10-02T06:59:00Z,
2018-04-08,大阪钢巴,神户胜利船,bet365,2.70,3.10,2.70,3.10,3.10,2.37,https://live.nowscore.com/1x2/1496656.htm,2026-10-02T06:59:00Z,
2018-04-08,大阪钢巴,神户胜利船,Pinnacle,2.73,3.46,2.70,3.17,3.40,2.41,https://live.nowscore.com/1x2/1496656.htm,2026-10-02T06:59:00Z,
2018-04-08,柏太阳神,广岛三箭,William Hill,2.00,3.30,3.60,2.00,3.30,3.60,https://live.nowscore.com/1x2/1496657.htm,2026-10-02T06:59:00Z,
2018-04-08,柏太阳神,广岛三箭,bet365,2.05,3.20,3.75,2.05,3.25,3.80,https://live.nowscore.com/1x2/1496657.htm,2026-10-02T06:59:00Z,
2018-04-08,柏太阳神,广岛三箭,Pinnacle,2.18,3.45,3.61,2.12,3.49,3.75,https://live.nowscore.com/1x2/1496657.htm,2026-10-02T06:59:00Z,
2018-04-08,横滨水手,川崎前锋,William Hill,3.40,3.20,2.10,4.00,3.40,1.85,https://live.nowscore.com/1x2/1496658.htm,2026-10-02T06:59:00Z,
2018-04-08,横滨水手,川崎前锋,bet365,3.75,3.25,2.05,4.20,3.60,1.83,https://live.nowscore.com/1x2/1496658.htm,2026-10-02T06:59:00Z,
2018-04-08,横滨水手,川崎前锋,Pinnacle,3.69,3.46,2.15,4.28,3.66,1.93,https://live.nowscore.com/1x2/1496658.htm,2026-10-02T06:59:00Z,
2018-04-11,札幌冈萨多,湘南海洋,William Hill,1.95,3.30,3.80,1.73,3.50,4.60,https://live.nowscore.com/1x2/1496659.htm,2026-10-02T07:01:00Z,
2018-04-11,札幌冈萨多,湘南海洋,bet365,1.85,3.40,4.33,1.66,3.50,5.50,https://live.nowscore.com/1x2/1496659.htm,2026-10-02T07:01:00Z,
2018-04-11,札幌冈萨多,湘南海洋,Pinnacle,1.89,3.57,4.51,1.78,3.46,5.55,https://live.nowscore.com/1x2/1496659.htm,2026-10-02T07:01:00Z,
2018-04-11,FC东京,鹿岛鹿角,William Hill,3.40,3.20,2.10,2.87,3.10,2.45,https://live.nowscore.com/1x2/1496660.htm,2026-10-02T07:01:00Z,
2018-04-11,FC东京,鹿岛鹿角,bet365,3.60,3.25,2.10,3.00,3.20,2.40,https://live.nowscore.com/1x2/1496660.htm,2026-10-02T07:01:00Z,
2018-04-11,FC东京,鹿岛鹿角,Pinnacle,3.50,3.47,2.19,2.97,3.24,2.60,https://live.nowscore.com/1x2/1496660.htm,2026-10-02T07:01:00Z,
2018-04-11,大阪钢巴,磐田喜悦,William Hill,3.00,3.00,2.40,2.70,3.20,2.50,https://live.nowscore.com/1x2/1496661.htm,2026-10-02T07:01:00Z,
2018-04-11,大阪钢巴,磐田喜悦,bet365,2.87,3.10,2.55,2.75,3.10,2.70,https://live.nowscore.com/1x2/1496661.htm,2026-10-02T07:01:00Z,
2018-04-11,大阪钢巴,磐田喜悦,Pinnacle,2.92,3.37,2.56,2.77,3.34,2.70,https://live.nowscore.com/1x2/1496661.htm,2026-10-02T07:01:00Z,
2018-04-11,川崎前锋,大阪樱花,William Hill,1.91,3.40,3.75,1.85,3.70,3.60,https://live.nowscore.com/1x2/1496662.htm,2026-10-02T07:01:00Z,
2018-04-11,川崎前锋,大阪樱花,bet365,1.90,3.50,4.00,1.83,3.60,4.20,https://live.nowscore.com/1x2/1496662.htm,2026-10-02T07:01:00Z,
2018-04-11,川崎前锋,大阪樱花,Pinnacle,1.98,3.69,3.94,1.93,3.82,4.03,https://live.nowscore.com/1x2/1496662.htm,2026-10-02T07:01:00Z,
2018-04-11,名古屋鲸八,仙台维加泰,William Hill,3.20,3.20,2.20,3.10,3.30,2.20,https://live.nowscore.com/1x2/1496663.htm,2026-10-02T07:01:00Z,
2018-04-11,名古屋鲸八,仙台维加泰,bet365,3.10,3.25,2.30,3.00,3.30,2.30,https://live.nowscore.com/1x2/1496663.htm,2026-10-02T07:01:00Z,
2018-04-11,名古屋鲸八,仙台维加泰,Pinnacle,3.07,3.54,2.37,3.11,3.40,2.41,https://live.nowscore.com/1x2/1496663.htm,2026-10-02T07:01:00Z,
2018-04-11,广岛三箭,横滨水手,William Hill,2.00,3.20,3.70,2.10,3.40,3.25,https://live.nowscore.com/1x2/1496664.htm,2026-10-02T07:01:00Z,
2018-04-11,广岛三箭,横滨水手,bet365,2.00,3.30,3.80,2.15,3.40,3.30,https://live.nowscore.com/1x2/1496664.htm,2026-10-02T07:01:00Z,
2018-04-11,广岛三箭,横滨水手,Pinnacle,2.10,3.37,3.88,2.20,3.51,3.43,https://live.nowscore.com/1x2/1496664.htm,2026-10-02T07:01:00Z,
2018-04-11,清水鼓动,长崎成功丸,William Hill,1.85,3.30,4.20,1.85,3.40,4.00,https://live.nowscore.com/1x2/1496665.htm,2026-10-02T07:01:00Z,
2018-04-11,清水鼓动,长崎成功丸,bet365,1.85,3.30,4.50,1.80,3.60,4.33,https://live.nowscore.com/1x2/1496665.htm,2026-10-02T07:01:00Z,
2018-04-11,清水鼓动,长崎成功丸,Pinnacle,1.98,3.60,4.05,1.93,3.52,4.42,https://live.nowscore.com/1x2/1496665.htm,2026-10-02T07:01:00Z,
2018-04-11,神户胜利船,浦和红钻,William Hill,3.10,3.20,2.25,2.87,3.40,2.30,https://live.nowscore.com/1x2/1496666.htm,2026-10-02T07:01:00Z,
2018-04-11,神户胜利船,浦和红钻,bet365,3.10,3.25,2.30,NULL,NULL,NULL,https://live.nowscore.com/1x2/1496666.htm,2026-10-02T07:01:00Z,
2018-04-11,神户胜利船,浦和红钻,Pinnacle,3.10,3.52,2.36,3.09,3.60,2.33,https://live.nowscore.com/1x2/1496666.htm,2026-10-02T07:01:00Z,
2018-04-11,鸟栖沙岩,柏太阳神,William Hill,3.10,3.10,2.30,3.10,3.20,2.25,https://live.nowscore.com/1x2/1496667.htm,2026-10-02T07:01:00Z,
2018-04-11,鸟栖沙岩,柏太阳神,bet365,3.10,3.25,2.30,3.00,3.25,2.37,https://live.nowscore.com/1x2/1496667.htm,2026-10-02T07:01:00Z,
2018-04-11,鸟栖沙岩,柏太阳神,Pinnacle,3.15,3.41,2.39,3.09,3.26,2.32,https://live.nowscore.com/1x2/1496667.htm,2026-10-02T07:01:00Z,
2018-04-14,鹿岛鹿角,名古屋鲸八,William Hill,1.40,4.33,7.00,1.40,4.60,6.50,https://live.nowscore.com/1x2/1496668.htm,2026-10-02T07:02:00Z,
2018-04-14,鹿岛鹿角,名古屋鲸八,bet365,1.44,4.33,7.00,1.44,4.33,7.00,https://live.nowscore.com/1x2/1496668.htm,2026-10-02T07:02:00Z,
2018-04-14,鹿岛鹿角,名古屋鲸八,Pinnacle,1.49,4.61,7.05,1.46,4.89,7.41,https://live.nowscore.com/1x2/1496668.htm,2026-10-02T07:02:00Z,
2018-04-14,柏太阳神,札幌冈萨多,William Hill,1.67,3.40,5.00,2.00,3.40,3.50,https://live.nowscore.com/1x2/1496669.htm,2026-10-02T07:02:00Z,
2018-04-14,柏太阳神,札幌冈萨多,bet365,1.75,3.50,4.75,1.95,3.40,3.80,https://live.nowscore.com/1x2/1496669.htm,2026-10-02T07:02:00Z,
2018-04-14,柏太阳神,札幌冈萨多,Pinnacle,1.85,3.58,4.77,2.01,3.60,4.03,https://live.nowscore.com/1x2/1496669.htm,2026-10-02T07:02:00Z,
2018-04-14,长崎成功丸,大阪钢巴,William Hill,2.90,3.40,2.20,2.87,3.40,2.30,https://live.nowscore.com/1x2/1496670.htm,2026-10-02T07:02:00Z,
2018-04-14,长崎成功丸,大阪钢巴,bet365,3.10,3.40,2.25,3.00,3.30,2.35,https://live.nowscore.com/1x2/1496670.htm,2026-10-02T07:02:00Z,
2018-04-14,长崎成功丸,大阪钢巴,Pinnacle,3.05,3.36,2.47,3.00,3.43,2.50,https://live.nowscore.com/1x2/1496670.htm,2026-10-02T07:02:00Z,
2018-04-14,大阪樱花,FC东京,William Hill,1.75,3.60,4.00,2.00,3.50,3.40,https://live.nowscore.com/1x2/1496671.htm,2026-10-02T07:02:00Z,
2018-04-14,大阪樱花,FC东京,bet365,1.83,3.60,4.20,2.05,3.50,3.40,https://live.nowscore.com/1x2/1496671.htm,2026-10-02T07:02:00Z,
2018-04-14,大阪樱花,FC东京,Pinnacle,2.05,3.65,3.72,2.04,3.72,3.75,https://live.nowscore.com/1x2/1496671.htm,2026-10-02T07:02:00Z,
2018-04-14,仙台维加泰,川崎前锋,William Hill,3.60,3.30,2.00,3.90,3.50,1.85,https://live.nowscore.com/1x2/1496672.htm,2026-10-02T07:02:00Z,
2018-04-14,仙台维加泰,川崎前锋,bet365,3.75,3.40,2.00,4.00,3.50,1.90,https://live.nowscore.com/1x2/1496672.htm,2026-10-02T07:02:00Z,
2018-04-14,仙台维加泰,川崎前锋,Pinnacle,4.43,3.60,1.92,4.39,3.78,1.88,https://live.nowscore.com/1x2/1496672.htm,2026-10-02T07:02:00Z,
2018-04-15,横滨水手,神户胜利船,William Hill,2.15,3.20,3.20,2.20,3.40,3.00,https://live.nowscore.com/1x2/1496673.htm,2026-10-02T07:05:00Z,
2018-04-15,横滨水手,神户胜利船,bet365,2.25,3.30,3.20,2.30,3.30,3.10,https://live.nowscore.com/1x2/1496673.htm,2026-10-02T07:05:00Z,
2018-04-15,横滨水手,神户胜利船,Pinnacle,2.45,3.38,3.11,2.41,3.64,2.98,https://live.nowscore.com/1x2/1496673.htm,2026-10-02T07:05:00Z,
2018-04-15,磐田喜悦,鸟栖沙岩,William Hill,2.00,3.10,3.80,2.20,3.20,3.20,https://live.nowscore.com/1x2/1496674.htm,2026-10-02T07:05:00Z,
2018-04-15,磐田喜悦,鸟栖沙岩,bet365,2.00,3.20,4.00,2.15,3.25,3.40,https://live.nowscore.com/1x2/1496674.htm,2026-10-02T07:05:00Z,
2018-04-15,磐田喜悦,鸟栖沙岩,Pinnacle,2.27,3.38,3.47,2.29,3.40,3.29,https://live.nowscore.com/1x2/1496674.htm,2026-10-02T07:05:00Z,
2018-04-15,湘南海洋,广岛三箭,William Hill,5.00,3.40,1.67,4.60,3.40,1.75,https://live.nowscore.com/1x2/1496675.htm,2026-10-02T07:05:00Z,
2018-04-15,湘南海洋,广岛三箭,bet365,4.75,3.40,1.80,4.33,3.75,1.75,https://live.nowscore.com/1x2/1496675.htm,2026-10-02T07:05:00Z,
2018-04-15,湘南海洋,广岛三箭,Pinnacle,4.22,3.39,2.03,5.10,3.79,1.77,https://live.nowscore.com/1x2/1496675.htm,2026-10-02T07:05:00Z,
2018-04-15,浦和红钻,清水鼓动,William Hill,1.65,3.60,4.80,1.65,3.90,4.60,https://live.nowscore.com/1x2/1496676.htm,2026-10-02T07:05:00Z,
2018-04-15,浦和红钻,清水鼓动,bet365,1.72,3.50,5.00,1.66,3.60,5.25,https://live.nowscore.com/1x2/1496676.htm,2026-10-02T07:05:00Z,
2018-04-15,浦和红钻,清水鼓动,Pinnacle,1.74,3.95,5.10,1.71,4.04,5.15,https://live.nowscore.com/1x2/1496676.htm,2026-10-02T07:05:00Z,
2018-04-21,清水鼓动,FC东京,William Hill,3.10,3.10,2.30,3.20,3.20,2.20,https://live.nowscore.com/1x2/1496677.htm,2026-10-02T07:06:00Z,
2018-04-21,清水鼓动,FC东京,bet365,3.30,3.10,2.30,3.40,3.10,2.25,https://live.nowscore.com/1x2/1496677.htm,2026-10-02T07:06:00Z,
2018-04-21,清水鼓动,FC东京,Pinnacle,3.18,3.40,2.40,3.20,3.30,2.45,https://live.nowscore.com/1x2/1496677.htm,2026-10-02T07:06:00Z,
2018-04-21,广岛三箭,鸟栖沙岩,William Hill,1.83,3.30,4.33,1.95,3.25,3.80,https://live.nowscore.com/1x2/1496678.htm,2026-10-02T07:06:00Z,
2018-04-21,广岛三箭,鸟栖沙岩,bet365,1.83,3.40,4.50,2.00,3.50,3.60,https://live.nowscore.com/1x2/1496678.htm,2026-10-02T07:06:00Z,
2018-04-21,广岛三箭,鸟栖沙岩,Pinnacle,1.99,3.60,4.08,1.87,3.69,4.55,https://live.nowscore.com/1x2/1496678.htm,2026-10-02T07:06:00Z,
2018-04-21,仙台维加泰,磐田喜悦,William Hill,2.10,3.10,3.50,2.40,3.00,3.00,https://live.nowscore.com/1x2/1496679.htm,2026-10-02T07:06:00Z,
2018-04-21,仙台维加泰,磐田喜悦,bet365,2.10,3.10,3.75,2.50,3.00,3.00,https://live.nowscore.com/1x2/1496679.htm,2026-10-02T07:06:00Z,
2018-04-21,仙台维加泰,磐田喜悦,Pinnacle,2.32,3.37,3.36,2.38,3.25,3.37,https://live.nowscore.com/1x2/1496679.htm,2026-10-02T07:06:00Z,
2018-04-21,川崎前锋,鹿岛鹿角,William Hill,2.20,3.30,3.10,2.05,3.30,3.40,https://live.nowscore.com/1x2/1496680.htm,2026-10-02T07:06:00Z,
2018-04-21,川崎前锋,鹿岛鹿角,bet365,2.15,3.30,3.40,2.10,3.40,3.40,https://live.nowscore.com/1x2/1496680.htm,2026-10-02T07:06:00Z,
2018-04-21,川崎前锋,鹿岛鹿角,Pinnacle,2.21,3.57,3.42,2.21,3.58,3.40,https://live.nowscore.com/1x2/1496680.htm,2026-10-02T07:06:00Z,
2018-04-21,浦和红钻,札幌冈萨多,William Hill,1.70,3.60,4.60,1.95,3.60,3.40,https://live.nowscore.com/1x2/1496681.htm,2026-10-02T07:06:00Z,
2018-04-21,浦和红钻,札幌冈萨多,bet365,1.65,3.80,5.00,1.90,3.40,4.00,https://live.nowscore.com/1x2/1496681.htm,2026-10-02T07:06:00Z,
2018-04-21,浦和红钻,札幌冈萨多,Pinnacle,1.79,3.93,4.73,1.93,3.82,4.20,https://live.nowscore.com/1x2/1496681.htm,2026-10-02T07:06:00Z,
2018-04-21,神户胜利船,名古屋鲸八,William Hill,1.65,3.90,4.60,1.80,3.80,3.80,https://live.nowscore.com/1x2/1496682.htm,2026-10-02T07:06:00Z,
2018-04-21,神户胜利船,名古屋鲸八,bet365,1.61,3.80,5.50,1.83,3.60,4.20,https://live.nowscore.com/1x2/1496682.htm,2026-10-02T07:06:00Z,
2018-04-21,神户胜利船,名古屋鲸八,Pinnacle,1.72,4.11,4.95,1.82,4.21,4.22,https://live.nowscore.com/1x2/1496682.htm,2026-10-02T07:06:00Z,
2018-04-21,横滨水手,湘南海洋,William Hill,1.75,3.40,4.60,1.85,3.50,3.75,https://live.nowscore.com/1x2/1496683.htm,2026-10-02T07:06:00Z,
2018-04-21,横滨水手,湘南海洋,bet365,1.72,3.50,5.00,1.85,3.50,4.20,https://live.nowscore.com/1x2/1496683.htm,2026-10-02T07:06:00Z,
2018-04-21,横滨水手,湘南海洋,Pinnacle,1.82,3.68,4.91,1.97,3.50,4.29,https://live.nowscore.com/1x2/1496683.htm,2026-10-02T07:06:00Z,
2018-04-21,大阪钢巴,大阪樱花,William Hill,3.40,3.50,2.00,3.40,3.50,2.00,https://live.nowscore.com/1x2/1496684.htm,2026-10-02T07:06:00Z,
2018-04-21,大阪钢巴,大阪樱花,bet365,3.75,3.30,2.00,3.80,3.40,2.00,https://live.nowscore.com/1x2/1496684.htm,2026-10-02T07:06:00Z,
2018-04-21,大阪钢巴,大阪樱花,Pinnacle,3.87,3.75,2.00,3.72,3.74,2.04,https://live.nowscore.com/1x2/1496684.htm,2026-10-02T07:06:00Z,
2018-04-22,长崎成功丸,柏太阳神,William Hill,4.40,3.40,1.80,4.00,3.40,1.85,https://live.nowscore.com/1x2/1496685.htm,2026-10-02T07:08:00Z,
2018-04-22,长崎成功丸,柏太阳神,bet365,4.75,3.40,1.80,4.33,3.50,1.83,https://live.nowscore.com/1x2/1496685.htm,2026-10-02T07:08:00Z,
2018-04-22,长崎成功丸,柏太阳神,Pinnacle,4.39,3.69,1.90,5.02,3.40,1.88,https://live.nowscore.com/1x2/1496685.htm,2026-10-02T07:08:00Z,
2018-04-25,大阪樱花,仙台维加泰,William Hill,1.75,3.50,4.33,1.80,3.50,4.20,https://live.nowscore.com/1x2/1496686.htm,2026-10-02T07:10:00Z,
2018-04-25,大阪樱花,仙台维加泰,bet365,1.72,3.60,4.75,1.75,3.75,4.50,https://live.nowscore.com/1x2/1496686.htm,2026-10-02T07:10:00Z,
2018-04-25,大阪樱花,仙台维加泰,Pinnacle,1.79,3.91,4.72,1.87,3.58,4.74,https://live.nowscore.com/1x2/1496686.htm,2026-10-02T07:10:00Z,
2018-04-25,札幌冈萨多,横滨水手,William Hill,2.25,3.20,3.10,1.85,3.70,3.70,https://live.nowscore.com/1x2/1496687.htm,2026-10-02T07:10:00Z,
2018-04-25,札幌冈萨多,横滨水手,bet365,2.15,3.25,3.40,1.83,3.60,4.33,https://live.nowscore.com/1x2/1496687.htm,2026-10-02T07:10:00Z,
2018-04-25,札幌冈萨多,横滨水手,Pinnacle,2.31,3.54,3.24,1.94,3.86,3.97,https://live.nowscore.com/1x2/1496687.htm,2026-10-02T07:10:00Z,
2018-04-25,FC东京,广岛三箭,William Hill,2.87,3.10,2.45,2.50,3.10,2.80,https://live.nowscore.com/1x2/1496688.htm,2026-10-02T07:10:00Z,
2018-04-25,FC东京,广岛三箭,bet365,2.90,3.10,2.50,2.45,3.20,2.90,https://live.nowscore.com/1x2/1496688.htm,2026-10-02T07:10:00Z,
2018-04-25,FC东京,广岛三箭,Pinnacle,2.87,3.35,2.64,2.69,3.17,2.96,https://live.nowscore.com/1x2/1496688.htm,2026-10-02T07:10:00Z,
2018-04-25,磐田喜悦,长崎成功丸,William Hill,1.85,3.25,4.20,1.91,3.10,4.20,https://live.nowscore.com/1x2/1496689.htm,2026-10-02T07:10:00Z,
2018-04-25,磐田喜悦,长崎成功丸,bet365,1.83,3.40,4.50,1.85,3.50,4.20,https://live.nowscore.com/1x2/1496689.htm,2026-10-02T07:10:00Z,
2018-04-25,磐田喜悦,长崎成功丸,Pinnacle,1.90,3.67,4.42,1.97,3.37,4.55,https://live.nowscore.com/1x2/1496689.htm,2026-10-02T07:10:00Z,
2018-04-25,鹿岛鹿角,神户胜利船,William Hill,2.00,3.30,3.60,1.95,3.40,3.60,https://live.nowscore.com/1x2/1496690.htm,2026-10-02T07:10:00Z,
2018-04-25,鹿岛鹿角,神户胜利船,bet365,1.95,3.50,3.75,1.85,3.60,4.00,https://live.nowscore.com/1x2/1496690.htm,2026-10-02T07:10:00Z,
2018-04-25,鹿岛鹿角,神户胜利船,Pinnacle,2.05,3.69,3.76,2.02,3.62,3.93,https://live.nowscore.com/1x2/1496690.htm,2026-10-02T07:10:00Z,
2018-04-25,柏太阳神,浦和红钻,William Hill,2.30,3.20,3.00,2.70,3.20,2.50,https://live.nowscore.com/1x2/1496691.htm,2026-10-02T07:10:00Z,
2018-04-25,柏太阳神,浦和红钻,bet365,2.40,3.25,2.90,2.60,3.20,2.70,https://live.nowscore.com/1x2/1496691.htm,2026-10-02T07:10:00Z,
2018-04-25,柏太阳神,浦和红钻,Pinnacle,2.53,3.52,2.90,2.83,3.20,2.79,https://live.nowscore.com/1x2/1496691.htm,2026-10-02T07:10:00Z,
2018-04-25,名古屋鲸八,清水鼓动,William Hill,2.80,3.20,2.45,2.75,3.30,2.40,https://live.nowscore.com/1x2/1496692.htm,2026-10-02T07:10:00Z,
2018-04-25,名古屋鲸八,清水鼓动,bet365,2.75,3.40,2.45,2.80,3.40,2.40,https://live.nowscore.com/1x2/1496692.htm,2026-10-02T07:10:00Z,
2018-04-25,名古屋鲸八,清水鼓动,Pinnacle,2.84,3.61,2.53,2.93,3.58,2.48,https://live.nowscore.com/1x2/1496692.htm,2026-10-02T07:10:00Z,
2018-04-25,鸟栖沙岩,川崎前锋,William Hill,4.50,3.50,1.75,4.00,3.40,1.85,https://live.nowscore.com/1x2/1496693.htm,2026-10-02T07:10:00Z,
2018-04-25,鸟栖沙岩,川崎前锋,bet365,4.33,3.50,1.83,4.00,3.40,1.90,https://live.nowscore.com/1x2/1496693.htm,2026-10-02T07:10:00Z,
2018-04-25,鸟栖沙岩,川崎前锋,Pinnacle,4.27,3.74,1.91,4.26,3.71,1.92,https://live.nowscore.com/1x2/1496693.htm,2026-10-02T07:10:00Z,
2018-04-25,湘南海洋,大阪钢巴,William Hill,2.87,3.20,2.40,2.50,3.20,2.70,https://live.nowscore.com/1x2/1496694.htm,2026-10-02T07:10:00Z,
2018-04-25,湘南海洋,大阪钢巴,bet365,2.80,3.20,2.50,2.70,3.20,2.62,https://live.nowscore.com/1x2/1496694.htm,2026-10-02T07:10:00Z,
2018-04-25,湘南海洋,大阪钢巴,Pinnacle,2.95,3.47,2.51,2.57,3.47,2.80,https://live.nowscore.com/1x2/1496694.htm,2026-10-02T07:10:00Z,
2018-04-28,长崎成功丸,广岛三箭,William Hill,4.20,3.40,1.80,3.60,3.30,2.00,https://live.nowscore.com/1x2/1496695.htm,2026-10-02T07:13:00Z,
2018-04-28,长崎成功丸,广岛三箭,bet365,4.50,3.50,1.80,4.00,3.40,1.90,https://live.nowscore.com/1x2/1496695.htm,2026-10-02T07:13:00Z,
2018-04-28,长崎成功丸,广岛三箭,Pinnacle,4.24,3.56,1.97,4.44,3.47,1.95,https://live.nowscore.com/1x2/1496695.htm,2026-10-02T07:13:00Z,
2018-04-28,清水鼓动,柏太阳神,William Hill,3.60,3.25,2.00,3.80,3.25,1.95,https://live.nowscore.com/1x2/1496696.htm,2026-10-02T07:13:00Z,
2018-04-28,清水鼓动,柏太阳神,bet365,3.40,3.40,2.10,3.75,3.40,2.00,https://live.nowscore.com/1x2/1496696.htm,2026-10-02T07:13:00Z,
2018-04-28,清水鼓动,柏太阳神,Pinnacle,3.54,3.48,2.19,3.69,3.39,2.18,https://live.nowscore.com/1x2/1496696.htm,2026-10-02T07:13:00Z,
2018-04-28,仙台维加泰,札幌冈萨多,William Hill,2.50,3.25,2.60,2.80,3.25,2.40,https://live.nowscore.com/1x2/1496697.htm,2026-10-02T07:13:00Z,
2018-04-28,仙台维加泰,札幌冈萨多,bet365,2.50,3.40,2.70,2.70,3.40,2.50,https://live.nowscore.com/1x2/1496697.htm,2026-10-02T07:13:00Z,
2018-04-28,仙台维加泰,札幌冈萨多,Pinnacle,2.77,3.42,2.69,2.94,3.39,2.56,https://live.nowscore.com/1x2/1496697.htm,2026-10-02T07:13:00Z,
2018-04-28,FC东京,名古屋鲸八,William Hill,1.30,4.80,8.50,1.75,3.80,4.00,https://live.nowscore.com/1x2/1496698.htm,2026-10-02T07:13:00Z,
2018-04-28,FC东京,名古屋鲸八,bet365,1.36,4.75,8.50,1.70,3.75,4.75,https://live.nowscore.com/1x2/1496698.htm,2026-10-02T07:13:00Z,
2018-04-28,FC东京,名古屋鲸八,Pinnacle,1.54,4.49,6.37,1.76,4.07,4.74,https://live.nowscore.com/1x2/1496698.htm,2026-10-02T07:13:00Z,
2018-04-28,磐田喜悦,大阪樱花,William Hill,2.80,3.25,2.30,3.40,3.30,2.05,https://live.nowscore.com/1x2/1496699.htm,2026-10-02T07:13:00Z,
2018-04-28,磐田喜悦,大阪樱花,bet365,2.87,3.40,2.37,3.50,3.40,2.05,https://live.nowscore.com/1x2/1496699.htm,2026-10-02T07:13:00Z,
2018-04-28,磐田喜悦,大阪樱花,Pinnacle,3.25,3.49,2.32,3.67,3.50,2.14,https://live.nowscore.com/1x2/1496699.htm,2026-10-02T07:13:00Z,
2018-04-28,浦和红钻,湘南海洋,William Hill,1.53,3.75,5.50,1.50,4.20,5.50,https://live.nowscore.com/1x2/1496700.htm,2026-10-02T07:13:00Z,
2018-04-28,浦和红钻,湘南海洋,bet365,1.53,4.10,6.00,1.55,4.20,5.50,https://live.nowscore.com/1x2/1496700.htm,2026-10-02T07:13:00Z,
2018-04-28,浦和红钻,湘南海洋,Pinnacle,1.58,4.24,6.24,1.56,4.37,6.40,https://live.nowscore.com/1x2/1496700.htm,2026-10-02T07:13:00Z,
2018-04-28,神户胜利船,川崎前锋,William Hill,3.50,3.30,1.95,3.70,3.50,1.91,https://live.nowscore.com/1x2/1496701.htm,2026-10-02T07:13:00Z,
2018-04-28,神户胜利船,川崎前锋,bet365,3.60,3.50,2.00,3.80,3.60,1.90,https://live.nowscore.com/1x2/1496701.htm,2026-10-02T07:13:00Z,
2018-04-28,神户胜利船,川崎前锋,Pinnacle,3.79,3.68,2.04,3.52,3.57,2.17,https://live.nowscore.com/1x2/1496701.htm,2026-10-02T07:13:00Z,
2018-04-28,横滨水手,鹿岛鹿角,William Hill,3.10,3.40,2.10,3.70,3.60,1.85,https://live.nowscore.com/1x2/1496702.htm,2026-10-02T07:13:00Z,
2018-04-28,横滨水手,鹿岛鹿角,bet365,3.20,3.40,2.20,4.33,3.60,1.83,https://live.nowscore.com/1x2/1496702.htm,2026-10-02T07:13:00Z,
2018-04-28,横滨水手,鹿岛鹿角,Pinnacle,3.44,3.64,2.18,4.21,3.84,1.92,https://live.nowscore.com/1x2/1496702.htm,2026-10-02T07:13:00Z,
2018-04-29,大阪钢巴,鸟栖沙岩,William Hill,2.20,3.20,3.10,2.60,3.20,2.62,https://live.nowscore.com/1x2/1496703.htm,2026-10-02T07:16:00Z,
2018-04-29,大阪钢巴,鸟栖沙岩,bet365,2.25,3.25,3.20,2.60,3.20,2.75,https://live.nowscore.com/1x2/1496703.htm,2026-10-02T07:16:00Z,
2018-04-29,大阪钢巴,鸟栖沙岩,Pinnacle,2.73,3.42,2.73,2.69,3.38,2.80,https://live.nowscore.com/1x2/1496703.htm,2026-10-02T07:16:00Z,
2018-05-02,大阪钢巴,仙台维加泰,William Hill,2.45,3.10,2.87,2.20,3.40,3.00,https://live.nowscore.com/1x2/1496704.htm,2026-10-02T07:20:00Z,
2018-05-02,大阪钢巴,仙台维加泰,bet365,2.20,3.25,3.30,2.30,3.30,3.00,https://live.nowscore.com/1x2/1496704.htm,2026-10-02T07:20:00Z,
2018-05-02,大阪钢巴,仙台维加泰,Pinnacle,2.48,3.38,3.06,2.39,3.59,3.05,https://live.nowscore.com/1x2/1496704.htm,2026-10-02T07:20:00Z,
2018-05-02,鹿岛鹿角,长崎成功丸,William Hill,1.50,4.00,6.00,1.50,4.20,5.50,https://live.nowscore.com/1x2/1496705.htm,2026-10-02T07:20:00Z,
2018-05-02,鹿岛鹿角,长崎成功丸,bet365,1.45,4.00,8.00,1.50,3.80,7.50,https://live.nowscore.com/1x2/1496705.htm,2026-10-02T07:20:00Z,
2018-05-02,鹿岛鹿角,长崎成功丸,Pinnacle,1.54,4.25,7.14,1.52,4.17,7.88,https://live.nowscore.com/1x2/1496705.htm,2026-10-02T07:20:00Z,
2018-05-02,川崎前锋,浦和红钻,William Hill,1.95,3.30,3.75,2.15,3.30,3.20,https://live.nowscore.com/1x2/1496706.htm,2026-10-02T07:20:00Z,
2018-05-02,川崎前锋,浦和红钻,bet365,1.85,3.50,4.20,2.15,3.30,3.40,https://live.nowscore.com/1x2/1496706.htm,2026-10-02T07:20:00Z,
2018-05-02,川崎前锋,浦和红钻,Pinnacle,2.00,3.67,3.96,2.22,3.43,3.51,https://live.nowscore.com/1x2/1496706.htm,2026-10-02T07:20:00Z,
2018-05-02,名古屋鲸八,大阪樱花,William Hill,4.60,4.00,1.61,3.80,3.90,1.75,https://live.nowscore.com/1x2/1496707.htm,2026-10-02T07:20:00Z,
2018-05-02,名古屋鲸八,大阪樱花,bet365,5.00,4.00,1.61,4.33,4.00,1.72,https://live.nowscore.com/1x2/1496707.htm,2026-10-02T07:20:00Z,
2018-05-02,名古屋鲸八,大阪樱花,Pinnacle,4.48,4.15,1.78,4.31,4.09,1.82,https://live.nowscore.com/1x2/1496707.htm,2026-10-02T07:20:00Z,
2018-05-02,湘南海洋,柏太阳神,William Hill,4.20,3.30,1.85,3.90,3.40,1.91,https://live.nowscore.com/1x2/1496708.htm,2026-10-02T07:20:00Z,
2018-05-02,湘南海洋,柏太阳神,bet365,4.75,3.40,1.80,4.75,3.40,1.80,https://live.nowscore.com/1x2/1496708.htm,2026-10-02T07:20:00Z,
2018-05-02,湘南海洋,柏太阳神,Pinnacle,4.44,3.59,1.92,4.61,3.66,1.86,https://live.nowscore.com/1x2/1496708.htm,2026-10-02T07:20:00Z,
2018-05-02,神户胜利船,FC东京,William Hill,2.50,3.20,2.70,2.70,3.25,2.50,https://live.nowscore.com/1x2/1496709.htm,2026-10-02T07:20:00Z,
2018-05-02,神户胜利船,FC东京,bet365,2.37,3.25,3.00,2.70,3.25,2.60,https://live.nowscore.com/1x2/1496709.htm,2026-10-02T07:20:00Z,
2018-05-02,神户胜利船,FC东京,Pinnacle,2.54,3.46,2.92,2.76,3.55,2.62,https://live.nowscore.com/1x2/1496709.htm,2026-10-02T07:20:00Z,
2018-05-02,横滨水手,磐田喜悦,William Hill,2.30,3.20,3.00,2.37,3.25,2.87,https://live.nowscore.com/1x2/1496710.htm,2026-10-02T07:20:00Z,
2018-05-02,横滨水手,磐田喜悦,bet365,2.20,3.30,3.25,2.40,3.30,2.90,https://live.nowscore.com/1x2/1496710.htm,2026-10-02T07:20:00Z,
2018-05-02,横滨水手,磐田喜悦,Pinnacle,2.39,3.50,3.11,2.54,3.50,2.88,https://live.nowscore.com/1x2/1496710.htm,2026-10-02T07:20:00Z,
2018-05-02,广岛三箭,清水鼓动,William Hill,1.73,3.50,4.60,1.83,3.50,4.00,https://live.nowscore.com/1x2/1496711.htm,2026-10-02T07:20:00Z,
2018-05-02,广岛三箭,清水鼓动,bet365,1.66,3.50,5.50,1.83,3.40,4.40,https://live.nowscore.com/1x2/1496711.htm,2026-10-02T07:20:00Z,
2018-05-02,广岛三箭,清水鼓动,Pinnacle,1.91,3.54,4.56,1.89,3.57,4.60,https://live.nowscore.com/1x2/1496711.htm,2026-10-02T07:20:00Z,
2018-05-02,鸟栖沙岩,札幌冈萨多,William Hill,2.87,3.10,2.40,2.40,3.20,2.80,https://live.nowscore.com/1x2/1496712.htm,2026-10-02T07:20:00Z,
2018-05-02,鸟栖沙岩,札幌冈萨多,bet365,3.10,3.10,2.40,2.40,3.10,3.10,https://live.nowscore.com/1x2/1496712.htm,2026-10-02T07:20:00Z,
2018-05-02,鸟栖沙岩,札幌冈萨多,Pinnacle,3.01,3.31,2.56,2.43,3.39,3.12,https://live.nowscore.com/1x2/1496712.htm,2026-10-02T07:20:00Z,
2018-05-05,札幌冈萨多,大阪钢巴,William Hill,2.10,3.30,3.30,2.05,3.50,3.25,https://live.nowscore.com/1x2/1496713.htm,2026-10-02T07:25:00Z,
2018-05-05,札幌冈萨多,大阪钢巴,bet365,2.15,3.40,3.25,2.10,3.40,3.40,https://live.nowscore.com/1x2/1496713.htm,2026-10-02T07:25:00Z,
2018-05-05,札幌冈萨多,大阪钢巴,Pinnacle,2.03,3.68,3.71,2.08,3.69,3.55,https://live.nowscore.com/1x2/1496713.htm,2026-10-02T07:25:00Z,
2018-05-05,柏太阳神,磐田喜悦,William Hill,1.91,3.25,4.00,1.91,3.30,3.90,https://live.nowscore.com/1x2/1496714.htm,2026-10-02T07:25:00Z,
2018-05-05,柏太阳神,磐田喜悦,bet365,1.95,3.30,3.60,1.95,3.30,4.00,https://live.nowscore.com/1x2/1496714.htm,2026-10-02T07:25:00Z,
2018-05-05,柏太阳神,磐田喜悦,Pinnacle,1.93,3.55,4.39,1.95,3.35,4.50,https://live.nowscore.com/1x2/1496714.htm,2026-10-02T07:25:00Z,
2018-05-05,川崎前锋,FC东京,William Hill,1.91,3.40,3.80,2.15,3.30,3.20,https://live.nowscore.com/1x2/1496715.htm,2026-10-02T07:25:00Z,
2018-05-05,川崎前锋,FC东京,bet365,1.85,3.60,4.00,2.10,3.50,3.30,https://live.nowscore.com/1x2/1496715.htm,2026-10-02T07:25:00Z,
2018-05-05,川崎前锋,FC东京,Pinnacle,1.93,3.73,4.18,2.31,3.31,3.37,https://live.nowscore.com/1x2/1496715.htm,2026-10-02T07:25:00Z,
2018-05-05,大阪樱花,长崎成功丸,William Hill,1.44,4.33,6.00,1.70,3.50,4.80,https://live.nowscore.com/1x2/1496716.htm,2026-10-02T07:25:00Z,
2018-05-05,大阪樱花,长崎成功丸,bet365,1.44,4.33,7.00,1.66,3.80,5.00,https://live.nowscore.com/1x2/1496716.htm,2026-10-02T07:25:00Z,
2018-05-05,大阪樱花,长崎成功丸,Pinnacle,1.52,4.38,6.86,1.66,3.65,6.41,https://live.nowscore.com/1x2/1496716.htm,2026-10-02T07:25:00Z,
2018-05-05,鹿岛鹿角,浦和红钻,William Hill,2.45,3.20,2.75,2.40,3.25,2.80,https://live.nowscore.com/1x2/1496717.htm,2026-10-02T07:25:00Z,
2018-05-05,鹿岛鹿角,浦和红钻,bet365,2.50,3.40,2.70,2.40,3.40,2.80,https://live.nowscore.com/1x2/1496717.htm,2026-10-02T07:25:00Z,
2018-05-05,鹿岛鹿角,浦和红钻,Pinnacle,2.58,3.48,2.84,2.54,3.40,2.90,https://live.nowscore.com/1x2/1496717.htm,2026-10-02T07:25:00Z,
2018-05-05,名古屋鲸八,横滨水手,William Hill,2.75,3.40,2.37,2.80,3.60,2.25,https://live.nowscore.com/1x2/1496718.htm,2026-10-02T07:25:00Z,
2018-05-05,名古屋鲸八,横滨水手,bet365,2.87,3.40,2.37,2.80,3.60,2.30,https://live.nowscore.com/1x2/1496718.htm,2026-10-02T07:25:00Z,
2018-05-05,名古屋鲸八,横滨水手,Pinnacle,2.83,3.82,2.43,2.95,3.74,2.35,https://live.nowscore.com/1x2/1496718.htm,2026-10-02T07:25:00Z,
2018-05-06,鸟栖沙岩,清水鼓动,William Hill,2.40,3.20,2.87,2.50,3.00,2.80,https://live.nowscore.com/1x2/1496719.htm,2026-10-02T07:27:00Z,
2018-05-06,鸟栖沙岩,清水鼓动,bet365,2.70,3.20,2.62,2.55,3.20,2.80,https://live.nowscore.com/1x2/1496719.htm,2026-10-02T07:27:00Z,
2018-05-06,鸟栖沙岩,清水鼓动,Pinnacle,2.48,3.37,3.00,2.37,3.44,3.12,https://live.nowscore.com/1x2/1496719.htm,2026-10-02T07:27:00Z,
2018-05-06,湘南海洋,仙台维加泰,William Hill,2.45,3.20,2.75,3.00,3.25,2.30,https://live.nowscore.com/1x2/1496720.htm,2026-10-02T07:27:00Z,
2018-05-06,湘南海洋,仙台维加泰,bet365,2.40,3.40,2.80,2.75,3.40,2.45,https://live.nowscore.com/1x2/1496720.htm,2026-10-02T07:27:00Z,
2018-05-06,湘南海洋,仙台维加泰,Pinnacle,2.70,3.50,2.71,2.85,3.21,2.70,https://live.nowscore.com/1x2/1496720.htm,2026-10-02T07:27:00Z,
2018-05-06,广岛三箭,神户胜利船,William Hill,2.00,3.40,3.50,1.85,3.50,3.80,https://live.nowscore.com/1x2/1496721.htm,2026-10-02T07:27:00Z,
2018-05-06,广岛三箭,神户胜利船,bet365,2.00,3.50,3.60,1.95,3.50,3.80,https://live.nowscore.com/1x2/1496721.htm,2026-10-02T07:27:00Z,
2018-05-06,广岛三箭,神户胜利船,Pinnacle,2.02,3.67,3.87,1.98,3.61,4.02,https://live.nowscore.com/1x2/1496721.htm,2026-10-02T07:27:00Z,
2018-05-12,磐田喜悦,神户胜利船,William Hill,2.37,3.20,2.87,2.30,3.50,2.80,https://live.nowscore.com/1x2/1496722.htm,2026-10-02T07:30:00Z,
2018-05-12,磐田喜悦,神户胜利船,bet365,2.30,3.20,3.10,2.25,3.40,3.10,https://live.nowscore.com/1x2/1496722.htm,2026-10-02T07:30:00Z,
2018-05-12,磐田喜悦,神户胜利船,Pinnacle,2.36,3.48,3.03,2.38,3.41,3.14,https://live.nowscore.com/1x2/1496722.htm,2026-10-02T07:30:00Z,
2018-05-12,清水鼓动,湘南海洋,William Hill,2.00,3.50,3.40,NULL,NULL,NULL,https://live.nowscore.com/1x2/1496723.htm,2026-10-02T07:30:00Z,
2018-05-12,清水鼓动,湘南海洋,bet365,2.05,3.20,3.75,2.05,3.40,3.50,https://live.nowscore.com/1x2/1496723.htm,2026-10-02T07:30:00Z,
2018-05-12,清水鼓动,湘南海洋,Pinnacle,2.10,3.48,3.60,2.12,3.47,3.67,https://live.nowscore.com/1x2/1496723.htm,2026-10-02T07:30:00Z,
2018-05-12,长崎成功丸,名古屋鲸八,William Hill,2.15,3.40,3.10,NULL,NULL,NULL,https://live.nowscore.com/1x2/1496724.htm,2026-10-02T07:30:00Z,
2018-05-12,长崎成功丸,名古屋鲸八,bet365,2.10,3.25,3.60,2.25,3.40,3.10,https://live.nowscore.com/1x2/1496724.htm,2026-10-02T07:30:00Z,
2018-05-12,长崎成功丸,名古屋鲸八,Pinnacle,2.12,3.64,3.41,2.29,3.61,3.13,https://live.nowscore.com/1x2/1496724.htm,2026-10-02T07:30:00Z,
2018-05-12,柏太阳神,川崎前锋,William Hill,2.80,3.25,2.40,2.70,3.40,2.40,https://live.nowscore.com/1x2/1496726.htm,2026-10-02T07:30:00Z,
2018-05-12,柏太阳神,川崎前锋,bet365,3.00,3.20,2.40,2.90,3.20,2.45,https://live.nowscore.com/1x2/1496726.htm,2026-10-02T07:30:00Z,
2018-05-12,柏太阳神,川崎前锋,Pinnacle,2.89,3.53,2.44,2.89,3.53,2.47,https://live.nowscore.com/1x2/1496726.htm,2026-10-02T07:30:00Z,
2018-05-12,仙台维加泰,广岛三箭,William Hill,3.40,3.50,2.00,3.25,3.25,2.15,https://live.nowscore.com/1x2/1496727.htm,2026-10-02T07:30:00Z,
2018-05-12,仙台维加泰,广岛三箭,bet365,3.75,3.20,2.05,3.40,3.20,2.20,https://live.nowscore.com/1x2/1496727.htm,2026-10-02T07:30:00Z,
2018-05-12,仙台维加泰,广岛三箭,Pinnacle,3.65,3.43,2.11,3.57,3.52,2.13,https://live.nowscore.com/1x2/1496727.htm,2026-10-02T07:30:00Z,
2018-05-12,横滨水手,大阪钢巴,William Hill,2.05,3.50,3.25,2.20,3.60,2.87,https://live.nowscore.com/1x2/1496728.htm,2026-10-02T07:30:00Z,
2018-05-12,横滨水手,大阪钢巴,bet365,2.00,3.40,3.75,2.25,3.50,3.00,https://live.nowscore.com/1x2/1496728.htm,2026-10-02T07:30:00Z,
2018-05-12,横滨水手,大阪钢巴,Pinnacle,2.09,3.74,3.40,2.19,3.82,3.17,https://live.nowscore.com/1x2/1496728.htm,2026-10-02T07:30:00Z,
2018-05-13,浦和红钻,鸟栖沙岩,William Hill,1.67,3.70,4.75,1.67,3.75,4.60,https://live.nowscore.com/1x2/1496730.htm,2026-10-02T07:34:00Z,
2018-05-13,浦和红钻,鸟栖沙岩,bet365,1.61,3.60,6.00,1.66,3.60,5.25,https://live.nowscore.com/1x2/1496730.htm,2026-10-02T07:34:00Z,
2018-05-13,浦和红钻,鸟栖沙岩,Pinnacle,1.69,3.98,5.07,1.71,3.98,5.09,https://live.nowscore.com/1x2/1496730.htm,2026-10-02T07:34:00Z,
2018-05-13,FC东京,札幌冈萨多,William Hill,2.15,3.25,3.25,2.00,3.50,3.40,https://live.nowscore.com/1x2/1496729.htm,2026-10-02T07:34:00Z,
2018-05-13,FC东京,札幌冈萨多,bet365,2.10,3.25,3.50,2.10,3.25,3.60,https://live.nowscore.com/1x2/1496729.htm,2026-10-02T07:34:00Z,
2018-05-13,FC东京,札幌冈萨多,Pinnacle,2.13,3.51,3.51,2.16,3.67,3.37,https://live.nowscore.com/1x2/1496729.htm,2026-10-02T07:34:00Z,
2018-05-19,大阪钢巴,浦和红钻,William Hill,3.40,3.50,2.00,3.10,3.60,2.10,https://live.nowscore.com/1x2/1496731.htm,2026-10-02T07:36:00Z,
2018-05-19,大阪钢巴,浦和红钻,bet365,3.80,3.50,1.95,3.30,3.40,2.15,https://live.nowscore.com/1x2/1496731.htm,2026-10-02T07:36:00Z,
2018-05-19,大阪钢巴,浦和红钻,Pinnacle,3.60,3.72,2.03,3.34,3.51,2.23,https://live.nowscore.com/1x2/1496731.htm,2026-10-02T07:36:00Z,
2018-05-19,横滨水手,长崎成功丸,William Hill,2.20,3.30,3.10,1.95,3.80,3.30,https://live.nowscore.com/1x2/1496732.htm,2026-10-02T07:36:00Z,
2018-05-19,横滨水手,长崎成功丸,bet365,1.95,3.50,3.80,2.00,3.40,3.75,https://live.nowscore.com/1x2/1496732.htm,2026-10-02T07:36:00Z,
2018-05-19,横滨水手,长崎成功丸,Pinnacle,2.02,3.73,3.61,2.06,3.78,3.55,https://live.nowscore.com/1x2/1496732.htm,2026-10-02T07:36:00Z,
2018-05-19,湘南海洋,磐田喜悦,William Hill,3.00,3.20,2.30,3.20,3.20,2.20,https://live.nowscore.com/1x2/1496733.htm,2026-10-02T07:36:00Z,
2018-05-19,湘南海洋,磐田喜悦,bet365,3.50,3.10,2.20,3.20,3.20,2.30,https://live.nowscore.com/1x2/1496733.htm,2026-10-02T07:36:00Z,
2018-05-19,湘南海洋,磐田喜悦,Pinnacle,3.39,3.29,2.26,3.30,3.34,2.34,https://live.nowscore.com/1x2/1496733.htm,2026-10-02T07:36:00Z,
2018-05-20,鹿岛鹿角,仙台维加泰,William Hill,1.75,3.70,4.20,1.70,3.70,4.50,https://live.nowscore.com/1x2/1496734.htm,2026-10-02T07:39:00Z,
2018-05-20,鹿岛鹿角,仙台维加泰,bet365,1.83,3.50,4.33,1.75,3.60,4.75,https://live.nowscore.com/1x2/1496734.htm,2026-10-02T07:39:00Z,
2018-05-20,鹿岛鹿角,仙台维加泰,Pinnacle,1.80,3.73,4.61,1.79,3.64,4.99,https://live.nowscore.com/1x2/1496734.htm,2026-10-02T07:39:00Z,
2018-05-20,名古屋鲸八,柏太阳神,William Hill,4.20,3.50,1.80,4.40,3.80,1.70,https://live.nowscore.com/1x2/1496735.htm,2026-10-02T07:39:00Z,
2018-05-20,名古屋鲸八,柏太阳神,bet365,4.50,3.75,1.75,5.00,3.80,1.66,https://live.nowscore.com/1x2/1496735.htm,2026-10-02T07:39:00Z,
2018-05-20,名古屋鲸八,柏太阳神,Pinnacle,4.17,3.93,1.83,4.69,4.04,1.75,https://live.nowscore.com/1x2/1496735.htm,2026-10-02T07:39:00Z,
2018-05-20,川崎前锋,清水鼓动,William Hill,1.67,3.70,4.75,1.61,4.00,4.75,https://live.nowscore.com/1x2/1496736.htm,2026-10-02T07:39:00Z,
2018-05-20,川崎前锋,清水鼓动,bet365,1.57,4.00,5.75,1.61,3.80,5.50,https://live.nowscore.com/1x2/1496736.htm,2026-10-02T07:39:00Z,
2018-05-20,川崎前锋,清水鼓动,Pinnacle,1.61,4.13,5.64,1.61,4.20,5.75,https://live.nowscore.com/1x2/1496736.htm,2026-10-02T07:39:00Z,
2018-05-20,鸟栖沙岩,FC东京,William Hill,3.25,3.40,2.10,2.70,3.10,2.60,https://live.nowscore.com/1x2/1496737.htm,2026-10-02T07:39:00Z,
2018-05-20,鸟栖沙岩,FC东京,bet365,3.60,3.20,2.10,2.80,3.20,2.50,https://live.nowscore.com/1x2/1496737.htm,2026-10-02T07:39:00Z,
2018-05-20,鸟栖沙岩,FC东京,Pinnacle,3.58,3.46,2.15,2.86,3.36,2.58,https://live.nowscore.com/1x2/1496737.htm,2026-10-02T07:39:00Z,
2018-05-20,广岛三箭,大阪樱花,William Hill,2.30,3.30,2.90,2.37,3.30,2.80,https://live.nowscore.com/1x2/1496738.htm,2026-10-02T07:39:00Z,
2018-05-20,广岛三箭,大阪樱花,bet365,2.37,3.20,3.00,2.40,3.20,3.00,https://live.nowscore.com/1x2/1496738.htm,2026-10-02T07:39:00Z,
2018-05-20,广岛三箭,大阪樱花,Pinnacle,2.38,3.39,3.07,2.42,3.38,3.10,https://live.nowscore.com/1x2/1496738.htm,2026-10-02T07:39:00Z,
2018-05-20,神户胜利船,札幌冈萨多,William Hill,2.45,3.25,2.75,2.20,3.40,3.00,https://live.nowscore.com/1x2/1496739.htm,2026-10-02T07:39:00Z,
2018-05-20,神户胜利船,札幌冈萨多,bet365,2.45,3.20,2.87,2.20,3.40,3.20,https://live.nowscore.com/1x2/1496739.htm,2026-10-02T07:39:00Z,
2018-05-20,神户胜利船,札幌冈萨多,Pinnacle,2.51,3.46,2.83,2.14,3.64,3.43,https://live.nowscore.com/1x2/1496739.htm,2026-10-02T07:39:00Z,
2018-07-18,札幌冈萨多,川崎前锋,William Hill,4.00,3.50,1.91,3.40,3.60,2.05,https://live.nowscore.com/1x2/1496740.htm,2026-10-02T07:44:00Z,
2018-07-18,札幌冈萨多,川崎前锋,bet365,4.50,3.40,1.83,3.80,3.40,2.00,https://live.nowscore.com/1x2/1496740.htm,2026-10-02T07:44:00Z,
2018-07-18,札幌冈萨多,川崎前锋,Pinnacle,4.01,3.75,1.91,3.51,3.56,2.14,https://live.nowscore.com/1x2/1496740.htm,2026-10-02T07:44:00Z,
2018-07-18,磐田喜悦,鹿岛鹿角,William Hill,3.20,3.30,2.25,2.75,3.20,2.60,https://live.nowscore.com/1x2/1496741.htm,2026-10-02T07:44:00Z,
2018-07-18,磐田喜悦,鹿岛鹿角,bet365,3.40,3.20,2.20,2.70,3.20,2.70,https://live.nowscore.com/1x2/1496741.htm,2026-10-02T07:44:00Z,
2018-07-18,磐田喜悦,鹿岛鹿角,Pinnacle,3.29,3.42,2.26,2.77,3.34,2.68,https://live.nowscore.com/1x2/1496741.htm,2026-10-02T07:44:00Z,
2018-07-18,柏太阳神,FC东京,William Hill,2.45,3.25,2.90,2.00,3.25,3.90,https://live.nowscore.com/1x2/1496742.htm,2026-10-02T07:44:00Z,
2018-07-18,柏太阳神,FC东京,bet365,2.40,3.25,2.90,1.90,3.40,4.20,https://live.nowscore.com/1x2/1496742.htm,2026-10-02T07:44:00Z,
2018-07-18,柏太阳神,FC东京,Pinnacle,2.44,3.38,2.99,2.09,3.45,3.77,https://live.nowscore.com/1x2/1496742.htm,2026-10-02T07:44:00Z,
2018-07-18,广岛三箭,大阪钢巴,William Hill,1.75,3.60,4.80,1.91,3.70,3.75,https://live.nowscore.com/1x2/1496743.htm,2026-10-02T07:44:00Z,
2018-07-18,广岛三箭,大阪钢巴,bet365,1.70,3.50,5.25,1.80,3.50,4.50,https://live.nowscore.com/1x2/1496743.htm,2026-10-02T07:44:00Z,
2018-07-18,广岛三箭,大阪钢巴,Pinnacle,1.71,3.85,5.09,1.88,3.71,4.30,https://live.nowscore.com/1x2/1496743.htm,2026-10-02T07:44:00Z,
2018-07-18,清水鼓动,大阪樱花,William Hill,3.40,3.30,2.15,3.40,3.70,2.00,https://live.nowscore.com/1x2/1496744.htm,2026-10-02T07:44:00Z,
2018-07-18,清水鼓动,大阪樱花,bet365,3.75,3.25,2.05,3.40,3.40,2.10,https://live.nowscore.com/1x2/1496744.htm,2026-10-02T07:44:00Z,
2018-07-18,清水鼓动,大阪樱花,Pinnacle,3.64,3.67,2.03,3.58,3.47,2.15,https://live.nowscore.com/1x2/1496744.htm,2026-10-02T07:44:00Z,
2018-07-18,湘南海洋,鸟栖沙岩,William Hill,2.25,3.20,3.30,2.87,3.00,2.60,https://live.nowscore.com/1x2/1496745.htm,2026-10-02T07:44:00Z,
2018-07-18,湘南海洋,鸟栖沙岩,bet365,2.15,3.10,3.60,2.90,3.10,2.50,https://live.nowscore.com/1x2/1496745.htm,2026-10-02T07:44:00Z,
2018-07-18,湘南海洋,鸟栖沙岩,Pinnacle,2.31,3.32,3.26,2.86,3.27,2.65,https://live.nowscore.com/1x2/1496745.htm,2026-10-02T07:44:00Z,
2018-07-18,长崎成功丸,神户胜利船,William Hill,3.10,3.30,2.30,3.10,3.50,2.20,https://live.nowscore.com/1x2/1496746.htm,2026-10-02T07:44:00Z,
2018-07-18,长崎成功丸,神户胜利船,bet365,3.25,3.25,2.20,3.25,3.30,2.20,https://live.nowscore.com/1x2/1496746.htm,2026-10-02T07:44:00Z,
2018-07-18,长崎成功丸,神户胜利船,Pinnacle,3.23,3.53,2.27,3.26,3.38,2.32,https://live.nowscore.com/1x2/1496746.htm,2026-10-02T07:44:00Z,
2018-07-18,仙台维加泰,横滨水手,William Hill,2.40,3.50,2.80,2.30,3.60,2.75,https://live.nowscore.com/1x2/1496747.htm,2026-10-02T07:44:00Z,
2018-07-18,仙台维加泰,横滨水手,bet365,2.40,3.25,2.90,2.45,3.30,2.80,https://live.nowscore.com/1x2/1496747.htm,2026-10-02T07:44:00Z,
2018-07-18,仙台维加泰,横滨水手,Pinnacle,2.37,3.66,2.90,2.55,3.61,2.75,https://live.nowscore.com/1x2/1496747.htm,2026-10-02T07:44:00Z,
2018-07-18,浦和红钻,名古屋鲸八,William Hill,1.55,4.00,6.00,1.44,4.40,7.00,https://live.nowscore.com/1x2/1496748.htm,2026-10-02T07:44:00Z,
2018-07-18,浦和红钻,名古屋鲸八,bet365,1.50,4.10,6.50,1.45,4.50,6.50,https://live.nowscore.com/1x2/1496748.htm,2026-10-02T07:44:00Z,
2018-07-18,浦和红钻,名古屋鲸八,Pinnacle,1.44,4.95,6.99,1.51,4.27,7.36,https://live.nowscore.com/1x2/1496748.htm,2026-10-02T07:44:00Z,
2018-07-22,名古屋鲸八,广岛三箭,William Hill,4.33,3.90,1.75,4.33,4.00,1.73,https://live.nowscore.com/1x2/1496749.htm,2026-10-02T07:48:00Z,
2018-07-22,名古屋鲸八,广岛三箭,bet365,5.50,3.60,1.65,4.20,3.75,1.80,https://live.nowscore.com/1x2/1496749.htm,2026-10-02T07:48:00Z,
2018-07-22,名古屋鲸八,广岛三箭,Pinnacle,4.59,4.17,1.72,4.32,4.22,1.77,https://live.nowscore.com/1x2/1496749.htm,2026-10-02T07:48:00Z,
2018-07-22,神户胜利船,湘南海洋,William Hill,1.80,3.60,4.40,1.75,3.75,4.33,https://live.nowscore.com/1x2/1496750.htm,2026-10-02T07:48:00Z,
2018-07-22,神户胜利船,湘南海洋,bet365,1.72,3.60,4.75,1.83,3.50,4.33,https://live.nowscore.com/1x2/1496750.htm,2026-10-02T07:48:00Z,
2018-07-22,神户胜利船,湘南海洋,Pinnacle,1.80,3.81,4.52,1.73,4.02,4.85,https://live.nowscore.com/1x2/1496750.htm,2026-10-02T07:48:00Z,
2018-07-22,鹿岛鹿角,柏太阳神,William Hill,2.15,3.40,3.30,2.25,3.30,3.20,https://live.nowscore.com/1x2/1496751.htm,2026-10-02T07:48:00Z,
2018-07-22,鹿岛鹿角,柏太阳神,bet365,2.00,3.40,3.75,2.20,3.40,3.20,https://live.nowscore.com/1x2/1496751.htm,2026-10-02T07:48:00Z,
2018-07-22,鹿岛鹿角,柏太阳神,Pinnacle,2.11,3.66,3.40,2.26,3.57,3.23,https://live.nowscore.com/1x2/1496751.htm,2026-10-02T07:48:00Z,
2018-07-22,大阪樱花,浦和红钻,William Hill,2.25,3.30,3.20,2.45,3.25,2.87,https://live.nowscore.com/1x2/1496752.htm,2026-10-02T07:48:00Z,
2018-07-22,大阪樱花,浦和红钻,bet365,2.20,3.20,3.40,2.45,3.30,2.80,https://live.nowscore.com/1x2/1496752.htm,2026-10-02T07:48:00Z,
2018-07-22,大阪樱花,浦和红钻,Pinnacle,2.21,3.58,3.24,2.55,3.57,2.77,https://live.nowscore.com/1x2/1496752.htm,2026-10-02T07:48:00Z,
2018-07-22,札幌冈萨多,磐田喜悦,William Hill,2.45,3.25,2.90,2.40,3.50,2.80,https://live.nowscore.com/1x2/1496753.htm,2026-10-02T07:48:00Z,
2018-07-22,札幌冈萨多,磐田喜悦,bet365,2.40,3.10,3.10,2.37,3.25,3.00,https://live.nowscore.com/1x2/1496753.htm,2026-10-02T07:48:00Z,
2018-07-22,札幌冈萨多,磐田喜悦,Pinnacle,2.46,3.35,2.98,2.50,3.59,2.82,https://live.nowscore.com/1x2/1496753.htm,2026-10-02T07:48:00Z,
2018-07-22,FC东京,横滨水手,William Hill,2.15,3.40,3.30,2.30,3.60,2.87,https://live.nowscore.com/1x2/1496754.htm,2026-10-02T07:48:00Z,
2018-07-22,FC东京,横滨水手,bet365,2.00,3.40,3.75,2.37,3.50,2.80,https://live.nowscore.com/1x2/1496754.htm,2026-10-02T07:48:00Z,
2018-07-22,FC东京,横滨水手,Pinnacle,2.09,3.61,3.50,2.54,3.45,2.86,https://live.nowscore.com/1x2/1496754.htm,2026-10-02T07:48:00Z,
2018-07-22,大阪钢巴,清水鼓动,William Hill,2.45,3.30,2.90,2.50,3.40,2.75,https://live.nowscore.com/1x2/1496755.htm,2026-10-02T07:48:00Z,
2018-07-22,大阪钢巴,清水鼓动,bet365,2.37,3.25,3.00,2.62,3.30,2.62,https://live.nowscore.com/1x2/1496755.htm,2026-10-02T07:48:00Z,
2018-07-22,大阪钢巴,清水鼓动,Pinnacle,2.43,3.50,2.92,2.67,3.44,2.72,https://live.nowscore.com/1x2/1496755.htm,2026-10-02T07:48:00Z,
2018-07-22,川崎前锋,长崎成功丸,William Hill,1.50,4.20,6.50,1.36,4.80,8.00,https://live.nowscore.com/1x2/1496756.htm,2026-10-02T07:48:00Z,
2018-07-22,川崎前锋,长崎成功丸,bet365,1.45,4.20,7.00,1.36,4.50,9.00,https://live.nowscore.com/1x2/1496756.htm,2026-10-02T07:48:00Z,
2018-07-22,川崎前锋,长崎成功丸,Pinnacle,1.47,4.56,7.10,1.37,4.93,9.75,https://live.nowscore.com/1x2/1496756.htm,2026-10-02T07:48:00Z,
2018-07-22,鸟栖沙岩,仙台维加泰,William Hill,2.20,3.30,3.30,2.45,3.30,2.87,https://live.nowscore.com/1x2/1496757.htm,2026-10-02T07:48:00Z,
2018-07-22,鸟栖沙岩,仙台维加泰,bet365,2.15,3.10,3.60,2.30,3.25,3.10,https://live.nowscore.com/1x2/1496757.htm,2026-10-02T07:48:00Z,
2018-07-22,鸟栖沙岩,仙台维加泰,Pinnacle,2.22,3.49,3.29,2.41,3.39,3.10,https://live.nowscore.com/1x2/1496757.htm,2026-10-02T07:48:00Z,
2018-07-25,大阪樱花,鹿岛鹿角,William Hill,2.45,3.40,2.80,2.80,3.25,2.50,https://live.nowscore.com/1x2/1496725.htm,2026-10-02T07:50:00Z,
2018-07-25,大阪樱花,鹿岛鹿角,bet365,2.30,3.40,3.00,2.90,3.50,2.30,https://live.nowscore.com/1x2/1496725.htm,2026-10-02T07:50:00Z,
2018-07-25,大阪樱花,鹿岛鹿角,Pinnacle,2.45,3.69,2.77,2.59,3.63,2.69,https://live.nowscore.com/1x2/1496725.htm,2026-10-02T07:50:00Z,
2018-07-27,FC东京,长崎成功丸,William Hill,1.67,4.00,4.80,1.55,4.00,6.00,https://live.nowscore.com/1x2/1496758.htm,2026-10-02T07:51:00Z,
2018-07-27,FC东京,长崎成功丸,bet365,1.60,3.50,6.50,1.53,4.00,6.00,https://live.nowscore.com/1x2/1496758.htm,2026-10-02T07:51:00Z,
2018-07-27,FC东京,长崎成功丸,Pinnacle,1.68,4.08,5.00,1.58,3.87,7.01,https://live.nowscore.com/1x2/1496758.htm,2026-10-02T07:51:00Z,
2018-07-28,大阪钢巴,鹿岛鹿角,William Hill,3.40,3.60,2.05,3.40,3.70,2.00,https://live.nowscore.com/1x2/1496761.htm,2026-10-02T07:53:00Z,
2018-07-28,大阪钢巴,鹿岛鹿角,bet365,3.90,3.50,1.90,3.40,3.70,2.00,https://live.nowscore.com/1x2/1496761.htm,2026-10-02T07:53:00Z,
2018-07-28,大阪钢巴,鹿岛鹿角,Pinnacle,3.39,3.76,2.09,3.28,3.89,2.12,https://live.nowscore.com/1x2/1496761.htm,2026-10-02T07:53:00Z,
2018-07-28,鸟栖沙岩,磐田喜悦,William Hill,2.50,3.20,2.87,2.37,3.30,2.90,https://live.nowscore.com/1x2/1496762.htm,2026-10-02T07:53:00Z,
2018-07-28,鸟栖沙岩,磐田喜悦,bet365,2.40,3.20,3.00,2.30,3.20,3.10,https://live.nowscore.com/1x2/1496762.htm,2026-10-02T07:53:00Z,
2018-07-28,鸟栖沙岩,磐田喜悦,Pinnacle,2.71,3.29,2.72,2.40,3.35,3.15,https://live.nowscore.com/1x2/1496762.htm,2026-10-02T07:53:00Z,
2018-07-28,广岛三箭,浦和红钻,William Hill,2.45,3.30,2.87,2.25,3.25,3.20,https://live.nowscore.com/1x2/1496763.htm,2026-10-02T07:53:00Z,
2018-07-28,广岛三箭,浦和红钻,bet365,2.35,3.20,3.10,2.30,3.40,3.00,https://live.nowscore.com/1x2/1496763.htm,2026-10-02T07:53:00Z,
2018-07-28,广岛三箭,浦和红钻,Pinnacle,2.52,3.37,2.88,2.47,3.57,2.88,https://live.nowscore.com/1x2/1496763.htm,2026-10-02T07:53:00Z,
2018-07-28,仙台维加泰,大阪樱花,William Hill,2.87,3.30,2.45,2.80,3.50,2.40,https://live.nowscore.com/1x2/1496765.htm,2026-10-02T07:53:00Z,
2018-07-28,仙台维加泰,大阪樱花,bet365,2.90,3.25,2.40,2.87,3.40,2.37,https://live.nowscore.com/1x2/1496765.htm,2026-10-02T07:53:00Z,
2018-07-28,仙台维加泰,大阪樱花,Pinnacle,2.13,3.29,3.84,2.15,3.30,3.78,https://live.nowscore.com/1x2/1496765.htm,2026-10-02T07:53:00Z,
2018-07-28,神户胜利船,柏太阳神,William Hill,2.10,3.60,3.30,2.45,3.70,2.62,https://live.nowscore.com/1x2/1496766.htm,2026-10-02T07:53:00Z,
2018-07-28,神户胜利船,柏太阳神,bet365,2.05,3.30,3.60,2.45,3.40,2.75,https://live.nowscore.com/1x2/1496766.htm,2026-10-02T07:53:00Z,
2018-07-28,神户胜利船,柏太阳神,Pinnacle,2.46,3.65,2.79,2.50,3.72,2.75,https://live.nowscore.com/1x2/1496766.htm,2026-10-02T07:53:00Z,
2018-08-01,大阪樱花,神户胜利船,William Hill,2.30,3.30,3.10,1.91,3.75,3.70,https://live.nowscore.com/1x2/1496767.htm,2026-10-02T07:55:00Z,
2018-08-01,大阪樱花,神户胜利船,bet365,2.20,3.25,3.30,1.90,3.60,3.80,https://live.nowscore.com/1x2/1496767.htm,2026-10-02T07:55:00Z,
2018-08-01,大阪樱花,神户胜利船,Pinnacle,2.31,3.65,3.01,2.25,3.63,3.19,https://live.nowscore.com/1x2/1496767.htm,2026-10-02T07:55:00Z,
2018-08-01,磐田喜悦,大阪钢巴,William Hill,1.95,3.60,3.70,2.15,3.50,3.25,https://live.nowscore.com/1x2/1496768.htm,2026-10-02T07:55:00Z,
2018-08-01,磐田喜悦,大阪钢巴,bet365,1.90,3.60,3.75,2.15,3.50,3.20,https://live.nowscore.com/1x2/1496768.htm,2026-10-02T07:55:00Z,
2018-08-01,磐田喜悦,大阪钢巴,Pinnacle,2.01,3.67,3.71,2.17,3.52,3.48,https://live.nowscore.com/1x2/1496768.htm,2026-10-02T07:55:00Z,
2018-08-01,鹿岛鹿角,FC东京,William Hill,2.00,3.40,3.75,2.30,3.20,3.10,https://live.nowscore.com/1x2/1496769.htm,2026-10-02T07:55:00Z,
2018-08-01,鹿岛鹿角,FC东京,bet365,1.90,3.40,4.00,2.37,3.25,3.00,https://live.nowscore.com/1x2/1496769.htm,2026-10-02T07:55:00Z,
2018-08-01,鹿岛鹿角,FC东京,Pinnacle,2.01,3.59,3.77,2.11,3.53,3.63,https://live.nowscore.com/1x2/1496769.htm,2026-10-02T07:55:00Z,
2018-08-01,清水鼓动,鸟栖沙岩,William Hill,2.25,3.20,3.30,2.50,3.30,2.80,https://live.nowscore.com/1x2/1496770.htm,2026-10-02T07:55:00Z,
2018-08-01,清水鼓动,鸟栖沙岩,bet365,2.15,3.20,3.50,2.40,3.20,3.00,https://live.nowscore.com/1x2/1496770.htm,2026-10-02T07:55:00Z,
2018-08-01,清水鼓动,鸟栖沙岩,Pinnacle,2.27,3.40,3.28,2.50,3.30,3.03,https://live.nowscore.com/1x2/1496770.htm,2026-10-02T07:55:00Z,
2018-08-01,浦和红钻,川崎前锋,William Hill,2.60,3.20,2.75,3.10,3.40,2.25,https://live.nowscore.com/1x2/1496771.htm,2026-10-02T07:55:00Z,
2018-08-01,浦和红钻,川崎前锋,bet365,2.45,3.20,2.87,2.80,3.40,2.40,https://live.nowscore.com/1x2/1496771.htm,2026-10-02T07:55:00Z,
2018-08-01,浦和红钻,川崎前锋,Pinnacle,2.54,3.49,2.78,2.72,3.49,2.64,https://live.nowscore.com/1x2/1496771.htm,2026-10-02T07:55:00Z,
2018-08-01,长崎成功丸,札幌冈萨多,William Hill,2.90,3.25,2.45,2.80,3.40,2.45,https://live.nowscore.com/1x2/1496772.htm,2026-10-02T07:55:00Z,
2018-08-01,长崎成功丸,札幌冈萨多,bet365,2.87,3.20,2.45,2.90,3.20,2.45,https://live.nowscore.com/1x2/1496772.htm,2026-10-02T07:55:00Z,
2018-08-01,长崎成功丸,札幌冈萨多,Pinnacle,2.90,3.39,2.50,3.16,3.38,2.38,https://live.nowscore.com/1x2/1496772.htm,2026-10-02T07:55:00Z,
2018-08-01,仙台维加泰,名古屋鲸八,William Hill,1.85,3.70,4.00,1.75,4.33,3.90,https://live.nowscore.com/1x2/1496773.htm,2026-10-02T07:55:00Z,
2018-08-01,仙台维加泰,名古屋鲸八,bet365,1.83,3.60,4.20,1.75,4.00,4.10,https://live.nowscore.com/1x2/1496773.htm,2026-10-02T07:55:00Z,
2018-08-01,仙台维加泰,名古屋鲸八,Pinnacle,1.84,4.17,3.90,1.95,3.90,3.79,https://live.nowscore.com/1x2/1496773.htm,2026-10-02T07:55:00Z,
2018-08-01,柏太阳神,湘南海洋,William Hill,1.95,3.50,3.80,1.85,3.40,4.00,https://live.nowscore.com/1x2/1496774.htm,2026-10-02T07:55:00Z,
2018-08-01,柏太阳神,湘南海洋,bet365,1.85,3.60,4.00,1.75,3.75,4.33,https://live.nowscore.com/1x2/1496774.htm,2026-10-02T07:55:00Z,
2018-08-01,柏太阳神,湘南海洋,Pinnacle,1.84,3.92,4.13,1.91,3.74,4.15,https://live.nowscore.com/1x2/1496774.htm,2026-10-02T07:55:00Z,
2018-08-01,横滨水手,广岛三箭,William Hill,3.25,3.50,2.15,2.45,3.75,2.60,https://live.nowscore.com/1x2/1496775.htm,2026-10-02T07:55:00Z,
2018-08-01,横滨水手,广岛三箭,bet365,3.40,3.50,2.05,2.55,3.60,2.50,https://live.nowscore.com/1x2/1496775.htm,2026-10-02T07:55:00Z,
2018-08-01,横滨水手,广岛三箭,Pinnacle,3.06,3.73,2.24,2.99,3.86,2.28,https://live.nowscore.com/1x2/1496775.htm,2026-10-02T07:55:00Z,
2018-08-05,札幌冈萨多,柏太阳神,William Hill,2.25,3.40,3.10,2.25,3.70,2.90,https://live.nowscore.com/1x2/1496776.htm,2026-10-02T07:57:00Z,
2018-08-05,札幌冈萨多,柏太阳神,bet365,2.10,3.50,3.25,2.30,3.50,2.87,https://live.nowscore.com/1x2/1496776.htm,2026-10-02T07:57:00Z,
2018-08-05,札幌冈萨多,柏太阳神,Pinnacle,2.21,3.63,3.19,2.40,3.64,2.93,https://live.nowscore.com/1x2/1496776.htm,2026-10-02T07:57:00Z,
2018-08-05,名古屋鲸八,大阪钢巴,William Hill,2.75,3.80,2.30,2.70,3.70,2.37,https://live.nowscore.com/1x2/1496777.htm,2026-10-02T07:57:00Z,
2018-08-05,名古屋鲸八,大阪钢巴,bet365,2.90,3.50,2.30,2.80,3.50,2.40,https://live.nowscore.com/1x2/1496777.htm,2026-10-02T07:57:00Z,
2018-08-05,名古屋鲸八,大阪钢巴,Pinnacle,2.87,3.83,2.32,2.63,3.84,2.55,https://live.nowscore.com/1x2/1496777.htm,2026-10-02T07:57:00Z,
2018-08-05,鹿岛鹿角,清水鼓动,William Hill,1.70,4.00,4.50,2.00,3.60,3.50,https://live.nowscore.com/1x2/1496778.htm,2026-10-02T07:57:00Z,
2018-08-05,鹿岛鹿角,清水鼓动,bet365,1.66,3.75,5.00,2.05,3.50,3.50,https://live.nowscore.com/1x2/1496778.htm,2026-10-02T07:57:00Z,
2018-08-05,鹿岛鹿角,清水鼓动,Pinnacle,1.72,4.03,4.70,2.12,3.49,3.65,https://live.nowscore.com/1x2/1496778.htm,2026-10-02T07:57:00Z,
2018-08-05,FC东京,神户胜利船,William Hill,2.15,3.50,3.25,1.85,3.70,4.00,https://live.nowscore.com/1x2/1496779.htm,2026-10-02T07:57:00Z,
2018-08-05,FC东京,神户胜利船,bet365,2.15,3.40,3.25,1.80,3.50,4.50,https://live.nowscore.com/1x2/1496779.htm,2026-10-02T07:57:00Z,
2018-08-05,FC东京,神户胜利船,Pinnacle,2.18,3.51,3.38,1.88,3.73,4.26,https://live.nowscore.com/1x2/1496779.htm,2026-10-02T07:57:00Z,
2018-08-05,磐田喜悦,仙台维加泰,William Hill,2.25,3.40,3.10,2.37,3.40,2.90,https://live.nowscore.com/1x2/1496780.htm,2026-10-02T07:57:00Z,
2018-08-05,磐田喜悦,仙台维加泰,bet365,2.37,3.20,3.00,2.30,3.50,3.00,https://live.nowscore.com/1x2/1496780.htm,2026-10-02T07:57:00Z,
2018-08-05,磐田喜悦,仙台维加泰,Pinnacle,2.38,3.45,3.02,2.46,3.40,3.00,https://live.nowscore.com/1x2/1496780.htm,2026-10-02T07:57:00Z,
2018-08-05,川崎前锋,横滨水手,William Hill,1.67,4.33,4.33,1.61,4.33,4.75,https://live.nowscore.com/1x2/1496781.htm,2026-10-02T07:57:00Z,
2018-08-05,川崎前锋,横滨水手,bet365,1.44,4.50,6.50,1.55,4.00,6.00,https://live.nowscore.com/1x2/1496781.htm,2026-10-02T07:57:00Z,
2018-08-05,川崎前锋,横滨水手,Pinnacle,1.50,4.86,5.96,1.55,4.68,5.74,https://live.nowscore.com/1x2/1496781.htm,2026-10-02T07:57:00Z,
2018-08-05,鸟栖沙岩,大阪樱花,William Hill,2.90,3.25,2.45,2.62,3.40,2.60,https://live.nowscore.com/1x2/1496782.htm,2026-10-02T07:57:00Z,
2018-08-05,鸟栖沙岩,大阪樱花,bet365,3.25,3.10,2.30,2.75,3.20,2.55,https://live.nowscore.com/1x2/1496782.htm,2026-10-02T07:57:00Z,
2018-08-05,鸟栖沙岩,大阪樱花,Pinnacle,3.07,3.27,2.44,2.77,3.45,2.61,https://live.nowscore.com/1x2/1496782.htm,2026-10-02T07:57:00Z,
2018-08-05,广岛三箭,湘南海洋,William Hill,1.61,4.20,5.00,1.55,4.33,5.50,https://live.nowscore.com/1x2/1496783.htm,2026-10-02T07:57:00Z,
2018-08-05,广岛三箭,湘南海洋,bet365,1.66,3.60,5.25,1.53,3.90,6.50,https://live.nowscore.com/1x2/1496783.htm,2026-10-02T07:57:00Z,
2018-08-05,广岛三箭,湘南海洋,Pinnacle,1.70,3.93,5.04,1.56,4.40,6.06,https://live.nowscore.com/1x2/1496783.htm,2026-10-02T07:57:00Z,
2018-08-05,浦和红钻,长崎成功丸,William Hill,1.44,4.75,6.50,1.65,3.90,5.00,https://live.nowscore.com/1x2/1496784.htm,2026-10-02T07:57:00Z,
2018-08-05,浦和红钻,长崎成功丸,bet365,1.40,4.20,9.00,1.57,3.80,6.50,https://live.nowscore.com/1x2/1496784.htm,2026-10-02T07:57:00Z,
2018-08-05,浦和红钻,长崎成功丸,Pinnacle,1.45,4.45,7.85,1.63,3.87,6.30,https://live.nowscore.com/1x2/1496784.htm,2026-10-02T07:57:00Z,
2018-08-10,大阪钢巴,FC东京,William Hill,3.20,3.30,2.25,3.40,3.60,2.05,https://live.nowscore.com/1x2/1496785.htm,2026-10-02T07:59:00Z,
2018-08-10,大阪钢巴,FC东京,bet365,3.50,3.20,2.15,3.60,3.30,2.05,https://live.nowscore.com/1x2/1496785.htm,2026-10-02T07:59:00Z,
2018-08-10,大阪钢巴,FC东京,Pinnacle,3.25,3.53,2.23,3.45,3.65,2.13,https://live.nowscore.com/1x2/1496785.htm,2026-10-02T07:59:00Z,
2018-08-11,札幌冈萨多,大阪樱花,William Hill,2.50,3.30,2.80,2.62,3.25,2.62,https://live.nowscore.com/1x2/1496786.htm,2026-10-02T08:01:00Z,
2018-08-11,札幌冈萨多,大阪樱花,bet365,2.40,3.20,3.00,2.60,3.40,2.60,https://live.nowscore.com/1x2/1496786.htm,2026-10-02T08:01:00Z,
2018-08-11,札幌冈萨多,大阪樱花,Pinnacle,2.50,3.54,2.80,2.61,3.49,2.75,https://live.nowscore.com/1x2/1496786.htm,2026-10-02T08:01:00Z,
2018-08-11,名古屋鲸八,鹿岛鹿角,William Hill,3.70,3.75,1.91,3.50,4.00,1.91,https://live.nowscore.com/1x2/1496787.htm,2026-10-02T08:01:00Z,
2018-08-11,名古屋鲸八,鹿岛鹿角,bet365,3.75,3.60,1.90,3.75,3.60,1.90,https://live.nowscore.com/1x2/1496787.htm,2026-10-02T08:01:00Z,
2018-08-11,名古屋鲸八,鹿岛鹿角,Pinnacle,3.63,3.98,1.94,3.50,4.06,1.99,https://live.nowscore.com/1x2/1496787.htm,2026-10-02T08:01:00Z,
2018-08-11,清水鼓动,川崎前锋,William Hill,4.00,3.50,1.91,4.33,3.10,1.95,https://live.nowscore.com/1x2/1496788.htm,2026-10-02T08:01:00Z,
2018-08-11,清水鼓动,川崎前锋,bet365,4.50,3.50,1.80,3.70,3.40,2.00,https://live.nowscore.com/1x2/1496788.htm,2026-10-02T08:01:00Z,
2018-08-11,清水鼓动,川崎前锋,Pinnacle,4.23,3.88,1.83,4.04,3.30,2.07,https://live.nowscore.com/1x2/1496788.htm,2026-10-02T08:01:00Z,
2018-08-11,柏太阳神,仙台维加泰,William Hill,2.15,3.40,3.30,2.05,3.40,3.50,https://live.nowscore.com/1x2/1496789.htm,2026-10-02T08:01:00Z,
2018-08-11,柏太阳神,仙台维加泰,bet365,2.05,3.40,3.50,1.95,3.50,3.75,https://live.nowscore.com/1x2/1496789.htm,2026-10-02T08:01:00Z,
2018-08-11,柏太阳神,仙台维加泰,Pinnacle,2.12,3.71,3.35,2.06,3.61,3.70,https://live.nowscore.com/1x2/1496789.htm,2026-10-02T08:01:00Z,
2018-08-11,鸟栖沙岩,浦和红钻,William Hill,3.20,3.30,2.25,3.10,3.30,2.30,https://live.nowscore.com/1x2/1496790.htm,2026-10-02T08:01:00Z,
2018-08-11,鸟栖沙岩,浦和红钻,bet365,3.50,3.20,2.15,3.10,3.20,2.30,https://live.nowscore.com/1x2/1496790.htm,2026-10-02T08:01:00Z,
2018-08-11,鸟栖沙岩,浦和红钻,Pinnacle,3.19,3.52,2.26,3.28,3.23,2.39,https://live.nowscore.com/1x2/1496790.htm,2026-10-02T08:01:00Z,
2018-08-11,广岛三箭,长崎成功丸,William Hill,1.50,4.40,6.00,1.60,4.20,5.00,https://live.nowscore.com/1x2/1496791.htm,2026-10-02T08:01:00Z,
2018-08-11,广岛三箭,长崎成功丸,bet365,1.53,4.00,6.25,1.57,3.75,6.00,https://live.nowscore.com/1x2/1496791.htm,2026-10-02T08:01:00Z,
2018-08-11,广岛三箭,长崎成功丸,Pinnacle,1.48,4.51,7.11,1.56,4.22,6.44,https://live.nowscore.com/1x2/1496791.htm,2026-10-02T08:01:00Z,
2018-08-11,湘南海洋,横滨水手,William Hill,2.62,3.40,2.60,3.10,3.80,2.10,https://live.nowscore.com/1x2/1496792.htm,2026-10-02T08:01:00Z,
2018-08-11,湘南海洋,横滨水手,bet365,2.70,3.40,2.50,3.40,3.40,2.10,https://live.nowscore.com/1x2/1496792.htm,2026-10-02T08:01:00Z,
2018-08-11,湘南海洋,横滨水手,Pinnacle,2.69,3.80,2.47,3.05,3.95,2.21,https://live.nowscore.com/1x2/1496792.htm,2026-10-02T08:01:00Z,
2018-08-11,神户胜利船,磐田喜悦,William Hill,2.15,3.30,3.40,2.00,3.40,3.75,https://live.nowscore.com/1x2/1496793.htm,2026-10-02T08:01:00Z,
2018-08-11,神户胜利船,磐田喜悦,bet365,2.15,3.20,3.50,1.85,3.50,4.20,https://live.nowscore.com/1x2/1496793.htm,2026-10-02T08:01:00Z,
2018-08-11,神户胜利船,磐田喜悦,Pinnacle,2.22,3.49,3.29,1.99,3.53,4.04,https://live.nowscore.com/1x2/1496793.htm,2026-10-02T08:01:00Z,
2018-08-15,大阪樱花,清水鼓动,William Hill,2.05,3.40,3.60,1.83,3.60,4.20,https://live.nowscore.com/1x2/1496794.htm,2026-10-02T08:03:00Z,
2018-08-15,大阪樱花,清水鼓动,bet365,2.00,3.30,3.80,1.90,3.40,4.20,https://live.nowscore.com/1x2/1496794.htm,2026-10-02T08:03:00Z,
2018-08-15,大阪樱花,清水鼓动,Pinnacle,2.04,3.68,3.61,1.93,3.41,4.57,https://live.nowscore.com/1x2/1496794.htm,2026-10-02T08:03:00Z,
2018-08-15,FC东京,柏太阳神,William Hill,1.91,3.50,4.00,2.05,3.60,3.40,https://live.nowscore.com/1x2/1496795.htm,2026-10-02T08:03:00Z,
2018-08-15,FC东京,柏太阳神,bet365,1.80,3.50,4.50,2.00,3.50,3.60,https://live.nowscore.com/1x2/1496795.htm,2026-10-02T08:03:00Z,
2018-08-15,FC东京,柏太阳神,Pinnacle,1.98,3.61,3.89,2.12,3.58,3.56,https://live.nowscore.com/1x2/1496795.htm,2026-10-02T08:03:00Z,
2018-08-15,大阪钢巴,札幌冈萨多,William Hill,2.60,3.30,2.70,2.60,3.70,2.45,https://live.nowscore.com/1x2/1496796.htm,2026-10-02T08:03:00Z,
2018-08-15,大阪钢巴,札幌冈萨多,bet365,2.87,3.30,2.40,2.80,3.30,2.45,https://live.nowscore.com/1x2/1496796.htm,2026-10-02T08:03:00Z,
2018-08-15,大阪钢巴,札幌冈萨多,Pinnacle,2.51,3.70,2.69,2.74,3.85,2.46,https://live.nowscore.com/1x2/1496796.htm,2026-10-02T08:03:00Z,
2018-08-15,川崎前锋,鸟栖沙岩,William Hill,1.61,3.90,5.50,1.55,4.00,6.00,https://live.nowscore.com/1x2/1496797.htm,2026-10-02T08:03:00Z,
2018-08-15,川崎前锋,鸟栖沙岩,bet365,1.57,3.80,6.00,1.53,4.00,7.00,https://live.nowscore.com/1x2/1496797.htm,2026-10-02T08:03:00Z,
2018-08-15,川崎前锋,鸟栖沙岩,Pinnacle,1.55,4.22,6.34,1.59,4.17,6.12,https://live.nowscore.com/1x2/1496797.htm,2026-10-02T08:03:00Z,
2018-08-15,浦和红钻,磐田喜悦,William Hill,1.95,3.50,3.80,1.75,3.75,4.50,https://live.nowscore.com/1x2/1496798.htm,2026-10-02T08:03:00Z,
2018-08-15,浦和红钻,磐田喜悦,bet365,1.90,3.30,4.20,1.75,3.40,4.75,https://live.nowscore.com/1x2/1496798.htm,2026-10-02T08:03:00Z,
2018-08-15,浦和红钻,磐田喜悦,Pinnacle,1.92,3.71,4.02,1.83,3.78,4.53,https://live.nowscore.com/1x2/1496798.htm,2026-10-02T08:03:00Z,
2018-08-15,长崎成功丸,鹿岛鹿角,William Hill,3.40,3.30,2.15,3.10,3.50,2.20,https://live.nowscore.com/1x2/1496799.htm,2026-10-02T08:03:00Z,
2018-08-15,长崎成功丸,鹿岛鹿角,bet365,3.50,3.40,2.05,3.00,3.30,2.25,https://live.nowscore.com/1x2/1496799.htm,2026-10-02T08:03:00Z,
2018-08-15,长崎成功丸,鹿岛鹿角,Pinnacle,3.50,3.61,2.10,3.32,3.57,2.22,https://live.nowscore.com/1x2/1496799.htm,2026-10-02T08:03:00Z,
2018-08-15,仙台维加泰,湘南海洋,William Hill,1.95,3.60,3.70,2.05,3.40,3.60,https://live.nowscore.com/1x2/1496800.htm,2026-10-02T08:03:00Z,
2018-08-15,仙台维加泰,湘南海洋,bet365,1.90,3.50,4.00,2.00,3.40,3.75,https://live.nowscore.com/1x2/1496800.htm,2026-10-02T08:03:00Z,
2018-08-15,仙台维加泰,湘南海洋,Pinnacle,1.94,3.77,3.84,2.00,3.48,4.02,https://live.nowscore.com/1x2/1496800.htm,2026-10-02T08:03:00Z,
2018-08-15,神户胜利船,广岛三箭,William Hill,2.80,3.40,2.45,2.30,3.60,2.87,https://live.nowscore.com/1x2/1496801.htm,2026-10-02T08:03:00Z,
2018-08-15,神户胜利船,广岛三箭,bet365,2.90,3.30,2.37,2.37,3.30,2.90,https://live.nowscore.com/1x2/1496801.htm,2026-10-02T08:03:00Z,
2018-08-15,神户胜利船,广岛三箭,Pinnacle,2.83,3.61,2.44,2.48,3.60,2.85,https://live.nowscore.com/1x2/1496801.htm,2026-10-02T08:03:00Z,
2018-08-15,横滨水手,名古屋鲸八,William Hill,1.85,3.80,3.90,1.95,4.20,3.25,https://live.nowscore.com/1x2/1496802.htm,2026-10-02T08:03:00Z,
2018-08-15,横滨水手,名古屋鲸八,bet365,1.90,3.60,3.80,1.90,3.75,3.60,https://live.nowscore.com/1x2/1496802.htm,2026-10-02T08:03:00Z,
2018-08-15,横滨水手,名古屋鲸八,Pinnacle,2.04,4.13,3.25,2.00,4.17,3.44,https://live.nowscore.com/1x2/1496802.htm,2026-10-02T08:03:00Z,
2018-08-19,札幌冈萨多,FC东京,William Hill,2.40,3.50,2.80,3.10,3.40,2.25,https://live.nowscore.com/1x2/1496803.htm,2026-10-02T08:05:00Z,
2018-08-19,札幌冈萨多,FC东京,bet365,2.40,3.20,3.00,3.10,3.30,2.30,https://live.nowscore.com/1x2/1496803.htm,2026-10-02T08:05:00Z,
2018-08-19,札幌冈萨多,FC东京,Pinnacle,2.44,3.51,2.89,2.99,3.45,2.45,https://live.nowscore.com/1x2/1496803.htm,2026-10-02T08:05:00Z,
2018-08-19,名古屋鲸八,鸟栖沙岩,William Hill,2.60,3.75,2.45,2.62,3.30,2.60,https://live.nowscore.com/1x2/1496804.htm,2026-10-02T08:05:00Z,
2018-08-19,名古屋鲸八,鸟栖沙岩,bet365,2.70,3.40,2.50,2.75,3.40,2.45,https://live.nowscore.com/1x2/1496804.htm,2026-10-02T08:05:00Z,
2018-08-19,名古屋鲸八,鸟栖沙岩,Pinnacle,2.68,3.75,2.50,2.57,3.61,2.73,https://live.nowscore.com/1x2/1496804.htm,2026-10-02T08:05:00Z,
2018-08-19,清水鼓动,浦和红钻,William Hill,3.50,3.50,2.05,3.25,3.50,2.15,https://live.nowscore.com/1x2/1496805.htm,2026-10-02T08:05:00Z,
2018-08-19,清水鼓动,浦和红钻,bet365,3.60,3.30,2.05,3.30,3.40,2.15,https://live.nowscore.com/1x2/1496805.htm,2026-10-02T08:05:00Z,
2018-08-19,清水鼓动,浦和红钻,Pinnacle,3.64,3.46,2.10,3.52,3.48,2.17,https://live.nowscore.com/1x2/1496805.htm,2026-10-02T08:05:00Z,
2018-08-19,长崎成功丸,大阪樱花,William Hill,3.40,3.60,2.05,4.00,3.50,1.91,https://live.nowscore.com/1x2/1496806.htm,2026-10-02T08:05:00Z,
2018-08-19,长崎成功丸,大阪樱花,bet365,3.75,3.40,2.00,4.00,3.50,1.90,https://live.nowscore.com/1x2/1496806.htm,2026-10-02T08:05:00Z,
2018-08-19,长崎成功丸,大阪樱花,Pinnacle,3.44,3.63,2.11,4.43,3.59,1.89,https://live.nowscore.com/1x2/1496806.htm,2026-10-02T08:05:00Z,
2018-08-19,鹿岛鹿角,横滨水手,William Hill,2.25,3.70,2.90,1.95,3.80,3.50,https://live.nowscore.com/1x2/1496807.htm,2026-10-02T08:05:00Z,
2018-08-19,鹿岛鹿角,横滨水手,bet365,2.05,3.50,3.40,1.85,3.50,4.20,https://live.nowscore.com/1x2/1496807.htm,2026-10-02T08:05:00Z,
2018-08-19,鹿岛鹿角,横滨水手,Pinnacle,2.22,3.70,3.14,1.89,4.14,3.82,https://live.nowscore.com/1x2/1496807.htm,2026-10-02T08:05:00Z,
2018-08-19,磐田喜悦,柏太阳神,William Hill,2.40,3.50,2.80,3.20,3.50,2.10,https://live.nowscore.com/1x2/1496808.htm,2026-10-02T08:05:00Z,
2018-08-19,磐田喜悦,柏太阳神,bet365,2.87,3.20,2.50,3.50,3.30,2.10,https://live.nowscore.com/1x2/1496808.htm,2026-10-02T08:05:00Z,
2018-08-19,磐田喜悦,柏太阳神,Pinnacle,2.45,3.41,2.96,3.40,3.55,2.19,https://live.nowscore.com/1x2/1496808.htm,2026-10-02T08:05:00Z,
2018-08-19,广岛三箭,川崎前锋,William Hill,2.70,3.70,2.37,2.80,3.50,2.40,https://live.nowscore.com/1x2/1496809.htm,2026-10-02T08:05:00Z,
2018-08-19,广岛三箭,川崎前锋,bet365,3.00,3.40,2.30,2.87,3.40,2.40,https://live.nowscore.com/1x2/1496809.htm,2026-10-02T08:05:00Z,
2018-08-19,广岛三箭,川崎前锋,Pinnacle,2.78,3.72,2.43,2.98,3.62,2.37,https://live.nowscore.com/1x2/1496809.htm,2026-10-02T08:05:00Z,
2018-08-19,湘南海洋,神户胜利船,William Hill,3.10,3.50,2.20,3.60,3.40,2.05,https://live.nowscore.com/1x2/1496810.htm,2026-10-02T08:05:00Z,
2018-08-19,湘南海洋,神户胜利船,bet365,3.25,3.25,2.20,3.80,3.30,2.00,https://live.nowscore.com/1x2/1496810.htm,2026-10-02T08:05:00Z,
2018-08-19,湘南海洋,神户胜利船,Pinnacle,3.17,3.49,2.28,4.05,3.46,2.01,https://live.nowscore.com/1x2/1496810.htm,2026-10-02T08:05:00Z,
2018-08-19,仙台维加泰,大阪钢巴,William Hill,2.15,3.80,3.00,2.20,3.70,3.00,https://live.nowscore.com/1x2/1496811.htm,2026-10-02T08:05:00Z,
2018-08-19,仙台维加泰,大阪钢巴,bet365,2.05,3.50,3.40,NULL,NULL,NULL,https://live.nowscore.com/1x2/1496811.htm,2026-10-02T08:05:00Z,
2018-08-19,仙台维加泰,大阪钢巴,Pinnacle,2.23,3.84,3.02,2.12,3.66,3.47,https://live.nowscore.com/1x2/1496811.htm,2026-10-02T08:05:00Z,
2018-08-24,鹿岛鹿角,磐田喜悦,William Hill,1.91,3.50,4.00,1.85,3.70,4.00,https://live.nowscore.com/1x2/1496812.htm,2026-10-02T08:28:00Z,
2018-08-24,鹿岛鹿角,磐田喜悦,bet365,1.83,3.30,4.60,1.85,3.60,4.00,https://live.nowscore.com/1x2/1496812.htm,2026-10-02T08:28:00Z,
2018-08-24,鹿岛鹿角,磐田喜悦,Pinnacle,1.85,3.88,4.10,1.87,3.81,4.24,https://live.nowscore.com/1x2/1496812.htm,2026-10-02T08:28:00Z,
2018-08-25,大阪樱花,广岛三箭,William Hill,2.50,3.30,2.80,2.50,3.25,2.80,https://live.nowscore.com/1x2/1496813.htm,2026-10-02T08:07:00Z,
2018-08-25,大阪樱花,广岛三箭,bet365,2.50,3.25,2.80,2.40,3.30,2.87,https://live.nowscore.com/1x2/1496813.htm,2026-10-02T08:07:00Z,
2018-08-25,大阪樱花,广岛三箭,Pinnacle,2.42,3.60,2.87,2.53,3.49,2.85,https://live.nowscore.com/1x2/1496813.htm,2026-10-02T08:07:00Z,
2018-08-25,柏太阳神,长崎成功丸,William Hill,1.80,3.60,4.40,1.70,3.70,5.00,https://live.nowscore.com/1x2/1496814.htm,2026-10-02T08:07:00Z,
2018-08-25,柏太阳神,长崎成功丸,bet365,1.75,3.40,5.00,1.65,3.80,5.00,https://live.nowscore.com/1x2/1496814.htm,2026-10-02T08:07:00Z,
2018-08-25,柏太阳神,长崎成功丸,Pinnacle,1.75,3.91,4.68,1.66,3.87,5.87,https://live.nowscore.com/1x2/1496814.htm,2026-10-02T08:07:00Z,
2018-08-25,川崎前锋,仙台维加泰,William Hill,1.65,3.90,5.00,1.44,4.60,6.50,https://live.nowscore.com/1x2/1496815.htm,2026-10-02T08:07:00Z,
2018-08-25,川崎前锋,仙台维加泰,bet365,1.57,3.75,6.00,1.40,4.20,9.00,https://live.nowscore.com/1x2/1496815.htm,2026-10-02T08:07:00Z,
2018-08-25,川崎前锋,仙台维加泰,Pinnacle,1.56,4.48,5.57,1.49,4.62,7.07,https://live.nowscore.com/1x2/1496815.htm,2026-10-02T08:07:00Z,
2018-08-25,清水鼓动,札幌冈萨多,William Hill,2.62,3.20,2.75,2.15,3.50,3.25,https://live.nowscore.com/1x2/1496816.htm,2026-10-02T08:07:00Z,
2018-08-25,清水鼓动,札幌冈萨多,bet365,2.60,3.10,2.80,2.10,3.20,3.75,https://live.nowscore.com/1x2/1496816.htm,2026-10-02T08:07:00Z,
2018-08-25,清水鼓动,札幌冈萨多,Pinnacle,2.64,3.51,2.65,2.18,3.48,3.52,https://live.nowscore.com/1x2/1496816.htm,2026-10-02T08:07:00Z,
2018-08-26,名古屋鲸八,浦和红钻,William Hill,3.10,3.40,2.25,3.40,3.75,2.00,https://live.nowscore.com/1x2/1496817.htm,2026-10-02T08:09:00Z,
2018-08-26,名古屋鲸八,浦和红钻,bet365,3.60,3.25,2.05,3.50,3.75,1.95,https://live.nowscore.com/1x2/1496817.htm,2026-10-02T08:09:00Z,
2018-08-26,名古屋鲸八,浦和红钻,Pinnacle,3.16,3.92,2.14,3.46,3.62,2.14,https://live.nowscore.com/1x2/1496817.htm,2026-10-02T08:09:00Z,
2018-08-26,神户胜利船,横滨水手,William Hill,2.05,3.50,3.50,1.83,3.80,4.00,https://live.nowscore.com/1x2/1496818.htm,2026-10-02T08:09:00Z,
2018-08-26,神户胜利船,横滨水手,bet365,1.95,3.20,4.20,1.80,3.80,4.10,https://live.nowscore.com/1x2/1496818.htm,2026-10-02T08:09:00Z,
2018-08-26,神户胜利船,横滨水手,Pinnacle,2.00,4.03,3.42,1.99,3.94,3.60,https://live.nowscore.com/1x2/1496818.htm,2026-10-02T08:09:00Z,
2018-08-26,鸟栖沙岩,大阪钢巴,William Hill,2.30,3.20,3.20,2.30,3.30,3.10,https://live.nowscore.com/1x2/1496819.htm,2026-10-02T08:09:00Z,
2018-08-26,鸟栖沙岩,大阪钢巴,bet365,2.25,3.10,3.40,2.25,3.30,3.20,https://live.nowscore.com/1x2/1496819.htm,2026-10-02T08:09:00Z,
2018-08-26,鸟栖沙岩,大阪钢巴,Pinnacle,2.23,3.53,3.23,2.29,3.34,3.31,https://live.nowscore.com/1x2/1496819.htm,2026-10-02T08:09:00Z,
2018-08-26,湘南海洋,FC东京,William Hill,3.40,3.30,2.15,4.40,3.60,1.80,https://live.nowscore.com/1x2/1496820.htm,2026-10-02T08:09:00Z,
2018-08-26,湘南海洋,FC东京,bet365,3.60,3.30,2.05,4.60,3.75,1.75,https://live.nowscore.com/1x2/1496820.htm,2026-10-02T08:09:00Z,
2018-08-26,湘南海洋,FC东京,Pinnacle,3.71,3.51,2.06,3.94,3.72,1.95,https://live.nowscore.com/1x2/1496820.htm,2026-10-02T08:09:00Z,
2018-08-29,横滨水手,清水鼓动,William Hill,2.20,3.50,3.10,2.62,3.70,2.45,https://live.nowscore.com/1x2/1496760.htm,2026-10-02T08:11:00Z,
2018-08-29,横滨水手,清水鼓动,bet365,2.10,3.25,3.60,2.80,3.40,2.50,https://live.nowscore.com/1x2/1496760.htm,2026-10-02T08:11:00Z,
2018-08-29,横滨水手,清水鼓动,Pinnacle,2.21,3.88,3.04,2.18,3.79,3.15,https://live.nowscore.com/1x2/1496760.htm,2026-10-02T08:11:00Z,
2018-08-31,长崎成功丸,湘南海洋,William Hill,2.50,3.30,2.80,2.60,3.30,2.70,https://live.nowscore.com/1x2/1496821.htm,2026-10-02T08:13:00Z,
2018-08-31,长崎成功丸,湘南海洋,bet365,2.45,3.30,2.80,2.40,3.30,2.87,https://live.nowscore.com/1x2/1496821.htm,2026-10-02T08:13:00Z,
2018-08-31,长崎成功丸,湘南海洋,Pinnacle,2.41,3.56,2.90,2.41,3.57,2.90,https://live.nowscore.com/1x2/1496821.htm,2026-10-02T08:13:00Z,
2018-09-01,札幌冈萨多,神户胜利船,William Hill,2.50,3.30,2.80,2.87,3.75,2.25,https://live.nowscore.com/1x2/1496822.htm,2026-10-02T07:35:00Z,
2018-09-01,札幌冈萨多,神户胜利船,bet365,2.45,3.30,2.80,3.00,3.20,2.37,https://live.nowscore.com/1x2/1496822.htm,2026-10-02T07:35:00Z,
2018-09-01,札幌冈萨多,神户胜利船,Pinnacle,2.55,3.54,2.74,2.85,3.71,2.42,https://live.nowscore.com/1x2/1496822.htm,2026-10-02T07:35:00Z,
2018-09-01,横滨水手,柏太阳神,William Hill,2.60,3.40,2.62,2.87,3.75,2.25,https://live.nowscore.com/1x2/1496829.htm,2026-10-02T07:35:00Z,
2018-09-01,横滨水手,柏太阳神,bet365,2.50,3.40,2.70,2.90,3.60,2.25,https://live.nowscore.com/1x2/1496829.htm,2026-10-02T07:35:00Z,
2018-09-01,横滨水手,柏太阳神,Pinnacle,2.50,3.95,2.59,2.73,3.91,2.43,https://live.nowscore.com/1x2/1496829.htm,2026-10-02T07:35:00Z,
2018-09-01,大阪钢巴,川崎前锋,William Hill,4.00,3.70,1.85,5.50,4.40,1.53,https://live.nowscore.com/1x2/1496824.htm,2026-10-02T07:35:00Z,
2018-09-01,大阪钢巴,川崎前锋,bet365,4.33,3.60,1.80,6.00,4.00,1.53,https://live.nowscore.com/1x2/1496824.htm,2026-10-02T07:35:00Z,
2018-09-01,大阪钢巴,川崎前锋,Pinnacle,4.51,4.15,1.72,5.74,4.50,1.57,https://live.nowscore.com/1x2/1496824.htm,2026-10-02T07:35:00Z,
2018-09-01,磐田喜悦,名古屋鲸八,William Hill,2.37,3.40,2.90,2.62,3.70,2.45,https://live.nowscore.com/1x2/1496825.htm,2026-10-02T07:35:00Z,
2018-09-01,磐田喜悦,名古屋鲸八,bet365,2.37,3.30,2.90,2.62,3.60,2.45,https://live.nowscore.com/1x2/1496825.htm,2026-10-02T07:35:00Z,
2018-09-01,磐田喜悦,名古屋鲸八,Pinnacle,2.34,3.76,2.89,2.62,3.70,2.62,https://live.nowscore.com/1x2/1496825.htm,2026-10-02T07:35:00Z,
2018-09-01,广岛三箭,鹿岛鹿角,William Hill,2.15,3.40,3.30,2.30,3.60,2.90,https://live.nowscore.com/1x2/1496826.htm,2026-10-02T07:35:00Z,
2018-09-01,广岛三箭,鹿岛鹿角,bet365,2.00,3.40,3.75,2.15,3.40,3.30,https://live.nowscore.com/1x2/1496826.htm,2026-10-02T07:35:00Z,
2018-09-01,广岛三箭,鹿岛鹿角,Pinnacle,2.12,3.66,3.40,2.33,3.49,3.14,https://live.nowscore.com/1x2/1496826.htm,2026-10-02T07:35:00Z,
2018-09-01,仙台维加泰,清水鼓动,William Hill,2.05,3.60,3.40,2.40,3.50,2.80,https://live.nowscore.com/1x2/1496828.htm,2026-10-02T07:35:00Z,
2018-09-01,仙台维加泰,清水鼓动,bet365,1.90,3.50,3.90,2.37,3.40,2.87,https://live.nowscore.com/1x2/1496828.htm,2026-10-02T07:35:00Z,
2018-09-01,仙台维加泰,清水鼓动,Pinnacle,2.13,3.80,3.25,2.47,3.68,2.81,https://live.nowscore.com/1x2/1496828.htm,2026-10-02T07:35:00Z,
2018-09-01,浦和红钻,大阪樱花,William Hill,2.20,3.30,3.30,2.25,3.25,3.20,https://live.nowscore.com/1x2/1496827.htm,2026-10-02T07:35:00Z,
2018-09-01,浦和红钻,大阪樱花,bet365,2.05,3.30,3.60,2.20,3.25,3.30,https://live.nowscore.com/1x2/1496827.htm,2026-10-02T07:35:00Z,
2018-09-01,浦和红钻,大阪樱花,Pinnacle,2.14,3.72,3.30,2.34,3.46,3.15,https://live.nowscore.com/1x2/1496827.htm,2026-10-02T07:35:00Z,
2018-09-02,FC东京,鸟栖沙岩,William Hill,1.91,3.50,4.00,1.73,3.70,4.75,https://live.nowscore.com/1x2/1496823.htm,2026-10-02T07:35:00Z,
2018-09-02,FC东京,鸟栖沙岩,bet365,1.83,3.50,4.33,1.72,3.60,4.75,https://live.nowscore.com/1x2/1496823.htm,2026-10-02T07:35:00Z,
2018-09-02,FC东京,鸟栖沙岩,Pinnacle,1.83,3.69,4.45,1.78,3.74,4.93,https://live.nowscore.com/1x2/1496823.htm,2026-10-02T07:35:00Z,
2018-09-14,大阪樱花,磐田喜悦,William Hill,1.75,3.80,4.40,2.00,3.40,3.75,https://live.nowscore.com/1x2/1496830.htm,2026-10-02T07:35:00Z,
2018-09-14,大阪樱花,磐田喜悦,bet365,1.70,3.60,5.00,1.90,3.30,4.33,https://live.nowscore.com/1x2/1496830.htm,2026-10-02T07:35:00Z,
2018-09-14,大阪樱花,磐田喜悦,Pinnacle,1.75,3.87,4.77,1.96,3.33,4.50,https://live.nowscore.com/1x2/1496830.htm,2026-10-02T07:35:00Z,
2018-09-14,鹿岛鹿角,湘南海洋,William Hill,1.85,3.70,4.00,1.70,4.00,4.50,https://live.nowscore.com/1x2/1496831.htm,2026-10-02T07:35:00Z,
2018-09-14,鹿岛鹿角,湘南海洋,bet365,1.61,4.00,5.00,1.66,3.80,5.00,https://live.nowscore.com/1x2/1496831.htm,2026-10-02T07:35:00Z,
2018-09-14,鹿岛鹿角,湘南海洋,Pinnacle,1.85,3.72,4.37,1.70,4.08,4.98,https://live.nowscore.com/1x2/1496831.htm,2026-10-02T07:35:00Z,
2018-09-15,仙台维加泰,FC东京,William Hill,2.90,3.70,2.25,3.10,3.50,2.20,https://live.nowscore.com/1x2/1496836.htm,2026-10-02T07:35:00Z,
2018-09-15,仙台维加泰,FC东京,bet365,2.80,3.30,2.45,3.20,3.40,2.20,https://live.nowscore.com/1x2/1496836.htm,2026-10-02T07:35:00Z,
2018-09-15,仙台维加泰,FC东京,Pinnacle,2.75,3.50,2.56,3.25,3.46,2.27,https://live.nowscore.com/1x2/1496836.htm,2026-10-02T07:35:00Z,
2018-09-15,鸟栖沙岩,广岛三箭,William Hill,2.80,3.50,2.40,3.80,3.50,1.95,https://live.nowscore.com/1x2/1496835.htm,2026-10-02T07:35:00Z,
2018-09-15,鸟栖沙岩,广岛三箭,bet365,3.00,3.25,2.37,4.00,3.50,1.90,https://live.nowscore.com/1x2/1496835.htm,2026-10-02T07:35:00Z,
2018-09-15,鸟栖沙岩,广岛三箭,Pinnacle,2.82,3.40,2.55,3.99,3.56,1.99,https://live.nowscore.com/1x2/1496835.htm,2026-10-02T07:35:00Z,
2018-09-15,名古屋鲸八,长崎成功丸,William Hill,1.75,4.20,4.00,1.75,3.80,4.33,https://live.nowscore.com/1x2/1496834.htm,2026-10-02T07:35:00Z,
2018-09-15,名古屋鲸八,长崎成功丸,bet365,1.75,3.50,4.75,1.75,4.00,4.20,https://live.nowscore.com/1x2/1496834.htm,2026-10-02T07:35:00Z,
2018-09-15,名古屋鲸八,长崎成功丸,Pinnacle,1.79,4.18,4.13,1.84,4.25,3.90,https://live.nowscore.com/1x2/1496834.htm,2026-10-02T07:35:00Z,
2018-09-15,柏太阳神,清水鼓动,William Hill,2.10,3.70,3.20,2.37,3.40,2.90,https://live.nowscore.com/1x2/1496832.htm,2026-10-02T07:35:00Z,
2018-09-15,柏太阳神,清水鼓动,bet365,2.00,3.40,3.70,2.30,3.30,3.00,https://live.nowscore.com/1x2/1496832.htm,2026-10-02T07:35:00Z,
2018-09-15,柏太阳神,清水鼓动,Pinnacle,2.05,3.77,3.50,2.41,3.48,3.05,https://live.nowscore.com/1x2/1496832.htm,2026-10-02T07:35:00Z,
2018-09-15,川崎前锋,札幌冈萨多,William Hill,1.61,4.33,4.80,1.55,4.33,5.50,https://live.nowscore.com/1x2/1496833.htm,2026-10-02T07:35:00Z,
2018-09-15,川崎前锋,札幌冈萨多,bet365,1.60,3.75,5.75,1.53,4.00,6.00,https://live.nowscore.com/1x2/1496833.htm,2026-10-02T07:35:00Z,
2018-09-15,川崎前锋,札幌冈萨多,Pinnacle,1.65,4.09,5.26,1.58,3.86,6.92,https://live.nowscore.com/1x2/1496833.htm,2026-10-02T07:35:00Z,
2018-09-15,神户胜利船,大阪钢巴,William Hill,1.80,4.00,3.90,2.05,3.60,3.40,https://live.nowscore.com/1x2/1496837.htm,2026-10-02T07:35:00Z,
2018-09-15,神户胜利船,大阪钢巴,bet365,1.75,3.50,4.75,2.00,3.50,3.50,https://live.nowscore.com/1x2/1496837.htm,2026-10-02T07:35:00Z,
2018-09-15,神户胜利船,大阪钢巴,Pinnacle,1.85,3.88,4.10,1.99,3.68,3.88,https://live.nowscore.com/1x2/1496837.htm,2026-10-02T07:35:00Z,
2018-09-16,横滨水手,浦和红钻,William Hill,2.90,4.00,2.15,2.60,3.60,2.50,https://live.nowscore.com/1x2/1496838.htm,2026-10-02T07:35:00Z,
2018-09-16,横滨水手,浦和红钻,bet365,3.20,3.40,2.20,2.62,3.50,2.50,https://live.nowscore.com/1x2/1496838.htm,2026-10-02T07:35:00Z,
2018-09-16,横滨水手,浦和红钻,Pinnacle,2.99,3.93,2.22,2.73,3.58,2.56,https://live.nowscore.com/1x2/1496838.htm,2026-10-02T07:35:00Z,
2018-09-21,清水鼓动,大阪钢巴,William Hill,2.10,3.70,3.20,2.00,3.70,3.40,https://live.nowscore.com/1x2/1496839.htm,2026-10-02T07:35:00Z,
2018-09-21,清水鼓动,大阪钢巴,bet365,2.00,3.60,3.50,1.95,3.75,3.50,https://live.nowscore.com/1x2/1496839.htm,2026-10-02T07:35:00Z,
2018-09-21,清水鼓动,大阪钢巴,Pinnacle,2.03,3.85,3.43,2.19,3.75,3.22,https://live.nowscore.com/1x2/1496839.htm,2026-10-02T07:35:00Z,
2018-09-22,柏太阳神,鸟栖沙岩,William Hill,2.30,3.40,3.00,2.30,3.40,3.00,https://live.nowscore.com/1x2/1496842.htm,2026-10-02T07:35:00Z,
2018-09-22,柏太阳神,鸟栖沙岩,bet365,2.35,3.40,2.90,2.25,3.30,3.20,https://live.nowscore.com/1x2/1496842.htm,2026-10-02T07:35:00Z,
2018-09-22,柏太阳神,鸟栖沙岩,Pinnacle,2.40,3.46,2.96,2.29,3.48,3.25,https://live.nowscore.com/1x2/1496842.htm,2026-10-02T07:35:00Z,
2018-09-22,磐田喜悦,横滨水手,William Hill,2.60,3.40,2.62,2.80,3.50,2.37,https://live.nowscore.com/1x2/1496841.htm,2026-10-02T07:35:00Z,
2018-09-22,磐田喜悦,横滨水手,bet365,2.55,3.40,2.62,2.75,3.40,2.45,https://live.nowscore.com/1x2/1496841.htm,2026-10-02T07:35:00Z,
2018-09-22,磐田喜悦,横滨水手,Pinnacle,2.48,3.77,2.67,2.75,3.51,2.58,https://live.nowscore.com/1x2/1496841.htm,2026-10-02T07:35:00Z,
2018-09-22,长崎成功丸,仙台维加泰,William Hill,2.90,3.60,2.30,3.00,3.60,2.25,https://live.nowscore.com/1x2/1496847.htm,2026-10-02T07:35:00Z,
2018-09-22,长崎成功丸,仙台维加泰,bet365,3.25,3.40,2.15,3.20,3.40,2.20,https://live.nowscore.com/1x2/1496847.htm,2026-10-02T07:35:00Z,
2018-09-22,长崎成功丸,仙台维加泰,Pinnacle,3.01,3.77,2.24,3.34,3.47,2.23,https://live.nowscore.com/1x2/1496847.htm,2026-10-02T07:35:00Z,
2018-09-22,川崎前锋,名古屋鲸八,William Hill,1.53,4.50,5.50,1.47,5.00,5.50,https://live.nowscore.com/1x2/1496843.htm,2026-10-02T07:35:00Z,
2018-09-22,川崎前锋,名古屋鲸八,bet365,1.50,4.33,6.00,1.44,4.50,5.50,https://live.nowscore.com/1x2/1496843.htm,2026-10-02T07:35:00Z,
2018-09-22,川崎前锋,名古屋鲸八,Pinnacle,1.50,4.86,5.79,1.50,4.95,5.88,https://live.nowscore.com/1x2/1496843.htm,2026-10-02T07:35:00Z,
2018-09-22,广岛三箭,FC东京,William Hill,2.05,3.50,3.50,2.50,3.30,2.80,https://live.nowscore.com/1x2/1496844.htm,2026-10-02T07:35:00Z,
2018-09-22,广岛三箭,FC东京,bet365,2.05,3.50,3.40,2.45,3.20,3.00,https://live.nowscore.com/1x2/1496844.htm,2026-10-02T07:35:00Z,
2018-09-22,广岛三箭,FC东京,Pinnacle,2.13,3.43,3.53,2.59,3.39,2.82,https://live.nowscore.com/1x2/1496844.htm,2026-10-02T07:35:00Z,
2018-09-22,湘南海洋,大阪樱花,William Hill,3.20,3.20,2.30,3.40,3.50,2.10,https://live.nowscore.com/1x2/1496845.htm,2026-10-02T07:35:00Z,
2018-09-22,湘南海洋,大阪樱花,bet365,3.30,3.25,2.20,3.60,3.40,2.05,https://live.nowscore.com/1x2/1496845.htm,2026-10-02T07:35:00Z,
2018-09-22,湘南海洋,大阪樱花,Pinnacle,3.37,3.50,2.17,3.68,3.63,2.04,https://live.nowscore.com/1x2/1496845.htm,2026-10-02T07:35:00Z,
2018-09-23,浦和红钻,神户胜利船,William Hill,2.20,3.40,3.20,2.05,3.60,3.40,https://live.nowscore.com/1x2/1496846.htm,2026-10-02T07:35:00Z,
2018-09-23,浦和红钻,神户胜利船,bet365,2.10,3.50,3.30,2.10,3.30,3.50,https://live.nowscore.com/1x2/1496846.htm,2026-10-02T07:35:00Z,
2018-09-23,浦和红钻,神户胜利船,Pinnacle,2.18,3.60,3.26,2.12,3.56,3.53,https://live.nowscore.com/1x2/1496846.htm,2026-10-02T07:35:00Z,
2018-09-23,札幌冈萨多,鹿岛鹿角,William Hill,2.62,3.40,2.60,2.90,3.60,2.30,https://live.nowscore.com/1x2/1496840.htm,2026-10-02T07:35:00Z,
2018-09-23,札幌冈萨多,鹿岛鹿角,bet365,2.75,3.40,2.50,2.90,3.50,2.30,https://live.nowscore.com/1x2/1496840.htm,2026-10-02T07:35:00Z,
2018-09-23,札幌冈萨多,鹿岛鹿角,Pinnacle,2.79,3.75,2.39,3.03,3.65,2.31,https://live.nowscore.com/1x2/1496840.htm,2026-10-02T07:35:00Z,
2018-09-26,湘南海洋,川崎前锋,William Hill,4.80,4.40,1.60,6.00,4.20,1.52,https://live.nowscore.com/1x2/1496764.htm,2026-10-02T07:35:00Z,
2018-09-26,湘南海洋,川崎前锋,bet365,5.50,4.00,1.57,6.25,4.20,1.50,https://live.nowscore.com/1x2/1496764.htm,2026-10-02T07:35:00Z,
2018-09-26,湘南海洋,川崎前锋,Pinnacle,4.94,4.48,1.62,6.24,4.21,1.56,https://live.nowscore.com/1x2/1496764.htm,2026-10-02T07:35:00Z,
2018-09-29,札幌冈萨多,鸟栖沙岩,William Hill,2.25,3.30,3.20,2.60,3.30,2.70,https://live.nowscore.com/1x2/1496849.htm,2026-10-02T07:35:00Z,
2018-09-29,札幌冈萨多,鸟栖沙岩,bet365,2.15,3.25,3.40,2.50,3.20,2.87,https://live.nowscore.com/1x2/1496849.htm,2026-10-02T07:35:00Z,
2018-09-29,札幌冈萨多,鸟栖沙岩,Pinnacle,2.40,3.47,3.02,2.39,3.53,3.03,https://live.nowscore.com/1x2/1496849.htm,2026-10-02T07:35:00Z,
2018-09-29,横滨水手,仙台维加泰,William Hill,2.40,3.40,2.87,2.25,3.80,2.80,https://live.nowscore.com/1x2/1496856.htm,2026-10-02T07:35:00Z,
2018-09-29,横滨水手,仙台维加泰,bet365,2.30,3.40,3.00,2.25,3.50,3.00,https://live.nowscore.com/1x2/1496856.htm,2026-10-02T07:35:00Z,
2018-09-29,横滨水手,仙台维加泰,Pinnacle,2.30,3.94,2.86,2.25,3.90,3.02,https://live.nowscore.com/1x2/1496856.htm,2026-10-02T07:35:00Z,
2018-09-29,大阪钢巴,广岛三箭,William Hill,2.15,3.20,3.20,3.20,3.50,2.15,https://live.nowscore.com/1x2/1496851.htm,2026-10-02T07:35:00Z,
2018-09-29,大阪钢巴,广岛三箭,bet365,3.40,3.50,2.05,3.50,3.60,2.00,https://live.nowscore.com/1x2/1496851.htm,2026-10-02T07:35:00Z,
2018-09-29,大阪钢巴,广岛三箭,Pinnacle,3.18,3.78,2.18,3.72,3.51,2.09,https://live.nowscore.com/1x2/1496851.htm,2026-10-02T07:35:00Z,
2018-09-29,神户胜利船,鹿岛鹿角,William Hill,2.62,3.60,2.50,2.70,3.40,2.55,https://live.nowscore.com/1x2/1496855.htm,2026-10-02T07:35:00Z,
2018-09-29,神户胜利船,鹿岛鹿角,bet365,2.70,3.50,2.45,2.70,3.40,2.50,https://live.nowscore.com/1x2/1496855.htm,2026-10-02T07:35:00Z,
2018-09-29,神户胜利船,鹿岛鹿角,Pinnacle,2.71,3.79,2.47,2.84,3.38,2.61,https://live.nowscore.com/1x2/1496855.htm,2026-10-02T07:35:00Z,
2018-09-29,FC东京,清水鼓动,William Hill,2.15,3.50,3.20,1.85,3.60,4.20,https://live.nowscore.com/1x2/1496850.htm,2026-10-02T07:35:00Z,
2018-09-29,FC东京,清水鼓动,bet365,2.10,3.50,3.25,1.85,3.80,3.80,https://live.nowscore.com/1x2/1496850.htm,2026-10-02T07:35:00Z,
2018-09-29,FC东京,清水鼓动,Pinnacle,2.22,3.62,3.21,1.93,3.81,3.97,https://live.nowscore.com/1x2/1496850.htm,2026-10-02T07:35:00Z,
2018-09-29,长崎成功丸,川崎前锋,William Hill,4.50,3.90,1.73,6.00,4.20,1.52,https://live.nowscore.com/1x2/1496854.htm,2026-10-02T07:35:00Z,
2018-09-29,长崎成功丸,川崎前锋,bet365,5.00,3.80,1.65,6.00,4.33,1.50,https://live.nowscore.com/1x2/1496854.htm,2026-10-02T07:35:00Z,
2018-09-29,长崎成功丸,川崎前锋,Pinnacle,5.11,4.36,1.61,6.72,4.21,1.53,https://live.nowscore.com/1x2/1496854.htm,2026-10-02T07:35:00Z,
2018-09-30,浦和红钻,柏太阳神,William Hill,1.91,3.60,3.90,2.05,3.60,3.40,https://live.nowscore.com/1x2/1496853.htm,2026-10-02T07:35:00Z,
2018-09-30,浦和红钻,柏太阳神,bet365,1.83,3.50,4.20,2.10,3.50,3.30,https://live.nowscore.com/1x2/1496853.htm,2026-10-02T07:35:00Z,
2018-09-30,浦和红钻,柏太阳神,Pinnacle,1.93,3.82,3.87,2.03,3.84,3.47,https://live.nowscore.com/1x2/1496853.htm,2026-10-02T07:35:00Z,
2018-10-05,横滨水手,札幌冈萨多,William Hill,2.05,3.90,3.20,1.83,4.00,3.70,https://live.nowscore.com/1x2/1496857.htm,2026-10-02T07:44:00Z,
2018-10-05,横滨水手,札幌冈萨多,bet365,2.00,3.40,3.70,1.75,4.20,3.90,https://live.nowscore.com/1x2/1496857.htm,2026-10-02T07:44:00Z,
2018-10-05,横滨水手,札幌冈萨多,Pinnacle,2.10,3.91,3.26,1.83,4.26,3.95,https://live.nowscore.com/1x2/1496857.htm,2026-10-02T07:44:00Z,
2018-10-06,大阪樱花,大阪钢巴,William Hill,1.85,3.80,3.90,1.91,3.60,3.90,https://live.nowscore.com/1x2/1496858.htm,2026-10-02T07:48:00Z,
2018-10-06,大阪樱花,大阪钢巴,bet365,1.83,3.50,4.33,1.85,3.50,4.20,https://live.nowscore.com/1x2/1496858.htm,2026-10-02T07:48:00Z,
2018-10-06,大阪樱花,大阪钢巴,Pinnacle,1.84,3.81,4.26,2.08,3.84,3.45,https://live.nowscore.com/1x2/1496858.htm,2026-10-02T07:48:00Z,
2018-10-06,广岛三箭,柏太阳神,William Hill,1.83,3.80,4.00,1.95,3.90,3.50,https://live.nowscore.com/1x2/1496862.htm,2026-10-02T07:48:00Z,
2018-10-06,广岛三箭,柏太阳神,bet365,1.80,3.60,4.33,1.85,3.80,3.80,https://live.nowscore.com/1x2/1496862.htm,2026-10-02T07:48:00Z,
2018-10-06,广岛三箭,柏太阳神,Pinnacle,1.85,3.94,4.04,1.95,3.90,3.79,https://live.nowscore.com/1x2/1496862.htm,2026-10-02T07:48:00Z,
2018-10-06,鸟栖沙岩,湘南海洋,William Hill,2.10,3.30,3.50,2.15,3.25,3.50,https://live.nowscore.com/1x2/1496861.htm,2026-10-02T07:48:00Z,
2018-10-06,鸟栖沙岩,湘南海洋,bet365,2.05,3.40,3.50,2.15,3.40,3.40,https://live.nowscore.com/1x2/1496861.htm,2026-10-02T07:48:00Z,
2018-10-06,鸟栖沙岩,湘南海洋,Pinnacle,2.20,3.34,3.54,2.26,3.18,3.64,https://live.nowscore.com/1x2/1496861.htm,2026-10-02T07:48:00Z,
2018-10-06,神户胜利船,长崎成功丸,William Hill,1.75,4.20,4.00,2.00,3.50,3.60,https://live.nowscore.com/1x2/1496865.htm,2026-10-02T07:48:00Z,
2018-10-06,神户胜利船,长崎成功丸,bet365,1.72,3.75,4.50,1.90,3.50,4.00,https://live.nowscore.com/1x2/1496865.htm,2026-10-02T07:48:00Z,
2018-10-06,神户胜利船,长崎成功丸,Pinnacle,1.78,4.23,4.10,2.02,3.64,3.80,https://live.nowscore.com/1x2/1496865.htm,2026-10-02T07:48:00Z,
2018-10-07,鹿岛鹿角,川崎前锋,William Hill,2.87,3.40,2.37,3.25,3.30,2.20,https://live.nowscore.com/1x2/1496859.htm,2026-10-02T07:52:00Z,
2018-10-07,鹿岛鹿角,川崎前锋,bet365,3.00,3.40,2.30,3.10,3.30,2.30,https://live.nowscore.com/1x2/1496859.htm,2026-10-02T07:52:00Z,
2018-10-07,鹿岛鹿角,川崎前锋,Pinnacle,2.90,3.56,2.43,3.48,3.35,2.24,https://live.nowscore.com/1x2/1496859.htm,2026-10-02T07:52:00Z,
2018-10-07,仙台维加泰,浦和红钻,William Hill,2.87,3.60,2.30,3.30,3.40,2.15,https://live.nowscore.com/1x2/1496864.htm,2026-10-02T07:52:00Z,
2018-10-07,仙台维加泰,浦和红钻,bet365,3.00,3.40,2.30,3.20,3.50,2.15,https://live.nowscore.com/1x2/1496864.htm,2026-10-02T07:52:00Z,
2018-10-07,仙台维加泰,浦和红钻,Pinnacle,2.97,3.69,2.32,3.60,3.39,2.17,https://live.nowscore.com/1x2/1496864.htm,2026-10-02T07:52:00Z,
2018-10-07,清水鼓动,磐田喜悦,William Hill,2.35,3.40,2.90,2.10,3.40,3.50,https://live.nowscore.com/1x2/1496863.htm,2026-10-02T07:52:00Z,
2018-10-07,清水鼓动,磐田喜悦,bet365,2.30,3.40,3.00,2.10,3.40,3.40,https://live.nowscore.com/1x2/1496863.htm,2026-10-02T07:52:00Z,
2018-10-07,清水鼓动,磐田喜悦,Pinnacle,2.38,3.43,3.08,2.09,3.48,3.76,https://live.nowscore.com/1x2/1496863.htm,2026-10-02T07:52:00Z,
2018-10-07,名古屋鲸八,FC东京,William Hill,3.00,3.75,2.15,3.30,3.60,2.10,https://live.nowscore.com/1x2/1496860.htm,2026-10-02T07:52:00Z,
2018-10-07,名古屋鲸八,FC东京,bet365,3.30,3.50,2.10,3.50,3.60,2.00,https://live.nowscore.com/1x2/1496860.htm,2026-10-02T07:52:00Z,
2018-10-07,名古屋鲸八,FC东京,Pinnacle,3.07,3.79,2.23,3.74,3.61,2.05,https://live.nowscore.com/1x2/1496860.htm,2026-10-02T07:52:00Z,
2018-10-19,柏太阳神,名古屋鲸八,William Hill,1.95,4.00,3.40,2.05,3.90,3.20,https://live.nowscore.com/1x2/1496866.htm,2026-10-02T07:56:00Z,
2018-10-19,柏太阳神,名古屋鲸八,bet365,1.90,3.60,3.75,2.00,3.60,3.50,https://live.nowscore.com/1x2/1496866.htm,2026-10-02T07:56:00Z,
2018-10-19,柏太阳神,名古屋鲸八,Pinnacle,2.09,3.92,3.28,2.02,3.97,3.51,https://live.nowscore.com/1x2/1496866.htm,2026-10-02T07:56:00Z,
2018-10-20,清水鼓动,广岛三箭,William Hill,3.00,3.50,2.25,2.90,3.40,2.37,https://live.nowscore.com/1x2/1496870.htm,2026-10-02T08:03:00Z,
2018-10-20,清水鼓动,广岛三箭,bet365,3.25,3.30,2.20,3.00,3.40,2.30,https://live.nowscore.com/1x2/1496870.htm,2026-10-02T08:03:00Z,
2018-10-20,清水鼓动,广岛三箭,Pinnacle,3.13,3.56,2.31,3.03,3.63,2.35,https://live.nowscore.com/1x2/1496870.htm,2026-10-02T08:03:00Z,
2018-10-20,仙台维加泰,鸟栖沙岩,William Hill,2.15,3.30,3.40,2.35,3.25,3.00,https://live.nowscore.com/1x2/1496874.htm,2026-10-02T08:03:00Z,
2018-10-20,仙台维加泰,鸟栖沙岩,bet365,2.10,3.25,3.60,2.25,3.20,3.30,https://live.nowscore.com/1x2/1496874.htm,2026-10-02T08:03:00Z,
2018-10-20,仙台维加泰,鸟栖沙岩,Pinnacle,2.27,3.49,3.22,2.37,3.17,3.35,https://live.nowscore.com/1x2/1496874.htm,2026-10-02T08:03:00Z,
2018-10-20,大阪钢巴,横滨水手,William Hill,2.40,3.50,2.80,3.00,3.80,2.15,https://live.nowscore.com/1x2/1496868.htm,2026-10-02T08:03:00Z,
2018-10-20,大阪钢巴,横滨水手,bet365,2.30,3.50,2.87,3.20,3.60,2.10,https://live.nowscore.com/1x2/1496868.htm,2026-10-02T08:03:00Z,
2018-10-20,大阪钢巴,横滨水手,Pinnacle,2.50,3.88,2.64,2.76,3.90,2.43,https://live.nowscore.com/1x2/1496868.htm,2026-10-02T08:03:00Z,
2018-10-20,湘南海洋,札幌冈萨多,William Hill,2.40,3.50,2.80,2.62,3.40,2.60,https://live.nowscore.com/1x2/1496871.htm,2026-10-02T08:03:00Z,
2018-10-20,湘南海洋,札幌冈萨多,bet365,2.40,3.25,2.90,2.62,3.25,2.62,https://live.nowscore.com/1x2/1496871.htm,2026-10-02T08:03:00Z,
2018-10-20,湘南海洋,札幌冈萨多,Pinnacle,2.49,3.51,2.88,2.52,3.55,2.81,https://live.nowscore.com/1x2/1496871.htm,2026-10-02T08:03:00Z,
2018-10-20,浦和红钻,鹿岛鹿角,William Hill,2.35,3.50,2.87,2.40,3.40,2.87,https://live.nowscore.com/1x2/1496872.htm,2026-10-02T08:03:00Z,
2018-10-20,浦和红钻,鹿岛鹿角,bet365,2.30,3.30,3.10,2.40,3.40,2.80,https://live.nowscore.com/1x2/1496872.htm,2026-10-02T08:03:00Z,
2018-10-20,浦和红钻,鹿岛鹿角,Pinnacle,2.41,3.66,2.90,2.51,3.46,2.91,https://live.nowscore.com/1x2/1496872.htm,2026-10-02T08:03:00Z,
2018-10-20,FC东京,大阪樱花,William Hill,2.35,3.30,3.00,1.95,3.60,3.70,https://live.nowscore.com/1x2/1496867.htm,2026-10-02T08:03:00Z,
2018-10-20,FC东京,大阪樱花,bet365,2.30,3.10,3.25,1.90,3.40,4.00,https://live.nowscore.com/1x2/1496867.htm,2026-10-02T08:03:00Z,
2018-10-20,FC东京,大阪樱花,Pinnacle,2.31,3.43,3.24,2.15,3.54,3.52,https://live.nowscore.com/1x2/1496867.htm,2026-10-02T08:03:00Z,
2018-10-20,川崎前锋,神户胜利船,William Hill,1.67,3.70,5.25,1.52,4.50,5.50,https://live.nowscore.com/1x2/1496869.htm,2026-10-02T08:03:00Z,
2018-10-20,川崎前锋,神户胜利船,bet365,1.60,3.75,5.75,1.55,4.10,6.00,https://live.nowscore.com/1x2/1496869.htm,2026-10-02T08:03:00Z,
2018-10-20,川崎前锋,神户胜利船,Pinnacle,1.56,4.43,5.81,1.58,4.76,5.13,https://live.nowscore.com/1x2/1496869.htm,2026-10-02T08:03:00Z,
2018-10-21,长崎成功丸,磐田喜悦,William Hill,2.45,3.40,2.80,2.55,3.60,2.55,https://live.nowscore.com/1x2/1496873.htm,2026-10-02T08:07:00Z,
2018-10-21,长崎成功丸,磐田喜悦,bet365,2.45,3.20,2.87,2.50,3.30,2.80,https://live.nowscore.com/1x2/1496873.htm,2026-10-02T08:07:00Z,
2018-10-21,长崎成功丸,磐田喜悦,Pinnacle,2.48,3.53,2.88,2.52,3.76,2.72,https://live.nowscore.com/1x2/1496873.htm,2026-10-02T08:07:00Z,
2018-10-28,名古屋鲸八,札幌冈萨多,William Hill,2.00,3.40,3.40,2.37,3.90,2.62,https://live.nowscore.com/1x2/1496759.htm,2026-10-02T08:12:00Z,
2018-10-28,名古屋鲸八,札幌冈萨多,bet365,2.10,3.60,3.20,2.37,3.60,2.75,https://live.nowscore.com/1x2/1496759.htm,2026-10-02T08:12:00Z,
2018-10-28,名古屋鲸八,札幌冈萨多,Pinnacle,2.26,3.95,2.92,2.25,3.99,2.93,https://live.nowscore.com/1x2/1496759.htm,2026-10-02T08:12:00Z,
2018-10-30,磐田喜悦,湘南海洋,William Hill,2.10,3.50,3.40,2.37,3.25,3.00,https://live.nowscore.com/1x2/1496852.htm,2026-10-02T08:06:00Z,
2018-10-30,磐田喜悦,湘南海洋,bet365,2.05,3.50,3.40,2.30,3.40,2.87,https://live.nowscore.com/1x2/1496852.htm,2026-10-02T08:06:00Z,
2018-10-30,磐田喜悦,湘南海洋,Pinnacle,2.26,3.39,3.39,2.27,3.42,3.35,https://live.nowscore.com/1x2/1496852.htm,2026-10-02T08:06:00Z,
2018-10-31,鹿岛鹿角,大阪樱花,William Hill,2.10,3.50,3.40,2.90,3.40,2.37,https://live.nowscore.com/1x2/1496878.htm,2026-10-02T08:10:00Z,
2018-10-31,鹿岛鹿角,大阪樱花,bet365,2.05,3.25,3.75,2.90,3.30,2.37,https://live.nowscore.com/1x2/1496878.htm,2026-10-02T08:10:00Z,
2018-10-31,鹿岛鹿角,大阪樱花,Pinnacle,2.16,3.59,3.43,3.06,3.16,2.58,https://live.nowscore.com/1x2/1496878.htm,2026-10-02T08:10:00Z,
2018-11-02,湘南海洋,清水鼓动,William Hill,2.87,3.60,2.30,3.25,3.60,2.10,https://live.nowscore.com/1x2/1496875.htm,2026-10-02T08:14:00Z,
2018-11-02,湘南海洋,清水鼓动,bet365,2.90,3.25,2.40,3.75,3.40,2.00,https://live.nowscore.com/1x2/1496875.htm,2026-10-02T08:14:00Z,
2018-11-02,湘南海洋,清水鼓动,Pinnacle,2.93,3.53,2.46,3.52,3.70,2.09,https://live.nowscore.com/1x2/1496875.htm,2026-10-02T08:14:00Z,
2018-11-03,磐田喜悦,广岛三箭,William Hill,3.25,3.50,2.15,3.60,3.25,2.10,https://live.nowscore.com/1x2/1496877.htm,2026-10-02T08:40:00Z,
2018-11-03,磐田喜悦,广岛三箭,bet365,3.30,3.30,2.20,3.60,3.40,2.05,https://live.nowscore.com/1x2/1496877.htm,2026-10-02T08:40:00Z,
2018-11-03,磐田喜悦,广岛三箭,Pinnacle,3.17,3.56,2.27,3.58,3.41,2.17,https://live.nowscore.com/1x2/1496877.htm,2026-10-02T08:40:00Z,
2018-11-03,横滨水手,FC东京,William Hill,2.75,3.60,2.40,2.75,3.60,2.37,https://live.nowscore.com/1x2/1496883.htm,2026-10-02T08:40:00Z,
2018-11-03,横滨水手,FC东京,bet365,3.00,3.40,2.30,2.80,3.40,2.40,https://live.nowscore.com/1x2/1496883.htm,2026-10-02T08:40:00Z,
2018-11-03,横滨水手,FC东京,Pinnacle,2.72,3.74,2.48,2.68,3.82,2.52,https://live.nowscore.com/1x2/1496883.htm,2026-10-02T08:40:00Z,
2018-11-03,名古屋鲸八,神户胜利船,William Hill,2.50,3.60,2.62,2.40,3.70,2.70,https://live.nowscore.com/1x2/1496880.htm,2026-10-02T08:40:00Z,
2018-11-03,名古屋鲸八,神户胜利船,bet365,2.50,3.40,2.70,2.50,3.50,2.62,https://live.nowscore.com/1x2/1496880.htm,2026-10-02T08:40:00Z,
2018-11-03,名古屋鲸八,神户胜利船,Pinnacle,2.53,3.94,2.58,2.69,4.03,2.44,https://live.nowscore.com/1x2/1496880.htm,2026-10-02T08:40:00Z,
2018-11-03,川崎前锋,柏太阳神,William Hill,1.57,4.20,5.25,1.61,4.40,4.75,https://live.nowscore.com/1x2/1496879.htm,2026-10-02T08:40:00Z,
2018-11-03,川崎前锋,柏太阳神,bet365,1.57,4.10,5.50,,,,https://live.nowscore.com/1x2/1496879.htm,2026-10-02T08:40:00Z,
2018-11-03,川崎前锋,柏太阳神,Pinnacle,1.60,4.43,5.32,1.61,4.48,5.24,https://live.nowscore.com/1x2/1496879.htm,2026-10-02T08:40:00Z,
2018-11-03,浦和红钻,大阪钢巴,William Hill,2.00,3.60,3.50,1.70,4.20,4.33,https://live.nowscore.com/1x2/1496882.htm,2026-10-02T08:40:00Z,
2018-11-03,浦和红钻,大阪钢巴,bet365,1.95,3.40,3.90,1.70,4.00,4.50,https://live.nowscore.com/1x2/1496882.htm,2026-10-02T08:40:00Z,
2018-11-03,浦和红钻,大阪钢巴,Pinnacle,1.94,3.89,3.81,1.75,4.33,4.30,https://live.nowscore.com/1x2/1496882.htm,2026-10-02T08:40:00Z,
2018-11-04,札幌冈萨多,仙台维加泰,William Hill,2.35,3.60,2.80,2.00,4.00,3.25,https://live.nowscore.com/1x2/1496876.htm,2026-10-02T08:18:00Z,
2018-11-04,札幌冈萨多,仙台维加泰,bet365,2.25,3.40,3.10,2.05,3.50,3.40,https://live.nowscore.com/1x2/1496876.htm,2026-10-02T08:18:00Z,
2018-11-04,札幌冈萨多,仙台维加泰,Pinnacle,2.34,3.78,2.90,2.14,4.06,3.13,https://live.nowscore.com/1x2/1496876.htm,2026-10-02T08:18:00Z,
2018-11-04,鸟栖沙岩,长崎成功丸,William Hill,2.00,3.50,3.60,1.91,3.60,3.90,https://live.nowscore.com/1x2/1496881.htm,2026-10-02T08:18:00Z,
2018-11-04,鸟栖沙岩,长崎成功丸,bet365,1.90,3.40,4.00,1.90,3.50,4.00,https://live.nowscore.com/1x2/1496881.htm,2026-10-02T08:18:00Z,
2018-11-04,鸟栖沙岩,长崎成功丸,Pinnacle,2.00,3.62,3.90,1.97,3.60,4.03,https://live.nowscore.com/1x2/1496881.htm,2026-10-02T08:18:00Z,
2018-11-06,大阪樱花,名古屋鲸八,William Hill,2.15,3.80,3.00,1.91,3.80,3.70,https://live.nowscore.com/1x2/1496848.htm,2026-10-02T08:20:00Z,
2018-11-06,大阪樱花,名古屋鲸八,bet365,2.37,3.50,2.80,1.80,3.60,4.33,https://live.nowscore.com/1x2/1496848.htm,2026-10-02T08:20:00Z,
2018-11-06,大阪樱花,名古屋鲸八,Pinnacle,2.13,4.01,3.12,1.93,3.92,3.85,https://live.nowscore.com/1x2/1496848.htm,2026-10-02T08:20:00Z,
2018-11-06,柏太阳神,鹿岛鹿角,William Hill,2.55,3.50,2.62,2.15,3.60,3.20,https://live.nowscore.com/1x2/1496888.htm,2026-10-02T08:20:00Z,
2018-11-06,柏太阳神,鹿岛鹿角,bet365,2.87,3.40,2.37,2.10,3.40,3.40,https://live.nowscore.com/1x2/1496888.htm,2026-10-02T08:20:00Z,
2018-11-06,柏太阳神,鹿岛鹿角,Pinnacle,2.41,3.71,2.84,2.18,3.67,3.33,https://live.nowscore.com/1x2/1496888.htm,2026-10-02T08:20:00Z,
2018-11-10,大阪樱花,川崎前锋,William Hill,3.25,3.40,2.20,3.60,3.75,1.95,https://live.nowscore.com/1x2/1496884.htm,2026-10-02T08:26:00Z,
2018-11-10,大阪樱花,川崎前锋,bet365,3.40,3.40,2.10,4.00,3.40,1.90,https://live.nowscore.com/1x2/1496884.htm,2026-10-02T08:26:00Z,
2018-11-10,大阪樱花,川崎前锋,Pinnacle,3.41,3.64,2.14,3.68,3.85,1.99,https://live.nowscore.com/1x2/1496884.htm,2026-10-02T08:26:00Z,
2018-11-10,札幌冈萨多,浦和红钻,William Hill,2.75,3.50,2.45,2.90,3.70,2.25,https://live.nowscore.com/1x2/1496885.htm,2026-10-02T08:26:00Z,
2018-11-10,札幌冈萨多,浦和红钻,bet365,2.80,3.40,2.40,3.00,3.50,2.25,https://live.nowscore.com/1x2/1496885.htm,2026-10-02T08:26:00Z,
2018-11-10,札幌冈萨多,浦和红钻,Pinnacle,2.74,3.78,2.48,2.72,3.89,2.46,https://live.nowscore.com/1x2/1496885.htm,2026-10-02T08:26:00Z,
2018-11-10,FC东京,磐田喜悦,William Hill,1.83,3.50,4.33,1.57,4.00,5.80,https://live.nowscore.com/1x2/1496886.htm,2026-10-02T08:26:00Z,
2018-11-10,FC东京,磐田喜悦,bet365,1.83,3.40,4.50,1.57,3.80,6.00,https://live.nowscore.com/1x2/1496886.htm,2026-10-02T08:26:00Z,
2018-11-10,FC东京,磐田喜悦,Pinnacle,1.77,3.75,4.86,1.72,3.91,5.05,https://live.nowscore.com/1x2/1496886.htm,2026-10-02T08:26:00Z,
2018-11-10,广岛三箭,仙台维加泰,William Hill,1.80,3.75,4.20,1.65,4.20,4.75,https://live.nowscore.com/1x2/1496889.htm,2026-10-02T08:26:00Z,
2018-11-10,广岛三箭,仙台维加泰,bet365,1.75,3.80,4.33,1.66,4.00,4.75,https://live.nowscore.com/1x2/1496889.htm,2026-10-02T08:26:00Z,
2018-11-10,广岛三箭,仙台维加泰,Pinnacle,1.80,3.96,4.38,1.71,4.27,4.61,https://live.nowscore.com/1x2/1496889.htm,2026-10-02T08:26:00Z,
2018-11-10,清水鼓动,名古屋鲸八,William Hill,2.15,3.70,3.10,2.25,3.90,2.80,https://live.nowscore.com/1x2/1496890.htm,2026-10-02T08:26:00Z,
2018-11-10,清水鼓动,名古屋鲸八,bet365,2.05,3.50,3.50,2.20,3.60,3.00,https://live.nowscore.com/1x2/1496890.htm,2026-10-02T08:26:00Z,
2018-11-10,清水鼓动,名古屋鲸八,Pinnacle,2.11,3.95,3.25,2.21,4.05,3.02,https://live.nowscore.com/1x2/1496890.htm,2026-10-02T08:26:00Z,
2018-11-10,长崎成功丸,横滨水手,William Hill,3.20,3.60,2.15,3.80,4.00,1.83,https://live.nowscore.com/1x2/1496891.htm,2026-10-02T08:26:00Z,
2018-11-10,长崎成功丸,横滨水手,bet365,3.40,3.50,2.05,3.80,3.80,1.85,https://live.nowscore.com/1x2/1496891.htm,2026-10-02T08:26:00Z,
2018-11-10,长崎成功丸,横滨水手,Pinnacle,3.37,3.87,2.09,3.60,4.17,1.94,https://live.nowscore.com/1x2/1496891.htm,2026-10-02T08:26:00Z,
2018-11-10,神户胜利船,鸟栖沙岩,William Hill,2.15,3.50,3.25,2.25,3.40,3.10,https://live.nowscore.com/1x2/1496892.htm,2026-10-02T08:26:00Z,
2018-11-10,神户胜利船,鸟栖沙岩,bet365,1.95,3.50,3.80,2.10,3.50,3.25,https://live.nowscore.com/1x2/1496892.htm,2026-10-02T08:26:00Z,
2018-11-10,神户胜利船,鸟栖沙岩,Pinnacle,2.12,3.66,3.46,2.10,3.49,3.70,https://live.nowscore.com/1x2/1496892.htm,2026-10-02T08:26:00Z,
2018-11-10,大阪钢巴,湘南海洋,William Hill,2.20,3.50,3.10,2.20,3.50,3.10,https://live.nowscore.com/1x2/1496887.htm,2026-10-02T08:26:00Z,
2018-11-10,大阪钢巴,湘南海洋,bet365,2.05,3.50,3.40,2.15,3.40,3.30,https://live.nowscore.com/1x2/1496887.htm,2026-10-02T08:26:00Z,
2018-11-10,大阪钢巴,湘南海洋,Pinnacle,2.08,3.71,3.52,2.08,3.80,3.47,https://live.nowscore.com/1x2/1496887.htm,2026-10-02T08:26:00Z,
2018-11-24,大阪樱花,柏太阳神,William Hill,2.30,3.60,2.87,2.55,3.50,2.60,https://live.nowscore.com/1x2/1496893.htm,2026-10-02T08:18Z,
2018-11-24,大阪樱花,柏太阳神,bet365,2.30,3.40,3.00,2.60,3.40,2.60,https://live.nowscore.com/1x2/1496893.htm,2026-10-02T08:18Z,
2018-11-24,大阪樱花,柏太阳神,Pinnacle,2.35,3.74,2.90,2.69,3.69,2.54,https://live.nowscore.com/1x2/1496893.htm,2026-10-02T08:18Z,
2018-11-24,FC东京,川崎前锋,William Hill,2.62,3.40,2.60,2.37,3.40,2.87,https://live.nowscore.com/1x2/1496894.htm,2026-10-02T08:18Z,
2018-11-24,FC东京,川崎前锋,bet365,2.62,3.25,2.62,2.40,3.20,3.00,https://live.nowscore.com/1x2/1496894.htm,2026-10-02T08:18Z,
2018-11-24,FC东京,川崎前锋,Pinnacle,2.68,3.47,2.66,2.42,3.58,2.90,https://live.nowscore.com/1x2/1496894.htm,2026-10-02T08:18Z,
2018-11-24,大阪钢巴,长崎成功丸,William Hill,1.73,3.70,4.75,1.78,3.75,4.33,https://live.nowscore.com/1x2/1496895.htm,2026-10-02T08:18Z,
2018-11-24,大阪钢巴,长崎成功丸,bet365,1.72,3.50,5.00,1.75,3.50,4.75,https://live.nowscore.com/1x2/1496895.htm,2026-10-02T08:18Z,
2018-11-24,大阪钢巴,长崎成功丸,Pinnacle,1.79,3.90,4.38,1.87,3.61,4.36,https://live.nowscore.com/1x2/1496895.htm,2026-10-02T08:18Z,
2018-11-24,磐田喜悦,札幌冈萨多,William Hill,2.62,3.60,2.50,2.90,3.60,2.30,https://live.nowscore.com/1x2/1496896.htm,2026-10-02T08:18Z,
2018-11-24,磐田喜悦,札幌冈萨多,bet365,2.50,3.40,2.70,3.20,3.30,2.25,https://live.nowscore.com/1x2/1496896.htm,2026-10-02T08:18Z,
2018-11-24,磐田喜悦,札幌冈萨多,Pinnacle,2.70,3.76,2.49,2.99,3.75,2.29,https://live.nowscore.com/1x2/1496896.htm,2026-10-02T08:18Z,
2018-11-24,鸟栖沙岩,横滨水手,William Hill,2.50,3.50,2.70,2.55,3.40,2.70,https://live.nowscore.com/1x2/1496897.htm,2026-10-02T08:18Z,
2018-11-24,鸟栖沙岩,横滨水手,bet365,2.60,3.25,2.70,2.60,3.25,2.70,https://live.nowscore.com/1x2/1496897.htm,2026-10-02T08:18Z,
2018-11-24,鸟栖沙岩,横滨水手,Pinnacle,2.56,3.54,2.74,2.57,3.40,2.83,https://live.nowscore.com/1x2/1496897.htm,2026-10-02T08:18Z,
2018-11-24,广岛三箭,名古屋鲸八,William Hill,2.40,3.70,2.70,2.25,3.70,2.90,https://live.nowscore.com/1x2/1496898.htm,2026-10-02T08:18Z,
2018-11-24,广岛三箭,名古屋鲸八,bet365,2.55,3.40,2.62,2.25,3.40,3.10,https://live.nowscore.com/1x2/1496898.htm,2026-10-02T08:18Z,
2018-11-24,广岛三箭,名古屋鲸八,Pinnacle,2.45,3.86,2.71,2.33,3.71,2.96,https://live.nowscore.com/1x2/1496898.htm,2026-10-02T08:18Z,
2018-11-24,清水鼓动,神户胜利船,William Hill,2.05,3.50,3.50,2.35,3.40,2.90,https://live.nowscore.com/1x2/1496899.htm,2026-10-02T08:18Z,
2018-11-24,清水鼓动,神户胜利船,bet365,2.00,3.50,3.60,2.30,3.40,3.00,https://live.nowscore.com/1x2/1496899.htm,2026-10-02T08:18Z,
2018-11-24,清水鼓动,神户胜利船,Pinnacle,2.09,3.60,3.53,2.40,3.51,2.98,https://live.nowscore.com/1x2/1496899.htm,2026-10-02T08:18Z,
2018-11-24,湘南海洋,浦和红钻,William Hill,4.20,3.60,1.83,2.75,3.30,2.55,https://live.nowscore.com/1x2/1496900.htm,2026-10-02T08:18Z,
2018-11-24,湘南海洋,浦和红钻,bet365,3.60,3.60,1.85,2.90,3.25,2.40,https://live.nowscore.com/1x2/1496900.htm,2026-10-02T08:18Z,
2018-11-24,湘南海洋,浦和红钻,Pinnacle,4.09,3.71,1.90,2.81,3.44,2.56,https://live.nowscore.com/1x2/1496900.htm,2026-10-02T08:18Z,
2018-11-24,仙台维加泰,鹿岛鹿角,William Hill,3.80,3.90,1.85,4.20,4.00,1.75,https://live.nowscore.com/1x2/1496901.htm,2026-10-02T08:18Z,
2018-11-24,仙台维加泰,鹿岛鹿角,bet365,3.75,3.60,1.90,4.33,3.80,1.75,https://live.nowscore.com/1x2/1496901.htm,2026-10-02T08:18Z,
2018-11-24,仙台维加泰,鹿岛鹿角,Pinnacle,3.75,4.04,1.90,4.41,4.07,1.76,https://live.nowscore.com/1x2/1496901.htm,2026-10-02T08:18Z,
2018-12-01,札幌冈萨多,广岛三箭,William Hill,2.37,3.40,2.87,2.45,3.60,2.70,https://live.nowscore.com/1x2/1496902.htm,2026-10-02T08:24Z,
2018-12-01,札幌冈萨多,广岛三箭,bet365,2.40,3.30,2.87,2.50,3.50,2.62,https://live.nowscore.com/1x2/1496902.htm,2026-10-02T08:24Z,
2018-12-01,札幌冈萨多,广岛三箭,Pinnacle,2.43,3.69,2.82,2.56,3.72,2.64,https://live.nowscore.com/1x2/1496902.htm,2026-10-02T08:24Z,
2018-12-01,鹿岛鹿角,鸟栖沙岩,William Hill,2.00,3.50,3.60,2.80,2.10,3.75,https://live.nowscore.com/1x2/1496903.htm,2026-10-02T08:24Z,
2018-12-01,鹿岛鹿角,鸟栖沙岩,bet365,2.05,3.40,3.50,2.37,2.00,5.25,https://live.nowscore.com/1x2/1496903.htm,2026-10-02T08:24Z,
2018-12-01,鹿岛鹿角,鸟栖沙岩,Pinnacle,2.08,3.65,3.44,2.68,2.36,4.04,https://live.nowscore.com/1x2/1496903.htm,2026-10-02T08:24Z,
2018-12-01,柏太阳神,大阪钢巴,William Hill,2.30,3.60,2.90,2.30,3.75,2.75,https://live.nowscore.com/1x2/1496904.htm,2026-10-02T08:24Z,
2018-12-01,柏太阳神,大阪钢巴,bet365,2.30,3.50,2.87,2.10,3.60,3.20,https://live.nowscore.com/1x2/1496904.htm,2026-10-02T08:24Z,
2018-12-01,柏太阳神,大阪钢巴,Pinnacle,2.26,3.79,3.01,2.07,3.99,3.29,https://live.nowscore.com/1x2/1496904.htm,2026-10-02T08:24Z,
2018-12-01,川崎前锋,磐田喜悦,William Hill,1.57,3.90,5.80,1.70,3.60,5.25,https://live.nowscore.com/1x2/1496905.htm,2026-10-02T08:24Z,
2018-12-01,川崎前锋,磐田喜悦,bet365,1.55,4.00,5.75,1.66,3.75,5.00,https://live.nowscore.com/1x2/1496905.htm,2026-10-02T08:24Z,
2018-12-01,川崎前锋,磐田喜悦,Pinnacle,1.62,4.20,5.07,1.72,3.67,5.25,https://live.nowscore.com/1x2/1496905.htm,2026-10-02T08:24Z,
2018-12-01,名古屋鲸八,湘南海洋,William Hill,2.00,3.40,3.80,2.25,3.20,3.30,https://live.nowscore.com/1x2/1496906.htm,2026-10-02T08:24Z,
2018-12-01,名古屋鲸八,湘南海洋,bet365,2.00,3.40,3.75,2.25,3.20,3.20,https://live.nowscore.com/1x2/1496906.htm,2026-10-02T08:24Z,
2018-12-01,名古屋鲸八,湘南海洋,Pinnacle,2.12,3.73,3.27,2.37,3.20,3.31,https://live.nowscore.com/1x2/1496906.htm,2026-10-02T08:24Z,
2018-12-01,浦和红钻,FC东京,William Hill,2.30,3.30,3.10,3.10,3.40,2.25,https://live.nowscore.com/1x2/1496907.htm,2026-10-02T08:24Z,
2018-12-01,浦和红钻,FC东京,bet365,2.30,3.25,3.10,3.10,3.30,2.30,https://live.nowscore.com/1x2/1496907.htm,2026-10-02T08:24Z,
2018-12-01,浦和红钻,FC东京,Pinnacle,2.39,3.55,2.97,3.33,3.57,2.19,https://live.nowscore.com/1x2/1496907.htm,2026-10-02T08:24Z,
2018-12-01,长崎成功丸,清水鼓动,William Hill,3.40,3.50,2.10,3.25,3.60,2.10,https://live.nowscore.com/1x2/1496908.htm,2026-10-02T08:24Z,
2018-12-01,长崎成功丸,清水鼓动,bet365,3.30,3.50,2.10,3.30,3.50,2.10,https://live.nowscore.com/1x2/1496908.htm,2026-10-02T08:24Z,
2018-12-01,长崎成功丸,清水鼓动,Pinnacle,3.32,3.72,2.13,3.37,3.62,2.15,https://live.nowscore.com/1x2/1496908.htm,2026-10-02T08:24Z,
2018-12-01,神户胜利船,仙台维加泰,William Hill,1.95,3.60,3.70,2.00,3.60,3.50,https://live.nowscore.com/1x2/1496909.htm,2026-10-02T08:24Z,
2018-12-01,神户胜利船,仙台维加泰,bet365,2.00,3.50,3.60,2.05,3.50,3.40,https://live.nowscore.com/1x2/1496909.htm,2026-10-02T08:24Z,
2018-12-01,神户胜利船,仙台维加泰,Pinnacle,1.88,3.98,3.90,2.14,3.57,3.43,https://live.nowscore.com/1x2/1496909.htm,2026-10-02T08:24Z,
2018-12-01,横滨水手,大阪樱花,William Hill,2.25,3.40,3.10,2.15,3.60,3.20,https://live.nowscore.com/1x2/1496910.htm,2026-10-02T08:24Z,
2018-12-01,横滨水手,大阪樱花,bet365,2.25,3.40,3.10,2.15,3.50,3.20,https://live.nowscore.com/1x2/1496910.htm,2026-10-02T08:24Z,
2018-12-01,横滨水手,大阪樱花,Pinnacle,2.10,3.85,3.29,2.19,3.80,3.13,https://live.nowscore.com/1x2/1496910.htm,2026-10-02T08:24Z,
2020-07-04,横滨FC,札幌冈萨多,William Hill,2.90,3.40,2.10,3.30,3.50,2.10,https://live.nowscore.com/1x2/1843767.htm,2026-10-02T03:45:00Z,
2020-07-04,横滨FC,札幌冈萨多,bet365,3.10,3.20,2.30,3.40,3.25,2.15,https://live.nowscore.com/1x2/1843767.htm,2026-10-02T03:45:00Z,
2020-07-04,横滨FC,札幌冈萨多,Pinnacle,3.13,3.48,2.31,3.38,3.57,2.15,https://live.nowscore.com/1x2/1843767.htm,2026-10-02T03:45:00Z,
2020-07-04,清水鼓动,名古屋鲸八,William Hill,2.87,3.40,2.15,3.00,3.60,2.25,https://live.nowscore.com/1x2/1843809.htm,2026-10-02T03:45:00Z,
2020-07-04,清水鼓动,名古屋鲸八,bet365,2.80,3.40,2.40,3.10,3.40,2.20,https://live.nowscore.com/1x2/1843809.htm,2026-10-02T03:45:00Z,
2020-07-04,清水鼓动,名古屋鲸八,Pinnacle,2.73,3.61,2.52,3.07,3.67,2.26,https://live.nowscore.com/1x2/1843809.htm,2026-10-02T03:45:00Z,
2020-07-04,大阪钢巴,大阪樱花,William Hill,2.20,3.30,2.87,2.60,3.20,2.75,https://live.nowscore.com/1x2/1874130.htm,2026-10-02T03:45:00Z,
2020-07-04,大阪钢巴,大阪樱花,bet365,2.40,3.20,3.00,2.60,3.20,2.70,https://live.nowscore.com/1x2/1874130.htm,2026-10-02T03:45:00Z,
2020-07-04,大阪钢巴,大阪樱花,Pinnacle,2.29,3.44,3.20,2.67,3.31,2.75,https://live.nowscore.com/1x2/1874130.htm,2026-10-02T03:45:00Z,
2020-07-04,大分三神,鸟栖沙岩,William Hill,2.37,3.30,2.50,2.30,3.20,3.20,https://live.nowscore.com/1x2/1843857.htm,2026-10-02T03:45:00Z,
2020-07-04,大分三神,鸟栖沙岩,bet365,2.50,3.10,2.90,2.30,3.10,3.20,https://live.nowscore.com/1x2/1843857.htm,2026-10-02T03:45:00Z,
2020-07-04,大分三神,鸟栖沙岩,Pinnacle,2.50,3.33,2.94,2.40,3.26,3.17,https://live.nowscore.com/1x2/1843857.htm,2026-10-02T03:45:00Z,
2020-07-04,柏太阳神,FC东京,William Hill,2.62,3.40,2.30,2.60,3.30,2.70,https://live.nowscore.com/1x2/1843713.htm,2026-10-02T03:45:00Z,
2020-07-04,柏太阳神,FC东京,bet365,2.80,3.20,2.50,2.60,3.20,2.70,https://live.nowscore.com/1x2/1843713.htm,2026-10-02T03:45:00Z,
2020-07-04,柏太阳神,FC东京,Pinnacle,2.87,3.46,2.49,2.65,3.48,2.67,https://live.nowscore.com/1x2/1843713.htm,2026-10-02T03:45:00Z,
2020-07-04,湘南海洋,仙台维加泰,William Hill,2.40,3.25,2.60,2.45,3.40,2.80,https://live.nowscore.com/1x2/1843723.htm,2026-10-02T03:45:00Z,
2020-07-04,湘南海洋,仙台维加泰,bet365,2.60,3.25,2.70,2.50,3.25,2.80,https://live.nowscore.com/1x2/1843723.htm,2026-10-02T03:45:00Z,
2020-07-04,湘南海洋,仙台维加泰,Pinnacle,2.54,3.59,2.73,2.51,3.49,2.83,https://live.nowscore.com/1x2/1843723.htm,2026-10-02T03:45:00Z,
2020-07-04,川崎前锋,鹿岛鹿角,William Hill,2.00,3.50,3.10,2.10,3.40,3.40,https://live.nowscore.com/1x2/1843919.htm,2026-10-02T03:45:00Z,
2020-07-04,川崎前锋,鹿岛鹿角,bet365,2.10,3.40,3.40,2.10,3.40,3.40,https://live.nowscore.com/1x2/1843919.htm,2026-10-02T03:45:00Z,
2020-07-04,川崎前锋,鹿岛鹿角,Pinnacle,2.16,3.59,3.35,2.13,3.58,3.44,https://live.nowscore.com/1x2/1843919.htm,2026-10-02T03:45:00Z,
2020-07-04,浦和红钻,横滨水手,William Hill,3.20,3.50,1.91,3.40,3.75,2.00,https://live.nowscore.com/1x2/1843924.htm,2026-10-02T03:45:00Z,
2020-07-04,浦和红钻,横滨水手,bet365,3.00,3.60,2.20,3.60,3.60,1.95,https://live.nowscore.com/1x2/1843924.htm,2026-10-02T03:45:00Z,
2020-07-04,浦和红钻,横滨水手,Pinnacle,3.02,3.70,2.28,3.49,3.92,2.02,https://live.nowscore.com/1x2/1843924.htm,2026-10-02T03:45:00Z,
2020-07-04,神户胜利船,广岛三箭,William Hill,2.20,3.40,2.75,2.50,3.50,2.70,https://live.nowscore.com/1x2/1843728.htm,2026-10-02T03:45:00Z,
2020-07-04,神户胜利船,广岛三箭,bet365,2.37,3.40,2.87,2.50,3.30,2.75,https://live.nowscore.com/1x2/1843728.htm,2026-10-02T03:45:00Z,
2020-07-04,神户胜利船,广岛三箭,Pinnacle,2.42,3.64,2.84,2.59,3.71,2.61,https://live.nowscore.com/1x2/1843728.htm,2026-10-02T03:45:00Z,
2020-07-08,大阪樱花,清水鼓动,William Hill,1.80,3.75,4.20,1.60,4.00,5.50,https://live.nowscore.com/1x2/1872342.htm,2026-10-02T03:20:00Z,
2020-07-08,大阪樱花,清水鼓动,bet365,1.75,3.75,4.50,1.57,4.20,5.50,https://live.nowscore.com/1x2/1872342.htm,2026-10-02T03:20:00Z,
2020-07-08,大阪樱花,清水鼓动,Pinnacle,1.84,3.90,4.17,1.60,4.42,5.21,https://live.nowscore.com/1x2/1872342.htm,2026-10-02T03:20:00Z,
2020-07-08,仙台维加泰,浦和红钻,William Hill,3.30,3.60,2.10,3.10,3.40,2.25,https://live.nowscore.com/1x2/1872343.htm,2026-10-02T03:20:00Z,
2020-07-08,仙台维加泰,浦和红钻,bet365,3.50,3.40,2.05,3.10,3.40,2.25,https://live.nowscore.com/1x2/1872343.htm,2026-10-02T03:20:00Z,
2020-07-08,仙台维加泰,浦和红钻,Pinnacle,3.24,3.61,2.20,3.05,3.51,2.34,https://live.nowscore.com/1x2/1872343.htm,2026-10-02T03:20:00Z,
2020-07-08,柏太阳神,横滨FC,William Hill,1.85,3.50,4.20,1.73,3.80,4.60,https://live.nowscore.com/1x2/1872341.htm,2026-10-02T03:20:00Z,
2020-07-08,柏太阳神,横滨FC,bet365,1.80,3.30,5.00,1.72,3.60,4.75,https://live.nowscore.com/1x2/1872341.htm,2026-10-02T03:20:00Z,
2020-07-08,柏太阳神,横滨FC,Pinnacle,1.85,3.74,4.29,1.76,4.01,4.45,https://live.nowscore.com/1x2/1872341.htm,2026-10-02T03:20:00Z,
2020-07-08,鹿岛鹿角,札幌冈萨多,William Hill,1.85,3.75,3.90,2.15,3.60,3.20,https://live.nowscore.com/1x2/1872337.htm,2026-10-02T03:20:00Z,
2020-07-08,鹿岛鹿角,札幌冈萨多,bet365,1.90,3.60,3.80,2.10,3.60,3.25,https://live.nowscore.com/1x2/1872337.htm,2026-10-02T03:20:00Z,
2020-07-08,鹿岛鹿角,札幌冈萨多,Pinnacle,1.84,3.96,4.11,2.13,3.77,3.27,https://live.nowscore.com/1x2/1872337.htm,2026-10-02T03:20:00Z,
2020-07-08,鸟栖沙岩,神户胜利船,William Hill,3.00,3.50,2.25,4.20,3.60,1.83,https://live.nowscore.com/1x2/1872338.htm,2026-10-02T03:20:00Z,
2020-07-08,鸟栖沙岩,神户胜利船,bet365,3.60,3.30,2.05,4.00,3.60,1.85,https://live.nowscore.com/1x2/1872338.htm,2026-10-02T03:20:00Z,
2020-07-08,鸟栖沙岩,神户胜利船,Pinnacle,2.72,3.60,2.54,4.05,3.80,1.89,https://live.nowscore.com/1x2/1872338.htm,2026-10-02T03:20:00Z,
2020-07-08,横滨水手,湘南海洋,William Hill,1.53,4.33,5.50,1.40,5.00,7.00,https://live.nowscore.com/1x2/1872339.htm,2026-10-02T03:20:00Z,
2020-07-08,横滨水手,湘南海洋,bet365,1.50,4.33,6.00,1.40,4.75,7.00,https://live.nowscore.com/1x2/1872339.htm,2026-10-02T03:20:00Z,
2020-07-08,横滨水手,湘南海洋,Pinnacle,1.50,4.87,5.89,1.44,5.21,6.31,https://live.nowscore.com/1x2/1872339.htm,2026-10-02T03:20:00Z,
2020-07-08,广岛三箭,大分三神,William Hill,1.80,3.60,4.40,1.88,3.30,4.50,https://live.nowscore.com/1x2/1872340.htm,2026-10-02T03:20:00Z,
2020-07-08,广岛三箭,大分三神,bet365,1.80,3.50,4.50,1.80,3.50,4.50,https://live.nowscore.com/1x2/1872340.htm,2026-10-02T03:20:00Z,
2020-07-08,广岛三箭,大分三神,Pinnacle,1.83,3.85,4.26,1.91,3.47,4.45,https://live.nowscore.com/1x2/1872340.htm,2026-10-02T03:20:00Z,
2020-07-08,FC东京,川崎前锋,William Hill,2.90,3.30,2.40,3.60,3.30,2.10,https://live.nowscore.com/1x2/1872335.htm,2026-10-02T03:20:00Z,
2020-07-08,FC东京,川崎前锋,bet365,3.10,3.20,2.37,3.60,3.25,2.05,https://live.nowscore.com/1x2/1872335.htm,2026-10-02T03:20:00Z,
2020-07-08,FC东京,川崎前锋,Pinnacle,2.80,3.33,2.61,3.70,3.47,2.08,https://live.nowscore.com/1x2/1872335.htm,2026-10-02T03:20:00Z,
2020-07-08,名古屋鲸八,大阪钢巴,William Hill,2.30,3.60,2.90,2.30,3.60,2.87,https://live.nowscore.com/1x2/1872336.htm,2026-10-02T03:20:00Z,
2020-07-08,名古屋鲸八,大阪钢巴,bet365,2.25,3.50,3.00,2.30,3.40,3.00,https://live.nowscore.com/1x2/1872336.htm,2026-10-02T03:20:00Z,
2020-07-08,名古屋鲸八,大阪钢巴,Pinnacle,2.24,3.70,3.09,2.35,3.75,2.88,https://live.nowscore.com/1x2/1872336.htm,2026-10-02T03:20:00Z,
2020-07-11,大分三神,神户胜利船,William Hill,2.60,3.40,2.60,2.37,3.25,3.00,https://live.nowscore.com/1x2/1872351.htm,2026-10-02T03:25:00Z,
2020-07-11,大分三神,神户胜利船,bet365,2.90,3.30,2.40,2.37,3.40,2.87,https://live.nowscore.com/1x2/1872351.htm,2026-10-02T03:25:00Z,
2020-07-11,大分三神,神户胜利船,Pinnacle,2.56,3.54,2.72,2.45,3.39,2.97,https://live.nowscore.com/1x2/1872351.htm,2026-10-02T03:25:00Z,
2020-07-11,川崎前锋,柏太阳神,William Hill,1.61,4.20,5.00,1.65,4.00,4.80,https://live.nowscore.com/1x2/1872352.htm,2026-10-02T03:25:00Z,
2020-07-11,川崎前锋,柏太阳神,bet365,1.66,3.75,5.00,1.61,4.33,4.75,https://live.nowscore.com/1x2/1872352.htm,2026-10-02T03:25:00Z,
2020-07-11,川崎前锋,柏太阳神,Pinnacle,1.66,4.28,4.86,1.68,4.12,4.94,https://live.nowscore.com/1x2/1872352.htm,2026-10-02T03:25:00Z,
2020-07-12,清水鼓动,大阪钢巴,bet365,3.25,3.60,2.10,4.50,4.00,1.70,https://live.nowscore.com/1x2/1872348.htm,,"legacy_2020_pilot_schema: opening->init, latest->current; change_time ambiguous, retrieved_at_utc unavailable=NULL"
2020-07-12,清水鼓动,大阪钢巴,Pinnacle,3.12,3.82,2.19,4.37,4.42,1.70,https://live.nowscore.com/1x2/1872348.htm,,"legacy_2020_pilot_schema: opening->init, latest->current; change_time ambiguous, retrieved_at_utc unavailable=NULL"
2020-07-12,清水鼓动,大阪钢巴,William Hill,3.10,3.70,2.15,4.50,4.20,1.67,https://live.nowscore.com/1x2/1872348.htm,,"legacy_2020_pilot_schema: opening->init, latest->current; change_time ambiguous, retrieved_at_utc unavailable=NULL"
2020-07-12,清水鼓动,大阪钢巴,Ladbrokes,3.10,3.40,2.00,4.25,3.80,1.61,https://live.nowscore.com/1x2/1872348.htm,,"legacy_2020_pilot_schema: opening->init, latest->current; change_time ambiguous, retrieved_at_utc unavailable=NULL"
2020-07-12,横滨FC,仙台维加泰,bet365,2.60,3.20,2.75,2.70,3.20,2.62,https://live.nowscore.com/1x2/1872349.htm,,"legacy_2020_pilot_schema: opening->init, latest->current; change_time ambiguous, retrieved_at_utc unavailable=NULL"
2020-07-12,横滨FC,仙台维加泰,Pinnacle,2.54,3.47,2.79,2.80,3.42,2.57,https://live.nowscore.com/1x2/1872349.htm,,"legacy_2020_pilot_schema: opening->init, latest->current; change_time ambiguous, retrieved_at_utc unavailable=NULL"
2020-07-12,横滨FC,仙台维加泰,William Hill,2.50,3.40,2.75,2.80,3.30,2.50,https://live.nowscore.com/1x2/1872349.htm,,"legacy_2020_pilot_schema: opening->init, latest->current; change_time ambiguous, retrieved_at_utc unavailable=NULL"
2020-07-12,横滨FC,仙台维加泰,Ladbrokes,2.50,3.00,2.60,2.70,3.00,2.45,https://live.nowscore.com/1x2/1872349.htm,,"legacy_2020_pilot_schema: opening->init, latest->current; change_time ambiguous, retrieved_at_utc unavailable=NULL"
2020-07-12,鸟栖沙岩,广岛三箭,bet365,4.00,3.60,1.85,3.60,3.60,1.95,https://live.nowscore.com/1x2/1872350.htm,,"legacy_2020_pilot_schema: opening->init, latest->current; change_time ambiguous, retrieved_at_utc unavailable=NULL"
2020-07-12,鸟栖沙岩,广岛三箭,Pinnacle,4.04,3.77,1.90,3.92,3.37,2.05,https://live.nowscore.com/1x2/1872350.htm,,"legacy_2020_pilot_schema: opening->init, latest->current; change_time ambiguous, retrieved_at_utc unavailable=NULL"
2020-07-12,鸟栖沙岩,广岛三箭,William Hill,4.00,3.70,1.85,3.90,3.25,2.00,https://live.nowscore.com/1x2/1872350.htm,,"legacy_2020_pilot_schema: opening->init, latest->current; change_time ambiguous, retrieved_at_utc unavailable=NULL"
2020-07-12,鸟栖沙岩,广岛三箭,Ladbrokes,3.80,3.25,1.83,3.70,3.00,1.95,https://live.nowscore.com/1x2/1872350.htm,,"legacy_2020_pilot_schema: opening->init, latest->current; change_time ambiguous, retrieved_at_utc unavailable=NULL"
2020-07-12,大阪樱花,名古屋鲸八,bet365,2.15,3.30,3.40,2.10,3.40,3.40,https://live.nowscore.com/1x2/1872345.htm,,"legacy_2020_pilot_schema: opening->init, latest->current; change_time ambiguous, retrieved_at_utc unavailable=NULL"
2020-07-12,大阪樱花,名古屋鲸八,Pinnacle,2.14,3.52,3.48,2.31,3.45,3.16,https://live.nowscore.com/1x2/1872345.htm,,"legacy_2020_pilot_schema: opening->init, latest->current; change_time ambiguous, retrieved_at_utc unavailable=NULL"
2020-07-12,大阪樱花,名古屋鲸八,William Hill,2.10,3.40,3.50,2.25,3.30,3.20,https://live.nowscore.com/1x2/1872345.htm,,"legacy_2020_pilot_schema: opening->init, latest->current; change_time ambiguous, retrieved_at_utc unavailable=NULL"
2020-07-12,大阪樱花,名古屋鲸八,Ladbrokes,2.05,3.10,3.25,2.20,3.10,2.90,https://live.nowscore.com/1x2/1872345.htm,,"legacy_2020_pilot_schema: opening->init, latest->current; change_time ambiguous, retrieved_at_utc unavailable=NULL"
2020-07-12,浦和红钻,鹿岛鹿角,bet365,2.80,3.25,2.50,2.45,3.25,2.87,https://live.nowscore.com/1x2/1872346.htm,,"legacy_2020_pilot_schema: opening->init, latest->current; change_time ambiguous, retrieved_at_utc unavailable=NULL"
2020-07-12,浦和红钻,鹿岛鹿角,Pinnacle,2.68,3.51,2.62,2.49,3.51,2.83,https://live.nowscore.com/1x2/1872346.htm,,"legacy_2020_pilot_schema: opening->init, latest->current; change_time ambiguous, retrieved_at_utc unavailable=NULL"
2020-07-12,浦和红钻,鹿岛鹿角,William Hill,2.70,3.40,2.50,2.50,3.40,2.75,https://live.nowscore.com/1x2/1872346.htm,,"legacy_2020_pilot_schema: opening->init, latest->current; change_time ambiguous, retrieved_at_utc unavailable=NULL"
2020-07-12,浦和红钻,鹿岛鹿角,Ladbrokes,2.65,3.00,2.45,2.40,3.10,2.62,https://live.nowscore.com/1x2/1872346.htm,,"legacy_2020_pilot_schema: opening->init, latest->current; change_time ambiguous, retrieved_at_utc unavailable=NULL"
2020-07-12,湘南海洋,札幌冈萨多,bet365,2.80,3.50,2.37,3.30,3.80,2.00,https://live.nowscore.com/1x2/1872347.htm,,"legacy_2020_pilot_schema: opening->init, latest->current; change_time ambiguous, retrieved_at_utc unavailable=NULL"
2020-07-12,湘南海洋,札幌冈萨多,Pinnacle,2.87,3.74,2.35,3.23,3.91,2.11,https://live.nowscore.com/1x2/1872347.htm,,"legacy_2020_pilot_schema: opening->init, latest->current; change_time ambiguous, retrieved_at_utc unavailable=NULL"
2020-07-12,湘南海洋,札幌冈萨多,William Hill,2.75,3.60,2.37,3.40,3.60,2.05,https://live.nowscore.com/1x2/1872347.htm,,"legacy_2020_pilot_schema: opening->init, latest->current; change_time ambiguous, retrieved_at_utc unavailable=NULL"
2020-07-12,湘南海洋,札幌冈萨多,Ladbrokes,2.65,3.25,2.30,3.10,3.40,2.00,https://live.nowscore.com/1x2/1872347.htm,,"legacy_2020_pilot_schema: opening->init, latest->current; change_time ambiguous, retrieved_at_utc unavailable=NULL"
2020-07-12,横滨水手,FC东京,bet365,2.00,3.60,3.50,1.90,3.75,3.60,https://live.nowscore.com/1x2/1872344.htm,,"legacy_2020_pilot_schema: opening->init, latest->current; change_time ambiguous, retrieved_at_utc unavailable=NULL"
2020-07-12,横滨水手,FC东京,Pinnacle,2.10,3.74,3.37,2.00,3.91,3.54,https://live.nowscore.com/1x2/1872344.htm,,"legacy_2020_pilot_schema: opening->init, latest->current; change_time ambiguous, retrieved_at_utc unavailable=NULL"
2020-07-12,横滨水手,FC东京,William Hill,2.05,3.70,3.30,1.91,3.75,3.70,https://live.nowscore.com/1x2/1872344.htm,,"legacy_2020_pilot_schema: opening->init, latest->current; change_time ambiguous, retrieved_at_utc unavailable=NULL"
2020-07-12,横滨水手,FC东京,Ladbrokes,2.00,3.25,3.20,1.91,3.40,3.40,https://live.nowscore.com/1x2/1872344.htm,,"legacy_2020_pilot_schema: opening->init, latest->current; change_time ambiguous, retrieved_at_utc unavailable=NULL"
2020-08-26,神户胜利船,川崎前锋,William Hill,3.40,3.90,1.95,4.33,4.33,1.67,https://live.nowscore.com/1x2/1872531.htm,2026-10-02T06:50:00Z,
2020-08-26,神户胜利船,川崎前锋,bet365,3.50,3.80,1.90,4.33,4.00,1.70,https://live.nowscore.com/1x2/1872531.htm,2026-10-02T06:50:00Z,
2020-08-26,神户胜利船,川崎前锋,Pinnacle,3.31,4.04,2.04,4.28,4.43,1.71,https://live.nowscore.com/1x2/1872531.htm,2026-10-02T06:50:00Z,
2020-08-26,FC东京,鹿岛鹿角,William Hill,2.00,3.40,3.75,2.70,3.40,2.55,https://live.nowscore.com/1x2/1872544.htm,2026-10-02T06:50:00Z,
2020-08-26,FC东京,鹿岛鹿角,bet365,1.95,3.50,3.80,2.70,3.40,2.50,https://live.nowscore.com/1x2/1872544.htm,2026-10-02T06:50:00Z,
2020-08-26,FC东京,鹿岛鹿角,Pinnacle,1.63,4.28,5.16,2.81,3.36,2.55,https://live.nowscore.com/1x2/1872544.htm,2026-10-02T06:50:00Z,
2020-08-26,横滨水手,札幌冈萨多,William Hill,1.67,4.33,4.33,2.00,4.20,3.10,https://live.nowscore.com/1x2/1872572.htm,2026-10-02T06:50:00Z,
2020-08-26,横滨水手,札幌冈萨多,bet365,1.66,4.20,4.33,1.95,4.33,3.10,https://live.nowscore.com/1x2/1872572.htm,2026-10-02T06:50:00Z,
2020-08-26,横滨水手,札幌冈萨多,Pinnacle,1.70,4.45,4.36,1.97,4.42,3.24,https://live.nowscore.com/1x2/1872572.htm,2026-10-02T06:50:00Z,
2020-08-29,神户胜利船,横滨水手,William Hill,2.35,3.80,2.70,3.30,4.20,1.95,https://live.nowscore.com/1x2/1872433.htm,2026-10-02T06:50:00Z,
2020-08-29,神户胜利船,横滨水手,bet365,2.30,3.75,2.80,3.30,4.50,1.85,https://live.nowscore.com/1x2/1872433.htm,2026-10-02T06:50:00Z,
2020-08-29,神户胜利船,横滨水手,Pinnacle,2.33,3.94,2.80,3.16,4.24,2.03,https://live.nowscore.com/1x2/1872433.htm,2026-10-02T06:50:00Z,
2020-08-29,柏太阳神,鹿岛鹿角,William Hill,2.15,3.70,3.10,2.45,3.80,2.55,https://live.nowscore.com/1x2/1872426.htm,2026-10-02T06:50:00Z,
2020-08-29,柏太阳神,鹿岛鹿角,bet365,2.05,3.60,3.20,2.62,3.60,2.45,https://live.nowscore.com/1x2/1872426.htm,2026-10-02T06:50:00Z,
2020-08-29,柏太阳神,鹿岛鹿角,Pinnacle,2.19,3.83,3.11,2.62,3.88,2.47,https://live.nowscore.com/1x2/1872426.htm,2026-10-02T06:50:00Z,
2020-08-29,川崎前锋,清水鼓动,William Hill,1.27,6.00,9.50,1.35,5.25,7.50,https://live.nowscore.com/1x2/1872427.htm,2026-10-02T06:50:00Z,
2020-08-29,川崎前锋,清水鼓动,bet365,1.20,6.50,12.00,1.40,5.50,6.00,https://live.nowscore.com/1x2/1872427.htm,2026-10-02T06:50:00Z,
2020-08-29,川崎前锋,清水鼓动,Pinnacle,1.31,6.19,8.63,1.43,5.74,5.90,https://live.nowscore.com/1x2/1872427.htm,2026-10-02T06:50:00Z,
2020-08-29,札幌冈萨多,名古屋鲸八,William Hill,2.50,3.70,2.55,2.88,3.70,2.25,https://live.nowscore.com/1x2/1872429.htm,2026-10-02T06:50:00Z,
2020-08-29,札幌冈萨多,名古屋鲸八,bet365,2.40,3.60,2.60,2.62,3.80,2.30,https://live.nowscore.com/1x2/1872429.htm,2026-10-02T06:50:00Z,
2020-08-29,札幌冈萨多,名古屋鲸八,Pinnacle,2.67,3.82,2.48,2.73,3.85,2.39,https://live.nowscore.com/1x2/1872429.htm,2026-10-02T06:50:00Z,
2020-08-29,大阪钢巴,FC东京,William Hill,2.35,3.50,2.88,2.25,3.50,3.00,https://live.nowscore.com/1x2/1872430.htm,2026-10-02T06:50:00Z,
2020-08-29,大阪钢巴,FC东京,bet365,2.45,3.20,2.87,2.37,3.50,2.80,https://live.nowscore.com/1x2/1872430.htm,2026-10-02T06:50:00Z,
2020-08-29,大阪钢巴,FC东京,Pinnacle,2.42,3.68,2.82,2.41,3.48,2.91,https://live.nowscore.com/1x2/1872430.htm,2026-10-02T06:50:00Z,
2020-08-29,广岛三箭,仙台维加泰,William Hill,1.70,4.00,4.50,1.65,4.00,4.80,https://live.nowscore.com/1x2/1872431.htm,2026-10-02T06:50:00Z,
2020-08-29,广岛三箭,仙台维加泰,bet365,1.70,3.60,4.75,1.60,4.00,5.00,https://live.nowscore.com/1x2/1872431.htm,2026-10-02T06:50:00Z,
2020-08-29,广岛三箭,仙台维加泰,Pinnacle,1.77,4.16,4.25,1.69,4.09,4.77,https://live.nowscore.com/1x2/1872431.htm,2026-10-02T06:50:00Z,
2020-08-29,浦和红钻,大分三神,William Hill,1.95,3.70,3.60,2.00,3.50,3.60,https://live.nowscore.com/1x2/1872432.htm,2026-10-02T06:50:00Z,
2020-08-29,浦和红钻,大分三神,bet365,2.00,3.40,3.60,2.00,3.50,3.60,https://live.nowscore.com/1x2/1872432.htm,2026-10-02T06:50:00Z,
2020-08-29,浦和红钻,大分三神,Pinnacle,1.99,3.74,3.71,2.04,3.52,3.70,https://live.nowscore.com/1x2/1872432.htm,2026-10-02T06:50:00Z,
2020-08-30,横滨FC,大阪樱花,William Hill,3.80,3.75,1.88,4.00,3.50,1.91,https://live.nowscore.com/1x2/1872425.htm,2026-10-02T06:50:00Z,
2020-08-30,横滨FC,大阪樱花,bet365,4.33,3.60,1.72,3.75,3.50,1.95,https://live.nowscore.com/1x2/1872425.htm,2026-10-02T06:50:00Z,
2020-08-30,横滨FC,大阪樱花,Pinnacle,4.38,3.80,1.83,3.77,3.46,2.04,https://live.nowscore.com/1x2/1872425.htm,2026-10-02T06:50:00Z,
2020-09-05,札幌冈萨多,广岛三箭,William Hill,3.00,3.70,2.20,3.10,3.70,2.15,https://live.nowscore.com/1x2/1872437.htm,2026-10-02T07:00:00Z,
2020-09-05,札幌冈萨多,广岛三箭,bet365,3.30,3.60,2.05,3.30,3.75,2.00,https://live.nowscore.com/1x2/1872437.htm,2026-10-02T07:00:00Z,
2020-09-05,札幌冈萨多,广岛三箭,Pinnacle,3.14,3.80,2.19,3.36,3.88,2.07,https://live.nowscore.com/1x2/1872437.htm,2026-10-02T07:00:00Z,
2020-09-05,名古屋鲸八,鹿岛鹿角,William Hill,2.40,3.50,2.80,2.55,3.50,2.60,https://live.nowscore.com/1x2/1872435.htm,2026-10-02T07:00:00Z,
2020-09-05,名古屋鲸八,鹿岛鹿角,bet365,2.30,3.50,2.87,2.55,3.40,2.60,https://live.nowscore.com/1x2/1872435.htm,2026-10-02T07:00:00Z,
2020-09-05,名古屋鲸八,鹿岛鹿角,Pinnacle,2.33,3.71,2.94,2.68,3.58,2.58,https://live.nowscore.com/1x2/1872435.htm,2026-10-02T07:00:00Z,
2020-09-05,清水鼓动,柏太阳神,William Hill,3.30,4.20,1.95,2.80,4.00,2.20,https://live.nowscore.com/1x2/1872436.htm,2026-10-02T07:00:00Z,
2020-09-05,清水鼓动,柏太阳神,bet365,3.30,4.00,1.95,2.80,4.00,2.15,https://live.nowscore.com/1x2/1872436.htm,2026-10-02T07:00:00Z,
2020-09-05,清水鼓动,柏太阳神,Pinnacle,3.62,4.11,1.93,2.73,4.19,2.30,https://live.nowscore.com/1x2/1872436.htm,2026-10-02T07:00:00Z,
2020-09-05,横滨水手,川崎前锋,William Hill,3.10,4.20,2.00,3.70,4.60,1.75,https://live.nowscore.com/1x2/1872441.htm,2026-10-02T07:00:00Z,
2020-09-05,横滨水手,川崎前锋,bet365,3.25,4.00,1.95,3.80,4.50,1.72,https://live.nowscore.com/1x2/1872441.htm,2026-10-02T07:00:00Z,
2020-09-05,横滨水手,川崎前锋,Pinnacle,3.05,4.31,2.08,3.82,5.00,1.73,https://live.nowscore.com/1x2/1872441.htm,2026-10-02T07:00:00Z,
2020-09-05,仙台维加泰,大阪钢巴,William Hill,2.90,3.70,2.25,2.80,3.50,2.40,https://live.nowscore.com/1x2/1872434.htm,2026-10-02T07:00:00Z,
2020-09-05,仙台维加泰,大阪钢巴,bet365,3.00,3.50,2.25,2.70,3.75,2.35,https://live.nowscore.com/1x2/1872434.htm,2026-10-02T07:00:00Z,
2020-09-05,仙台维加泰,大阪钢巴,Pinnacle,3.14,3.76,2.20,2.75,3.65,2.49,https://live.nowscore.com/1x2/1872434.htm,2026-10-02T07:00:00Z,
2020-09-05,湘南海洋,神户胜利船,William Hill,3.75,3.80,1.88,3.75,3.90,1.85,https://live.nowscore.com/1x2/1872440.htm,2026-10-02T07:00:00Z,
2020-09-05,湘南海洋,神户胜利船,bet365,3.80,3.75,1.85,3.75,3.90,1.85,https://live.nowscore.com/1x2/1872440.htm,2026-10-02T07:00:00Z,
2020-09-05,湘南海洋,神户胜利船,Pinnacle,4.14,4.05,1.81,4.04,3.94,1.86,https://live.nowscore.com/1x2/1872440.htm,2026-10-02T07:00:00Z,
2020-09-05,大分三神,FC东京,William Hill,3.60,3.40,2.05,3.30,3.30,2.20,https://live.nowscore.com/1x2/1872442.htm,2026-10-02T07:00:00Z,
2020-09-05,大分三神,FC东京,bet365,4.00,3.30,2.00,3.40,3.30,2.15,https://live.nowscore.com/1x2/1872442.htm,2026-10-02T07:00:00Z,
2020-09-05,大分三神,FC东京,Pinnacle,3.84,3.39,2.07,3.33,3.38,2.25,https://live.nowscore.com/1x2/1872442.htm,2026-10-02T07:00:00Z,
2020-09-05,鸟栖沙岩,横滨FC,William Hill,2.60,3.40,2.60,2.35,3.30,3.00,https://live.nowscore.com/1x2/1872438.htm,2026-10-02T07:00:00Z,
2020-09-05,鸟栖沙岩,横滨FC,bet365,3.10,3.50,2.20,2.30,3.30,3.00,https://live.nowscore.com/1x2/1872438.htm,2026-10-02T07:00:00Z,
2020-09-05,鸟栖沙岩,横滨FC,Pinnacle,2.57,3.65,2.65,2.39,3.41,3.05,https://live.nowscore.com/1x2/1872438.htm,2026-10-02T07:00:00Z,
2020-09-05,大阪樱花,浦和红钻,William Hill,2.05,3.60,3.40,2.25,3.40,3.10,https://live.nowscore.com/1x2/1872439.htm,2026-10-02T07:00:00Z,
2020-09-05,大阪樱花,浦和红钻,bet365,2.00,3.50,3.60,2.25,3.50,3.00,https://live.nowscore.com/1x2/1872439.htm,2026-10-02T07:00:00Z,
2020-09-05,大阪樱花,浦和红钻,Pinnacle,2.06,3.65,3.58,2.27,3.65,3.07,https://live.nowscore.com/1x2/1872439.htm,2026-10-02T07:00:00Z,
2020-09-09,川崎前锋,神户胜利船,William Hill,1.42,5.25,6.00,1.38,5.25,7.00,https://live.nowscore.com/1x2/1872446.htm,2026-10-02T07:00:00Z,
2020-09-09,川崎前锋,神户胜利船,bet365,1.40,5.50,6.00,1.33,6.00,6.50,https://live.nowscore.com/1x2/1872446.htm,2026-10-02T07:00:00Z,
2020-09-09,川崎前锋,神户胜利船,Pinnacle,1.42,5.49,6.40,1.42,5.57,6.41,https://live.nowscore.com/1x2/1872446.htm,2026-10-02T07:00:00Z,
2020-09-09,柏太阳神,大阪钢巴,William Hill,2.20,3.80,2.90,2.35,3.75,2.70,https://live.nowscore.com/1x2/1872443.htm,2026-10-02T07:00:00Z,
2020-09-09,柏太阳神,大阪钢巴,bet365,2.20,3.60,3.00,2.37,3.80,2.62,https://live.nowscore.com/1x2/1872443.htm,2026-10-02T07:00:00Z,
2020-09-09,柏太阳神,大阪钢巴,Pinnacle,2.24,3.85,2.99,2.39,3.91,2.78,https://live.nowscore.com/1x2/1872443.htm,2026-10-02T07:00:00Z,
2020-09-09,广岛三箭,清水鼓动,William Hill,1.80,3.75,4.20,1.57,4.20,5.50,https://live.nowscore.com/1x2/1872445.htm,2026-10-02T07:00:00Z,
2020-09-09,广岛三箭,清水鼓动,bet365,1.80,3.60,4.33,1.60,4.00,5.25,https://live.nowscore.com/1x2/1872445.htm,2026-10-02T07:00:00Z,
2020-09-09,广岛三箭,清水鼓动,Pinnacle,1.83,3.96,4.18,1.61,4.27,5.47,https://live.nowscore.com/1x2/1872445.htm,2026-10-02T07:00:00Z,
2020-09-09,FC东京,横滨FC,William Hill,1.57,4.33,5.25,1.78,3.90,4.20,https://live.nowscore.com/1x2/1872447.htm,2026-10-02T07:00:00Z,
2020-09-09,FC东京,横滨FC,bet365,1.57,4.20,5.25,1.72,3.80,4.50,https://live.nowscore.com/1x2/1872447.htm,2026-10-02T07:00:00Z,
2020-09-09,FC东京,横滨FC,Pinnacle,1.63,4.16,5.35,1.81,4.02,4.29,https://live.nowscore.com/1x2/1872447.htm,2026-10-02T07:00:00Z,
2020-09-09,鹿岛鹿角,仙台维加泰,William Hill,1.53,4.40,5.50,1.65,4.00,4.80,https://live.nowscore.com/1x2/1872448.htm,2026-10-02T07:00:00Z,
2020-09-09,鹿岛鹿角,仙台维加泰,bet365,1.53,4.33,5.50,1.61,4.00,5.00,https://live.nowscore.com/1x2/1872448.htm,2026-10-02T07:00:00Z,
2020-09-09,鹿岛鹿角,仙台维加泰,Pinnacle,1.64,4.21,5.17,1.68,4.26,4.79,https://live.nowscore.com/1x2/1872448.htm,2026-10-02T07:00:00Z,
2020-09-09,大分三神,湘南海洋,William Hill,1.95,3.60,3.70,2.10,3.40,3.50,https://live.nowscore.com/1x2/1872449.htm,2026-10-02T07:00:00Z,
2020-09-09,大分三神,湘南海洋,bet365,1.85,3.50,4.00,2.10,3.40,3.50,https://live.nowscore.com/1x2/1872449.htm,2026-10-02T07:00:00Z,
2020-09-09,大分三神,湘南海洋,Pinnacle,1.97,3.75,3.81,2.08,3.57,3.67,https://live.nowscore.com/1x2/1872449.htm,2026-10-02T07:00:00Z,
2020-09-09,大阪樱花,札幌冈萨多,William Hill,1.95,3.60,3.70,1.78,3.80,4.20,https://live.nowscore.com/1x2/1872444.htm,2026-10-02T07:00:00Z,
2020-09-09,大阪樱花,札幌冈萨多,bet365,1.90,3.50,3.75,1.72,3.75,4.50,https://live.nowscore.com/1x2/1872444.htm,2026-10-02T07:00:00Z,
2020-09-09,大阪樱花,札幌冈萨多,Pinnacle,1.95,3.68,3.94,1.78,4.03,4.40,https://live.nowscore.com/1x2/1872444.htm,2026-10-02T07:00:00Z,
2020-09-09,浦和红钻,鸟栖沙岩,William Hill,1.88,3.70,3.90,2.10,3.40,3.40,https://live.nowscore.com/1x2/1872450.htm,2026-10-02T07:00:00Z,
2020-09-09,浦和红钻,鸟栖沙岩,bet365,1.85,3.80,3.80,2.00,3.50,3.50,https://live.nowscore.com/1x2/1872450.htm,2026-10-02T07:00:00Z,
2020-09-09,浦和红钻,鸟栖沙岩,Pinnacle,1.83,3.96,4.14,2.14,3.54,3.51,https://live.nowscore.com/1x2/1872450.htm,2026-10-02T07:00:00Z,
2020-09-09,名古屋鲸八,横滨水手,William Hill,2.63,3.80,2.40,2.40,3.80,2.62,https://live.nowscore.com/1x2/1872451.htm,2026-10-02T07:00:00Z,
2020-09-09,名古屋鲸八,横滨水手,bet365,2.80,3.60,2.37,2.30,3.80,2.70,https://live.nowscore.com/1x2/1872451.htm,2026-10-02T07:00:00Z,
2020-09-09,名古屋鲸八,横滨水手,Pinnacle,2.71,3.76,2.47,2.42,3.92,2.74,https://live.nowscore.com/1x2/1872451.htm,2026-10-02T07:00:00Z,
2020-09-12,清水鼓动,鹿岛鹿角,William Hill,3.30,3.70,2.05,5.25,4.80,1.50,https://live.nowscore.com/1x2/1872453.htm,2026-10-02T07:00:00Z,
2020-09-12,清水鼓动,鹿岛鹿角,bet365,3.40,3.75,2.00,5.75,5.00,1.45,https://live.nowscore.com/1x2/1872453.htm,2026-10-02T07:00:00Z,
2020-09-12,清水鼓动,鹿岛鹿角,Pinnacle,3.32,3.79,2.11,5.23,5.08,1.54,https://live.nowscore.com/1x2/1872453.htm,2026-10-02T07:00:00Z,
2020-09-12,神户胜利船,FC东京,William Hill,2.70,3.70,2.40,2.25,3.60,3.00,https://live.nowscore.com/1x2/1872457.htm,2026-10-02T07:00:00Z,
2020-09-12,神户胜利船,FC东京,bet365,2.65,3.75,2.37,2.20,3.75,2.90,https://live.nowscore.com/1x2/1872457.htm,2026-10-02T07:00:00Z,
2020-09-12,神户胜利船,FC东京,Pinnacle,2.69,3.79,2.48,2.29,3.74,3.03,https://live.nowscore.com/1x2/1872457.htm,2026-10-02T07:00:00Z,
2020-09-13,札幌冈萨多,浦和红钻,William Hill,2.40,3.60,2.70,2.30,3.70,2.80,https://live.nowscore.com/1x2/1872458.htm,2026-10-02T07:10:00Z,
2020-09-13,札幌冈萨多,浦和红钻,bet365,2.37,3.60,2.75,2.25,3.70,2.87,https://live.nowscore.com/1x2/1872458.htm,2026-10-02T07:10:00Z,
2020-09-13,札幌冈萨多,浦和红钻,Pinnacle,2.47,3.66,2.77,2.18,4.07,3.09,https://live.nowscore.com/1x2/1872458.htm,2026-10-02T07:10:00Z,
2020-09-13,横滨FC,名古屋鲸八,William Hill,3.60,3.80,1.91,3.70,3.75,1.91,https://live.nowscore.com/1x2/1872452.htm,2026-10-02T07:10:00Z,
2020-09-13,横滨FC,名古屋鲸八,bet365,3.60,3.75,1.90,4.50,4.00,1.70,https://live.nowscore.com/1x2/1872452.htm,2026-10-02T07:10:00Z,
2020-09-13,横滨FC,名古屋鲸八,Pinnacle,3.39,3.79,2.08,4.55,4.07,1.77,https://live.nowscore.com/1x2/1872452.htm,2026-10-02T07:10:00Z,
2020-09-13,仙台维加泰,大分三神,William Hill,2.10,3.50,3.40,2.15,3.50,3.25,https://live.nowscore.com/1x2/1872459.htm,2026-10-02T07:10:00Z,
2020-09-13,仙台维加泰,大分三神,bet365,2.10,3.50,3.30,2.40,3.30,2.87,https://live.nowscore.com/1x2/1872459.htm,2026-10-02T07:10:00Z,
2020-09-13,仙台维加泰,大分三神,Pinnacle,2.13,3.58,3.42,2.44,3.44,3.06,https://live.nowscore.com/1x2/1872459.htm,2026-10-02T07:10:00Z,
2020-09-13,川崎前锋,广岛三箭,William Hill,1.60,4.50,4.75,1.55,4.50,5.25,https://live.nowscore.com/1x2/1872460.htm,2026-10-02T07:10:00Z,
2020-09-13,川崎前锋,广岛三箭,bet365,1.55,4.75,4.75,1.80,4.00,4.00,https://live.nowscore.com/1x2/1872460.htm,2026-10-02T07:10:00Z,
2020-09-13,川崎前锋,广岛三箭,Pinnacle,1.61,4.76,4.76,1.87,4.05,4.03,https://live.nowscore.com/1x2/1872460.htm,2026-10-02T07:10:00Z,
2020-09-13,鸟栖沙岩,柏太阳神,William Hill,3.10,3.40,2.25,3.20,3.50,2.15,https://live.nowscore.com/1x2/1872455.htm,2026-10-02T07:10:00Z,
2020-09-13,鸟栖沙岩,柏太阳神,bet365,3.10,3.40,2.25,3.20,3.60,2.15,https://live.nowscore.com/1x2/1872455.htm,2026-10-02T07:10:00Z,
2020-09-13,鸟栖沙岩,柏太阳神,Pinnacle,3.17,3.44,2.31,3.31,3.69,2.20,https://live.nowscore.com/1x2/1872455.htm,2026-10-02T07:10:00Z,
2020-09-13,横滨水手,大阪樱花,William Hill,2.15,3.90,3.00,2.25,3.75,2.90,https://live.nowscore.com/1x2/1872454.htm,2026-10-02T07:10:00Z,
2020-09-13,横滨水手,大阪樱花,bet365,2.10,3.90,3.00,2.10,4.00,3.00,https://live.nowscore.com/1x2/1872454.htm,2026-10-02T07:10:00Z,
2020-09-13,横滨水手,大阪樱花,Pinnacle,2.17,4.02,3.03,2.20,4.07,3.05,https://live.nowscore.com/1x2/1872454.htm,2026-10-02T07:10:00Z,
2020-09-13,大阪钢巴,湘南海洋,William Hill,1.57,4.33,5.25,1.57,4.33,5.25,https://live.nowscore.com/1x2/1872456.htm,2026-10-02T07:10:00Z,
2020-09-13,大阪钢巴,湘南海洋,bet365,1.57,4.33,5.00,1.60,4.20,5.00,https://live.nowscore.com/1x2/1872456.htm,2026-10-02T07:10:00Z,
2020-09-13,大阪钢巴,湘南海洋,Pinnacle,1.60,4.40,5.29,1.65,4.50,4.93,https://live.nowscore.com/1x2/1872456.htm,2026-10-02T07:10:00Z,
2020-09-16,FC东京,大分三神,William Hill,1.78,3.90,4.20,1.67,3.70,5.25,https://live.nowscore.com/1x2/1872529.htm,2026-10-02T07:10:00Z,
2020-09-16,FC东京,大分三神,bet365,1.66,4.00,4.50,1.66,4.00,4.75,https://live.nowscore.com/1x2/1872529.htm,2026-10-02T07:10:00Z,
2020-09-16,FC东京,大分三神,Pinnacle,1.70,4.16,4.77,1.74,3.84,5.15,https://live.nowscore.com/1x2/1872529.htm,2026-10-02T07:10:00Z,
2020-09-16,神户胜利船,大阪樱花,William Hill,2.50,3.70,2.55,2.10,3.70,3.20,https://live.nowscore.com/1x2/1872534.htm,2026-10-02T07:10:00Z,
2020-09-16,神户胜利船,大阪樱花,bet365,2.50,3.60,2.60,2.05,3.80,3.20,https://live.nowscore.com/1x2/1872534.htm,2026-10-02T07:10:00Z,
2020-09-16,神户胜利船,大阪樱花,Pinnacle,2.48,3.71,2.78,2.16,3.83,3.28,https://live.nowscore.com/1x2/1872534.htm,2026-10-02T07:10:00Z,
2020-09-16,鸟栖沙岩,札幌冈萨多,William Hill,2.45,3.50,2.70,3.20,3.70,2.10,https://live.nowscore.com/1x2/1872423.htm,2026-10-02T07:10:00Z,
2020-09-16,鸟栖沙岩,札幌冈萨多,bet365,2.35,3.40,2.90,3.25,3.75,2.05,https://live.nowscore.com/1x2/1872423.htm,2026-10-02T07:10:00Z,
2020-09-16,鸟栖沙岩,札幌冈萨多,Pinnacle,2.38,3.70,2.91,3.29,3.75,2.18,https://live.nowscore.com/1x2/1872423.htm,2026-10-02T07:10:00Z,
2020-09-16,横滨水手,清水鼓动,William Hill,1.53,4.80,5.00,1.40,5.50,6.00,https://live.nowscore.com/1x2/1872527.htm,2026-10-02T07:10:00Z,
2020-09-16,横滨水手,清水鼓动,bet365,1.53,4.75,5.00,1.40,5.75,5.75,https://live.nowscore.com/1x2/1872527.htm,2026-10-02T07:10:00Z,
2020-09-16,横滨水手,清水鼓动,Pinnacle,1.60,4.72,4.99,1.44,6.07,5.72,https://live.nowscore.com/1x2/1872527.htm,2026-10-02T07:10:00Z,
2020-09-19,札幌冈萨多,大阪钢巴,William Hill,2.75,3.25,2.55,2.20,3.80,2.90,https://live.nowscore.com/1x2/1872461.htm,2026-10-02T07:10:00Z,
2020-09-19,札幌冈萨多,大阪钢巴,bet365,2.62,3.20,2.50,2.20,3.80,2.90,https://live.nowscore.com/1x2/1872461.htm,2026-10-02T07:10:00Z,
2020-09-19,札幌冈萨多,大阪钢巴,Pinnacle,2.51,3.73,2.77,2.24,4.00,3.02,https://live.nowscore.com/1x2/1872461.htm,2026-10-02T07:10:00Z,
2020-09-19,鸟栖沙岩,横滨水手,William Hill,3.40,3.70,2.00,3.20,4.00,2.00,https://live.nowscore.com/1x2/1872466.htm,2026-10-02T07:10:00Z,
2020-09-19,鸟栖沙岩,横滨水手,bet365,3.30,3.75,2.00,3.40,3.80,1.95,https://live.nowscore.com/1x2/1872466.htm,2026-10-02T07:10:00Z,
2020-09-19,鸟栖沙岩,横滨水手,Pinnacle,3.46,3.82,2.05,3.23,4.16,2.05,https://live.nowscore.com/1x2/1872466.htm,2026-10-02T07:10:00Z,
2020-09-19,名古屋鲸八,神户胜利船,William Hill,2.15,3.80,3.00,2.25,3.70,2.88,https://live.nowscore.com/1x2/1872469.htm,2026-10-02T07:10:00Z,
2020-09-19,名古屋鲸八,神户胜利船,bet365,2.20,3.60,3.00,2.25,3.75,2.80,https://live.nowscore.com/1x2/1872469.htm,2026-10-02T07:10:00Z,
2020-09-19,名古屋鲸八,神户胜利船,Pinnacle,2.18,3.94,3.07,2.32,3.85,2.86,https://live.nowscore.com/1x2/1872469.htm,2026-10-02T07:10:00Z,
2020-09-19,大阪樱花,鹿岛鹿角,William Hill,2.60,3.40,2.60,3.00,3.40,2.30,https://live.nowscore.com/1x2/1872462.htm,2026-10-02T07:10:00Z,
2020-09-19,大阪樱花,鹿岛鹿角,bet365,2.62,3.25,2.62,3.00,3.25,2.30,https://live.nowscore.com/1x2/1872462.htm,2026-10-02T07:10:00Z,
2020-09-19,大阪樱花,鹿岛鹿角,Pinnacle,2.63,3.54,2.65,3.02,3.63,2.31,https://live.nowscore.com/1x2/1872462.htm,2026-10-02T07:10:00Z,
2020-09-19,湘南海洋,清水鼓动,William Hill,2.62,3.60,2.50,2.75,3.80,2.30,https://live.nowscore.com/1x2/1872464.htm,2026-10-02T07:10:00Z,
2020-09-19,湘南海洋,清水鼓动,bet365,2.70,3.40,2.50,2.70,3.80,2.30,https://live.nowscore.com/1x2/1872464.htm,2026-10-02T07:10:00Z,
2020-09-19,湘南海洋,清水鼓动,Pinnacle,2.74,3.47,2.59,2.65,3.97,2.44,https://live.nowscore.com/1x2/1872464.htm,2026-10-02T07:10:00Z,
2020-09-19,柏太阳神,广岛三箭,William Hill,2.40,3.70,2.70,2.50,3.70,2.55,https://live.nowscore.com/1x2/1872463.htm,2026-10-02T07:10:00Z,
2020-09-19,柏太阳神,广岛三箭,bet365,2.40,3.60,2.70,2.45,3.60,2.62,https://live.nowscore.com/1x2/1872463.htm,2026-10-02T07:10:00Z,
2020-09-19,柏太阳神,广岛三箭,Pinnacle,2.43,3.80,2.74,2.53,3.82,2.61,https://live.nowscore.com/1x2/1872463.htm,2026-10-02T07:10:00Z,
2020-09-20,大分三神,横滨FC,William Hill,2.35,3.30,3.00,2.00,3.60,3.60,https://live.nowscore.com/1x2/1872465.htm,2026-10-02T07:20:00Z,
2020-09-20,大分三神,横滨FC,bet365,2.25,3.20,3.00,1.95,3.40,3.80,https://live.nowscore.com/1x2/1872465.htm,2026-10-02T07:20:00Z,
2020-09-20,大分三神,横滨FC,Pinnacle,2.35,3.52,3.03,1.99,3.70,3.77,https://live.nowscore.com/1x2/1872465.htm,2026-10-02T07:20:00Z,
2020-09-20,FC东京,仙台维加泰,William Hill,1.61,4.00,5.25,1.63,4.00,5.00,https://live.nowscore.com/1x2/1872467.htm,2026-10-02T07:20:00Z,
2020-09-20,FC东京,仙台维加泰,bet365,1.57,4.00,4.75,1.66,4.00,4.75,https://live.nowscore.com/1x2/1872467.htm,2026-10-02T07:20:00Z,
2020-09-20,FC东京,仙台维加泰,Pinnacle,1.71,4.08,4.69,1.66,4.32,4.82,https://live.nowscore.com/1x2/1872467.htm,2026-10-02T07:20:00Z,
2020-09-20,浦和红钻,川崎前锋,William Hill,4.50,4.50,1.61,7.00,5.00,1.40,https://live.nowscore.com/1x2/1872468.htm,2026-10-02T07:20:00Z,
2020-09-20,浦和红钻,川崎前锋,bet365,4.33,4.33,1.57,6.50,5.00,1.40,https://live.nowscore.com/1x2/1872468.htm,2026-10-02T07:20:00Z,
2020-09-20,浦和红钻,川崎前锋,Pinnacle,4.93,4.80,1.58,6.35,5.46,1.42,https://live.nowscore.com/1x2/1872468.htm,2026-10-02T07:20:00Z,
2020-09-23,札幌冈萨多,柏太阳神,William Hill,2.50,3.80,2.50,2.70,3.90,2.30,https://live.nowscore.com/1x2/1872472.htm,2026-10-02T07:20:00Z,
2020-09-23,札幌冈萨多,柏太阳神,bet365,2.50,3.60,2.60,2.70,4.00,2.30,https://live.nowscore.com/1x2/1872472.htm,2026-10-02T07:20:00Z,
2020-09-23,札幌冈萨多,柏太阳神,Pinnacle,2.53,3.92,2.57,2.78,4.09,2.36,https://live.nowscore.com/1x2/1872472.htm,2026-10-02T07:20:00Z,
2020-09-23,大阪钢巴,名古屋鲸八,William Hill,2.38,3.50,2.80,2.88,3.50,2.35,https://live.nowscore.com/1x2/1872470.htm,2026-10-02T07:20:00Z,
2020-09-23,大阪钢巴,名古屋鲸八,bet365,2.40,3.50,2.75,2.87,3.50,2.30,https://live.nowscore.com/1x2/1872470.htm,2026-10-02T07:20:00Z,
2020-09-23,大阪钢巴,名古屋鲸八,Pinnacle,2.37,3.67,2.90,2.99,3.61,2.40,https://live.nowscore.com/1x2/1872470.htm,2026-10-02T07:20:00Z,
2020-09-23,FC东京,大阪樱花,William Hill,2.25,3.40,3.10,2.20,3.40,3.20,https://live.nowscore.com/1x2/1872471.htm,2026-10-02T07:20:00Z,
2020-09-23,FC东京,大阪樱花,bet365,2.20,3.40,3.10,2.15,3.40,3.30,https://live.nowscore.com/1x2/1872471.htm,2026-10-02T07:20:00Z,
2020-09-23,FC东京,大阪樱花,Pinnacle,2.28,3.50,3.18,2.24,3.60,3.30,https://live.nowscore.com/1x2/1872471.htm,2026-10-02T07:20:00Z,
2020-09-23,大分三神,广岛三箭,William Hill,3.50,3.50,2.05,3.20,3.25,2.25,https://live.nowscore.com/1x2/1872473.htm,2026-10-02T07:20:00Z,
2020-09-23,大分三神,广岛三箭,bet365,3.50,3.40,2.05,3.20,3.25,2.25,https://live.nowscore.com/1x2/1872473.htm,2026-10-02T07:20:00Z,
2020-09-23,大分三神,广岛三箭,Pinnacle,3.51,3.52,2.13,3.28,3.39,2.34,https://live.nowscore.com/1x2/1872473.htm,2026-10-02T07:20:00Z,
2020-09-23,川崎前锋,横滨FC,William Hill,1.24,6.00,11.00,1.15,8.00,15.00,https://live.nowscore.com/1x2/1872474.htm,2026-10-02T07:20:00Z,
2020-09-23,川崎前锋,横滨FC,bet365,1.22,6.50,9.50,1.16,7.50,13.00,https://live.nowscore.com/1x2/1872474.htm,2026-10-02T07:20:00Z,
2020-09-23,川崎前锋,横滨FC,Pinnacle,1.26,6.59,10.14,1.17,8.49,15.65,https://live.nowscore.com/1x2/1872474.htm,2026-10-02T07:20:00Z,
2020-09-23,鹿岛鹿角,湘南海洋,William Hill,1.38,4.80,8.00,1.35,5.25,7.50,https://live.nowscore.com/1x2/1872476.htm,2026-10-02T07:20:00Z,
2020-09-23,鹿岛鹿角,湘南海洋,bet365,1.36,4.75,7.50,1.33,5.25,8.00,https://live.nowscore.com/1x2/1872476.htm,2026-10-02T07:20:00Z,
2020-09-23,鹿岛鹿角,湘南海洋,Pinnacle,1.40,5.13,7.57,1.38,5.54,7.86,https://live.nowscore.com/1x2/1872476.htm,2026-10-02T07:20:00Z,
2020-09-23,神户胜利船,鸟栖沙岩,William Hill,1.67,4.00,4.75,1.60,4.20,5.00,https://live.nowscore.com/1x2/1872477.htm,2026-10-02T07:20:00Z,
2020-09-23,神户胜利船,鸟栖沙岩,bet365,1.65,4.00,4.50,1.57,4.00,4.75,https://live.nowscore.com/1x2/1872477.htm,2026-10-02T07:20:00Z,
2020-09-23,神户胜利船,鸟栖沙岩,Pinnacle,1.71,4.11,4.67,1.65,4.37,5.12,https://live.nowscore.com/1x2/1872477.htm,2026-10-02T07:20:00Z,
2020-09-23,横滨水手,仙台维加泰,William Hill,1.60,4.50,4.75,1.32,6.00,7.50,https://live.nowscore.com/1x2/1872475.htm,2026-10-02T07:20:00Z,
2020-09-23,横滨水手,仙台维加泰,bet365,1.44,5.25,5.50,1.33,6.00,7.00,https://live.nowscore.com/1x2/1872475.htm,2026-10-02T07:20:00Z,
2020-09-23,横滨水手,仙台维加泰,Pinnacle,1.44,5.20,6.37,1.37,5.97,7.35,https://live.nowscore.com/1x2/1872475.htm,2026-10-02T07:20:00Z,
2020-09-23,清水鼓动,浦和红钻,William Hill,3.00,4.00,2.10,2.63,3.90,2.35,https://live.nowscore.com/1x2/1872478.htm,2026-10-02T07:20:00Z,
2020-09-23,清水鼓动,浦和红钻,bet365,2.90,3.80,2.20,2.70,4.00,2.25,https://live.nowscore.com/1x2/1872478.htm,2026-10-02T07:20:00Z,
2020-09-23,清水鼓动,浦和红钻,Pinnacle,2.89,3.98,2.26,2.68,4.13,2.42,https://live.nowscore.com/1x2/1872478.htm,2026-10-02T07:20:00Z,
2020-09-26,名古屋鲸八,清水鼓动,William Hill,1.55,4.40,5.25,1.47,4.75,5.80,https://live.nowscore.com/1x2/1872482.htm,2026-10-02T07:20:00Z,
2020-09-26,名古屋鲸八,清水鼓动,bet365,1.57,4.20,4.75,1.50,4.33,5.25,https://live.nowscore.com/1x2/1872482.htm,2026-10-02T07:20:00Z,
2020-09-26,名古屋鲸八,清水鼓动,Pinnacle,1.55,4.73,5.39,1.53,5.09,5.43,https://live.nowscore.com/1x2/1872482.htm,2026-10-02T07:20:00Z,
2020-09-26,浦和红钻,横滨FC,William Hill,1.80,3.80,4.20,2.00,3.70,3.40,https://live.nowscore.com/1x2/1872483.htm,2026-10-02T07:20:00Z,
2020-09-26,浦和红钻,横滨FC,bet365,1.72,3.75,4.33,2.00,3.80,3.40,https://live.nowscore.com/1x2/1872483.htm,2026-10-02T07:20:00Z,
2020-09-26,浦和红钻,横滨FC,Pinnacle,1.84,3.88,4.21,2.09,3.89,3.42,https://live.nowscore.com/1x2/1872483.htm,2026-10-02T07:20:00Z,
2020-09-26,神户胜利船,札幌冈萨多,William Hill,2.00,4.00,3.30,1.67,4.50,4.20,https://live.nowscore.com/1x2/1872481.htm,2026-10-02T07:20:00Z,
2020-09-26,神户胜利船,札幌冈萨多,bet365,1.95,4.00,3.25,1.66,4.50,4.20,https://live.nowscore.com/1x2/1872481.htm,2026-10-02T07:20:00Z,
2020-09-26,神户胜利船,札幌冈萨多,Pinnacle,2.05,3.93,3.37,1.72,4.70,4.22,https://live.nowscore.com/1x2/1872481.htm,2026-10-02T07:20:00Z,
2020-09-27,仙台维加泰,大阪樱花,William Hill,3.00,3.40,2.30,3.50,3.60,2.00,https://live.nowscore.com/1x2/1872480.htm,2026-10-02T07:40:00Z,
2020-09-27,仙台维加泰,大阪樱花,bet365,3.10,3.30,2.20,3.50,3.60,2.00,https://live.nowscore.com/1x2/1872480.htm,2026-10-02T07:40:00Z,
2020-09-27,仙台维加泰,大阪樱花,Pinnacle,3.08,3.50,2.32,3.54,3.84,2.06,https://live.nowscore.com/1x2/1872480.htm,2026-10-02T07:40:00Z,
2020-09-27,鸟栖沙岩,FC东京,William Hill,3.50,3.60,2.00,2.90,3.40,2.35,https://live.nowscore.com/1x2/1872487.htm,2026-10-02T07:40:00Z,
2020-09-27,鸟栖沙岩,FC东京,bet365,3.50,3.50,2.00,2.87,3.50,2.30,https://live.nowscore.com/1x2/1872487.htm,2026-10-02T07:40:00Z,
2020-09-27,鸟栖沙岩,FC东京,Pinnacle,3.59,3.68,2.05,3.61,3.66,2.09,https://live.nowscore.com/1x2/1872487.htm,2026-10-02T07:40:00Z,
2020-09-27,鹿岛鹿角,大分三神,William Hill,1.57,4.20,5.50,1.65,3.80,5.25,https://live.nowscore.com/1x2/1872485.htm,2026-10-02T07:40:00Z,
2020-09-27,鹿岛鹿角,大分三神,bet365,1.55,4.00,5.25,1.60,4.00,5.25,https://live.nowscore.com/1x2/1872485.htm,2026-10-02T07:40:00Z,
2020-09-27,鹿岛鹿角,大分三神,Pinnacle,1.59,4.29,5.53,1.69,3.93,5.40,https://live.nowscore.com/1x2/1872485.htm,2026-10-02T07:40:00Z,
2020-09-27,广岛三箭,大阪钢巴,William Hill,2.05,3.75,3.25,1.91,3.70,3.75,https://live.nowscore.com/1x2/1872479.htm,2026-10-02T07:40:00Z,
2020-09-27,广岛三箭,大阪钢巴,bet365,1.85,3.60,3.60,1.90,3.75,3.60,https://live.nowscore.com/1x2/1872479.htm,2026-10-02T07:40:00Z,
2020-09-27,广岛三箭,大阪钢巴,Pinnacle,2.11,3.71,3.38,1.96,3.81,3.91,https://live.nowscore.com/1x2/1872479.htm,2026-10-02T07:40:00Z,
2020-09-27,柏太阳神,横滨水手,William Hill,2.63,3.80,2.40,2.35,4.20,2.55,https://live.nowscore.com/1x2/1872484.htm,2026-10-02T07:40:00Z,
2020-09-27,柏太阳神,横滨水手,bet365,2.62,3.75,2.37,2.25,4.00,2.62,https://live.nowscore.com/1x2/1872484.htm,2026-10-02T07:40:00Z,
2020-09-27,柏太阳神,横滨水手,Pinnacle,2.63,4.29,2.35,2.43,4.23,2.63,https://live.nowscore.com/1x2/1872484.htm,2026-10-02T07:40:00Z,
2020-09-27,湘南海洋,川崎前锋,William Hill,9.50,5.80,1.29,13.00,7.50,1.18,https://live.nowscore.com/1x2/1872486.htm,2026-10-02T07:40:00Z,
2020-09-27,湘南海洋,川崎前锋,bet365,9.00,5.75,1.28,12.00,7.50,1.18,https://live.nowscore.com/1x2/1872486.htm,2026-10-02T07:40:00Z,
2020-09-27,湘南海洋,川崎前锋,Pinnacle,8.95,6.33,1.29,13.28,7.96,1.20,https://live.nowscore.com/1x2/1872486.htm,2026-10-02T07:40:00Z,
2020-09-30,横滨水手,鸟栖沙岩,William Hill,1.40,5.25,6.50,1.55,4.50,5.25,https://live.nowscore.com/1x2/1872540.htm,2026-10-02T07:40:00Z,
2020-09-30,横滨水手,鸟栖沙岩,bet365,1.40,5.00,6.50,1.53,4.75,5.00,https://live.nowscore.com/1x2/1872540.htm,2026-10-02T07:40:00Z,
2020-09-30,横滨水手,鸟栖沙岩,Pinnacle,1.42,5.64,6.61,1.60,4.86,5.02,https://live.nowscore.com/1x2/1872540.htm,2026-10-02T07:40:00Z,
2020-09-30,神户胜利船,名古屋鲸八,William Hill,2.30,3.60,2.88,2.50,3.60,2.63,https://live.nowscore.com/1x2/1872569.htm,2026-10-02T07:40:00Z,
2020-09-30,神户胜利船,名古屋鲸八,bet365,2.30,3.60,2.80,2.50,3.60,2.60,https://live.nowscore.com/1x2/1872569.htm,2026-10-02T07:40:00Z,
2020-09-30,神户胜利船,名古屋鲸八,Pinnacle,2.36,3.83,2.91,2.50,3.84,2.73,https://live.nowscore.com/1x2/1872569.htm,2026-10-02T07:40:00Z,
2020-09-30,浦和红钻,FC东京,William Hill,2.80,3.50,2.40,3.40,3.50,2.10,https://live.nowscore.com/1x2/1872576.htm,2026-10-02T07:40:00Z,
2020-09-30,浦和红钻,FC东京,bet365,2.75,3.50,2.40,3.25,3.75,2.05,https://live.nowscore.com/1x2/1872576.htm,2026-10-02T07:40:00Z,
2020-09-30,浦和红钻,FC东京,Pinnacle,2.69,3.71,2.59,3.47,3.73,2.12,https://live.nowscore.com/1x2/1872576.htm,2026-10-02T07:40:00Z,
2020-10-03,札幌冈萨多,仙台维加泰,William Hill,2.05,3.75,3.30,1.78,4.20,3.90,https://live.nowscore.com/1x2/1872494.htm,2026-10-02T07:40:00Z,
2020-10-03,札幌冈萨多,仙台维加泰,bet365,1.95,4.00,3.30,1.70,4.20,4.33,https://live.nowscore.com/1x2/1872494.htm,2026-10-02T07:40:00Z,
2020-10-03,札幌冈萨多,仙台维加泰,Pinnacle,2.04,4.03,3.44,1.77,4.64,4.01,https://live.nowscore.com/1x2/1872494.htm,2026-10-02T07:40:00Z,
2020-10-03,大阪樱花,川崎前锋,William Hill,4.00,3.90,1.80,5.00,4.20,1.60,https://live.nowscore.com/1x2/1872495.htm,2026-10-02T07:40:00Z,
2020-10-03,大阪樱花,川崎前锋,bet365,4.20,4.00,1.75,4.75,4.20,1.61,https://live.nowscore.com/1x2/1872495.htm,2026-10-02T07:40:00Z,
2020-10-03,大阪樱花,川崎前锋,Pinnacle,3.31,3.73,2.18,5.12,4.35,1.65,https://live.nowscore.com/1x2/1872495.htm,2026-10-02T07:40:00Z,
2020-10-03,横滨FC,柏太阳神,William Hill,3.50,3.80,1.95,3.90,3.90,1.83,https://live.nowscore.com/1x2/1872490.htm,2026-10-02T07:40:00Z,
2020-10-03,横滨FC,柏太阳神,bet365,3.40,4.00,1.90,3.80,4.00,1.80,https://live.nowscore.com/1x2/1872490.htm,2026-10-02T07:40:00Z,
2020-10-03,横滨FC,柏太阳神,Pinnacle,3.10,3.88,2.23,4.01,4.04,1.88,https://live.nowscore.com/1x2/1872490.htm,2026-10-02T07:40:00Z,
2020-10-03,广岛三箭,鸟栖沙岩,William Hill,1.70,3.80,4.75,1.62,3.80,5.50,https://live.nowscore.com/1x2/1872492.htm,2026-10-02T07:40:00Z,
2020-10-03,广岛三箭,鸟栖沙岩,bet365,1.66,3.80,5.00,1.55,4.10,5.75,https://live.nowscore.com/1x2/1872492.htm,2026-10-02T07:40:00Z,
2020-10-03,广岛三箭,鸟栖沙岩,Pinnacle,1.74,4.02,4.83,1.61,4.18,5.85,https://live.nowscore.com/1x2/1872492.htm,2026-10-02T07:40:00Z,
2020-10-03,大阪钢巴,鹿岛鹿角,William Hill,2.88,3.60,2.30,3.30,3.60,2.10,https://live.nowscore.com/1x2/1872489.htm,2026-10-02T07:40:00Z,
2020-10-03,大阪钢巴,鹿岛鹿角,bet365,2.87,3.80,2.20,3.25,3.80,2.00,https://live.nowscore.com/1x2/1872489.htm,2026-10-02T07:40:00Z,
2020-10-03,大阪钢巴,鹿岛鹿角,Pinnacle,2.74,3.67,2.56,3.48,3.74,2.11,https://live.nowscore.com/1x2/1872489.htm,2026-10-02T07:40:00Z,
2020-10-03,大分三神,清水鼓动,William Hill,1.91,3.70,3.70,2.25,3.50,3.00,https://live.nowscore.com/1x2/1872491.htm,2026-10-02T07:40:00Z,
2020-10-03,大分三神,清水鼓动,bet365,1.85,3.80,3.75,2.20,3.60,3.00,https://live.nowscore.com/1x2/1872491.htm,2026-10-02T07:40:00Z,
2020-10-03,大分三神,清水鼓动,Pinnacle,1.95,3.94,3.79,2.28,3.74,3.11,https://live.nowscore.com/1x2/1872491.htm,2026-10-02T07:40:00Z,
2020-10-04,湘南海洋,FC东京,William Hill,5.80,3.80,1.60,3.80,3.30,2.05,https://live.nowscore.com/1x2/1872496.htm,2026-10-02T04:22:00Z,
2020-10-04,湘南海洋,FC东京,bet365,5.75,4.20,1.53,3.30,3.75,2.00,https://live.nowscore.com/1x2/1872496.htm,2026-10-02T04:22:00Z,
2020-10-04,湘南海洋,FC东京,Pinnacle,6.03,4.06,1.61,3.96,3.41,2.07,https://live.nowscore.com/1x2/1872496.htm,2026-10-02T04:22:00Z,
2020-10-04,横滨水手,神户胜利船,William Hill,1.83,4.40,3.50,2.15,4.20,2.80,https://live.nowscore.com/1x2/1872493.htm,2026-10-02T04:22:00Z,
2020-10-04,横滨水手,神户胜利船,bet365,1.80,4.50,3.50,2.20,4.00,2.80,https://live.nowscore.com/1x2/1872493.htm,2026-10-02T04:22:00Z,
2020-10-04,横滨水手,神户胜利船,Pinnacle,1.79,4.54,3.98,2.13,4.65,2.90,https://live.nowscore.com/1x2/1872493.htm,2026-10-02T04:22:00Z,
2020-10-04,浦和红钻,名古屋鲸八,William Hill,3.20,3.40,2.20,3.10,3.50,2.20,https://live.nowscore.com/1x2/1872488.htm,2026-10-02T04:22:00Z,
2020-10-04,浦和红钻,名古屋鲸八,bet365,3.20,3.50,2.15,3.10,3.50,2.15,https://live.nowscore.com/1x2/1872488.htm,2026-10-02T04:22:00Z,
2020-10-04,浦和红钻,名古屋鲸八,Pinnacle,3.04,3.63,2.36,3.19,3.64,2.27,https://live.nowscore.com/1x2/1872488.htm,2026-10-02T04:22:00Z,
2020-10-07,鸟栖沙岩,大阪钢巴,William Hill,3.00,3.50,2.25,2.63,3.60,2.50,https://live.nowscore.com/1x2/1872400.htm,2026-10-02T04:25:00Z,
2020-10-07,鸟栖沙岩,大阪钢巴,bet365,3.10,3.40,2.25,2.70,3.60,2.40,https://live.nowscore.com/1x2/1872400.htm,2026-10-02T04:25:00Z,
2020-10-07,鸟栖沙岩,大阪钢巴,Pinnacle,3.30,3.74,2.19,2.68,3.78,2.56,https://live.nowscore.com/1x2/1872400.htm,2026-10-02T04:25:00Z,
2020-10-10,FC东京,大阪钢巴,William Hill,2.15,3.70,3.10,1.95,3.75,3.60,https://live.nowscore.com/1x2/1872497.htm,2026-10-02T04:30:00Z,
2020-10-10,FC东京,大阪钢巴,bet365,2.05,3.60,3.20,1.90,3.75,3.50,https://live.nowscore.com/1x2/1872497.htm,2026-10-02T04:30:00Z,
2020-10-10,FC东京,大阪钢巴,Pinnacle,2.19,3.88,3.18,1.97,4.03,3.65,https://live.nowscore.com/1x2/1872497.htm,2026-10-02T04:30:00Z,
2020-10-10,名古屋鲸八,大阪樱花,William Hill,2.35,3.40,2.90,2.40,3.10,3.10,https://live.nowscore.com/1x2/1872498.htm,2026-10-02T04:30:00Z,
2020-10-10,名古屋鲸八,大阪樱花,bet365,2.30,3.40,2.90,2.25,3.40,3.00,https://live.nowscore.com/1x2/1872498.htm,2026-10-02T04:30:00Z,
2020-10-10,名古屋鲸八,大阪樱花,Pinnacle,2.40,3.60,3.00,2.48,3.32,3.10,https://live.nowscore.com/1x2/1872498.htm,2026-10-02T04:30:00Z,
2020-10-10,清水鼓动,广岛三箭,William Hill,3.70,3.90,1.88,4.33,4.33,1.67,https://live.nowscore.com/1x2/1872499.htm,2026-10-02T04:30:00Z,
2020-10-10,清水鼓动,广岛三箭,bet365,3.60,4.00,1.83,4.33,4.33,1.65,https://live.nowscore.com/1x2/1872499.htm,2026-10-02T04:30:00Z,
2020-10-10,清水鼓动,广岛三箭,Pinnacle,3.66,4.17,1.93,4.39,4.64,1.70,https://live.nowscore.com/1x2/1872499.htm,2026-10-02T04:30:00Z,
2020-10-10,札幌冈萨多,湘南海洋,William Hill,1.70,4.20,4.20,1.52,4.50,5.50,https://live.nowscore.com/1x2/1872504.htm,2026-10-02T04:30:00Z,
2020-10-10,札幌冈萨多,湘南海洋,bet365,1.66,4.00,4.50,1.50,4.75,5.25,https://live.nowscore.com/1x2/1872504.htm,2026-10-02T04:30:00Z,
2020-10-10,札幌冈萨多,湘南海洋,Pinnacle,1.75,4.47,4.29,1.56,4.74,5.63,https://live.nowscore.com/1x2/1872504.htm,2026-10-02T04:30:00Z,
2020-10-10,柏太阳神,神户胜利船,William Hill,2.20,3.80,2.90,2.40,4.00,2.55,https://live.nowscore.com/1x2/1872505.htm,2026-10-02T04:30:00Z,
2020-10-10,柏太阳神,神户胜利船,bet365,2.05,3.80,3.00,2.40,3.80,2.60,https://live.nowscore.com/1x2/1872505.htm,2026-10-02T04:30:00Z,
2020-10-10,柏太阳神,神户胜利船,Pinnacle,2.08,4.11,3.28,2.44,4.23,2.62,https://live.nowscore.com/1x2/1872505.htm,2026-10-02T04:30:00Z,
2020-10-10,鹿岛鹿角,横滨FC,William Hill,1.38,4.75,8.00,1.55,4.20,5.80,https://live.nowscore.com/1x2/1872501.htm,2026-10-02T04:30:00Z,
2020-10-10,鹿岛鹿角,横滨FC,bet365,1.36,4.75,7.50,1.53,4.33,5.25,https://live.nowscore.com/1x2/1872501.htm,2026-10-02T04:30:00Z,
2020-10-10,鹿岛鹿角,横滨FC,Pinnacle,1.35,5.58,8.73,1.53,4.56,6.34,https://live.nowscore.com/1x2/1872501.htm,2026-10-02T04:30:00Z,
2020-10-10,横滨水手,大分三神,William Hill,1.52,4.50,5.50,1.73,4.00,4.33,https://live.nowscore.com/1x2/1872503.htm,2026-10-02T04:30:00Z,
2020-10-10,横滨水手,大分三神,bet365,1.50,4.50,5.25,1.72,4.20,4.00,https://live.nowscore.com/1x2/1872503.htm,2026-10-02T04:30:00Z,
2020-10-10,横滨水手,大分三神,Pinnacle,1.50,5.11,5.95,1.77,4.32,4.27,https://live.nowscore.com/1x2/1872503.htm,2026-10-02T04:30:00Z,
2020-10-10,鸟栖沙岩,浦和红钻,William Hill,2.55,3.60,2.55,2.88,3.40,2.38,https://live.nowscore.com/1x2/1872500.htm,2026-10-02T04:30:00Z,
2020-10-10,鸟栖沙岩,浦和红钻,bet365,2.50,3.60,2.50,2.80,3.60,2.30,https://live.nowscore.com/1x2/1872500.htm,2026-10-02T04:30:00Z,
2020-10-10,鸟栖沙岩,浦和红钻,Pinnacle,2.61,3.83,2.61,2.94,3.64,2.42,https://live.nowscore.com/1x2/1872500.htm,2026-10-02T04:30:00Z,
2020-10-10,川崎前锋,仙台维加泰,William Hill,1.24,6.00,11.00,1.22,6.50,12.00,https://live.nowscore.com/1x2/1872502.htm,2026-10-02T04:30:00Z,
2020-10-10,川崎前锋,仙台维加泰,bet365,1.25,6.00,10.00,1.18,7.50,12.00,https://live.nowscore.com/1x2/1872502.htm,2026-10-02T04:30:00Z,
2020-10-10,川崎前锋,仙台维加泰,Pinnacle,1.27,6.57,10.66,1.21,7.75,12.62,https://live.nowscore.com/1x2/1872502.htm,2026-10-02T04:30:00Z,
2020-10-14,鸟栖沙岩,鹿岛鹿角,William Hill,3.90,3.75,1.85,4.20,3.60,1.83,https://live.nowscore.com/1x2/1872506.htm,2026-10-02T04:35:00Z,
2020-10-14,鸟栖沙岩,鹿岛鹿角,bet365,3.80,3.80,1.85,4.00,3.80,1.80,https://live.nowscore.com/1x2/1872506.htm,2026-10-02T04:35:00Z,
2020-10-14,鸟栖沙岩,鹿岛鹿角,Pinnacle,3.94,4.12,1.88,4.33,3.77,1.88,https://live.nowscore.com/1x2/1872506.htm,2026-10-02T04:35:00Z,
2020-10-14,FC东京,清水鼓动,William Hill,1.60,4.20,5.00,1.55,4.33,5.50,https://live.nowscore.com/1x2/1872508.htm,2026-10-02T04:35:00Z,
2020-10-14,FC东京,清水鼓动,bet365,1.50,4.33,6.00,1.53,4.75,5.00,https://live.nowscore.com/1x2/1872508.htm,2026-10-02T04:35:00Z,
2020-10-14,FC东京,清水鼓动,Pinnacle,1.54,4.74,5.82,1.57,4.71,5.48,https://live.nowscore.com/1x2/1872508.htm,2026-10-02T04:35:00Z,
2020-10-14,柏太阳神,浦和红钻,William Hill,1.88,4.00,3.60,1.83,4.00,3.75,https://live.nowscore.com/1x2/1872509.htm,2026-10-02T04:35:00Z,
2020-10-14,柏太阳神,浦和红钻,bet365,1.90,3.60,3.75,1.75,4.00,4.00,https://live.nowscore.com/1x2/1872509.htm,2026-10-02T04:35:00Z,
2020-10-14,柏太阳神,浦和红钻,Pinnacle,1.93,4.20,3.65,1.81,4.54,3.87,https://live.nowscore.com/1x2/1872509.htm,2026-10-02T04:35:00Z,
2020-10-14,仙台维加泰,横滨FC,William Hill,2.25,3.70,2.90,2.50,3.60,2.63,https://live.nowscore.com/1x2/1872510.htm,2026-10-02T04:35:00Z,
2020-10-14,仙台维加泰,横滨FC,bet365,2.25,3.40,3.10,2.50,3.75,2.60,https://live.nowscore.com/1x2/1872510.htm,2026-10-02T04:35:00Z,
2020-10-14,仙台维加泰,横滨FC,Pinnacle,2.17,3.75,3.33,2.55,3.80,2.68,https://live.nowscore.com/1x2/1872510.htm,2026-10-02T04:35:00Z,
2020-10-14,神户胜利船,大分三神,William Hill,1.85,3.75,3.90,2.70,3.40,2.50,https://live.nowscore.com/1x2/1872511.htm,2026-10-02T04:35:00Z,
2020-10-14,神户胜利船,大分三神,bet365,1.85,3.80,3.80,2.55,3.60,2.55,https://live.nowscore.com/1x2/1872511.htm,2026-10-02T04:35:00Z,
2020-10-14,神户胜利船,大分三神,Pinnacle,1.90,4.07,3.89,2.74,3.51,2.65,https://live.nowscore.com/1x2/1872511.htm,2026-10-02T04:35:00Z,
2020-10-14,广岛三箭,川崎前锋,William Hill,3.60,3.70,1.95,4.00,3.80,1.83,https://live.nowscore.com/1x2/1872513.htm,2026-10-02T04:35:00Z,
2020-10-14,广岛三箭,川崎前锋,bet365,3.75,3.60,1.90,4.00,4.00,1.75,https://live.nowscore.com/1x2/1872513.htm,2026-10-02T04:35:00Z,
2020-10-14,广岛三箭,川崎前锋,Pinnacle,3.68,4.11,1.94,4.18,4.12,1.83,https://live.nowscore.com/1x2/1872513.htm,2026-10-02T04:35:00Z,
2020-10-14,大阪钢巴,横滨水手,William Hill,2.60,4.00,2.35,3.50,4.20,1.85,https://live.nowscore.com/1x2/1872514.htm,2026-10-02T04:35:00Z,
2020-10-14,大阪钢巴,横滨水手,bet365,2.70,3.40,2.50,3.20,4.50,1.85,https://live.nowscore.com/1x2/1872514.htm,2026-10-02T04:35:00Z,
2020-10-14,大阪钢巴,横滨水手,Pinnacle,2.60,4.33,2.42,3.57,4.54,1.89,https://live.nowscore.com/1x2/1872514.htm,2026-10-02T04:35:00Z,
2020-10-14,名古屋鲸八,札幌冈萨多,William Hill,1.95,3.80,3.50,2.05,3.60,3.40,https://live.nowscore.com/1x2/1872507.htm,2026-10-02T04:35:00Z,
2020-10-14,名古屋鲸八,札幌冈萨多,bet365,1.95,3.60,3.60,1.95,3.80,3.50,https://live.nowscore.com/1x2/1872507.htm,2026-10-02T04:35:00Z,
2020-10-14,名古屋鲸八,札幌冈萨多,Pinnacle,2.00,3.97,3.61,2.11,3.69,3.54,https://live.nowscore.com/1x2/1872507.htm,2026-10-02T04:35:00Z,
2020-10-14,大阪樱花,湘南海洋,William Hill,1.63,3.90,5.25,1.62,3.80,5.50,https://live.nowscore.com/1x2/1872512.htm,2026-10-02T04:35:00Z,
2020-10-14,大阪樱花,湘南海洋,bet365,1.53,4.33,5.50,1.57,3.80,6.00,https://live.nowscore.com/1x2/1872512.htm,2026-10-02T04:35:00Z,
2020-10-14,大阪樱花,湘南海洋,Pinnacle,1.58,4.44,5.69,1.64,4.12,5.61,https://live.nowscore.com/1x2/1872512.htm,2026-10-02T04:35:00Z,
2020-10-17,大阪樱花,横滨水手,William Hill,2.75,3.70,2.35,2.88,3.75,2.25,https://live.nowscore.com/1x2/1872521.htm,2026-10-02T04:40:00Z,
2020-10-17,大阪樱花,横滨水手,bet365,2.75,3.75,2.30,2.80,4.00,2.15,https://live.nowscore.com/1x2/1872521.htm,2026-10-02T04:40:00Z,
2020-10-17,大阪樱花,横滨水手,Pinnacle,2.75,4.15,2.33,2.89,4.05,2.30,https://live.nowscore.com/1x2/1872521.htm,2026-10-02T04:40:00Z,
2020-10-18,札幌冈萨多,鹿岛鹿角,William Hill,3.20,3.80,2.05,3.20,4.00,2.00,https://live.nowscore.com/1x2/1872517.htm,2026-10-02T04:45:00Z,
2020-10-18,札幌冈萨多,鹿岛鹿角,bet365,3.20,3.80,2.05,3.20,3.80,2.05,https://live.nowscore.com/1x2/1872517.htm,2026-10-02T04:45:00Z,
2020-10-18,札幌冈萨多,鹿岛鹿角,Pinnacle,2.92,3.82,2.33,3.23,4.28,2.06,https://live.nowscore.com/1x2/1872517.htm,2026-10-02T04:45:00Z,
2020-10-18,大分三神,大阪钢巴,William Hill,2.80,3.60,2.35,2.45,3.40,2.80,https://live.nowscore.com/1x2/1872516.htm,2026-10-02T04:45:00Z,
2020-10-18,大分三神,大阪钢巴,bet365,2.80,3.60,2.30,2.45,3.40,2.80,https://live.nowscore.com/1x2/1872516.htm,2026-10-02T04:45:00Z,
2020-10-18,大分三神,大阪钢巴,Pinnacle,2.93,3.80,2.33,2.48,3.60,2.88,https://live.nowscore.com/1x2/1872516.htm,2026-10-02T04:45:00Z,
2020-10-18,清水鼓动,鸟栖沙岩,William Hill,2.50,3.60,2.60,2.35,3.60,2.80,https://live.nowscore.com/1x2/1872519.htm,2026-10-02T04:45:00Z,
2020-10-18,清水鼓动,鸟栖沙岩,bet365,2.50,3.60,2.60,2.30,3.60,2.80,https://live.nowscore.com/1x2/1872519.htm,2026-10-02T04:45:00Z,
2020-10-18,清水鼓动,鸟栖沙岩,Pinnacle,2.58,3.82,2.65,2.42,3.83,2.83,https://live.nowscore.com/1x2/1872519.htm,2026-10-02T04:45:00Z,
2020-10-18,横滨FC,FC东京,William Hill,4.33,3.80,1.78,3.80,3.60,1.91,https://live.nowscore.com/1x2/1872523.htm,2026-10-02T04:45:00Z,
2020-10-18,横滨FC,FC东京,bet365,4.33,3.75,1.75,3.60,3.75,1.90,https://live.nowscore.com/1x2/1872523.htm,2026-10-02T04:45:00Z,
2020-10-18,横滨FC,FC东京,Pinnacle,4.18,3.96,1.84,3.93,3.83,1.94,https://live.nowscore.com/1x2/1872523.htm,2026-10-02T04:45:00Z,
2020-10-18,湘南海洋,柏太阳神,William Hill,4.40,3.90,1.73,5.00,4.20,1.60,https://live.nowscore.com/1x2/1872518.htm,2026-10-02T04:45:00Z,
2020-10-18,湘南海洋,柏太阳神,bet365,4.33,4.00,1.70,5.00,4.20,1.60,https://live.nowscore.com/1x2/1872518.htm,2026-10-02T04:45:00Z,
2020-10-18,湘南海洋,柏太阳神,Pinnacle,4.33,4.07,1.79,4.97,4.47,1.65,https://live.nowscore.com/1x2/1872518.htm,2026-10-02T04:45:00Z,
2020-10-18,浦和红钻,仙台维加泰,William Hill,2.00,3.60,3.50,1.73,3.90,4.40,https://live.nowscore.com/1x2/1872522.htm,2026-10-02T04:45:00Z,
2020-10-18,浦和红钻,仙台维加泰,bet365,2.00,3.60,3.40,1.70,3.75,4.75,https://live.nowscore.com/1x2/1872522.htm,2026-10-02T04:45:00Z,
2020-10-18,浦和红钻,仙台维加泰,Pinnacle,2.10,3.77,3.48,1.78,4.08,4.53,https://live.nowscore.com/1x2/1872522.htm,2026-10-02T04:45:00Z,
2020-10-18,广岛三箭,神户胜利船,William Hill,2.15,3.80,3.00,2.45,3.50,2.75,https://live.nowscore.com/1x2/1872520.htm,2026-10-02T04:45:00Z,
2020-10-18,广岛三箭,神户胜利船,bet365,2.10,3.75,3.10,2.30,3.80,2.70,https://live.nowscore.com/1x2/1872520.htm,2026-10-02T04:45:00Z,
2020-10-18,广岛三箭,神户胜利船,Pinnacle,2.24,3.91,3.01,2.52,3.58,2.85,https://live.nowscore.com/1x2/1872520.htm,2026-10-02T04:45:00Z,
2020-10-18,川崎前锋,名古屋鲸八,William Hill,1.47,4.60,6.00,1.67,3.80,5.00,https://live.nowscore.com/1x2/1872515.htm,2026-10-02T04:45:00Z,
2020-10-18,川崎前锋,名古屋鲸八,bet365,1.45,4.50,6.50,1.60,4.20,5.00,https://live.nowscore.com/1x2/1872515.htm,2026-10-02T04:45:00Z,
2020-10-18,川崎前锋,名古屋鲸八,Pinnacle,1.55,4.70,5.57,1.68,4.07,5.21,https://live.nowscore.com/1x2/1872515.htm,2026-10-02T04:45:00Z,
2020-10-21,神户胜利船,鹿岛鹿角,William Hill,2.90,3.80,2.20,3.20,3.90,2.05,https://live.nowscore.com/1x2/1872607.htm,2026-10-02T04:50:00Z,
2020-10-21,神户胜利船,鹿岛鹿角,bet365,3.10,3.25,2.20,3.20,4.00,2.00,https://live.nowscore.com/1x2/1872607.htm,2026-10-02T04:50:00Z,
2020-10-21,神户胜利船,鹿岛鹿角,Pinnacle,2.96,3.98,2.25,3.21,4.15,2.10,https://live.nowscore.com/1x2/1872607.htm,2026-10-02T04:50:00Z,
2020-10-21,湘南海洋,鸟栖沙岩,William Hill,2.80,3.40,2.45,2.88,3.20,2.50,https://live.nowscore.com/1x2/1872428.htm,2026-10-02T04:50:00Z,
2020-10-21,湘南海洋,鸟栖沙岩,bet365,2.80,3.25,2.50,2.87,3.25,2.45,https://live.nowscore.com/1x2/1872428.htm,2026-10-02T04:50:00Z,
2020-10-21,湘南海洋,鸟栖沙岩,Pinnacle,2.85,3.57,2.52,3.00,3.37,2.52,https://live.nowscore.com/1x2/1872428.htm,2026-10-02T04:50:00Z,
2020-10-21,横滨水手,名古屋鲸八,William Hill,1.95,4.00,3.30,2.45,3.60,2.70,https://live.nowscore.com/1x2/1872605.htm,2026-10-02T04:50:00Z,
2020-10-21,横滨水手,名古屋鲸八,bet365,2.00,3.75,3.50,2.40,3.80,2.60,https://live.nowscore.com/1x2/1872605.htm,2026-10-02T04:50:00Z,
2020-10-21,横滨水手,名古屋鲸八,Pinnacle,2.01,4.25,3.32,2.54,3.88,2.66,https://live.nowscore.com/1x2/1872605.htm,2026-10-02T04:50:00Z,
2020-10-24,鹿岛鹿角,广岛三箭,William Hill,2.20,3.40,3.25,2.20,3.60,3.10,https://live.nowscore.com/1x2/1872526.htm,2026-10-02T04:52:00Z,
2020-10-24,鹿岛鹿角,广岛三箭,bet365,2.10,3.75,3.20,2.15,3.75,3.00,https://live.nowscore.com/1x2/1872526.htm,2026-10-02T04:52:00Z,
2020-10-24,鹿岛鹿角,广岛三箭,Pinnacle,2.16,3.76,3.33,2.25,3.86,3.08,https://live.nowscore.com/1x2/1872526.htm,2026-10-02T04:52:00Z,
2020-10-24,札幌冈萨多,横滨FC,William Hill,1.85,3.50,4.20,1.85,3.70,4.00,https://live.nowscore.com/1x2/1872528.htm,2026-10-02T04:52:00Z,
2020-10-24,札幌冈萨多,横滨FC,bet365,1.83,3.75,4.00,1.90,3.75,3.50,https://live.nowscore.com/1x2/1872528.htm,2026-10-02T04:52:00Z,
2020-10-24,札幌冈萨多,横滨FC,Pinnacle,1.88,3.69,4.33,1.88,3.96,4.07,https://live.nowscore.com/1x2/1872528.htm,2026-10-02T04:52:00Z,
2020-10-24,名古屋鲸八,仙台维加泰,William Hill,1.57,4.20,5.50,1.50,4.33,6.50,https://live.nowscore.com/1x2/1872532.htm,2026-10-02T04:52:00Z,
2020-10-24,名古屋鲸八,仙台维加泰,bet365,1.61,4.20,4.75,1.50,4.33,5.75,https://live.nowscore.com/1x2/1872532.htm,2026-10-02T04:52:00Z,
2020-10-24,名古屋鲸八,仙台维加泰,Pinnacle,1.62,4.37,5.20,1.52,4.76,6.14,https://live.nowscore.com/1x2/1872532.htm,2026-10-02T04:52:00Z,
2020-10-24,FC东京,横滨水手,William Hill,2.70,3.40,2.50,2.60,3.60,2.50,https://live.nowscore.com/1x2/1872565.htm,2026-10-02T04:52:00Z,
2020-10-24,FC东京,横滨水手,bet365,2.75,3.50,2.37,2.50,3.60,2.60,https://live.nowscore.com/1x2/1872565.htm,2026-10-02T04:52:00Z,
2020-10-24,FC东京,横滨水手,Pinnacle,2.79,3.59,2.52,2.63,3.85,2.58,https://live.nowscore.com/1x2/1872565.htm,2026-10-02T04:52:00Z,
2020-10-24,大阪钢巴,柏太阳神,William Hill,2.60,3.60,2.50,2.75,3.75,2.38,https://live.nowscore.com/1x2/1872525.htm,2026-10-02T04:52:00Z,
2020-10-24,大阪钢巴,柏太阳神,bet365,2.55,3.75,2.45,2.70,3.80,2.30,https://live.nowscore.com/1x2/1872525.htm,2026-10-02T04:52:00Z,
2020-10-24,大阪钢巴,柏太阳神,Pinnacle,2.51,3.87,2.66,2.80,4.03,2.37,https://live.nowscore.com/1x2/1872525.htm,2026-10-02T04:52:00Z,
2020-10-24,浦和红钻,大阪樱花,William Hill,3.10,3.50,2.20,2.75,3.40,2.50,https://live.nowscore.com/1x2/1872524.htm,2026-10-02T04:52:00Z,
2020-10-24,浦和红钻,大阪樱花,bet365,3.20,3.30,2.20,2.70,3.60,2.40,https://live.nowscore.com/1x2/1872524.htm,2026-10-02T04:52:00Z,
2020-10-24,浦和红钻,大阪樱花,Pinnacle,3.37,3.73,2.15,2.81,3.56,2.56,https://live.nowscore.com/1x2/1872524.htm,2026-10-02T04:52:00Z,
2020-10-25,鸟栖沙岩,湘南海洋,William Hill,2.00,3.60,3.50,2.00,3.25,3.90,https://live.nowscore.com/1x2/1872530.htm,2026-10-02T04:55:00Z,
2020-10-25,鸟栖沙岩,湘南海洋,bet365,1.95,3.75,3.50,1.95,3.75,3.50,https://live.nowscore.com/1x2/1872530.htm,2026-10-02T04:55:00Z,
2020-10-25,鸟栖沙岩,湘南海洋,Pinnacle,1.90,3.82,4.05,2.03,3.47,4.02,https://live.nowscore.com/1x2/1872530.htm,2026-10-02T04:55:00Z,
2020-10-28,FC东京,柏太阳神,William Hill,2.15,3.70,3.10,2.60,3.50,2.60,https://live.nowscore.com/1x2/1872579.htm,2026-10-02T04:58:00Z,
2020-10-28,FC东京,柏太阳神,bet365,2.05,3.50,3.40,2.55,3.60,2.50,https://live.nowscore.com/1x2/1872579.htm,2026-10-02T04:58:00Z,
2020-10-28,FC东京,柏太阳神,Pinnacle,2.05,3.79,3.53,2.61,3.80,2.61,https://live.nowscore.com/1x2/1872579.htm,2026-10-02T04:58:00Z,
2020-10-28,仙台维加泰,神户胜利船,William Hill,3.20,3.90,2.05,3.70,4.00,1.85,https://live.nowscore.com/1x2/1872581.htm,2026-10-02T04:58:00Z,
2020-10-28,仙台维加泰,神户胜利船,bet365,3.20,3.50,2.15,3.40,4.00,1.90,https://live.nowscore.com/1x2/1872581.htm,2026-10-02T04:58:00Z,
2020-10-28,仙台维加泰,神户胜利船,Pinnacle,3.27,4.00,2.09,3.58,4.39,1.92,https://live.nowscore.com/1x2/1872581.htm,2026-10-02T04:58:00Z,
2020-10-28,广岛三箭,横滨水手,William Hill,2.70,3.60,2.40,2.38,3.75,2.70,https://live.nowscore.com/1x2/1872601.htm,2026-10-02T04:58:00Z,
2020-10-28,广岛三箭,横滨水手,bet365,2.70,3.25,2.60,2.25,4.00,2.70,https://live.nowscore.com/1x2/1872601.htm,2026-10-02T04:58:00Z,
2020-10-28,广岛三箭,横滨水手,Pinnacle,2.85,3.37,2.60,2.37,4.05,2.79,https://live.nowscore.com/1x2/1872601.htm,2026-10-02T04:58:00Z,
2020-10-31,仙台维加泰,广岛三箭,William Hill,4.20,3.80,1.80,4.50,4.00,1.70,https://live.nowscore.com/1x2/1872536.htm,2026-10-02T05:05:00Z,
2020-10-31,仙台维加泰,广岛三箭,bet365,4.00,4.00,1.75,4.33,4.20,1.66,https://live.nowscore.com/1x2/1872536.htm,2026-10-02T05:05:00Z,
2020-10-31,仙台维加泰,广岛三箭,Pinnacle,3.86,3.94,1.92,4.66,4.33,1.71,https://live.nowscore.com/1x2/1872536.htm,2026-10-02T05:05:00Z,
2020-10-31,大分三神,浦和红钻,William Hill,2.45,3.40,2.80,2.90,3.30,2.40,https://live.nowscore.com/1x2/1872539.htm,2026-10-02T05:05:00Z,
2020-10-31,大分三神,浦和红钻,bet365,2.10,3.40,3.40,2.62,3.50,2.50,https://live.nowscore.com/1x2/1872539.htm,2026-10-02T05:05:00Z,
2020-10-31,大分三神,浦和红钻,Pinnacle,2.43,3.68,2.86,2.99,3.55,2.43,https://live.nowscore.com/1x2/1872539.htm,2026-10-02T05:05:00Z,
2020-10-31,湘南海洋,横滨FC,William Hill,2.63,3.30,2.63,2.70,3.20,2.63,https://live.nowscore.com/1x2/1872537.htm,2026-10-02T05:05:00Z,
2020-10-31,湘南海洋,横滨FC,bet365,2.60,3.25,2.70,2.70,3.25,2.60,https://live.nowscore.com/1x2/1872537.htm,2026-10-02T05:05:00Z,
2020-10-31,湘南海洋,横滨FC,Pinnacle,2.72,3.67,2.54,2.76,3.43,2.67,https://live.nowscore.com/1x2/1872537.htm,2026-10-02T05:05:00Z,
2020-10-31,柏太阳神,清水鼓动,William Hill,1.53,4.33,5.50,1.62,4.33,4.75,https://live.nowscore.com/1x2/1872541.htm,2026-10-02T05:05:00Z,
2020-10-31,柏太阳神,清水鼓动,bet365,1.50,4.50,5.50,1.57,4.50,4.75,https://live.nowscore.com/1x2/1872541.htm,2026-10-02T05:05:00Z,
2020-10-31,柏太阳神,清水鼓动,Pinnacle,1.58,4.30,5.73,1.66,4.54,4.81,https://live.nowscore.com/1x2/1872541.htm,2026-10-02T05:05:00Z,
2020-10-31,鹿岛鹿角,名古屋鲸八,William Hill,2.05,3.60,3.40,2.00,3.40,3.80,https://live.nowscore.com/1x2/1872533.htm,2026-10-02T05:05:00Z,
2020-10-31,鹿岛鹿角,名古屋鲸八,bet365,2.10,3.50,3.25,2.00,3.50,3.60,https://live.nowscore.com/1x2/1872533.htm,2026-10-02T05:05:00Z,
2020-10-31,鹿岛鹿角,名古屋鲸八,Pinnacle,2.10,3.71,3.48,2.03,3.55,3.91,https://live.nowscore.com/1x2/1872533.htm,2026-10-02T05:05:00Z,
2020-10-31,川崎前锋,FC东京,William Hill,1.55,4.33,5.50,1.67,3.90,4.80,https://live.nowscore.com/1x2/1872538.htm,2026-10-02T05:05:00Z,
2020-10-31,川崎前锋,FC东京,bet365,1.61,4.33,4.75,1.65,4.00,4.75,https://live.nowscore.com/1x2/1872538.htm,2026-10-02T05:05:00Z,
2020-10-31,川崎前锋,FC东京,Pinnacle,1.65,4.43,4.88,1.71,4.18,4.80,https://live.nowscore.com/1x2/1872538.htm,2026-10-02T05:05:00Z,
2020-10-31,大阪钢巴,札幌冈萨多,William Hill,2.00,3.70,3.40,2.38,3.60,2.75,https://live.nowscore.com/1x2/1872535.htm,2026-10-02T05:05:00Z,
2020-10-31,大阪钢巴,札幌冈萨多,bet365,1.95,3.50,3.75,2.30,4.00,2.62,https://live.nowscore.com/1x2/1872535.htm,2026-10-02T05:05:00Z,
2020-10-31,大阪钢巴,札幌冈萨多,Pinnacle,2.05,3.88,3.54,2.46,3.84,2.77,https://live.nowscore.com/1x2/1872535.htm,2026-10-02T05:05:00Z,
2020-11-03,鸟栖沙岩,名古屋鲸八,William Hill,3.40,3.50,2.10,3.80,3.40,2.00,https://live.nowscore.com/1x2/1872542.htm,2026-10-02T05:10:00Z,
2020-11-03,鸟栖沙岩,名古屋鲸八,bet365,3.50,3.50,2.05,3.50,3.60,2.00,https://live.nowscore.com/1x2/1872542.htm,2026-10-02T05:10:00Z,
2020-11-03,鸟栖沙岩,名古屋鲸八,Pinnacle,3.39,3.63,2.16,3.68,3.61,2.08,https://live.nowscore.com/1x2/1872542.htm,2026-10-02T05:10:00Z,
2020-11-03,横滨水手,鹿岛鹿角,William Hill,2.30,3.90,2.70,2.15,4.00,2.88,https://live.nowscore.com/1x2/1872589.htm,2026-10-02T05:10:00Z,
2020-11-03,横滨水手,鹿岛鹿角,bet365,2.20,4.00,2.62,2.15,4.00,2.90,https://live.nowscore.com/1x2/1872589.htm,2026-10-02T05:10:00Z,
2020-11-03,横滨水手,鹿岛鹿角,Pinnacle,2.06,4.06,3.31,2.34,4.33,2.70,https://live.nowscore.com/1x2/1872589.htm,2026-10-02T05:10:00Z,
2020-11-03,大阪樱花,大阪钢巴,William Hill,2.30,3.50,3.00,2.25,3.50,3.00,https://live.nowscore.com/1x2/1872543.htm,2026-10-02T05:10:00Z,
2020-11-03,大阪樱花,大阪钢巴,bet365,2.25,3.60,2.87,2.20,3.60,3.00,https://live.nowscore.com/1x2/1872543.htm,2026-10-02T05:10:00Z,
2020-11-03,大阪樱花,大阪钢巴,Pinnacle,2.32,3.75,2.97,2.28,3.71,3.12,https://live.nowscore.com/1x2/1872543.htm,2026-10-02T05:10:00Z,
2020-11-03,川崎前锋,札幌冈萨多,William Hill,1.44,5.00,6.50,1.33,5.50,8.00,https://live.nowscore.com/1x2/1872545.htm,2026-10-02T05:10:00Z,
2020-11-03,川崎前锋,札幌冈萨多,bet365,1.40,4.75,6.50,1.36,5.25,7.00,https://live.nowscore.com/1x2/1872545.htm,2026-10-02T05:10:00Z,
2020-11-03,川崎前锋,札幌冈萨多,Pinnacle,1.47,5.08,6.28,1.38,5.84,7.32,https://live.nowscore.com/1x2/1872545.htm,2026-10-02T05:10:00Z,
2020-11-03,清水鼓动,神户胜利船,William Hill,3.40,4.00,1.95,3.20,3.90,2.05,https://live.nowscore.com/1x2/1872548.htm,2026-10-02T05:10:00Z,
2020-11-03,清水鼓动,神户胜利船,bet365,3.30,4.20,1.90,3.10,4.20,2.00,https://live.nowscore.com/1x2/1872548.htm,2026-10-02T05:10:00Z,
2020-11-03,清水鼓动,神户胜利船,Pinnacle,3.37,4.29,1.98,3.08,4.26,2.13,https://live.nowscore.com/1x2/1872548.htm,2026-10-02T05:10:00Z,
2020-11-03,横滨FC,大分三神,William Hill,2.60,3.50,2.60,3.00,3.10,2.45,https://live.nowscore.com/1x2/1872546.htm,2026-10-02T05:10:00Z,
2020-11-03,横滨FC,大分三神,bet365,2.55,3.50,2.55,2.80,3.40,2.40,https://live.nowscore.com/1x2/1872546.htm,2026-10-02T05:10:00Z,
2020-11-03,横滨FC,大分三神,Pinnacle,2.54,3.67,2.72,3.06,3.30,2.52,https://live.nowscore.com/1x2/1872546.htm,2026-10-02T05:10:00Z,
2020-11-03,广岛三箭,浦和红钻,William Hill,1.80,3.75,4.20,1.91,3.70,3.80,https://live.nowscore.com/1x2/1872547.htm,2026-10-02T05:10:00Z,
2020-11-03,广岛三箭,浦和红钻,bet365,1.75,3.80,4.20,1.90,3.75,3.60,https://live.nowscore.com/1x2/1872547.htm,2026-10-02T05:10:00Z,
2020-11-03,广岛三箭,浦和红钻,Pinnacle,1.79,4.01,4.38,1.92,3.93,3.94,https://live.nowscore.com/1x2/1872547.htm,2026-10-02T05:10:00Z,
2020-11-08,仙台维加泰,鸟栖沙岩,William Hill,2.60,3.40,2.63,2.90,3.25,2.45,https://live.nowscore.com/1x2/1872408.htm,2026-10-02T04:27:00Z,
2020-11-08,仙台维加泰,鸟栖沙岩,bet365,2.55,3.40,2.62,2.90,3.20,2.45,https://live.nowscore.com/1x2/1872408.htm,2026-10-02T04:27:00Z,
2020-11-08,仙台维加泰,鸟栖沙岩,Pinnacle,2.63,3.53,2.70,3.02,3.42,2.47,https://live.nowscore.com/1x2/1872408.htm,2026-10-02T04:27:00Z,
2020-11-08,横滨FC,神户胜利船,William Hill,3.40,3.90,1.95,3.00,3.70,2.20,https://live.nowscore.com/1x2/1872568.htm,2026-10-02T04:27:00Z,
2020-11-08,横滨FC,神户胜利船,bet365,3.30,4.00,1.90,2.87,3.80,2.20,https://live.nowscore.com/1x2/1872568.htm,2026-10-02T04:27:00Z,
2020-11-08,横滨FC,神户胜利船,Pinnacle,3.39,4.17,2.00,3.09,3.95,2.21,https://live.nowscore.com/1x2/1872568.htm,2026-10-02T04:27:00Z,
2020-11-11,广岛三箭,名古屋鲸八,William Hill,2.20,3.40,3.20,2.25,3.10,3.40,https://live.nowscore.com/1x2/1872376.htm,2026-10-02T04:34:00Z,
2020-11-11,广岛三箭,名古屋鲸八,bet365,2.15,3.60,3.10,2.25,3.25,3.20,https://live.nowscore.com/1x2/1872376.htm,2026-10-02T04:34:00Z,
2020-11-11,广岛三箭,名古屋鲸八,Pinnacle,2.19,3.70,3.26,2.29,3.29,3.33,https://live.nowscore.com/1x2/1872376.htm,2026-10-02T04:34:00Z,
2020-11-11,大阪钢巴,神户胜利船,William Hill,2.25,3.75,2.88,1.75,4.00,4.20,https://live.nowscore.com/1x2/1872604.htm,2026-10-02T04:34:00Z,
2020-11-11,大阪钢巴,神户胜利船,bet365,2.20,3.80,2.87,1.75,4.33,3.80,https://live.nowscore.com/1x2/1872604.htm,2026-10-02T04:34:00Z,
2020-11-11,大阪钢巴,神户胜利船,Pinnacle,2.30,4.00,2.87,1.80,4.30,4.00,https://live.nowscore.com/1x2/1872604.htm,2026-10-02T04:34:00Z,
2020-11-11,FC东京,札幌冈萨多,William Hill,2.20,3.50,3.10,2.10,3.60,3.25,https://live.nowscore.com/1x2/1872608.htm,2026-10-02T04:34:00Z,
2020-11-11,FC东京,札幌冈萨多,bet365,2.10,3.80,3.10,2.05,3.75,3.20,https://live.nowscore.com/1x2/1872608.htm,2026-10-02T04:34:00Z,
2020-11-11,FC东京,札幌冈萨多,Pinnacle,1.97,3.84,3.76,2.18,3.71,3.25,https://live.nowscore.com/1x2/1872608.htm,2026-10-02T04:34:00Z,
2020-11-11,湘南海洋,横滨水手,William Hill,4.80,4.40,1.60,6.00,4.80,1.44,https://live.nowscore.com/1x2/1872549.htm,2026-10-02T04:34:00Z,
2020-11-11,湘南海洋,横滨水手,bet365,5.25,4.20,1.57,5.50,5.25,1.44,https://live.nowscore.com/1x2/1872549.htm,2026-10-02T04:34:00Z,
2020-11-11,湘南海洋,横滨水手,Pinnacle,4.59,4.93,1.62,5.85,5.25,1.48,https://live.nowscore.com/1x2/1872549.htm,2026-10-02T04:34:00Z,
2020-11-14,清水鼓动,大阪樱花,William Hill,3.30,3.70,2.05,3.00,3.60,2.25,https://live.nowscore.com/1x2/1872551.htm,2026-10-02T04:38:00Z,
2020-11-14,清水鼓动,大阪樱花,bet365,3.40,3.75,2.00,3.40,3.80,1.95,https://live.nowscore.com/1x2/1872551.htm,2026-10-02T04:38:00Z,
2020-11-14,清水鼓动,大阪樱花,Pinnacle,3.47,4.11,1.99,3.12,3.84,2.24,https://live.nowscore.com/1x2/1872551.htm,2026-10-02T04:38:00Z,
2020-11-14,广岛三箭,横滨FC,William Hill,1.50,4.20,6.50,1.50,4.20,6.50,https://live.nowscore.com/1x2/1872555.htm,2026-10-02T04:38:00Z,
2020-11-14,广岛三箭,横滨FC,bet365,1.44,4.50,6.50,1.50,4.33,6.00,https://live.nowscore.com/1x2/1872555.htm,2026-10-02T04:38:00Z,
2020-11-14,广岛三箭,横滨FC,Pinnacle,1.46,4.73,7.04,1.52,4.47,6.57,https://live.nowscore.com/1x2/1872555.htm,2026-10-02T04:38:00Z,
2020-11-14,札幌冈萨多,鸟栖沙岩,William Hill,1.95,3.50,3.80,1.91,3.60,4.00,https://live.nowscore.com/1x2/1872558.htm,2026-10-02T04:38:00Z,
2020-11-14,札幌冈萨多,鸟栖沙岩,bet365,1.85,3.60,4.00,1.83,3.75,4.00,https://live.nowscore.com/1x2/1872558.htm,2026-10-02T04:38:00Z,
2020-11-14,札幌冈萨多,鸟栖沙岩,Pinnacle,1.80,3.84,4.56,1.94,3.79,3.99,https://live.nowscore.com/1x2/1872558.htm,2026-10-02T04:38:00Z,
2020-11-14,大阪钢巴,仙台维加泰,William Hill,1.67,3.90,4.80,1.55,4.20,5.80,https://live.nowscore.com/1x2/1872554.htm,2026-10-02T04:38:00Z,
2020-11-14,大阪钢巴,仙台维加泰,bet365,1.66,4.00,4.50,1.53,4.50,5.00,https://live.nowscore.com/1x2/1872554.htm,2026-10-02T04:38:00Z,
2020-11-14,大阪钢巴,仙台维加泰,Pinnacle,1.62,4.36,5.46,1.58,4.50,5.66,https://live.nowscore.com/1x2/1872554.htm,2026-10-02T04:38:00Z,
2020-11-14,横滨水手,浦和红钻,William Hill,1.73,4.00,4.33,2.38,3.90,2.60,https://live.nowscore.com/1x2/1872553.htm,2026-10-02T04:38:00Z,
2020-11-14,横滨水手,浦和红钻,bet365,1.66,4.50,4.00,2.25,4.20,2.62,https://live.nowscore.com/1x2/1872553.htm,2026-10-02T04:38:00Z,
2020-11-14,横滨水手,浦和红钻,Pinnacle,1.73,4.73,4.05,2.37,4.26,2.69,https://live.nowscore.com/1x2/1872553.htm,2026-10-02T04:38:00Z,
2020-11-14,鹿岛鹿角,川崎前锋,William Hill,3.25,3.50,2.15,3.60,3.80,1.91,https://live.nowscore.com/1x2/1872557.htm,2026-10-02T04:38:00Z,
2020-11-14,鹿岛鹿角,川崎前锋,bet365,2.90,3.75,2.20,3.40,4.00,1.90,https://live.nowscore.com/1x2/1872557.htm,2026-10-02T04:38:00Z,
2020-11-14,鹿岛鹿角,川崎前锋,Pinnacle,2.97,3.85,2.29,3.74,4.16,1.92,https://live.nowscore.com/1x2/1872557.htm,2026-10-02T04:38:00Z,
2020-11-15,神户胜利船,湘南海洋,William Hill,1.70,3.90,4.60,1.60,4.00,5.50,https://live.nowscore.com/1x2/1872556.htm,2026-10-02T03:47:00Z,
2020-11-15,神户胜利船,湘南海洋,bet365,1.66,4.00,4.50,1.57,4.50,4.75,https://live.nowscore.com/1x2/1872556.htm,2026-10-02T03:47:00Z,
2020-11-15,神户胜利船,湘南海洋,Pinnacle,1.71,4.33,4.65,1.65,4.24,5.30,https://live.nowscore.com/1x2/1872556.htm,2026-10-02T03:47:00Z,
2020-11-15,名古屋鲸八,FC东京,William Hill,2.45,3.40,2.80,2.70,3.00,2.80,https://live.nowscore.com/1x2/1872552.htm,2026-10-02T03:47:00Z,
2020-11-15,名古屋鲸八,FC东京,bet365,2.40,3.40,2.80,2.62,3.10,2.75,https://live.nowscore.com/1x2/1872552.htm,2026-10-02T03:47:00Z,
2020-11-15,名古屋鲸八,FC东京,Pinnacle,2.32,3.83,2.93,2.70,3.21,2.89,https://live.nowscore.com/1x2/1872552.htm,2026-10-02T03:47:00Z,
2020-11-18,神户胜利船,浦和红钻,William Hill,2.25,3.60,3.00,2.63,3.60,2.38,https://live.nowscore.com/1x2/1872592.htm,2026-10-02T03:55:00Z,
2020-11-18,神户胜利船,浦和红钻,bet365,2.15,4.00,2.87,2.62,4.00,2.30,https://live.nowscore.com/1x2/1872592.htm,2026-10-02T03:55:00Z,
2020-11-18,神户胜利船,浦和红钻,Pinnacle,2.15,4.11,3.07,2.79,3.80,2.46,https://live.nowscore.com/1x2/1872592.htm,2026-10-02T03:55:00Z,
2020-11-18,川崎前锋,横滨水手,William Hill,1.70,4.33,4.20,1.70,4.50,4.00,https://live.nowscore.com/1x2/1872586.htm,2026-10-02T03:55:00Z,
2020-11-18,川崎前锋,横滨水手,bet365,1.66,4.50,4.20,1.66,4.75,4.00,https://live.nowscore.com/1x2/1872586.htm,2026-10-02T03:55:00Z,
2020-11-18,川崎前锋,横滨水手,Pinnacle,1.75,4.50,4.13,1.76,4.77,3.95,https://live.nowscore.com/1x2/1872586.htm,2026-10-02T03:55:00Z,
2020-11-18,仙台维加泰,FC东京,William Hill,4.20,3.60,1.83,3.90,3.60,1.91,https://live.nowscore.com/1x2/1872599.htm,2026-10-02T03:55:00Z,
2020-11-18,仙台维加泰,FC东京,bet365,4.33,3.60,1.75,4.00,3.75,1.83,https://live.nowscore.com/1x2/1872599.htm,2026-10-02T03:55:00Z,
2020-11-18,仙台维加泰,FC东京,Pinnacle,4.39,3.80,1.85,4.10,3.80,1.92,https://live.nowscore.com/1x2/1872599.htm,2026-10-02T03:55:00Z,
2020-11-21,札幌冈萨多,清水鼓动,William Hill,1.85,3.90,3.75,1.85,3.90,3.75,https://live.nowscore.com/1x2/1872563.htm,2026-10-02T04:12:00Z,
2020-11-21,札幌冈萨多,清水鼓动,bet365,1.75,4.33,3.60,1.80,4.33,3.60,https://live.nowscore.com/1x2/1872563.htm,2026-10-02T04:12:00Z,
2020-11-21,札幌冈萨多,清水鼓动,Pinnacle,1.81,4.32,3.96,1.91,4.16,3.76,https://live.nowscore.com/1x2/1872563.htm,2026-10-02T04:12:00Z,
2020-11-21,大分三神,川崎前锋,William Hill,5.50,4.00,1.60,5.80,4.20,1.55,https://live.nowscore.com/1x2/1872567.htm,2026-10-02T04:12:00Z,
2020-11-21,大分三神,川崎前锋,bet365,5.75,4.00,1.53,5.75,4.20,1.53,https://live.nowscore.com/1x2/1872567.htm,2026-10-02T04:12:00Z,
2020-11-21,大分三神,川崎前锋,Pinnacle,5.60,4.29,1.60,6.02,4.30,1.58,https://live.nowscore.com/1x2/1872567.htm,2026-10-02T04:12:00Z,
2020-11-21,仙台维加泰,鹿岛鹿角,William Hill,4.50,3.50,1.80,5.80,4.50,1.50,https://live.nowscore.com/1x2/1872561.htm,2026-10-02T04:12:00Z,
2020-11-21,仙台维加泰,鹿岛鹿角,bet365,4.00,4.00,1.75,5.00,4.33,1.55,https://live.nowscore.com/1x2/1872561.htm,2026-10-02T04:12:00Z,
2020-11-21,仙台维加泰,鹿岛鹿角,Pinnacle,4.49,4.17,1.74,5.88,4.90,1.52,https://live.nowscore.com/1x2/1872561.htm,2026-10-02T04:12:00Z,
2020-11-21,柏太阳神,鸟栖沙岩,William Hill,1.73,4.00,4.33,1.95,3.60,3.75,https://live.nowscore.com/1x2/1872564.htm,2026-10-02T04:12:00Z,
2020-11-21,柏太阳神,鸟栖沙岩,bet365,1.70,4.20,4.20,1.90,3.60,3.75,https://live.nowscore.com/1x2/1872564.htm,2026-10-02T04:12:00Z,
2020-11-21,柏太阳神,鸟栖沙岩,Pinnacle,1.75,4.37,4.23,2.03,3.84,3.62,https://live.nowscore.com/1x2/1872564.htm,2026-10-02T04:12:00Z,
2020-11-21,大阪樱花,广岛三箭,William Hill,2.60,3.30,2.70,3.25,3.25,2.25,https://live.nowscore.com/1x2/1872562.htm,2026-10-02T04:12:00Z,
2020-11-21,大阪樱花,广岛三箭,bet365,2.55,3.50,2.60,3.00,3.50,2.25,https://live.nowscore.com/1x2/1872562.htm,2026-10-02T04:12:00Z,
2020-11-21,大阪樱花,广岛三箭,Pinnacle,2.56,3.64,2.71,3.27,3.44,2.32,https://live.nowscore.com/1x2/1872562.htm,2026-10-02T04:12:00Z,
2020-11-21,名古屋鲸八,湘南海洋,William Hill,1.50,4.20,7.00,1.57,3.75,6.50,https://live.nowscore.com/1x2/1872566.htm,2026-10-02T04:12:00Z,
2020-11-21,名古屋鲸八,湘南海洋,bet365,1.45,4.33,6.50,1.50,4.20,6.00,https://live.nowscore.com/1x2/1872566.htm,2026-10-02T04:12:00Z,
2020-11-21,名古屋鲸八,湘南海洋,Pinnacle,1.50,4.45,6.77,1.60,3.92,6.57,https://live.nowscore.com/1x2/1872566.htm,2026-10-02T04:12:00Z,
2020-11-22,浦和红钻,大阪钢巴,William Hill,2.88,3.40,2.38,2.38,3.60,2.75,https://live.nowscore.com/1x2/1872560.htm,2026-10-02T04:00:00Z,
2020-11-22,浦和红钻,大阪钢巴,bet365,2.80,3.75,2.25,2.30,3.60,2.87,https://live.nowscore.com/1x2/1872560.htm,2026-10-02T04:00:00Z,
2020-11-22,浦和红钻,大阪钢巴,Pinnacle,2.81,3.89,2.38,2.30,3.98,2.92,https://live.nowscore.com/1x2/1872560.htm,2026-10-02T04:00:00Z,
2020-02-21,湘南海洋,浦和红钻,William Hill,2.50,3.60,2.62,3.40,3.50,2.10,https://live.nowscore.com/1x2/1843674.htm,2026-10-02T03:00:00Z,
2020-02-21,湘南海洋,浦和红钻,Pinnacle,2.54,3.65,2.68,3.38,3.63,2.13,https://live.nowscore.com/1x2/1843674.htm,2026-10-02T03:00:00Z,
2020-02-21,湘南海洋,浦和红钻,bet365,2.50,3.50,2.62,3.30,3.60,2.05,https://live.nowscore.com/1x2/1843674.htm,2026-10-02T03:00:00Z,
2020-02-22,仙台维加泰,名古屋鲸八,William Hill,2.45,3.50,2.70,2.87,3.30,2.45,https://live.nowscore.com/1x2/1843673.htm,2026-10-02T03:00:00Z,
2020-02-22,仙台维加泰,名古屋鲸八,Pinnacle,2.66,3.77,2.51,2.92,3.45,2.45,https://live.nowscore.com/1x2/1843673.htm,2026-10-02T03:00:00Z,
2020-02-22,仙台维加泰,名古屋鲸八,bet365,2.45,3.50,2.70,2.80,3.40,2.40,https://live.nowscore.com/1x2/1843673.htm,2026-10-02T03:00:00Z,
2020-02-22,柏太阳神,札幌冈萨多,William Hill,2.00,3.60,3.50,1.88,3.90,3.70,https://live.nowscore.com/1x2/1843672.htm,2026-10-02T03:00:00Z,
2020-02-22,柏太阳神,札幌冈萨多,bet365,1.90,3.60,3.75,1.85,3.80,3.75,https://live.nowscore.com/1x2/1843672.htm,2026-10-02T03:00:00Z,
2020-02-22,柏太阳神,札幌冈萨多,Pinnacle,2.02,3.89,3.48,1.91,4.08,3.72,https://live.nowscore.com/1x2/1843672.htm,2026-10-02T03:00:00Z,
2020-02-22,川崎前锋,鸟栖沙岩,William Hill,1.60,3.90,5.80,1.42,4.40,7.50,https://live.nowscore.com/1x2/1843671.htm,2026-10-02T03:00:00Z,
2020-02-22,川崎前锋,鸟栖沙岩,bet365,1.53,4.00,6.00,1.40,4.50,7.50,https://live.nowscore.com/1x2/1843671.htm,2026-10-02T03:00:00Z,
2020-02-22,川崎前锋,鸟栖沙岩,Pinnacle,1.60,4.12,5.79,1.45,4.57,7.53,https://live.nowscore.com/1x2/1843671.htm,2026-10-02T03:00:00Z,
2020-02-22,大阪樱花,大分三神,William Hill,1.95,3.40,4.00,2.00,3.25,4.00,https://live.nowscore.com/1x2/1843670.htm,2026-10-02T03:00:00Z,
2020-02-22,大阪樱花,大分三神,bet365,1.90,3.40,4.10,1.90,3.50,4.00,https://live.nowscore.com/1x2/1843670.htm,2026-10-02T03:00:00Z,
2020-02-22,大阪樱花,大分三神,Pinnacle,1.98,3.49,4.04,2.03,3.27,4.18,https://live.nowscore.com/1x2/1843670.htm,2026-10-02T03:00:00Z,
2020-02-23,清水鼓动,FC东京,William Hill,3.10,3.40,2.25,3.40,3.60,2.05,https://live.nowscore.com/1x2/1843669.htm,2026-10-02T03:00:00Z,
2020-02-23,清水鼓动,FC东京,bet365,3.40,3.30,2.15,3.30,3.80,2.00,https://live.nowscore.com/1x2/1843669.htm,2026-10-02T03:00:00Z,
2020-02-23,清水鼓动,FC东京,Pinnacle,3.01,3.68,2.29,3.42,3.65,2.11,https://live.nowscore.com/1x2/1843669.htm,2026-10-02T03:00:00Z,
2020-02-23,广岛三箭,鹿岛鹿角,William Hill,2.45,3.25,2.87,2.10,3.25,3.60,https://live.nowscore.com/1x2/1843668.htm,2026-10-02T03:00:00Z,
2020-02-23,广岛三箭,鹿岛鹿角,bet365,2.45,3.25,2.90,2.05,3.30,3.60,https://live.nowscore.com/1x2/1843668.htm,2026-10-02T03:00:00Z,
2020-02-23,广岛三箭,鹿岛鹿角,Pinnacle,2.50,3.41,2.89,2.14,3.40,3.60,https://live.nowscore.com/1x2/1843668.htm,2026-10-02T03:00:00Z,
2020-02-23,横滨水手,大阪钢巴,William Hill,1.70,4.20,4.40,1.63,4.33,4.60,https://live.nowscore.com/1x2/1843667.htm,2026-10-02T03:30:00Z,
2020-02-23,横滨水手,大阪钢巴,bet365,1.65,4.20,4.50,1.60,4.20,5.00,https://live.nowscore.com/1x2/1843667.htm,2026-10-02T03:30:00Z,
2020-02-23,横滨水手,大阪钢巴,Pinnacle,1.73,4.34,4.29,1.68,4.52,4.48,https://live.nowscore.com/1x2/1843667.htm,2026-10-02T03:30:00Z,
2020-02-23,神户胜利船,横滨FC,William Hill,1.78,3.80,4.20,1.55,4.40,5.25,https://live.nowscore.com/1x2/1843666.htm,2026-10-02T03:30:00Z,
2020-02-23,神户胜利船,横滨FC,bet365,1.72,3.80,4.50,1.55,4.33,5.50,https://live.nowscore.com/1x2/1843666.htm,2026-10-02T03:30:00Z,
2020-02-23,神户胜利船,横滨FC,Pinnacle,1.78,4.07,4.31,1.58,4.48,5.37,https://live.nowscore.com/1x2/1843666.htm,2026-10-02T03:30:00Z,
2021-02-26,川崎前锋,横滨水手,William Hill,1.73,4.20,4.20,1.40,5.00,7.00,https://live.nowscore.com/1x2/1969257.htm,2026-10-02T03:30:00Z,
2021-02-26,川崎前锋,横滨水手,bet365,1.67,4.00,4.75,1.44,5.00,6.00,https://live.nowscore.com/1x2/1969257.htm,2026-10-02T03:30:00Z,
2021-02-26,川崎前锋,横滨水手,Pinnacle,1.87,4.33,3.71,1.46,5.62,5.94,https://live.nowscore.com/1x2/1969257.htm,2026-10-02T03:30:00Z,
2021-02-27,大分三神,德岛漩涡,William Hill,2.00,3.40,3.70,2.63,2.88,3.00,https://live.nowscore.com/1x2/1969256.htm,2026-10-02T03:30:00Z,
2021-02-27,大分三神,德岛漩涡,bet365,2.10,3.40,3.40,2.38,3.30,2.90,https://live.nowscore.com/1x2/1969256.htm,2026-10-02T03:30:00Z,
2021-02-27,大分三神,德岛漩涡,Pinnacle,2.22,3.29,3.58,2.81,3.03,2.93,https://live.nowscore.com/1x2/1969256.htm,2026-10-02T03:30:00Z,
2021-02-27,浦和红钻,FC东京,William Hill,2.90,3.60,2.30,3.25,3.40,2.20,https://live.nowscore.com/1x2/1969255.htm,2026-10-02T03:30:00Z,
2021-02-27,浦和红钻,FC东京,bet365,3.00,3.40,2.30,3.20,3.60,2.10,https://live.nowscore.com/1x2/1969255.htm,2026-10-02T03:30:00Z,
2021-02-27,浦和红钻,FC东京,Pinnacle,2.95,3.82,2.31,3.44,3.60,2.17,https://live.nowscore.com/1x2/1969255.htm,2026-10-02T03:30:00Z,
2021-02-27,札幌冈萨多,横滨FC,William Hill,1.85,3.80,3.90,1.62,4.00,5.00,https://live.nowscore.com/1x2/1969254.htm,2026-10-02T03:30:00Z,
2021-02-27,札幌冈萨多,横滨FC,bet365,1.91,3.60,3.75,1.57,4.20,5.25,https://live.nowscore.com/1x2/1969254.htm,2026-10-02T03:30:00Z,
2021-02-27,札幌冈萨多,横滨FC,Pinnacle,1.90,4.06,3.79,1.61,4.39,5.46,https://live.nowscore.com/1x2/1969254.htm,2026-10-02T03:30:00Z,
2021-02-27,广岛三箭,仙台维加泰,William Hill,1.60,4.00,5.50,1.55,4.00,6.00,https://live.nowscore.com/1x2/1969253.htm,2026-10-02T03:30:00Z,
2021-02-27,广岛三箭,仙台维加泰,bet365,1.62,4.00,5.00,1.50,4.20,6.00,https://live.nowscore.com/1x2/1969253.htm,2026-10-02T03:30:00Z,
2021-02-27,广岛三箭,仙台维加泰,Pinnacle,1.64,4.31,5.13,1.57,4.33,6.11,https://live.nowscore.com/1x2/1969253.htm,2026-10-02T03:30:00Z,
2021-02-27,鹿岛鹿角,清水鼓动,William Hill,1.53,4.20,5.80,1.60,4.20,5.00,https://live.nowscore.com/1x2/1969252.htm,2026-10-02T03:30:00Z,
2021-02-27,鹿岛鹿角,清水鼓动,bet365,1.53,4.33,5.50,1.60,4.00,5.25,https://live.nowscore.com/1x2/1969252.htm,2026-10-02T03:30:00Z,
2021-02-27,鹿岛鹿角,清水鼓动,Pinnacle,1.56,4.28,6.05,1.67,4.23,5.08,https://live.nowscore.com/1x2/1969252.htm,2026-10-02T03:30:00Z,
2021-02-27,湘南海洋,鸟栖沙岩,William Hill,2.60,3.30,2.70,3.20,3.10,2.38,https://live.nowscore.com/1x2/1969251.htm,2026-10-02T03:30:00Z,
2021-02-27,湘南海洋,鸟栖沙岩,bet365,2.60,3.25,2.70,3.20,3.25,2.30,https://live.nowscore.com/1x2/1969251.htm,2026-10-02T03:30:00Z,
2021-02-27,湘南海洋,鸟栖沙岩,Pinnacle,2.54,3.53,2.86,3.27,3.04,2.40,https://live.nowscore.com/1x2/1969251.htm,2026-10-02T03:30:00Z,
2021-02-27,大阪樱花,柏太阳神,William Hill,2.25,3.60,3.00,2.45,3.25,2.88,https://live.nowscore.com/1x2/1969250.htm,2026-10-02T03:30:00Z,
2021-02-27,大阪樱花,柏太阳神,bet365,2.15,3.50,3.20,2.40,3.50,2.75,https://live.nowscore.com/1x2/1969250.htm,2026-10-02T03:30:00Z,
2021-02-27,大阪樱花,柏太阳神,Pinnacle,2.18,3.75,3.25,2.50,3.52,2.90,https://live.nowscore.com/1x2/1969250.htm,2026-10-02T03:30:00Z,
2021-02-27,神户胜利船,大阪钢巴,William Hill,2.50,3.60,2.60,2.50,3.40,2.75,https://live.nowscore.com/1x2/1969249.htm,2026-10-02T03:30:00Z,
2021-02-27,神户胜利船,大阪钢巴,bet365,2.30,3.40,3.00,2.40,3.50,2.75,https://live.nowscore.com/1x2/1969249.htm,2026-10-02T03:30:00Z,
2021-02-27,神户胜利船,大阪钢巴,Pinnacle,2.38,3.78,2.86,2.51,3.59,2.86,https://live.nowscore.com/1x2/1969249.htm,2026-10-02T03:30:00Z,
2021-02-28,福冈黄蜂,名古屋鲸八,William Hill,3.80,3.50,1.95,4.20,3.30,1.95,https://live.nowscore.com/1x2/1969248.htm,2026-10-02T03:30:00Z,
2021-02-28,福冈黄蜂,名古屋鲸八,bet365,3.25,3.50,2.10,4.00,3.60,1.85,https://live.nowscore.com/1x2/1969248.htm,2026-10-02T03:30:00Z,
2021-02-28,福冈黄蜂,名古屋鲸八,Pinnacle,3.35,3.71,2.14,4.26,3.50,1.97,https://live.nowscore.com/1x2/1969248.htm,2026-10-02T03:30:00Z,
2021-03-03,川崎前锋,大阪樱花,William Hill,1.60,4.00,5.50,1.40,4.60,7.50,https://live.nowscore.com/1x2/1969357.htm,2026-10-02T03:15:00Z,
2021-03-03,川崎前锋,大阪樱花,bet365,1.57,4.00,5.25,1.44,4.75,6.00,https://live.nowscore.com/1x2/1969357.htm,2026-10-02T03:15:00Z,
2021-03-03,川崎前锋,大阪樱花,Pinnacle,1.65,4.27,5.12,1.47,4.84,6.82,https://live.nowscore.com/1x2/1969357.htm,2026-10-02T03:15:00Z,
2021-03-06,柏太阳神,湘南海洋,William Hill,1.73,3.90,4.40,1.83,3.50,4.33,https://live.nowscore.com/1x2/1969260.htm,2026-10-02T03:15:00Z,
2021-03-06,柏太阳神,湘南海洋,bet365,1.80,3.75,4.20,1.75,4.00,4.20,https://live.nowscore.com/1x2/1969260.htm,2026-10-02T03:15:00Z,
2021-03-06,柏太阳神,湘南海洋,Pinnacle,1.79,4.13,4.24,1.85,3.81,4.37,https://live.nowscore.com/1x2/1969260.htm,2026-10-02T03:15:00Z,
2021-03-06,名古屋鲸八,札幌冈萨多,William Hill,2.20,3.60,3.10,2.50,3.40,2.70,https://live.nowscore.com/1x2/1969261.htm,2026-10-02T03:15:00Z,
2021-03-06,名古屋鲸八,札幌冈萨多,bet365,2.20,3.60,3.00,2.40,3.60,2.70,https://live.nowscore.com/1x2/1969261.htm,2026-10-02T03:15:00Z,
2021-03-06,名古屋鲸八,札幌冈萨多,Pinnacle,2.26,3.83,3.04,2.61,3.59,2.73,https://live.nowscore.com/1x2/1969261.htm,2026-10-02T03:15:00Z,
2021-03-06,鸟栖沙岩,浦和红钻,William Hill,2.70,3.30,2.60,2.45,3.20,3.00,https://live.nowscore.com/1x2/1969262.htm,2026-10-02T03:15:00Z,
2021-03-06,鸟栖沙岩,浦和红钻,bet365,2.60,3.40,2.60,2.38,3.40,2.90,https://live.nowscore.com/1x2/1969262.htm,2026-10-02T03:15:00Z,
2021-03-06,鸟栖沙岩,浦和红钻,Pinnacle,2.81,3.66,2.51,2.37,3.47,3.15,https://live.nowscore.com/1x2/1969262.htm,2026-10-02T03:15:00Z,
2021-03-06,横滨FC,大分三神,William Hill,2.63,3.20,2.70,2.50,3.20,2.88,https://live.nowscore.com/1x2/1969263.htm,2026-10-02T03:15:00Z,
2021-03-06,横滨FC,大分三神,bet365,2.75,3.20,2.60,2.50,3.20,2.90,https://live.nowscore.com/1x2/1969263.htm,2026-10-02T03:15:00Z,
2021-03-06,横滨FC,大分三神,Pinnacle,2.85,3.32,2.62,2.60,3.43,2.84,https://live.nowscore.com/1x2/1969263.htm,2026-10-02T03:15:00Z,
2021-03-06,仙台维加泰,川崎前锋,William Hill,9.00,5.00,1.33,6.00,4.20,1.44,https://live.nowscore.com/1x2/1969264.htm,2026-10-02T03:15:00Z,
2021-03-06,仙台维加泰,川崎前锋,bet365,7.50,5.50,1.33,6.50,4.75,1.40,https://live.nowscore.com/1x2/1969264.htm,2026-10-02T03:15:00Z,
2021-03-06,仙台维加泰,川崎前锋,Pinnacle,6.39,5.04,1.46,6.83,4.79,1.42,https://live.nowscore.com/1x2/1969264.htm,2026-10-02T03:15:00Z,
2021-03-06,FC东京,大阪樱花,William Hill,2.30,3.30,3.10,2.30,2.88,3.20,https://live.nowscore.com/1x2/1969265.htm,2026-10-02T03:15:00Z,
2021-03-06,FC东京,大阪樱花,bet365,2.30,3.30,3.10,2.20,3.25,3.20,https://live.nowscore.com/1x2/1969265.htm,2026-10-02T03:15:00Z,
2021-03-06,FC东京,大阪樱花,Pinnacle,2.38,3.54,3.03,2.26,3.30,3.26,https://live.nowscore.com/1x2/1969265.htm,2026-10-02T03:15:00Z,
2021-03-06,德岛漩涡,神户胜利船,William Hill,3.30,3.50,2.15,3.00,3.30,2.15,https://live.nowscore.com/1x2/1969266.htm,2026-10-02T03:15:00Z,
2021-03-06,德岛漩涡,神户胜利船,bet365,3.40,3.50,2.05,3.00,3.50,2.25,https://live.nowscore.com/1x2/1969266.htm,2026-10-02T03:15:00Z,
2021-03-06,德岛漩涡,神户胜利船,Pinnacle,3.29,3.64,2.20,3.16,3.53,2.21,https://live.nowscore.com/1x2/1969266.htm,2026-10-02T03:15:00Z,
2021-03-06,清水鼓动,福冈黄蜂,William Hill,2.00,3.50,3.60,1.91,3.20,3.70,https://live.nowscore.com/1x2/1969267.htm,2026-10-02T03:15:00Z,
2021-03-06,清水鼓动,福冈黄蜂,bet365,2.00,3.50,3.60,1.91,3.75,4.00,https://live.nowscore.com/1x2/1969267.htm,2026-10-02T03:15:00Z,
2021-03-06,清水鼓动,福冈黄蜂,Pinnacle,2.05,3.68,3.65,1.93,3.57,3.96,https://live.nowscore.com/1x2/1969267.htm,2026-10-02T03:15:00Z,
2021-03-07,横滨水手,广岛三箭,William Hill,2.15,3.80,3.00,2.20,3.60,3.10,https://live.nowscore.com/1x2/1969258.htm,2026-10-02T03:15:00Z,
2021-03-07,横滨水手,广岛三箭,bet365,2.10,3.75,3.10,2.15,3.80,2.90,https://live.nowscore.com/1x2/1969258.htm,2026-10-02T03:15:00Z,
2021-03-07,横滨水手,广岛三箭,Pinnacle,2.19,4.04,3.04,2.25,3.98,3.02,https://live.nowscore.com/1x2/1969258.htm,2026-10-02T03:15:00Z,
2021-03-10,浦和红钻,横滨FC,William Hill,1.83,3.90,3.90,1.95,3.50,3.90,https://live.nowscore.com/1x2/1969268.htm,2026-10-02T03:20:00Z,
2021-03-10,浦和红钻,横滨FC,bet365,1.83,3.80,3.80,1.91,3.75,3.60,https://live.nowscore.com/1x2/1969268.htm,2026-10-02T03:20:00Z,
2021-03-10,浦和红钻,横滨FC,Pinnacle,1.87,4.11,3.87,1.99,3.72,3.87,https://live.nowscore.com/1x2/1969268.htm,2026-10-02T03:20:00Z,
2021-03-10,FC东京,神户胜利船,William Hill,2.25,3.60,3.00,2.15,3.40,3.30,https://live.nowscore.com/1x2/1969271.htm,2026-10-02T03:20:00Z,
2021-03-10,FC东京,神户胜利船,bet365,2.20,3.60,3.00,2.10,3.60,3.10,https://live.nowscore.com/1x2/1969271.htm,2026-10-02T03:20:00Z,
2021-03-10,FC东京,神户胜利船,Pinnacle,2.12,3.72,3.41,2.19,3.67,3.36,https://live.nowscore.com/1x2/1969271.htm,2026-10-02T03:20:00Z,
2021-03-10,柏太阳神,名古屋鲸八,William Hill,2.63,3.40,2.60,3.00,3.20,2.45,https://live.nowscore.com/1x2/1969276.htm,2026-10-02T03:20:00Z,
2021-03-10,柏太阳神,名古屋鲸八,bet365,2.55,3.40,2.55,2.75,3.40,2.45,https://live.nowscore.com/1x2/1969276.htm,2026-10-02T03:20:00Z,
2021-03-10,柏太阳神,名古屋鲸八,Pinnacle,2.56,3.62,2.73,2.90,3.38,2.59,https://live.nowscore.com/1x2/1969276.htm,2026-10-02T03:20:00Z,
2021-03-10,福冈黄蜂,横滨水手,William Hill,3.50,3.80,1.95,4.33,3.90,1.75,https://live.nowscore.com/1x2/1969277.htm,2026-10-02T03:20:00Z,
2021-03-10,福冈黄蜂,横滨水手,bet365,3.50,4.00,1.91,4.00,4.20,1.75,https://live.nowscore.com/1x2/1969277.htm,2026-10-02T03:20:00Z,
2021-03-10,福冈黄蜂,横滨水手,Pinnacle,3.52,4.19,1.95,4.53,4.18,1.75,https://live.nowscore.com/1x2/1969277.htm,2026-10-02T03:20:00Z,
2021-03-10,广岛三箭,札幌冈萨多,William Hill,2.05,3.70,3.30,2.63,3.40,2.60,https://live.nowscore.com/1x2/1969269.htm,2026-10-02T03:20:00Z,
2021-03-10,广岛三箭,札幌冈萨多,bet365,2.10,3.75,3.00,2.63,3.60,2.45,https://live.nowscore.com/1x2/1969269.htm,2026-10-02T03:20:00Z,
2021-03-10,广岛三箭,札幌冈萨多,Pinnacle,2.01,4.05,3.46,2.74,3.55,2.63,https://live.nowscore.com/1x2/1969269.htm,2026-10-02T03:20:00Z,
2021-03-10,大阪樱花,清水鼓动,William Hill,2.10,3.60,3.30,2.10,3.40,3.50,https://live.nowscore.com/1x2/1969270.htm,2026-10-02T03:20:00Z,
2021-03-10,大阪樱花,清水鼓动,bet365,2.05,3.60,3.20,2.15,3.50,3.10,https://live.nowscore.com/1x2/1969270.htm,2026-10-02T03:20:00Z,
2021-03-10,大阪樱花,清水鼓动,Pinnacle,1.86,4.06,3.95,2.15,3.61,3.51,https://live.nowscore.com/1x2/1969270.htm,2026-10-02T03:20:00Z,
2021-03-10,川崎前锋,德岛漩涡,William Hill,1.25,5.80,12.00,1.20,6.50,13.00,https://live.nowscore.com/1x2/1969272.htm,2026-10-02T03:20:00Z,
2021-03-10,川崎前锋,德岛漩涡,bet365,1.25,5.75,12.00,1.18,7.00,13.00,https://live.nowscore.com/1x2/1969272.htm,2026-10-02T03:20:00Z,
2021-03-10,川崎前锋,德岛漩涡,Pinnacle,1.29,6.10,9.86,1.21,7.30,13.78,https://live.nowscore.com/1x2/1969272.htm,2026-10-02T03:20:00Z,
2021-03-10,鸟栖沙岩,仙台维加泰,William Hill,2.00,3.50,3.60,2.05,3.30,3.70,https://live.nowscore.com/1x2/1969273.htm,2026-10-02T03:20:00Z,
2021-03-10,鸟栖沙岩,仙台维加泰,bet365,1.95,3.60,3.50,2.00,3.50,3.60,https://live.nowscore.com/1x2/1969273.htm,2026-10-02T03:20:00Z,
2021-03-10,鸟栖沙岩,仙台维加泰,Pinnacle,1.89,3.82,4.09,2.08,3.49,3.81,https://live.nowscore.com/1x2/1969273.htm,2026-10-02T03:20:00Z,
2021-03-10,鹿岛鹿角,湘南海洋,William Hill,1.50,4.20,7.00,1.40,4.40,8.50,https://live.nowscore.com/1x2/1969275.htm,2026-10-02T03:20:00Z,
2021-03-10,鹿岛鹿角,湘南海洋,bet365,1.45,4.33,6.50,1.36,4.75,8.00,https://live.nowscore.com/1x2/1969275.htm,2026-10-02T03:20:00Z,
2021-03-10,鹿岛鹿角,湘南海洋,Pinnacle,1.48,4.54,7.10,1.43,4.78,8.12,https://live.nowscore.com/1x2/1969275.htm,2026-10-02T03:20:00Z,
2021-03-13,德岛漩涡,福冈黄蜂,William Hill,2.38,3.25,3.10,2.50,3.10,3.00,https://live.nowscore.com/1x2/1969286.htm,2026-10-02T03:30:00Z,
2021-03-13,德岛漩涡,福冈黄蜂,bet365,2.20,3.20,3.40,2.38,3.30,2.90,https://live.nowscore.com/1x2/1969286.htm,2026-10-02T03:30:00Z,
2021-03-13,德岛漩涡,福冈黄蜂,Pinnacle,2.25,3.56,3.24,2.15,3.32,3.49,https://live.nowscore.com/1x2/1969286.htm,2026-10-02T03:30:00Z,
2021-03-13,鹿岛鹿角,广岛三箭,William Hill,2.20,3.50,3.10,2.00,3.50,3.60,https://live.nowscore.com/1x2/1969283.htm,2026-10-02T03:30:00Z,
2021-03-13,鹿岛鹿角,广岛三箭,bet365,2.20,3.30,3.30,1.95,3.60,3.60,https://live.nowscore.com/1x2/1969283.htm,2026-10-02T03:30:00Z,
2021-03-13,鹿岛鹿角,广岛三箭,Pinnacle,2.22,3.70,3.20,1.99,3.71,3.59,https://live.nowscore.com/1x2/1969283.htm,2026-10-02T03:30:00Z,
2021-03-13,湘南海洋,仙台维加泰,William Hill,2.25,3.60,3.00,2.38,3.20,3.10,https://live.nowscore.com/1x2/1969284.htm,2026-10-02T03:30:00Z,
2021-03-13,湘南海洋,仙台维加泰,bet365,2.25,3.30,3.20,2.38,3.30,2.90,https://live.nowscore.com/1x2/1969284.htm,2026-10-02T03:30:00Z,
2021-03-13,湘南海洋,仙台维加泰,Pinnacle,2.29,3.81,2.99,2.28,3.42,3.11,https://live.nowscore.com/1x2/1969284.htm,2026-10-02T03:30:00Z,
2021-03-13,横滨FC,大阪樱花,William Hill,4.00,3.50,1.91,4.20,3.50,1.85,https://live.nowscore.com/1x2/1969287.htm,2026-10-02T03:30:00Z,
2021-03-13,横滨FC,大阪樱花,bet365,4.20,3.60,1.83,4.00,3.60,1.85,https://live.nowscore.com/1x2/1969287.htm,2026-10-02T03:30:00Z,
2021-03-13,横滨FC,大阪樱花,Pinnacle,3.81,3.74,1.98,3.28,3.54,2.15,https://live.nowscore.com/1x2/1969287.htm,2026-10-02T03:30:00Z,
2021-03-13,川崎前锋,柏太阳神,William Hill,1.50,4.33,6.00,1.33,5.00,9.00,https://live.nowscore.com/1x2/1969282.htm,2026-10-02T03:30:00Z,
2021-03-13,川崎前锋,柏太阳神,bet365,1.50,4.00,7.00,1.30,5.50,8.00,https://live.nowscore.com/1x2/1969282.htm,2026-10-02T03:30:00Z,
2021-03-13,川崎前锋,柏太阳神,Pinnacle,1.64,4.32,5.09,1.31,5.71,8.38,https://live.nowscore.com/1x2/1969282.htm,2026-10-02T03:30:00Z,
2021-03-13,神户胜利船,名古屋鲸八,William Hill,2.70,3.60,2.40,3.00,3.20,2.40,https://live.nowscore.com/1x2/1969281.htm,2026-10-02T03:30:00Z,
2021-03-13,神户胜利船,名古屋鲸八,bet365,2.70,3.40,2.50,2.90,3.30,2.40,https://live.nowscore.com/1x2/1969281.htm,2026-10-02T03:30:00Z,
2021-03-13,神户胜利船,名古屋鲸八,Pinnacle,2.71,3.85,2.47,3.11,3.37,2.44,https://live.nowscore.com/1x2/1969281.htm,2026-10-02T03:30:00Z,
2021-03-14,横滨水手,浦和红钻,William Hill,1.62,4.20,5.00,1.29,5.00,8.00,https://live.nowscore.com/1x2/1969280.htm,2026-10-02T03:30:00Z,
2021-03-14,横滨水手,浦和红钻,bet365,1.57,4.00,5.50,1.22,6.00,11.00,https://live.nowscore.com/1x2/1969280.htm,2026-10-02T03:30:00Z,
2021-03-14,横滨水手,浦和红钻,Pinnacle,1.64,4.46,4.96,1.65,4.51,4.97,https://live.nowscore.com/1x2/1969280.htm,2026-10-02T03:30:00Z,
2021-03-14,清水鼓动,鸟栖沙岩,William Hill,2.45,3.40,2.80,2.63,3.20,2.70,https://live.nowscore.com/1x2/1969279.htm,2026-10-02T03:30:00Z,
2021-03-14,清水鼓动,鸟栖沙岩,bet365,2.50,3.25,2.80,2.75,3.40,2.50,https://live.nowscore.com/1x2/1969279.htm,2026-10-02T03:30:00Z,
2021-03-14,清水鼓动,鸟栖沙岩,Pinnacle,2.53,3.66,2.74,2.82,3.30,2.70,https://live.nowscore.com/1x2/1969279.htm,2026-10-02T03:30:00Z,
2021-03-14,大分三神,FC东京,William Hill,3.60,3.40,2.05,3.60,3.20,2.15,https://live.nowscore.com/1x2/1969278.htm,2026-10-02T03:30:00Z,
2021-03-14,大分三神,FC东京,bet365,3.75,3.40,2.00,3.80,3.40,2.00,https://live.nowscore.com/1x2/1969278.htm,2026-10-02T03:30:00Z,
2021-03-14,大分三神,FC东京,Pinnacle,4.05,3.64,1.95,3.68,3.38,2.17,https://live.nowscore.com/1x2/1969278.htm,2026-10-02T03:30:00Z,
2021-03-17,FC东京,湘南海洋,William Hill,1.70,3.80,4.75,1.95,3.20,4.20,https://live.nowscore.com/1x2/1969294.htm,2026-10-02T03:35:00Z,
2021-03-17,FC东京,湘南海洋,bet365,1.67,4.00,4.50,1.91,3.50,4.00,https://live.nowscore.com/1x2/1969294.htm,2026-10-02T03:35:00Z,
2021-03-17,FC东京,湘南海洋,Pinnacle,1.74,4.02,4.71,2.00,3.40,4.27,https://live.nowscore.com/1x2/1969294.htm,2026-10-02T03:35:00Z,
2021-03-17,福冈黄蜂,鹿岛鹿角,William Hill,4.50,3.80,1.73,5.50,3.50,1.57,https://live.nowscore.com/1x2/1969297.htm,2026-10-02T03:35:00Z,
2021-03-17,福冈黄蜂,鹿岛鹿角,bet365,4.50,4.00,1.70,5.50,4.00,1.57,https://live.nowscore.com/1x2/1969297.htm,2026-10-02T03:35:00Z,
2021-03-17,福冈黄蜂,鹿岛鹿角,Pinnacle,4.47,4.20,1.74,5.71,3.93,1.60,https://live.nowscore.com/1x2/1969297.htm,2026-10-02T03:35:00Z,
2021-03-17,浦和红钻,札幌冈萨多,William Hill,3.00,3.50,2.25,3.25,3.30,2.05,https://live.nowscore.com/1x2/1969289.htm,2026-10-02T03:35:00Z,
2021-03-17,浦和红钻,札幌冈萨多,bet365,2.88,3.50,2.30,3.60,3.50,1.95,https://live.nowscore.com/1x2/1969289.htm,2026-10-02T03:35:00Z,
2021-03-17,浦和红钻,札幌冈萨多,Pinnacle,2.84,3.65,2.46,3.66,3.58,2.01,https://live.nowscore.com/1x2/1969289.htm,2026-10-02T03:35:00Z,
2021-03-17,名古屋鲸八,横滨FC,William Hill,1.70,3.70,5.00,1.53,3.90,7.00,https://live.nowscore.com/1x2/1969288.htm,2026-10-02T03:35:00Z,
2021-03-17,名古屋鲸八,横滨FC,bet365,1.70,3.80,4.50,1.53,4.00,6.00,https://live.nowscore.com/1x2/1969288.htm,2026-10-02T03:35:00Z,
2021-03-17,名古屋鲸八,横滨FC,Pinnacle,1.74,3.88,4.88,1.57,3.98,6.85,https://live.nowscore.com/1x2/1969288.htm,2026-10-02T03:35:00Z,
2021-03-17,鸟栖沙岩,柏太阳神,William Hill,2.60,3.40,2.63,3.00,3.10,2.45,https://live.nowscore.com/1x2/1969290.htm,2026-10-02T03:35:00Z,
2021-03-17,鸟栖沙岩,柏太阳神,bet365,2.45,3.50,2.63,2.88,3.50,2.30,https://live.nowscore.com/1x2/1969290.htm,2026-10-02T03:35:00Z,
2021-03-17,鸟栖沙岩,柏太阳神,Pinnacle,2.58,3.72,2.65,3.00,3.31,2.55,https://live.nowscore.com/1x2/1969290.htm,2026-10-02T03:35:00Z,
2021-03-17,广岛三箭,清水鼓动,William Hill,1.80,3.75,4.20,1.85,3.50,4.20,https://live.nowscore.com/1x2/1969292.htm,2026-10-02T03:35:00Z,
2021-03-17,广岛三箭,清水鼓动,bet365,1.75,3.80,4.20,1.83,4.00,3.75,https://live.nowscore.com/1x2/1969292.htm,2026-10-02T03:35:00Z,
2021-03-17,广岛三箭,清水鼓动,Pinnacle,1.81,4.08,4.21,1.89,3.74,4.27,https://live.nowscore.com/1x2/1969292.htm,2026-10-02T03:35:00Z,
2021-03-17,大阪樱花,大分三神,William Hill,1.91,3.40,4.20,1.60,3.75,5.80,https://live.nowscore.com/1x2/1969293.htm,2026-10-02T03:35:00Z,
2021-03-17,大阪樱花,大分三神,bet365,1.91,3.50,3.80,1.62,3.75,5.50,https://live.nowscore.com/1x2/1969293.htm,2026-10-02T03:35:00Z,
2021-03-17,大阪樱花,大分三神,Pinnacle,1.95,3.53,4.18,1.63,4.11,5.69,https://live.nowscore.com/1x2/1969293.htm,2026-10-02T03:35:00Z,
2021-03-17,神户胜利船,川崎前锋,William Hill,6.00,4.20,1.53,6.50,4.40,1.50,https://live.nowscore.com/1x2/1969295.htm,2026-10-02T03:35:00Z,
2021-03-17,神户胜利船,川崎前锋,bet365,5.75,4.33,1.50,5.50,4.50,1.45,https://live.nowscore.com/1x2/1969295.htm,2026-10-02T03:35:00Z,
2021-03-17,神户胜利船,川崎前锋,Pinnacle,4.62,4.27,1.70,5.94,4.45,1.51,https://live.nowscore.com/1x2/1969295.htm,2026-10-02T03:35:00Z,
2021-03-17,横滨水手,德岛漩涡,William Hill,1.57,4.20,5.50,1.44,4.60,6.50,https://live.nowscore.com/1x2/1969296.htm,2026-10-02T03:35:00Z,
2021-03-17,横滨水手,德岛漩涡,bet365,1.55,4.33,5.00,1.44,4.75,6.00,https://live.nowscore.com/1x2/1969296.htm,2026-10-02T03:35:00Z,
2021-03-17,横滨水手,德岛漩涡,Pinnacle,1.61,4.49,5.21,1.52,4.65,5.48,https://live.nowscore.com/1x2/1969296.htm,2026-10-02T03:35:00Z,
2021-03-20,札幌冈萨多,神户胜利船,William Hill,2.38,3.50,2.90,1.75,4.00,4.20,https://live.nowscore.com/1x2/1969307.htm,2026-10-02T03:40:00Z,
2021-03-20,札幌冈萨多,神户胜利船,bet365,2.30,3.50,2.90,1.73,4.00,4.20,https://live.nowscore.com/1x2/1969307.htm,2026-10-02T03:40:00Z,
2021-03-20,札幌冈萨多,神户胜利船,Pinnacle,2.62,3.68,2.64,1.87,3.93,3.91,https://live.nowscore.com/1x2/1969307.htm,2026-10-02T03:40:00Z,
2021-03-21,FC东京,仙台维加泰,William Hill,1.60,3.90,5.80,1.57,3.90,6.00,https://live.nowscore.com/1x2/1969306.htm,2026-10-02T03:40:00Z,
2021-03-21,FC东京,仙台维加泰,bet365,1.55,4.00,5.75,1.57,4.20,5.00,https://live.nowscore.com/1x2/1969306.htm,2026-10-02T03:40:00Z,
2021-03-21,FC东京,仙台维加泰,Pinnacle,1.61,4.15,5.69,1.60,4.01,5.57,https://live.nowscore.com/1x2/1969306.htm,2026-10-02T03:40:00Z,
2021-03-21,鸟栖沙岩,福冈黄蜂,William Hill,1.73,3.70,4.80,1.91,3.25,4.40,https://live.nowscore.com/1x2/1969303.htm,2026-10-02T03:40:00Z,
2021-03-21,鸟栖沙岩,福冈黄蜂,bet365,1.73,3.75,4.50,1.91,3.60,3.80,https://live.nowscore.com/1x2/1969303.htm,2026-10-02T03:40:00Z,
2021-03-21,鸟栖沙岩,福冈黄蜂,Pinnacle,1.75,3.89,4.85,1.96,3.35,4.50,https://live.nowscore.com/1x2/1969303.htm,2026-10-02T03:40:00Z,
2021-03-21,大分三神,广岛三箭,William Hill,3.20,3.40,2.20,3.90,3.25,2.00,https://live.nowscore.com/1x2/1969304.htm,2026-10-02T03:40:00Z,
2021-03-21,大分三神,广岛三箭,bet365,3.10,3.40,2.20,3.50,3.60,2.00,https://live.nowscore.com/1x2/1969304.htm,2026-10-02T03:40:00Z,
2021-03-21,大分三神,广岛三箭,Pinnacle,3.23,3.60,2.24,3.90,3.30,2.13,https://live.nowscore.com/1x2/1969304.htm,2026-10-02T03:40:00Z,
2021-03-21,德岛漩涡,横滨FC,William Hill,2.15,3.50,3.25,1.80,3.60,4.50,https://live.nowscore.com/1x2/1969305.htm,2026-10-02T03:40:00Z,
2021-03-21,德岛漩涡,横滨FC,bet365,2.10,3.60,3.20,1.75,3.80,4.33,https://live.nowscore.com/1x2/1969305.htm,2026-10-02T03:40:00Z,
2021-03-21,德岛漩涡,横滨FC,Pinnacle,2.16,3.77,3.27,1.82,3.81,4.60,https://live.nowscore.com/1x2/1969305.htm,2026-10-02T03:40:00Z,
2021-03-21,浦和红钻,川崎前锋,William Hill,8.00,4.60,1.40,8.00,4.75,1.40,https://live.nowscore.com/1x2/1969300.htm,2026-10-02T03:40:00Z,
2021-03-21,浦和红钻,川崎前锋,bet365,7.50,4.75,1.36,7.00,4.75,1.40,https://live.nowscore.com/1x2/1969300.htm,2026-10-02T03:40:00Z,
2021-03-21,浦和红钻,川崎前锋,Pinnacle,7.28,5.12,1.42,7.95,5.22,1.40,https://live.nowscore.com/1x2/1969300.htm,2026-10-02T03:40:00Z,
2021-03-21,湘南海洋,大阪樱花,William Hill,3.90,3.40,1.95,4.33,3.30,1.91,https://live.nowscore.com/1x2/1969301.htm,2026-10-02T03:40:00Z,
2021-03-21,湘南海洋,大阪樱花,bet365,3.75,3.40,1.95,4.00,3.50,1.85,https://live.nowscore.com/1x2/1969301.htm,2026-10-02T03:40:00Z,
2021-03-21,湘南海洋,大阪樱花,Pinnacle,3.86,3.47,2.05,4.41,3.53,1.93,https://live.nowscore.com/1x2/1969301.htm,2026-10-02T03:40:00Z,
2021-03-21,鹿岛鹿角,名古屋鲸八,William Hill,2.10,3.40,3.50,2.30,3.10,3.30,https://live.nowscore.com/1x2/1969298.htm,2026-10-02T03:40:00Z,
2021-03-21,鹿岛鹿角,名古屋鲸八,bet365,2.00,3.50,3.50,2.30,3.10,3.25,https://live.nowscore.com/1x2/1969298.htm,2026-10-02T03:40:00Z,
2021-03-21,鹿岛鹿角,名古屋鲸八,Pinnacle,2.17,3.62,3.37,2.46,3.18,3.02,https://live.nowscore.com/1x2/1969298.htm,2026-10-02T03:40:00Z,
2021-03-21,柏太阳神,清水鼓动,William Hill,2.05,3.50,3.50,2.25,3.25,3.25,https://live.nowscore.com/1x2/1969299.htm,2026-10-02T03:40:00Z,
2021-03-21,柏太阳神,清水鼓动,bet365,1.95,3.60,3.50,2.25,3.50,3.00,https://live.nowscore.com/1x2/1969299.htm,2026-10-02T03:40:00Z,
2021-03-21,柏太阳神,清水鼓动,Pinnacle,1.91,3.91,3.92,2.27,3.41,3.15,https://live.nowscore.com/1x2/1969299.htm,2026-10-02T03:40:00Z,
2021-04-02,大阪樱花,鸟栖沙岩,William Hill,2.20,3.20,3.40,2.30,3.10,3.30,https://live.nowscore.com/1x2/1969317.htm,2026-10-02T03:50:00Z,
2021-04-02,大阪樱花,鸟栖沙岩,bet365,2.10,3.30,3.50,2.20,3.25,3.20,https://live.nowscore.com/1x2/1969317.htm,2026-10-02T03:50:00Z,
2021-04-02,大阪樱花,鸟栖沙岩,Pinnacle,2.05,3.55,3.76,2.28,3.30,3.50,https://live.nowscore.com/1x2/1969317.htm,2026-10-02T03:50:00Z,
2021-04-03,横滨水手,湘南海洋,William Hill,1.40,4.60,7.50,1.50,4.40,6.00,https://live.nowscore.com/1x2/1969316.htm,2026-10-02T03:50:00Z,
2021-04-03,横滨水手,湘南海洋,bet365,1.40,4.50,7.50,1.50,4.75,5.50,https://live.nowscore.com/1x2/1969316.htm,2026-10-02T03:50:00Z,
2021-04-03,横滨水手,湘南海洋,Pinnacle,1.38,5.36,7.80,1.54,4.71,5.89,https://live.nowscore.com/1x2/1969316.htm,2026-10-02T03:50:00Z,
2021-04-03,仙台维加泰,神户胜利船,William Hill,3.80,3.20,2.05,3.20,3.60,2.15,https://live.nowscore.com/1x2/1969312.htm,2026-10-02T03:50:00Z,
2021-04-03,仙台维加泰,神户胜利船,bet365,4.00,3.50,1.91,3.10,3.60,2.15,https://live.nowscore.com/1x2/1969312.htm,2026-10-02T03:50:00Z,
2021-04-03,仙台维加泰,神户胜利船,Pinnacle,3.34,3.94,2.08,3.25,3.77,2.11,https://live.nowscore.com/1x2/1969312.htm,2026-10-02T03:50:00Z,
2021-04-03,福冈黄蜂,札幌冈萨多,William Hill,3.40,3.30,2.15,5.00,3.80,1.65,https://live.nowscore.com/1x2/1969313.htm,2026-10-02T03:50:00Z,
2021-04-03,福冈黄蜂,札幌冈萨多,bet365,4.00,3.40,1.91,5.00,3.80,1.57,https://live.nowscore.com/1x2/1969313.htm,2026-10-02T03:50:00Z,
2021-04-03,福冈黄蜂,札幌冈萨多,Pinnacle,3.56,3.67,2.08,5.42,4.13,1.65,https://live.nowscore.com/1x2/1969313.htm,2026-10-02T03:50:00Z,
2021-04-03,广岛三箭,大阪钢巴,William Hill,1.83,3.75,4.00,2.15,3.30,3.40,https://live.nowscore.com/1x2/1969314.htm,2026-10-02T03:50:00Z,
2021-04-03,广岛三箭,大阪钢巴,bet365,1.83,3.75,4.00,2.10,3.80,3.10,https://live.nowscore.com/1x2/1969314.htm,2026-10-02T03:50:00Z,
2021-04-03,广岛三箭,大阪钢巴,Pinnacle,1.88,3.97,4.05,2.02,3.56,3.65,https://live.nowscore.com/1x2/1969314.htm,2026-10-02T03:50:00Z,
2021-04-03,名古屋鲸八,FC东京,William Hill,2.05,3.20,3.90,2.15,3.00,3.80,https://live.nowscore.com/1x2/1969315.htm,2026-10-02T03:50:00Z,
2021-04-03,名古屋鲸八,FC东京,bet365,2.00,3.30,3.75,2.15,3.10,3.60,https://live.nowscore.com/1x2/1969315.htm,2026-10-02T03:50:00Z,
2021-04-03,名古屋鲸八,FC东京,Pinnacle,2.00,3.52,3.97,2.22,3.20,3.77,https://live.nowscore.com/1x2/1969315.htm,2026-10-02T03:50:00Z,
2021-04-03,浦和红钻,鹿岛鹿角,William Hill,2.60,3.00,2.90,4.00,3.60,1.83,https://live.nowscore.com/1x2/1969311.htm,2026-10-02T03:50:00Z,
2021-04-03,浦和红钻,鹿岛鹿角,bet365,2.70,3.20,2.60,4.00,3.70,1.83,https://live.nowscore.com/1x2/1969311.htm,2026-10-02T03:50:00Z,
2021-04-03,浦和红钻,鹿岛鹿角,Pinnacle,3.39,3.90,2.07,4.07,3.74,1.93,https://live.nowscore.com/1x2/1969311.htm,2026-10-02T03:50:00Z,
2021-04-03,横滨FC,柏太阳神,William Hill,3.00,3.10,2.50,4.75,3.60,1.75,https://live.nowscore.com/1x2/1969310.htm,2026-10-02T03:50:00Z,
2021-04-03,横滨FC,柏太阳神,bet365,3.10,3.30,2.25,4.50,3.80,1.75,https://live.nowscore.com/1x2/1969310.htm,2026-10-02T03:50:00Z,
2021-04-03,横滨FC,柏太阳神,Pinnacle,3.41,3.74,2.11,4.69,3.79,1.81,https://live.nowscore.com/1x2/1969310.htm,2026-10-02T03:50:00Z,
2021-04-03,川崎前锋,大分三神,William Hill,1.25,5.50,13.00,1.22,6.50,12.00,https://live.nowscore.com/1x2/1969309.htm,2026-10-02T03:50:00Z,
2021-04-03,川崎前锋,大分三神,bet365,1.25,6.00,10.00,1.22,6.00,13.00,https://live.nowscore.com/1x2/1969309.htm,2026-10-02T03:50:00Z,
2021-04-03,川崎前锋,大分三神,Pinnacle,1.19,7.63,15.98,1.21,7.39,13.70,https://live.nowscore.com/1x2/1969309.htm,2026-10-02T03:50:00Z,
2021-04-04,清水鼓动,德岛漩涡,William Hill,1.85,3.30,4.50,2.30,3.20,3.20,https://live.nowscore.com/1x2/1969308.htm,2026-10-02T04:00:00Z,
2021-04-04,清水鼓动,德岛漩涡,bet365,1.80,3.50,4.50,2.30,3.40,3.00,https://live.nowscore.com/1x2/1969308.htm,2026-10-02T04:00:00Z,
2021-04-04,清水鼓动,德岛漩涡,Pinnacle,2.27,3.51,3.25,2.38,3.31,3.27,https://live.nowscore.com/1x2/1969308.htm,2026-10-02T04:00:00Z,
2021-04-06,横滨水手,大阪樱花,William Hill,2.15,3.50,3.20,1.67,4.20,4.50,https://live.nowscore.com/1x2/1969327.htm,2026-10-02T04:00:00Z,
2021-04-06,横滨水手,大阪樱花,bet365,2.10,3.50,3.30,1.67,4.33,4.20,https://live.nowscore.com/1x2/1969327.htm,2026-10-02T04:00:00Z,
2021-04-06,横滨水手,大阪樱花,Pinnacle,2.08,4.06,3.26,1.71,4.27,4.25,https://live.nowscore.com/1x2/1969327.htm,2026-10-02T04:00:00Z,
2021-04-07,湘南海洋,名古屋鲸八,William Hill,4.33,3.30,1.91,4.20,3.00,2.05,https://live.nowscore.com/1x2/1969318.htm,2026-10-02T04:00:00Z,
2021-04-07,湘南海洋,名古屋鲸八,bet365,4.20,3.60,1.83,3.80,3.10,2.05,https://live.nowscore.com/1x2/1969318.htm,2026-10-02T04:00:00Z,
2021-04-07,湘南海洋,名古屋鲸八,Pinnacle,4.03,3.40,2.03,4.09,3.16,2.14,https://live.nowscore.com/1x2/1969318.htm,2026-10-02T04:00:00Z,
2021-04-07,横滨FC,广岛三箭,William Hill,4.50,3.50,1.80,5.00,3.75,1.70,https://live.nowscore.com/1x2/1969319.htm,2026-10-02T04:00:00Z,
2021-04-07,横滨FC,广岛三箭,bet365,4.50,3.60,1.75,4.50,4.00,1.70,https://live.nowscore.com/1x2/1969319.htm,2026-10-02T04:00:00Z,
2021-04-07,横滨FC,广岛三箭,Pinnacle,4.69,4.09,1.72,5.09,4.07,1.70,https://live.nowscore.com/1x2/1969319.htm,2026-10-02T04:00:00Z,
2021-04-07,FC东京,札幌冈萨多,William Hill,2.25,3.40,3.10,2.70,3.60,2.45,https://live.nowscore.com/1x2/1969320.htm,2026-10-02T04:00:00Z,
2021-04-07,FC东京,札幌冈萨多,bet365,2.30,3.30,3.10,2.60,3.75,2.40,https://live.nowscore.com/1x2/1969320.htm,2026-10-02T04:00:00Z,
2021-04-07,FC东京,札幌冈萨多,Pinnacle,2.50,3.66,2.77,2.76,3.69,2.54,https://live.nowscore.com/1x2/1969320.htm,2026-10-02T04:00:00Z,
2021-04-07,鹿岛鹿角,柏太阳神,William Hill,1.83,3.70,4.20,1.80,3.60,4.33,https://live.nowscore.com/1x2/1969321.htm,2026-10-02T04:00:00Z,
2021-04-07,鹿岛鹿角,柏太阳神,bet365,1.80,3.60,4.33,1.83,3.80,3.90,https://live.nowscore.com/1x2/1969321.htm,2026-10-02T04:00:00Z,
2021-04-07,鹿岛鹿角,柏太阳神,Pinnacle,1.72,4.18,4.64,1.85,3.90,4.27,https://live.nowscore.com/1x2/1969321.htm,2026-10-02T04:00:00Z,
2021-04-07,川崎前锋,鸟栖沙岩,William Hill,1.33,5.00,9.00,1.35,4.80,9.00,https://live.nowscore.com/1x2/1969322.htm,2026-10-02T04:00:00Z,
2021-04-07,川崎前锋,鸟栖沙岩,bet365,1.33,5.25,8.00,1.33,5.00,8.50,https://live.nowscore.com/1x2/1969322.htm,2026-10-02T04:00:00Z,
2021-04-07,川崎前锋,鸟栖沙岩,Pinnacle,1.30,5.73,10.28,1.36,5.26,9.15,https://live.nowscore.com/1x2/1969322.htm,2026-10-02T04:00:00Z,
2021-04-07,清水鼓动,浦和红钻,William Hill,2.50,3.20,2.90,2.63,3.20,2.70,https://live.nowscore.com/1x2/1969323.htm,2026-10-02T04:00:00Z,
2021-04-07,清水鼓动,浦和红钻,bet365,2.40,3.30,2.88,2.63,3.25,2.63,https://live.nowscore.com/1x2/1969323.htm,2026-10-02T04:00:00Z,
2021-04-07,清水鼓动,浦和红钻,Pinnacle,2.57,3.67,2.69,2.76,3.35,2.72,https://live.nowscore.com/1x2/1969323.htm,2026-10-02T04:00:00Z,
2021-04-07,德岛漩涡,仙台维加泰,William Hill,2.05,3.20,3.80,1.83,3.50,4.40,https://live.nowscore.com/1x2/1969324.htm,2026-10-02T04:00:00Z,
2021-04-07,德岛漩涡,仙台维加泰,bet365,2.00,3.40,3.75,1.80,3.60,4.20,https://live.nowscore.com/1x2/1969324.htm,2026-10-02T04:00:00Z,
2021-04-07,德岛漩涡,仙台维加泰,Pinnacle,2.21,3.46,3.42,1.83,3.73,4.65,https://live.nowscore.com/1x2/1969324.htm,2026-10-02T04:00:00Z,
2021-04-07,神户胜利船,大分三神,William Hill,1.83,3.40,4.50,1.91,3.40,4.33,https://live.nowscore.com/1x2/1969325.htm,2026-10-02T04:00:00Z,
2021-04-07,神户胜利船,大分三神,bet365,1.80,3.60,4.33,1.85,3.50,4.00,https://live.nowscore.com/1x2/1969325.htm,2026-10-02T04:00:00Z,
2021-04-07,神户胜利船,大分三神,Pinnacle,1.87,3.92,4.07,1.93,3.58,4.33,https://live.nowscore.com/1x2/1969325.htm,2026-10-02T04:00:00Z,
2021-04-07,大阪钢巴,福冈黄蜂,William Hill,1.85,3.40,4.50,1.75,3.50,5.00,https://live.nowscore.com/1x2/1969326.htm,2026-10-02T04:00:00Z,
2021-04-07,大阪钢巴,福冈黄蜂,bet365,1.75,3.60,4.33,1.75,3.60,4.50,https://live.nowscore.com/1x2/1969326.htm,2026-10-02T04:00:00Z,
2021-04-07,大阪钢巴,福冈黄蜂,Pinnacle,1.62,4.26,5.37,1.79,3.69,4.97,https://live.nowscore.com/1x2/1969326.htm,2026-10-02T04:00:00Z,
2021-04-10,广岛三箭,湘南海洋,William Hill,1.55,3.75,7.00,1.91,3.20,4.50,https://live.nowscore.com/1x2/1969337.htm,2026-10-02T04:10:00Z,
2021-04-10,广岛三箭,湘南海洋,bet365,1.53,4.20,6.00,1.91,3.60,3.80,https://live.nowscore.com/1x2/1969337.htm,2026-10-02T04:10:00Z,
2021-04-10,广岛三箭,湘南海洋,Pinnacle,1.52,4.11,7.20,1.82,3.46,4.69,https://live.nowscore.com/1x2/1969337.htm,2026-10-02T04:10:00Z,
2021-04-10,大阪樱花,福冈黄蜂,William Hill,1.75,3.50,5.00,1.83,3.40,4.50,https://live.nowscore.com/1x2/1969328.htm,2026-10-02T04:10:00Z,
2021-04-10,大阪樱花,福冈黄蜂,bet365,1.70,3.60,5.00,1.83,3.60,4.20,https://live.nowscore.com/1x2/1969328.htm,2026-10-02T04:10:00Z,
2021-04-10,大阪樱花,福冈黄蜂,Pinnacle,1.70,3.90,5.19,1.86,3.51,4.82,https://live.nowscore.com/1x2/1969328.htm,2026-10-02T04:10:00Z,
2021-04-11,札幌冈萨多,鹿岛鹿角,William Hill,2.63,3.20,2.70,2.50,3.60,2.60,https://live.nowscore.com/1x2/1969336.htm,2026-10-02T04:10:00Z,
2021-04-11,札幌冈萨多,鹿岛鹿角,bet365,2.63,3.25,2.63,2.45,3.75,2.55,https://live.nowscore.com/1x2/1969336.htm,2026-10-02T04:10:00Z,
2021-04-11,札幌冈萨多,鹿岛鹿角,Pinnacle,2.55,3.76,2.66,2.29,3.62,2.94,https://live.nowscore.com/1x2/1969336.htm,2026-10-02T04:10:00Z,
2021-04-11,FC东京,川崎前锋,William Hill,4.75,3.70,1.73,4.60,3.80,1.73,https://live.nowscore.com/1x2/1969334.htm,2026-10-02T04:10:00Z,
2021-04-11,FC东京,川崎前锋,bet365,4.50,3.75,1.73,4.50,3.80,1.73,https://live.nowscore.com/1x2/1969334.htm,2026-10-02T04:10:00Z,
2021-04-11,FC东京,川崎前锋,Pinnacle,4.49,4.02,1.77,4.73,4.26,1.71,https://live.nowscore.com/1x2/1969334.htm,2026-10-02T04:10:00Z,
2021-04-11,仙台维加泰,横滨水手,William Hill,4.33,3.60,1.80,5.50,4.20,1.57,https://live.nowscore.com/1x2/1969335.htm,2026-10-02T04:10:00Z,
2021-04-11,仙台维加泰,横滨水手,bet365,5.00,3.75,1.70,5.75,4.00,1.57,https://live.nowscore.com/1x2/1969335.htm,2026-10-02T04:10:00Z,
2021-04-11,仙台维加泰,横滨水手,Pinnacle,4.55,3.96,1.78,5.29,4.61,1.60,https://live.nowscore.com/1x2/1969335.htm,2026-10-02T04:10:00Z,
2021-04-11,大分三神,名古屋鲸八,William Hill,4.33,3.30,1.91,4.60,2.90,2.00,https://live.nowscore.com/1x2/1969332.htm,2026-10-02T04:10:00Z,
2021-04-11,大分三神,名古屋鲸八,bet365,4.50,3.25,1.83,4.20,3.10,2.00,https://live.nowscore.com/1x2/1969332.htm,2026-10-02T04:10:00Z,
2021-04-11,大分三神,名古屋鲸八,Pinnacle,4.23,3.33,2.01,4.53,2.97,2.05,https://live.nowscore.com/1x2/1969332.htm,2026-10-02T04:10:00Z,
2021-04-11,鸟栖沙岩,横滨FC,William Hill,1.65,3.70,5.50,1.67,3.60,5.50,https://live.nowscore.com/1x2/1969333.htm,2026-10-02T04:10:00Z,
2021-04-11,鸟栖沙岩,横滨FC,bet365,1.62,3.60,5.50,1.67,3.75,5.00,https://live.nowscore.com/1x2/1969333.htm,2026-10-02T04:10:00Z,
2021-04-11,鸟栖沙岩,横滨FC,Pinnacle,1.70,3.96,5.27,1.67,3.71,5.39,https://live.nowscore.com/1x2/1969333.htm,2026-10-02T04:10:00Z,
2021-04-11,浦和红钻,德岛漩涡,William Hill,2.20,3.50,3.10,2.25,3.10,3.40,https://live.nowscore.com/1x2/1969331.htm,2026-10-02T04:10:00Z,
2021-04-11,浦和红钻,德岛漩涡,bet365,2.20,3.30,3.20,2.25,3.40,3.10,https://live.nowscore.com/1x2/1969331.htm,2026-10-02T04:10:00Z,
2021-04-11,浦和红钻,德岛漩涡,Pinnacle,2.45,3.68,2.83,2.27,3.26,3.56,https://live.nowscore.com/1x2/1969331.htm,2026-10-02T04:10:00Z,
2021-04-11,柏太阳神,大阪钢巴,William Hill,2.25,3.50,3.00,2.38,3.30,3.00,https://live.nowscore.com/1x2/1969329.htm,2026-10-02T04:10:00Z,
2021-04-11,柏太阳神,大阪钢巴,bet365,2.20,3.20,3.20,2.30,3.40,3.00,https://live.nowscore.com/1x2/1969329.htm,2026-10-02T04:10:00Z,
2021-04-11,柏太阳神,大阪钢巴,Pinnacle,2.30,3.83,2.96,2.33,3.51,2.96,https://live.nowscore.com/1x2/1969329.htm,2026-10-02T04:10:00Z,
2021-04-11,神户胜利船,清水鼓动,William Hill,1.85,3.50,4.20,1.91,3.60,3.90,https://live.nowscore.com/1x2/1969330.htm,2026-10-02T04:10:00Z,
2021-04-11,神户胜利船,清水鼓动,bet365,1.83,3.60,4.00,1.91,3.75,3.75,https://live.nowscore.com/1x2/1969330.htm,2026-10-02T04:10:00Z,
2021-04-11,神户胜利船,清水鼓动,Pinnacle,1.89,3.93,3.98,1.96,3.67,3.74,https://live.nowscore.com/1x2/1969330.htm,2026-10-02T04:10:00Z,
2021-04-14,大阪樱花,德岛漩涡,William Hill,1.91,3.40,4.20,2.20,3.10,3.60,https://live.nowscore.com/1x2/1969425.htm,2026-10-02T04:20:00Z,
2021-04-14,大阪樱花,德岛漩涡,bet365,1.85,3.50,4.20,2.20,3.25,3.30,https://live.nowscore.com/1x2/1969425.htm,2026-10-02T04:20:00Z,
2021-04-14,大阪樱花,德岛漩涡,Pinnacle,2.02,3.60,3.82,2.27,3.34,3.49,https://live.nowscore.com/1x2/1969425.htm,2026-10-02T04:20:00Z,
2021-04-14,鸟栖沙岩,大阪钢巴,William Hill,2.38,3.25,3.00,2.45,3.10,3.00,https://live.nowscore.com/1x2/1969420.htm,2026-10-02T04:20:00Z,
2021-04-14,鸟栖沙岩,大阪钢巴,bet365,2.30,3.30,3.00,2.40,3.20,2.88,https://live.nowscore.com/1x2/1969420.htm,2026-10-02T04:20:00Z,
2021-04-14,鸟栖沙岩,大阪钢巴,Pinnacle,2.53,3.46,2.86,2.57,3.27,3.01,https://live.nowscore.com/1x2/1969420.htm,2026-10-02T04:20:00Z,
2021-04-14,川崎前锋,福冈黄蜂,William Hill,1.25,5.80,13.00,1.22,6.00,15.00,https://live.nowscore.com/1x2/1969435.htm,2026-10-02T04:20:00Z,
2021-04-14,川崎前锋,福冈黄蜂,bet365,1.22,6.00,12.00,1.22,5.75,13.00,https://live.nowscore.com/1x2/1969435.htm,2026-10-02T04:20:00Z,
2021-04-14,川崎前锋,福冈黄蜂,Pinnacle,1.22,6.86,12.87,1.23,6.69,13.97,https://live.nowscore.com/1x2/1969435.htm,2026-10-02T04:20:00Z,
2021-04-14,名古屋鲸八,广岛三箭,William Hill,2.30,3.00,3.40,2.38,2.88,3.50,https://live.nowscore.com/1x2/1969437.htm,2026-10-02T04:20:00Z,
2021-04-14,名古屋鲸八,广岛三箭,bet365,2.20,3.10,3.40,2.25,3.00,3.50,https://live.nowscore.com/1x2/1969437.htm,2026-10-02T04:20:00Z,
2021-04-14,名古屋鲸八,广岛三箭,Pinnacle,2.23,3.37,3.46,2.41,2.97,3.64,https://live.nowscore.com/1x2/1969437.htm,2026-10-02T04:20:00Z,
2021-04-16,札幌冈萨多,横滨水手,William Hill,2.75,3.60,2.38,2.45,3.90,2.50,https://live.nowscore.com/1x2/1969347.htm,2026-10-02T04:20:00Z,
2021-04-16,札幌冈萨多,横滨水手,bet365,2.90,3.30,2.40,2.30,4.20,2.55,https://live.nowscore.com/1x2/1969347.htm,2026-10-02T04:20:00Z,
2021-04-16,札幌冈萨多,横滨水手,Pinnacle,2.23,4.21,2.87,2.44,4.11,2.67,https://live.nowscore.com/1x2/1969347.htm,2026-10-02T04:20:00Z,
2021-04-17,大分三神,柏太阳神,William Hill,3.30,3.30,2.20,3.20,3.00,2.40,https://live.nowscore.com/1x2/1969343.htm,2026-10-02T04:20:00Z,
2021-04-17,大分三神,柏太阳神,bet365,3.30,3.30,2.20,2.90,3.25,2.40,https://live.nowscore.com/1x2/1969343.htm,2026-10-02T04:20:00Z,
2021-04-17,大分三神,柏太阳神,Pinnacle,3.07,3.34,2.45,3.18,3.20,2.50,https://live.nowscore.com/1x2/1969343.htm,2026-10-02T04:20:00Z,
2021-04-17,德岛漩涡,鹿岛鹿角,William Hill,4.00,3.40,1.95,3.30,3.30,2.20,https://live.nowscore.com/1x2/1969344.htm,2026-10-02T04:20:00Z,
2021-04-17,德岛漩涡,鹿岛鹿角,bet365,3.30,3.30,2.20,3.10,3.50,2.20,https://live.nowscore.com/1x2/1969344.htm,2026-10-02T04:20:00Z,
2021-04-17,德岛漩涡,鹿岛鹿角,Pinnacle,4.14,3.87,1.89,3.37,3.44,2.27,https://live.nowscore.com/1x2/1969344.htm,2026-10-02T04:20:00Z,
2021-04-17,福冈黄蜂,FC东京,William Hill,3.90,3.25,2.00,3.80,3.20,2.05,https://live.nowscore.com/1x2/1969345.htm,2026-10-02T04:20:00Z,
2021-04-17,福冈黄蜂,FC东京,bet365,3.50,3.30,2.10,3.75,3.40,2.00,https://live.nowscore.com/1x2/1969345.htm,2026-10-02T04:20:00Z,
2021-04-17,福冈黄蜂,FC东京,Pinnacle,3.95,3.45,2.03,3.74,3.43,2.13,https://live.nowscore.com/1x2/1969345.htm,2026-10-02T04:20:00Z,
2021-04-17,横滨FC,仙台维加泰,William Hill,2.50,3.30,2.80,3.00,3.20,2.40,https://live.nowscore.com/1x2/1969346.htm,2026-10-02T04:20:00Z,
2021-04-17,横滨FC,仙台维加泰,bet365,2.25,3.30,3.20,2.90,3.50,2.30,https://live.nowscore.com/1x2/1969346.htm,2026-10-02T04:20:00Z,
2021-04-17,横滨FC,仙台维加泰,Pinnacle,2.58,3.56,2.75,3.11,3.39,2.43,https://live.nowscore.com/1x2/1969346.htm,2026-10-02T04:20:00Z,
2021-04-17,湘南海洋,神户胜利船,William Hill,3.40,3.40,2.10,3.25,3.20,2.25,https://live.nowscore.com/1x2/1969342.htm,2026-10-02T04:20:00Z,
2021-04-17,湘南海洋,神户胜利船,bet365,3.40,3.20,2.20,3.25,3.20,2.25,https://live.nowscore.com/1x2/1969342.htm,2026-10-02T04:20:00Z,
2021-04-17,湘南海洋,神户胜利船,Pinnacle,3.08,3.66,2.29,3.28,3.46,2.30,https://live.nowscore.com/1x2/1969342.htm,2026-10-02T04:20:00Z,
2021-04-18,川崎前锋,广岛三箭,William Hill,1.44,4.50,7.00,1.40,4.60,8.00,https://live.nowscore.com/1x2/1969339.htm,2026-10-02T04:20:00Z,
2021-04-18,川崎前锋,广岛三箭,bet365,1.50,4.00,7.00,1.40,4.50,7.50,https://live.nowscore.com/1x2/1969339.htm,2026-10-02T04:20:00Z,
2021-04-18,川崎前锋,广岛三箭,Pinnacle,1.40,5.14,7.72,1.44,4.95,7.38,https://live.nowscore.com/1x2/1969339.htm,2026-10-02T04:20:00Z,
2021-04-18,大阪樱花,浦和红钻,William Hill,2.00,3.25,4.00,2.25,3.20,3.30,https://live.nowscore.com/1x2/1969338.htm,2026-10-02T04:20:00Z,
2021-04-18,大阪樱花,浦和红钻,bet365,2.10,3.30,3.50,2.20,3.30,3.25,https://live.nowscore.com/1x2/1969338.htm,2026-10-02T04:20:00Z,
2021-04-18,大阪樱花,浦和红钻,Pinnacle,1.92,3.78,4.01,2.31,3.41,3.31,https://live.nowscore.com/1x2/1969338.htm,2026-10-02T04:20:00Z,
2021-04-18,名古屋鲸八,鸟栖沙岩,William Hill,1.80,3.30,5.00,1.95,3.00,4.60,https://live.nowscore.com/1x2/1969341.htm,2026-10-02T04:20:00Z,
2021-04-18,名古屋鲸八,鸟栖沙岩,bet365,1.73,3.50,5.00,1.91,3.30,4.00,https://live.nowscore.com/1x2/1969341.htm,2026-10-02T04:20:00Z,
2021-04-18,名古屋鲸八,鸟栖沙岩,Pinnacle,1.83,3.49,4.90,2.01,3.12,4.71,https://live.nowscore.com/1x2/1969341.htm,2026-10-02T04:20:00Z,
2021-04-18,大阪钢巴,清水鼓动,William Hill,2.05,3.50,3.50,2.20,3.20,3.40,https://live.nowscore.com/1x2/1969340.htm,2026-10-02T04:20:00Z,
2021-04-18,大阪钢巴,清水鼓动,bet365,2.10,3.20,3.60,2.15,3.60,3.10,https://live.nowscore.com/1x2/1969340.htm,2026-10-02T04:20:00Z,
2021-04-18,大阪钢巴,清水鼓动,Pinnacle,2.04,3.83,3.54,2.30,3.41,3.33,https://live.nowscore.com/1x2/1969340.htm,2026-10-02T04:20:00Z,
2021-04-22,名古屋鲸八,大阪钢巴,William Hill,1.95,3.10,4.20,1.95,3.10,4.20,https://live.nowscore.com/1x2/1969356.htm,2026-10-02T03:55:00Z,
2021-04-22,名古屋鲸八,大阪钢巴,bet365,1.91,3.20,4.33,2.05,3.20,3.80,https://live.nowscore.com/1x2/1969356.htm,2026-10-02T03:55:00Z,
2021-04-22,名古屋鲸八,大阪钢巴,Pinnacle,2.00,3.45,4.07,2.14,3.24,3.97,https://live.nowscore.com/1x2/1969356.htm,2026-10-02T03:55:00Z,
2021-04-24,札幌冈萨多,仙台维加泰,William Hill,1.60,3.60,6.50,1.67,3.90,4.80,https://live.nowscore.com/1x2/1969355.htm,2026-10-02T04:00:00Z,
2021-04-24,札幌冈萨多,仙台维加泰,bet365,1.55,3.75,5.50,1.67,4.00,4.75,https://live.nowscore.com/1x2/1969355.htm,2026-10-02T04:00:00Z,
2021-04-24,札幌冈萨多,仙台维加泰,Pinnacle,1.43,5.09,6.92,1.71,4.03,5.04,https://live.nowscore.com/1x2/1969355.htm,2026-10-02T04:00:00Z,
2021-04-24,横滨水手,横滨FC,William Hill,1.36,5.00,8.00,1.30,5.50,9.00,https://live.nowscore.com/1x2/1969352.htm,2026-10-02T04:00:00Z,
2021-04-24,横滨水手,横滨FC,bet365,1.33,6.50,5.25,1.33,5.50,7.50,https://live.nowscore.com/1x2/1969352.htm,2026-10-02T04:00:00Z,
2021-04-24,横滨水手,横滨FC,Pinnacle,1.30,6.09,8.91,1.33,5.95,8.97,https://live.nowscore.com/1x2/1969352.htm,2026-10-02T04:00:00Z,
2021-04-24,广岛三箭,福冈黄蜂,William Hill,1.85,3.30,4.60,1.75,3.30,5.50,https://live.nowscore.com/1x2/1969353.htm,2026-10-02T04:00:00Z,
2021-04-24,广岛三箭,福冈黄蜂,bet365,1.75,3.50,4.20,1.83,3.50,4.33,https://live.nowscore.com/1x2/1969353.htm,2026-10-02T04:00:00Z,
2021-04-24,广岛三箭,福冈黄蜂,Pinnacle,1.68,3.76,5.74,1.81,3.44,5.38,https://live.nowscore.com/1x2/1969353.htm,2026-10-02T04:00:00Z,
2021-04-24,FC东京,鸟栖沙岩,William Hill,2.20,3.10,3.50,2.25,3.10,3.40,https://live.nowscore.com/1x2/1969354.htm,2026-10-02T04:00:00Z,
2021-04-24,FC东京,鸟栖沙岩,bet365,2.10,3.20,3.30,2.30,3.20,3.10,https://live.nowscore.com/1x2/1969354.htm,2026-10-02T04:00:00Z,
2021-04-24,FC东京,鸟栖沙岩,Pinnacle,2.10,3.32,3.89,2.48,3.17,3.25,https://live.nowscore.com/1x2/1969354.htm,2026-10-02T04:00:00Z,
2021-04-24,柏太阳神,德岛漩涡,William Hill,2.20,3.10,3.60,2.38,3.00,3.30,https://live.nowscore.com/1x2/1969351.htm,2026-10-02T04:00:00Z,
2021-04-24,柏太阳神,德岛漩涡,bet365,2.10,3.10,3.40,2.45,3.10,3.00,https://live.nowscore.com/1x2/1969351.htm,2026-10-02T04:00:00Z,
2021-04-24,柏太阳神,德岛漩涡,Pinnacle,2.18,3.60,3.37,2.50,3.10,3.28,https://live.nowscore.com/1x2/1969351.htm,2026-10-02T04:00:00Z,
2021-04-24,鹿岛鹿角,神户胜利船,William Hill,2.30,3.10,3.30,2.00,3.40,3.75,https://live.nowscore.com/1x2/1969350.htm,2026-10-02T04:00:00Z,
2021-04-24,鹿岛鹿角,神户胜利船,bet365,2.25,3.10,3.10,1.95,3.60,3.50,https://live.nowscore.com/1x2/1969350.htm,2026-10-02T04:00:00Z,
2021-04-24,鹿岛鹿角,神户胜利船,Pinnacle,1.85,3.59,4.58,2.05,3.61,3.78,https://live.nowscore.com/1x2/1969350.htm,2026-10-02T04:00:00Z,
2021-04-25,清水鼓动,湘南海洋,William Hill,2.25,3.10,3.40,2.38,3.10,3.20,https://live.nowscore.com/1x2/1969349.htm,2026-10-02T04:05:00Z,
2021-04-25,清水鼓动,湘南海洋,bet365,2.20,3.10,3.10,2.40,3.20,3.00,https://live.nowscore.com/1x2/1969349.htm,2026-10-02T04:05:00Z,
2021-04-25,清水鼓动,湘南海洋,Pinnacle,2.12,3.58,3.52,2.55,3.11,3.20,https://live.nowscore.com/1x2/1969349.htm,2026-10-02T04:05:00Z,
2021-04-25,浦和红钻,大分三神,William Hill,2.00,3.30,4.00,1.95,3.10,4.40,https://live.nowscore.com/1x2/1969348.htm,2026-10-02T04:05:00Z,
2021-04-25,浦和红钻,大分三神,bet365,1.91,3.40,3.60,1.91,3.40,4.00,https://live.nowscore.com/1x2/1969348.htm,2026-10-02T04:05:00Z,
2021-04-25,浦和红钻,大分三神,Pinnacle,2.07,3.49,3.76,1.95,3.32,4.65,https://live.nowscore.com/1x2/1969348.htm,2026-10-02T04:05:00Z,
2021-04-29,名古屋鲸八,川崎前锋,William Hill,4.80,3.50,1.80,4.60,3.50,1.80,https://live.nowscore.com/1x2/1969461.htm,2026-10-02T04:10:00Z,
2021-04-29,名古屋鲸八,川崎前锋,bet365,5.00,3.50,1.67,4.00,3.60,1.83,https://live.nowscore.com/1x2/1969461.htm,2026-10-02T04:10:00Z,
2021-04-29,名古屋鲸八,川崎前锋,Pinnacle,4.14,3.63,1.95,4.35,3.33,1.93,https://live.nowscore.com/1x2/1969461.htm,2026-10-02T04:10:00Z,
2021-05-01,FC东京,横滨水手,William Hill,2.80,3.50,2.38,3.50,3.80,1.95,https://live.nowscore.com/1x2/1969365.htm,2026-10-02T04:15:00Z,
2021-05-01,FC东京,横滨水手,bet365,2.63,3.75,2.30,3.50,4.00,1.91,https://live.nowscore.com/1x2/1969365.htm,2026-10-02T04:15:00Z,
2021-05-01,FC东京,横滨水手,Pinnacle,2.70,3.88,2.47,3.56,4.12,1.98,https://live.nowscore.com/1x2/1969365.htm,2026-10-02T04:15:00Z,
2021-05-01,福冈黄蜂,浦和红钻,William Hill,2.80,3.20,2.60,3.10,3.10,2.40,https://live.nowscore.com/1x2/1969366.htm,2026-10-02T04:15:00Z,
2021-05-01,福冈黄蜂,浦和红钻,bet365,2.80,3.30,2.45,3.00,3.30,2.30,https://live.nowscore.com/1x2/1969366.htm,2026-10-02T04:15:00Z,
2021-05-01,福冈黄蜂,浦和红钻,Pinnacle,2.82,3.45,2.58,3.21,3.32,2.41,https://live.nowscore.com/1x2/1969366.htm,2026-10-02T04:15:00Z,
2021-05-01,仙台维加泰,柏太阳神,William Hill,2.88,3.20,2.50,3.30,3.20,2.25,https://live.nowscore.com/1x2/1969367.htm,2026-10-02T04:15:00Z,
2021-05-01,仙台维加泰,柏太阳神,bet365,2.75,3.30,2.40,3.10,3.50,2.20,https://live.nowscore.com/1x2/1969367.htm,2026-10-02T04:15:00Z,
2021-05-01,仙台维加泰,柏太阳神,Pinnacle,3.33,3.46,2.25,3.37,3.42,2.28,https://live.nowscore.com/1x2/1969367.htm,2026-10-02T04:15:00Z,
2021-05-01,神户胜利船,广岛三箭,William Hill,2.25,3.30,3.20,2.90,3.40,2.38,https://live.nowscore.com/1x2/1969364.htm,2026-10-02T04:15:00Z,
2021-05-01,神户胜利船,广岛三箭,bet365,2.15,3.50,3.10,2.75,3.50,2.40,https://live.nowscore.com/1x2/1969364.htm,2026-10-02T04:15:00Z,
2021-05-01,神户胜利船,广岛三箭,Pinnacle,2.52,3.59,2.80,3.12,3.35,2.45,https://live.nowscore.com/1x2/1969364.htm,2026-10-02T04:15:00Z,
2021-05-01,鸟栖沙岩,德岛漩涡,William Hill,2.20,3.20,3.40,2.15,3.00,3.80,https://live.nowscore.com/1x2/1969363.htm,2026-10-02T04:15:00Z,
2021-05-01,鸟栖沙岩,德岛漩涡,bet365,2.15,3.30,3.20,2.10,3.30,3.50,https://live.nowscore.com/1x2/1969363.htm,2026-10-02T04:15:00Z,
2021-05-01,鸟栖沙岩,德岛漩涡,Pinnacle,2.26,3.30,3.46,2.16,3.15,4.03,https://live.nowscore.com/1x2/1969363.htm,2026-10-02T04:15:00Z,
2021-05-01,横滨FC,鹿岛鹿角,William Hill,4.50,3.60,1.80,5.00,3.60,1.62,https://live.nowscore.com/1x2/1969362.htm,2026-10-02T04:15:00Z,
2021-05-01,横滨FC,鹿岛鹿角,bet365,4.00,3.75,1.80,5.50,4.20,1.57,https://live.nowscore.com/1x2/1969362.htm,2026-10-02T04:15:00Z,
2021-05-01,横滨FC,鹿岛鹿角,Pinnacle,5.28,4.20,1.64,5.32,3.86,1.65,https://live.nowscore.com/1x2/1969362.htm,2026-10-02T04:15:00Z,
2021-05-02,大分三神,清水鼓动,William Hill,2.38,3.10,3.20,3.00,2.88,2.63,https://live.nowscore.com/1x2/1969361.htm,2026-10-02T04:20:00Z,
2021-05-02,大分三神,清水鼓动,bet365,2.20,3.30,3.10,2.88,3.40,2.38,https://live.nowscore.com/1x2/1969361.htm,2026-10-02T04:20:00Z,
2021-05-02,大分三神,清水鼓动,Pinnacle,2.45,3.60,2.88,2.99,3.02,2.76,https://live.nowscore.com/1x2/1969361.htm,2026-10-02T04:20:00Z,
2021-05-02,大阪樱花,大阪钢巴,William Hill,2.10,3.20,3.70,2.38,3.30,3.00,https://live.nowscore.com/1x2/1969358.htm,2026-10-02T04:20:00Z,
2021-05-02,大阪樱花,大阪钢巴,bet365,2.00,3.40,3.50,2.25,3.40,3.10,https://live.nowscore.com/1x2/1969358.htm,2026-10-02T04:20:00Z,
2021-05-02,大阪樱花,大阪钢巴,Pinnacle,2.32,3.63,3.06,2.32,3.56,3.18,https://live.nowscore.com/1x2/1969358.htm,2026-10-02T04:20:00Z,
2021-05-02,湘南海洋,札幌冈萨多,William Hill,2.90,3.40,2.38,3.60,3.50,2.00,https://live.nowscore.com/1x2/1969360.htm,2026-10-02T04:20:00Z,
2021-05-02,湘南海洋,札幌冈萨多,bet365,2.88,3.50,2.25,3.80,3.50,1.91,https://live.nowscore.com/1x2/1969360.htm,2026-10-02T04:20:00Z,
2021-05-02,湘南海洋,札幌冈萨多,Pinnacle,3.43,3.64,2.14,3.79,3.75,2.01,https://live.nowscore.com/1x2/1969360.htm,2026-10-02T04:20:00Z,
2021-05-04,川崎前锋,名古屋鲸八,William Hill,1.80,3.50,4.60,1.50,4.00,7.00,https://live.nowscore.com/1x2/1969359.htm,2026-10-02T04:25:00Z,
2021-05-04,川崎前锋,名古屋鲸八,bet365,1.67,4.00,4.50,1.44,4.33,7.00,https://live.nowscore.com/1x2/1969359.htm,2026-10-02T04:25:00Z,
2021-05-04,川崎前锋,名古屋鲸八,Pinnacle,1.53,4.24,6.64,1.55,4.08,7.01,https://live.nowscore.com/1x2/1969359.htm,2026-10-02T04:25:00Z,
2021-05-08,鸟栖沙岩,广岛三箭,William Hill,2.80,3.10,2.60,2.80,3.00,2.70,https://live.nowscore.com/1x2/1969377.htm,2026-10-02T04:30:00Z,
2021-05-08,鸟栖沙岩,广岛三箭,bet365,2.88,3.20,2.45,2.80,3.20,2.60,https://live.nowscore.com/1x2/1969377.htm,2026-10-02T04:30:00Z,
2021-05-08,鸟栖沙岩,广岛三箭,Pinnacle,2.67,3.28,2.83,2.94,3.08,2.76,https://live.nowscore.com/1x2/1969377.htm,2026-10-02T04:30:00Z,
2021-05-08,名古屋鲸八,大阪樱花,William Hill,2.10,3.10,3.40,2.10,2.90,3.70,https://live.nowscore.com/1x2/1969368.htm,2026-10-02T04:30:00Z,
2021-05-08,名古屋鲸八,大阪樱花,bet365,2.20,3.25,3.30,2.10,3.30,3.50,https://live.nowscore.com/1x2/1969368.htm,2026-10-02T04:30:00Z,
2021-05-08,名古屋鲸八,大阪樱花,Pinnacle,2.30,3.32,3.37,2.20,3.11,3.96,https://live.nowscore.com/1x2/1969368.htm,2026-10-02T04:30:00Z,
2021-05-08,大阪钢巴,川崎前锋,William Hill,5.80,4.00,1.50,7.00,4.60,1.36,https://live.nowscore.com/1x2/1969369.htm,2026-10-02T04:30:00Z,
2021-05-08,大阪钢巴,川崎前锋,bet365,5.50,4.50,1.50,7.00,4.75,1.40,https://live.nowscore.com/1x2/1969369.htm,2026-10-02T04:30:00Z,
2021-05-08,大阪钢巴,川崎前锋,Pinnacle,5.66,4.61,1.55,7.87,5.32,1.39,https://live.nowscore.com/1x2/1969369.htm,2026-10-02T04:30:00Z,
2021-05-09,横滨水手,神户胜利船,William Hill,1.95,3.60,3.70,1.70,4.00,4.50,https://live.nowscore.com/1x2/1969376.htm,2026-10-02T04:35:00Z,
2021-05-09,横滨水手,神户胜利船,bet365,1.95,3.75,3.75,1.73,3.90,4.33,https://live.nowscore.com/1x2/1969376.htm,2026-10-02T04:35:00Z,
2021-05-09,横滨水手,神户胜利船,Pinnacle,1.83,3.83,4.39,1.76,4.13,4.58,https://live.nowscore.com/1x2/1969376.htm,2026-10-02T04:35:00Z,
2021-05-09,清水鼓动,横滨FC,William Hill,2.05,3.25,3.80,1.70,3.60,5.00,https://live.nowscore.com/1x2/1969374.htm,2026-10-02T04:35:00Z,
2021-05-09,清水鼓动,横滨FC,bet365,1.91,3.50,3.80,1.62,3.80,5.25,https://live.nowscore.com/1x2/1969374.htm,2026-10-02T04:35:00Z,
2021-05-09,清水鼓动,横滨FC,Pinnacle,2.00,3.76,3.72,1.69,3.93,5.38,https://live.nowscore.com/1x2/1969374.htm,2026-10-02T04:35:00Z,
2021-05-09,福冈黄蜂,柏太阳神,William Hill,3.10,3.10,2.40,3.10,3.10,2.40,https://live.nowscore.com/1x2/1969375.htm,2026-10-02T04:35:00Z,
2021-05-09,福冈黄蜂,柏太阳神,bet365,3.10,3.10,2.38,3.10,3.10,2.38,https://live.nowscore.com/1x2/1969375.htm,2026-10-02T04:35:00Z,
2021-05-09,福冈黄蜂,柏太阳神,Pinnacle,3.35,3.21,2.36,3.22,3.21,2.47,https://live.nowscore.com/1x2/1969375.htm,2026-10-02T04:35:00Z,
2021-05-09,湘南海洋,大分三神,William Hill,2.45,3.00,3.10,2.38,3.00,3.30,https://live.nowscore.com/1x2/1969372.htm,2026-10-02T04:35:00Z,
2021-05-09,湘南海洋,大分三神,bet365,2.40,3.10,3.00,2.30,3.10,3.20,https://live.nowscore.com/1x2/1969372.htm,2026-10-02T04:35:00Z,
2021-05-09,湘南海洋,大分三神,Pinnacle,2.39,3.38,3.14,2.44,3.07,3.42,https://live.nowscore.com/1x2/1969372.htm,2026-10-02T04:35:00Z,
2021-05-09,德岛漩涡,札幌冈萨多,William Hill,3.00,3.40,2.30,2.90,3.30,2.40,https://live.nowscore.com/1x2/1969373.htm,2026-10-02T04:35:00Z,
2021-05-09,德岛漩涡,札幌冈萨多,bet365,3.10,3.40,2.20,2.70,3.50,2.45,https://live.nowscore.com/1x2/1969373.htm,2026-10-02T04:35:00Z,
2021-05-09,德岛漩涡,札幌冈萨多,Pinnacle,3.34,3.91,2.09,2.91,3.43,2.55,https://live.nowscore.com/1x2/1969373.htm,2026-10-02T04:35:00Z,
2021-05-09,浦和红钻,仙台维加泰,William Hill,1.80,3.40,4.80,1.95,3.40,4.00,https://live.nowscore.com/1x2/1969371.htm,2026-10-02T04:35:00Z,
2021-05-09,浦和红钻,仙台维加泰,bet365,1.75,3.40,5.00,2.00,3.40,3.75,https://live.nowscore.com/1x2/1969371.htm,2026-10-02T04:35:00Z,
2021-05-09,浦和红钻,仙台维加泰,Pinnacle,1.91,3.90,3.91,2.03,3.49,3.99,https://live.nowscore.com/1x2/1969371.htm,2026-10-02T04:35:00Z,
2021-05-09,鹿岛鹿角,FC东京,William Hill,2.10,3.30,3.60,2.10,3.40,3.40,https://live.nowscore.com/1x2/1969370.htm,2026-10-02T04:35:00Z,
2021-05-09,鹿岛鹿角,FC东京,bet365,2.00,3.50,3.60,2.05,3.50,3.40,https://live.nowscore.com/1x2/1969370.htm,2026-10-02T04:35:00Z,
2021-05-09,鹿岛鹿角,FC东京,Pinnacle,1.99,3.83,3.70,2.19,3.50,3.50,https://live.nowscore.com/1x2/1969370.htm,2026-10-02T04:35:00Z,
2021-05-12,大阪钢巴,广岛三箭,William Hill,2.70,3.10,2.50,3.75,3.20,1.95,https://live.nowscore.com/1x2/1969443.htm,2026-10-02T04:40:00Z,
2021-05-12,大阪钢巴,广岛三箭,bet365,2.80,3.20,2.50,3.75,3.50,1.95,https://live.nowscore.com/1x2/1969443.htm,2026-10-02T04:40:00Z,
2021-05-12,大阪钢巴,广岛三箭,Pinnacle,2.73,3.44,2.66,3.79,3.52,2.08,https://live.nowscore.com/1x2/1969443.htm,2026-10-02T04:40:00Z,
2021-05-12,川崎前锋,仙台维加泰,William Hill,1.17,6.00,15.00,1.11,7.50,17.00,https://live.nowscore.com/1x2/1969446.htm,2026-10-02T04:40:00Z,
2021-05-12,川崎前锋,仙台维加泰,bet365,1.18,7.00,13.00,1.14,7.50,17.00,https://live.nowscore.com/1x2/1969446.htm,2026-10-02T04:40:00Z,
2021-05-12,川崎前锋,仙台维加泰,Pinnacle,1.21,7.25,12.96,1.13,9.49,22.21,https://live.nowscore.com/1x2/1969446.htm,2026-10-02T04:40:00Z,
2021-05-12,名古屋鲸八,鹿岛鹿角,William Hill,2.63,3.20,2.50,2.40,2.90,3.00,https://live.nowscore.com/1x2/1969449.htm,2026-10-02T04:40:00Z,
2021-05-12,名古屋鲸八,鹿岛鹿角,bet365,2.75,3.30,2.50,2.45,3.00,3.10,https://live.nowscore.com/1x2/1969449.htm,2026-10-02T04:40:00Z,
2021-05-12,名古屋鲸八,鹿岛鹿角,Pinnacle,2.75,3.40,2.66,2.56,3.15,3.14,https://live.nowscore.com/1x2/1969449.htm,2026-10-02T04:40:00Z,
2021-05-15,清水鼓动,名古屋鲸八,William Hill,3.25,3.30,2.25,3.70,3.00,2.20,https://live.nowscore.com/1x2/1969386.htm,2026-10-02T04:50:00Z,
2021-05-15,清水鼓动,名古屋鲸八,bet365,3.30,3.25,2.20,3.60,3.00,2.20,https://live.nowscore.com/1x2/1969386.htm,2026-10-02T04:50:00Z,
2021-05-15,清水鼓动,名古屋鲸八,Pinnacle,3.02,3.26,2.53,3.62,3.02,2.33,https://live.nowscore.com/1x2/1969386.htm,2026-10-02T04:50:00Z,
2021-05-15,仙台维加泰,福冈黄蜂,William Hill,2.80,3.25,2.50,2.50,3.10,3.00,https://live.nowscore.com/1x2/1969387.htm,2026-10-02T04:50:00Z,
2021-05-15,仙台维加泰,福冈黄蜂,bet365,2.80,3.25,2.50,2.50,3.10,2.90,https://live.nowscore.com/1x2/1969387.htm,2026-10-02T04:50:00Z,
2021-05-15,仙台维加泰,福冈黄蜂,Pinnacle,2.69,3.20,2.87,2.66,3.24,2.84,https://live.nowscore.com/1x2/1969387.htm,2026-10-02T04:50:00Z,
2021-05-15,鹿岛鹿角,横滨水手,William Hill,2.90,3.60,2.30,2.63,3.60,2.50,https://live.nowscore.com/1x2/1969385.htm,2026-10-02T04:50:00Z,
2021-05-15,鹿岛鹿角,横滨水手,bet365,3.00,3.60,2.20,2.60,3.60,2.50,https://live.nowscore.com/1x2/1969385.htm,2026-10-02T04:50:00Z,
2021-05-15,鹿岛鹿角,横滨水手,Pinnacle,2.68,3.75,2.54,2.65,3.59,2.63,https://live.nowscore.com/1x2/1969385.htm,2026-10-02T04:50:00Z,
2021-05-15,神户胜利船,大阪樱花,William Hill,2.50,3.20,2.90,2.50,3.10,3.00,https://live.nowscore.com/1x2/1969380.htm,2026-10-02T04:50:00Z,
2021-05-15,神户胜利船,大阪樱花,bet365,2.40,3.20,3.00,2.38,3.30,2.88,https://live.nowscore.com/1x2/1969380.htm,2026-10-02T04:50:00Z,
2021-05-15,神户胜利船,大阪樱花,Pinnacle,2.46,3.31,3.07,2.56,3.34,2.88,https://live.nowscore.com/1x2/1969380.htm,2026-10-02T04:50:00Z,
2021-05-15,柏太阳神,FC东京,William Hill,2.45,3.25,2.90,2.60,3.20,2.75,https://live.nowscore.com/1x2/1969382.htm,2026-10-02T04:50:00Z,
2021-05-15,柏太阳神,FC东京,bet365,2.50,3.30,2.75,2.38,3.30,2.90,https://live.nowscore.com/1x2/1969382.htm,2026-10-02T04:50:00Z,
2021-05-15,柏太阳神,FC东京,Pinnacle,2.46,3.48,2.95,2.72,3.22,2.79,https://live.nowscore.com/1x2/1969382.htm,2026-10-02T04:50:00Z,
2021-05-15,广岛三箭,德岛漩涡,William Hill,1.91,3.30,4.33,2.00,3.20,4.00,https://live.nowscore.com/1x2/1969383.htm,2026-10-02T04:50:00Z,
2021-05-15,广岛三箭,德岛漩涡,bet365,1.91,3.20,4.33,1.95,3.20,4.00,https://live.nowscore.com/1x2/1969383.htm,2026-10-02T04:50:00Z,
2021-05-15,广岛三箭,德岛漩涡,Pinnacle,1.89,3.60,4.49,2.04,3.27,4.15,https://live.nowscore.com/1x2/1969383.htm,2026-10-02T04:50:00Z,
2021-05-15,大分三神,鸟栖沙岩,William Hill,3.10,3.10,2.40,3.70,3.00,2.20,https://live.nowscore.com/1x2/1969384.htm,2026-10-02T04:50:00Z,
2021-05-15,大分三神,鸟栖沙岩,bet365,3.00,3.00,2.50,3.80,3.20,2.05,https://live.nowscore.com/1x2/1969384.htm,2026-10-02T04:50:00Z,
2021-05-15,大分三神,鸟栖沙岩,Pinnacle,3.07,3.17,2.55,3.90,3.07,2.20,https://live.nowscore.com/1x2/1969384.htm,2026-10-02T04:50:00Z,
2021-05-15,横滨FC,湘南海洋,William Hill,3.00,3.40,2.30,3.40,2.88,2.20,https://live.nowscore.com/1x2/1969381.htm,2026-10-02T04:50:00Z,
2021-05-15,横滨FC,湘南海洋,bet365,2.90,3.30,2.38,3.50,3.25,2.10,https://live.nowscore.com/1x2/1969381.htm,2026-10-02T04:50:00Z,
2021-05-15,横滨FC,湘南海洋,Pinnacle,2.81,3.52,2.54,3.52,3.19,2.20,https://live.nowscore.com/1x2/1969381.htm,2026-10-02T04:50:00Z,
2021-05-16,川崎前锋,札幌冈萨多,William Hill,1.44,4.50,6.50,1.40,5.00,7.50,https://live.nowscore.com/1x2/1969379.htm,2026-10-02T05:05:00Z,
2021-05-16,川崎前锋,札幌冈萨多,bet365,1.40,4.33,8.50,1.40,5.00,6.50,https://live.nowscore.com/1x2/1969379.htm,2026-10-02T05:05:00Z,
2021-05-16,川崎前锋,札幌冈萨多,Pinnacle,1.42,5.23,7.06,1.42,5.24,7.21,https://live.nowscore.com/1x2/1969379.htm,2026-10-02T05:05:00Z,
2021-05-16,大阪钢巴,浦和红钻,William Hill,2.38,3.25,3.00,2.60,3.10,2.80,https://live.nowscore.com/1x2/1969378.htm,2026-10-02T05:05:00Z,
2021-05-16,大阪钢巴,浦和红钻,bet365,2.40,3.25,2.90,2.55,3.25,2.70,https://live.nowscore.com/1x2/1969378.htm,2026-10-02T05:05:00Z,
2021-05-16,大阪钢巴,浦和红钻,Pinnacle,2.31,3.59,3.10,2.63,3.28,2.85,https://live.nowscore.com/1x2/1969378.htm,2026-10-02T05:05:00Z,
2021-05-22,鸟栖沙岩,鹿岛鹿角,William Hill,3.40,3.40,2.10,3.60,3.25,2.10,https://live.nowscore.com/1x2/1969396.htm,2026-10-02T05:10:00Z,
2021-05-22,鸟栖沙岩,鹿岛鹿角,bet365,3.50,3.20,2.15,3.40,3.40,2.10,https://live.nowscore.com/1x2/1969396.htm,2026-10-02T05:10:00Z,
2021-05-22,鸟栖沙岩,鹿岛鹿角,Pinnacle,3.39,3.55,2.19,3.64,3.47,2.11,https://live.nowscore.com/1x2/1969396.htm,2026-10-02T05:10:00Z,
2021-05-22,札幌冈萨多,清水鼓动,William Hill,1.75,3.90,4.33,1.85,3.60,4.20,https://live.nowscore.com/1x2/1969397.htm,2026-10-02T05:10:00Z,
2021-05-22,札幌冈萨多,清水鼓动,bet365,1.75,3.50,4.75,1.83,4.00,3.75,https://live.nowscore.com/1x2/1969397.htm,2026-10-02T05:10:00Z,
2021-05-22,札幌冈萨多,清水鼓动,Pinnacle,1.75,4.09,4.58,1.90,3.69,4.19,https://live.nowscore.com/1x2/1969397.htm,2026-10-02T05:10:00Z,
2021-05-22,仙台维加泰,大分三神,William Hill,2.30,3.30,3.10,2.60,3.00,2.90,https://live.nowscore.com/1x2/1969395.htm,2026-10-02T05:10:00Z,
2021-05-22,仙台维加泰,大分三神,bet365,2.30,3.20,3.20,2.63,3.25,2.70,https://live.nowscore.com/1x2/1969395.htm,2026-10-02T05:10:00Z,
2021-05-22,仙台维加泰,大分三神,Pinnacle,2.38,3.36,3.17,2.77,3.06,2.87,https://live.nowscore.com/1x2/1969395.htm,2026-10-02T05:10:00Z,
2021-05-22,川崎前锋,横滨FC,William Hill,1.13,8.00,21.00,1.11,8.50,23.00,https://live.nowscore.com/1x2/1969394.htm,2026-10-02T05:10:00Z,
2021-05-22,川崎前锋,横滨FC,bet365,1.13,8.00,19.00,1.14,8.00,15.00,https://live.nowscore.com/1x2/1969394.htm,2026-10-02T05:10:00Z,
2021-05-22,川崎前锋,横滨FC,Pinnacle,1.14,9.22,19.52,1.13,9.88,21.46,https://live.nowscore.com/1x2/1969394.htm,2026-10-02T05:10:00Z,
2021-05-22,浦和红钻,神户胜利船,William Hill,2.50,3.50,2.70,2.80,3.25,2.50,https://live.nowscore.com/1x2/1969393.htm,2026-10-02T05:10:00Z,
2021-05-22,浦和红钻,神户胜利船,bet365,2.60,3.25,2.70,2.90,3.25,2.40,https://live.nowscore.com/1x2/1969393.htm,2026-10-02T05:10:00Z,
2021-05-22,浦和红钻,神户胜利船,Pinnacle,2.55,3.72,2.68,2.94,3.52,2.42,https://live.nowscore.com/1x2/1969393.htm,2026-10-02T05:10:00Z,
2021-05-22,福冈黄蜂,湘南海洋,William Hill,2.38,3.10,3.20,2.45,3.00,3.10,https://live.nowscore.com/1x2/1969391.htm,2026-10-02T05:10:00Z,
2021-05-22,福冈黄蜂,湘南海洋,bet365,2.38,3.00,3.25,2.40,3.20,3.00,https://live.nowscore.com/1x2/1969391.htm,2026-10-02T05:10:00Z,
2021-05-22,福冈黄蜂,湘南海洋,Pinnacle,2.44,3.20,3.22,2.53,3.07,3.17,https://live.nowscore.com/1x2/1969391.htm,2026-10-02T05:10:00Z,
2021-05-22,横滨水手,柏太阳神,William Hill,1.60,4.20,5.00,1.60,4.33,5.00,https://live.nowscore.com/1x2/1969392.htm,2026-10-02T05:10:00Z,
2021-05-22,横滨水手,柏太阳神,bet365,1.57,4.00,5.50,1.57,4.50,4.75,https://live.nowscore.com/1x2/1969392.htm,2026-10-02T05:10:00Z,
2021-05-22,横滨水手,柏太阳神,Pinnacle,1.63,4.54,4.94,1.60,4.55,5.22,https://live.nowscore.com/1x2/1969392.htm,2026-10-02T05:10:00Z,
2021-05-22,德岛漩涡,名古屋鲸八,William Hill,3.60,3.10,2.20,3.80,2.90,2.20,https://live.nowscore.com/1x2/1969390.htm,2026-10-02T05:10:00Z,
2021-05-22,德岛漩涡,名古屋鲸八,bet365,3.60,3.00,2.20,3.75,2.88,2.25,https://live.nowscore.com/1x2/1969390.htm,2026-10-02T05:10:00Z,
2021-05-22,德岛漩涡,名古屋鲸八,Pinnacle,3.67,3.24,2.21,3.84,2.93,2.30,https://live.nowscore.com/1x2/1969390.htm,2026-10-02T05:10:00Z,
2021-05-22,FC东京,大阪钢巴,William Hill,2.10,3.50,3.40,2.10,3.30,3.60,https://live.nowscore.com/1x2/1969389.htm,2026-10-02T05:10:00Z,
2021-05-22,FC东京,大阪钢巴,bet365,2.10,3.40,3.40,2.00,3.50,3.50,https://live.nowscore.com/1x2/1969389.htm,2026-10-02T05:10:00Z,
2021-05-22,FC东京,大阪钢巴,Pinnacle,2.15,3.71,3.33,2.07,3.52,3.72,https://live.nowscore.com/1x2/1969389.htm,2026-10-02T05:10:00Z,
2021-05-23,大阪樱花,广岛三箭,William Hill,2.70,3.10,2.70,2.88,3.10,2.60,https://live.nowscore.com/1x2/1969388.htm,2026-10-02T05:15:00Z,
2021-05-23,大阪樱花,广岛三箭,bet365,2.70,3.10,2.70,2.90,3.20,2.50,https://live.nowscore.com/1x2/1969388.htm,2026-10-02T05:15:00Z,
2021-05-23,大阪樱花,广岛三箭,Pinnacle,2.74,3.33,2.72,3.02,3.24,2.58,https://live.nowscore.com/1x2/1969388.htm,2026-10-02T05:15:00Z,
2021-05-26,名古屋鲸八,仙台维加泰,William Hill,1.83,3.40,4.50,1.70,3.30,5.80,https://live.nowscore.com/1x2/1969399.htm,2026-10-02T05:20:00Z,
2021-05-26,名古屋鲸八,仙台维加泰,bet365,1.85,3.60,4.00,1.67,3.50,5.50,https://live.nowscore.com/1x2/1969399.htm,2026-10-02T05:20:00Z,
2021-05-26,名古屋鲸八,仙台维加泰,Pinnacle,1.56,4.17,6.34,1.78,3.52,5.42,https://live.nowscore.com/1x2/1969399.htm,2026-10-02T05:20:00Z,
2021-05-26,广岛三箭,浦和红钻,William Hill,2.30,3.30,3.10,2.38,3.25,3.00,https://live.nowscore.com/1x2/1969400.htm,2026-10-02T05:20:00Z,
2021-05-26,广岛三箭,浦和红钻,bet365,2.20,3.40,3.20,2.30,3.40,3.00,https://live.nowscore.com/1x2/1969400.htm,2026-10-02T05:20:00Z,
2021-05-26,广岛三箭,浦和红钻,Pinnacle,1.94,3.64,4.07,2.44,3.29,3.18,https://live.nowscore.com/1x2/1969400.htm,2026-10-02T05:20:00Z,
2021-05-26,柏太阳神,神户胜利船,William Hill,2.75,3.40,2.50,2.25,3.40,3.10,https://live.nowscore.com/1x2/1969401.htm,2026-10-02T05:20:00Z,
2021-05-26,柏太阳神,神户胜利船,bet365,2.70,3.40,2.50,2.15,3.50,3.20,https://live.nowscore.com/1x2/1969401.htm,2026-10-02T05:20:00Z,
2021-05-26,柏太阳神,神户胜利船,Pinnacle,2.57,3.71,2.67,2.30,3.62,3.16,https://live.nowscore.com/1x2/1969401.htm,2026-10-02T05:20:00Z,
2021-05-26,湘南海洋,川崎前锋,William Hill,5.50,4.00,1.62,9.00,4.75,1.35,https://live.nowscore.com/1x2/1969402.htm,2026-10-02T05:20:00Z,
2021-05-26,湘南海洋,川崎前锋,bet365,5.25,4.00,1.60,8.50,5.00,1.33,https://live.nowscore.com/1x2/1969402.htm,2026-10-02T05:20:00Z,
2021-05-26,湘南海洋,川崎前锋,Pinnacle,7.47,4.94,1.42,9.47,5.13,1.37,https://live.nowscore.com/1x2/1969402.htm,2026-10-02T05:20:00Z,
2021-05-26,横滨FC,福冈黄蜂,William Hill,4.40,3.25,1.91,3.50,3.00,2.25,https://live.nowscore.com/1x2/1969403.htm,2026-10-02T05:20:00Z,
2021-05-26,横滨FC,福冈黄蜂,bet365,3.80,3.30,2.00,3.25,3.30,2.20,https://live.nowscore.com/1x2/1969403.htm,2026-10-02T05:20:00Z,
2021-05-26,横滨FC,福冈黄蜂,Pinnacle,2.83,3.41,2.59,3.36,3.19,2.40,https://live.nowscore.com/1x2/1969403.htm,2026-10-02T05:20:00Z,
2021-05-26,札幌冈萨多,鸟栖沙岩,William Hill,2.75,3.25,2.60,2.30,3.30,3.10,https://live.nowscore.com/1x2/1969404.htm,2026-10-02T05:20:00Z,
2021-05-26,札幌冈萨多,鸟栖沙岩,bet365,2.50,3.40,2.70,2.25,3.40,3.10,https://live.nowscore.com/1x2/1969404.htm,2026-10-02T05:20:00Z,
2021-05-26,札幌冈萨多,鸟栖沙岩,Pinnacle,1.94,3.80,3.87,2.35,3.51,3.16,https://live.nowscore.com/1x2/1969404.htm,2026-10-02T05:20:00Z,
2021-05-26,清水鼓动,FC东京,William Hill,3.30,3.40,2.15,3.10,3.10,2.40,https://live.nowscore.com/1x2/1969405.htm,2026-10-02T05:20:00Z,
2021-05-26,清水鼓动,FC东京,bet365,3.30,3.50,2.10,2.88,3.40,2.38,https://live.nowscore.com/1x2/1969405.htm,2026-10-02T05:20:00Z,
2021-05-26,清水鼓动,FC东京,Pinnacle,3.22,3.54,2.27,3.18,3.16,2.52,https://live.nowscore.com/1x2/1969405.htm,2026-10-02T05:20:00Z,
2021-05-26,鹿岛鹿角,大阪樱花,William Hill,2.00,3.40,3.75,1.75,3.70,4.50,https://live.nowscore.com/1x2/1969406.htm,2026-10-02T05:20:00Z,
2021-05-26,鹿岛鹿角,大阪樱花,bet365,2.00,3.50,3.60,1.70,4.00,4.50,https://live.nowscore.com/1x2/1969406.htm,2026-10-02T05:20:00Z,
2021-05-26,鹿岛鹿角,大阪樱花,Pinnacle,1.91,3.76,4.08,1.77,4.00,4.66,https://live.nowscore.com/1x2/1969406.htm,2026-10-02T05:20:00Z,
2021-05-26,大分三神,横滨水手,William Hill,4.20,3.70,1.80,5.80,4.20,1.53,https://live.nowscore.com/1x2/1969407.htm,2026-10-02T05:20:00Z,
2021-05-26,大分三神,横滨水手,bet365,4.00,3.75,1.83,5.25,4.50,1.53,https://live.nowscore.com/1x2/1969407.htm,2026-10-02T05:20:00Z,
2021-05-26,大分三神,横滨水手,Pinnacle,4.23,4.11,1.80,5.80,4.67,1.55,https://live.nowscore.com/1x2/1969407.htm,2026-10-02T05:20:00Z,
2021-05-27,大阪钢巴,德岛漩涡,William Hill,2.88,3.10,2.60,2.60,3.10,2.88,https://live.nowscore.com/1x2/1969398.htm,2026-10-02T05:25:00Z,
2021-05-27,大阪钢巴,德岛漩涡,bet365,2.80,3.20,2.50,2.50,3.25,2.80,https://live.nowscore.com/1x2/1969398.htm,2026-10-02T05:25:00Z,
2021-05-27,大阪钢巴,德岛漩涡,Pinnacle,2.30,3.52,3.18,2.65,3.22,2.94,https://live.nowscore.com/1x2/1969398.htm,2026-10-02T05:25:00Z,
2021-05-29,柏太阳神,札幌冈萨多,William Hill,2.70,3.50,2.45,2.20,3.40,2.90,https://live.nowscore.com/1x2/1969417.htm,2026-10-02T05:30:00Z,
2021-05-29,柏太阳神,札幌冈萨多,bet365,2.80,3.40,2.40,2.25,3.40,2.90,https://live.nowscore.com/1x2/1969417.htm,2026-10-02T05:30:00Z,
2021-05-29,柏太阳神,札幌冈萨多,Pinnacle,2.73,3.74,2.50,2.27,3.72,3.13,https://live.nowscore.com/1x2/1969417.htm,2026-10-02T05:30:00Z,
2021-05-30,横滨水手,清水鼓动,William Hill,1.44,4.75,6.50,1.44,4.33,6.00,https://live.nowscore.com/1x2/1969416.htm,2026-10-02T05:40:00Z,
2021-05-30,横滨水手,清水鼓动,bet365,1.40,5.00,6.50,1.40,5.00,6.50,https://live.nowscore.com/1x2/1969416.htm,2026-10-02T05:40:00Z,
2021-05-30,横滨水手,清水鼓动,Pinnacle,1.46,5.13,6.29,1.50,4.85,6.29,https://live.nowscore.com/1x2/1969416.htm,2026-10-02T05:40:00Z,
2021-05-30,FC东京,广岛三箭,William Hill,2.63,3.20,2.70,3.00,3.00,2.38,https://live.nowscore.com/1x2/1969414.htm,2026-10-02T05:40:00Z,
2021-05-30,FC东京,广岛三箭,bet365,2.60,3.20,2.70,3.00,3.20,2.30,https://live.nowscore.com/1x2/1969414.htm,2026-10-02T05:40:00Z,
2021-05-30,FC东京,广岛三箭,Pinnacle,2.68,3.36,2.76,3.26,3.31,2.39,https://live.nowscore.com/1x2/1969414.htm,2026-10-02T05:40:00Z,
2021-05-30,神户胜利船,鸟栖沙岩,William Hill,2.25,3.25,3.25,2.10,3.10,3.50,https://live.nowscore.com/1x2/1969415.htm,2026-10-02T05:40:00Z,
2021-05-30,神户胜利船,鸟栖沙岩,bet365,2.20,3.20,3.40,2.10,3.30,3.50,https://live.nowscore.com/1x2/1969415.htm,2026-10-02T05:40:00Z,
2021-05-30,神户胜利船,鸟栖沙岩,Pinnacle,2.31,3.42,3.24,2.16,3.39,3.70,https://live.nowscore.com/1x2/1969415.htm,2026-10-02T05:40:00Z,
2021-05-30,仙台维加泰,大阪樱花,William Hill,3.40,3.20,2.20,3.40,3.25,2.05,https://live.nowscore.com/1x2/1969411.htm,2026-10-02T05:40:00Z,
2021-05-30,仙台维加泰,大阪樱花,bet365,3.60,3.20,2.10,3.40,3.50,2.05,https://live.nowscore.com/1x2/1969411.htm,2026-10-02T05:40:00Z,
2021-05-30,仙台维加泰,大阪樱花,Pinnacle,3.47,3.38,2.23,3.66,3.58,2.10,https://live.nowscore.com/1x2/1969411.htm,2026-10-02T05:40:00Z,
2021-05-30,大分三神,福冈黄蜂,William Hill,2.75,3.00,2.75,2.88,2.80,2.60,https://live.nowscore.com/1x2/1969412.htm,2026-10-02T05:40:00Z,
2021-05-30,大分三神,福冈黄蜂,bet365,2.70,3.10,2.70,3.00,3.00,2.50,https://live.nowscore.com/1x2/1969412.htm,2026-10-02T05:40:00Z,
2021-05-30,大分三神,福冈黄蜂,Pinnacle,2.72,3.21,2.83,3.00,2.92,2.85,https://live.nowscore.com/1x2/1969412.htm,2026-10-02T05:40:00Z,
2021-05-30,德岛漩涡,湘南海洋,William Hill,2.20,3.30,3.30,2.20,2.88,3.50,https://live.nowscore.com/1x2/1969413.htm,2026-10-02T05:40:00Z,
2021-05-30,德岛漩涡,湘南海洋,bet365,2.20,3.10,3.50,2.20,3.20,3.40,https://live.nowscore.com/1x2/1969413.htm,2026-10-02T05:40:00Z,
2021-05-30,德岛漩涡,湘南海洋,Pinnacle,2.24,3.47,3.35,2.32,2.99,3.82,https://live.nowscore.com/1x2/1969413.htm,2026-10-02T05:40:00Z,
2021-05-30,大阪钢巴,横滨FC,William Hill,1.75,3.60,4.75,1.85,3.30,4.00,https://live.nowscore.com/1x2/1969410.htm,2026-10-02T05:40:00Z,
2021-05-30,大阪钢巴,横滨FC,bet365,1.75,3.60,4.75,1.91,3.50,3.80,https://live.nowscore.com/1x2/1969410.htm,2026-10-02T05:40:00Z,
2021-05-30,大阪钢巴,横滨FC,Pinnacle,1.78,4.01,4.43,2.00,3.64,3.94,https://live.nowscore.com/1x2/1969410.htm,2026-10-02T05:40:00Z,
2021-05-30,浦和红钻,名古屋鲸八,William Hill,3.00,3.10,2.50,2.88,2.90,2.50,https://live.nowscore.com/1x2/1969409.htm,2026-10-02T05:40:00Z,
2021-05-30,浦和红钻,名古屋鲸八,bet365,3.10,3.10,2.40,2.88,3.10,2.55,https://live.nowscore.com/1x2/1969409.htm,2026-10-02T05:40:00Z,
2021-05-30,浦和红钻,名古屋鲸八,Pinnacle,3.00,3.27,2.54,3.01,3.15,2.65,https://live.nowscore.com/1x2/1969409.htm,2026-10-02T05:40:00Z,
2021-05-30,川崎前锋,鹿岛鹿角,William Hill,1.53,4.00,6.50,1.57,3.90,5.00,https://live.nowscore.com/1x2/1969408.htm,2026-10-02T05:40:00Z,
2021-05-30,川崎前锋,鹿岛鹿角,bet365,1.50,4.00,7.00,1.65,4.20,4.75,https://live.nowscore.com/1x2/1969408.htm,2026-10-02T05:40:00Z,
2021-05-30,川崎前锋,鹿岛鹿角,Pinnacle,1.54,4.62,5.77,1.65,4.19,5.38,https://live.nowscore.com/1x2/1969408.htm,2026-10-02T05:40:00Z,
2021-06-02,湘南海洋,大阪钢巴,William Hill,2.40,2.90,3.00,2.50,3.00,2.80,https://live.nowscore.com/1x2/1969428.htm,2026-10-02T05:45:00Z,
2021-06-02,湘南海洋,大阪钢巴,bet365,2.40,3.10,3.10,2.50,3.20,2.75,https://live.nowscore.com/1x2/1969428.htm,2026-10-02T05:45:00Z,
2021-06-02,湘南海洋,大阪钢巴,Pinnacle,2.59,3.20,2.99,2.50,3.31,3.07,https://live.nowscore.com/1x2/1969428.htm,2026-10-02T05:45:00Z,
2021-06-02,横滨FC,川崎前锋,William Hill,11.00,5.00,1.25,11.00,5.00,1.25,https://live.nowscore.com/1x2/1969457.htm,2026-10-02T05:45:00Z,
2021-06-02,横滨FC,川崎前锋,bet365,10.00,5.50,1.25,10.00,5.25,1.29,https://live.nowscore.com/1x2/1969457.htm,2026-10-02T05:45:00Z,
2021-06-02,横滨FC,川崎前锋,Pinnacle,11.19,5.98,1.27,11.03,5.97,1.29,https://live.nowscore.com/1x2/1969457.htm,2026-10-02T05:45:00Z,
2021-06-19,福冈黄蜂,神户胜利船,William Hill,2.20,3.00,3.30,3.25,3.10,2.20,https://live.nowscore.com/1x2/1969427.htm,2026-10-02T05:55:00Z,
2021-06-19,福冈黄蜂,神户胜利船,bet365,2.25,3.10,3.40,3.60,3.25,2.05,https://live.nowscore.com/1x2/1969427.htm,2026-10-02T05:55:00Z,
2021-06-19,福冈黄蜂,神户胜利船,Pinnacle,3.40,3.48,2.21,3.64,3.34,2.20,https://live.nowscore.com/1x2/1969427.htm,2026-10-02T05:55:00Z,
2021-06-19,札幌冈萨多,大分三神,William Hill,2.00,3.10,3.70,1.62,3.70,5.00,https://live.nowscore.com/1x2/1969426.htm,2026-10-02T05:55:00Z,
2021-06-19,札幌冈萨多,大分三神,bet365,2.10,3.25,3.60,1.57,3.75,6.00,https://live.nowscore.com/1x2/1969426.htm,2026-10-02T05:55:00Z,
2021-06-19,札幌冈萨多,大分三神,Pinnacle,1.81,3.78,4.55,1.65,4.04,5.64,https://live.nowscore.com/1x2/1969426.htm,2026-10-02T05:55:00Z,
2021-06-19,横滨FC,FC东京,William Hill,3.40,3.20,2.05,5.00,3.60,1.65,https://live.nowscore.com/1x2/1969423.htm,2026-10-02T05:55:00Z,
2021-06-19,横滨FC,FC东京,bet365,3.40,3.40,2.10,5.00,3.80,1.65,https://live.nowscore.com/1x2/1969423.htm,2026-10-02T05:55:00Z,
2021-06-19,横滨FC,FC东京,Pinnacle,4.28,3.50,1.94,5.28,4.00,1.69,https://live.nowscore.com/1x2/1969423.htm,2026-10-02T05:55:00Z,
2021-06-19,广岛三箭,柏太阳神,William Hill,2.15,3.30,3.10,1.75,3.50,4.33,https://live.nowscore.com/1x2/1969421.htm,2026-10-02T05:55:00Z,
2021-06-19,广岛三箭,柏太阳神,bet365,2.20,3.25,3.30,1.75,3.70,4.50,https://live.nowscore.com/1x2/1969421.htm,2026-10-02T05:55:00Z,
2021-06-19,广岛三箭,柏太阳神,Pinnacle,2.47,3.44,2.97,1.80,3.86,4.64,https://live.nowscore.com/1x2/1969421.htm,2026-10-02T05:55:00Z,
2021-06-20,鹿岛鹿角,仙台维加泰,William Hill,1.70,3.40,4.80,1.36,4.60,7.00,https://live.nowscore.com/1x2/1969419.htm,2026-10-02T06:05:00Z,
2021-06-20,鹿岛鹿角,仙台维加泰,bet365,1.83,3.40,4.33,1.40,4.75,8.50,https://live.nowscore.com/1x2/1969419.htm,2026-10-02T06:05:00Z,
2021-06-20,鹿岛鹿角,仙台维加泰,Pinnacle,1.43,5.04,7.35,1.41,5.21,7.52,https://live.nowscore.com/1x2/1969419.htm,2026-10-02T06:05:00Z,
2021-06-20,浦和红钻,湘南海洋,William Hill,1.91,3.00,4.33,2.10,3.00,3.60,https://live.nowscore.com/1x2/1969418.htm,2026-10-02T06:05:00Z,
2021-06-20,浦和红钻,湘南海洋,bet365,1.83,3.40,4.33,2.05,3.30,3.60,https://live.nowscore.com/1x2/1969418.htm,2026-10-02T06:05:00Z,
2021-06-20,浦和红钻,湘南海洋,Pinnacle,2.13,3.58,3.50,2.22,3.18,3.79,https://live.nowscore.com/1x2/1969418.htm,2026-10-02T06:05:00Z,
2021-06-23,神户胜利船,横滨FC,William Hill,1.44,3.90,7.00,1.36,4.40,7.50,https://live.nowscore.com/1x2/1969432.htm,2026-10-02T06:15:00Z,
2021-06-23,神户胜利船,横滨FC,bet365,1.45,4.50,6.50,1.36,4.75,8.00,https://live.nowscore.com/1x2/1969432.htm,2026-10-02T06:15:00Z,
2021-06-23,神户胜利船,横滨FC,Pinnacle,1.55,4.50,5.82,1.43,4.98,7.66,https://live.nowscore.com/1x2/1969432.htm,2026-10-02T06:15:00Z,
2021-06-23,大分三神,鹿岛鹿角,William Hill,4.80,3.40,1.70,4.60,3.30,1.75,https://live.nowscore.com/1x2/1969429.htm,2026-10-02T06:15:00Z,
2021-06-23,大分三神,鹿岛鹿角,bet365,4.75,3.60,1.75,4.75,3.60,1.73,https://live.nowscore.com/1x2/1969429.htm,2026-10-02T06:15:00Z,
2021-06-23,大分三神,鹿岛鹿角,Pinnacle,5.53,3.85,1.68,5.05,3.63,1.80,https://live.nowscore.com/1x2/1969429.htm,2026-10-02T06:15:00Z,
2021-06-23,仙台维加泰,清水鼓动,William Hill,2.88,3.00,2.45,2.80,3.00,2.50,https://live.nowscore.com/1x2/1969431.htm,2026-10-02T06:15:00Z,
2021-06-23,仙台维加泰,清水鼓动,bet365,2.90,3.25,2.45,3.00,3.20,2.40,https://live.nowscore.com/1x2/1969431.htm,2026-10-02T06:15:00Z,
2021-06-23,仙台维加泰,清水鼓动,Pinnacle,2.77,3.46,2.61,2.99,3.28,2.57,https://live.nowscore.com/1x2/1969431.htm,2026-10-02T06:15:00Z,
2021-06-23,德岛漩涡,FC东京,William Hill,2.80,3.00,2.50,2.60,2.88,2.80,https://live.nowscore.com/1x2/1969433.htm,2026-10-02T06:15:00Z,
2021-06-23,德岛漩涡,FC东京,bet365,3.00,3.10,2.50,2.60,3.10,2.80,https://live.nowscore.com/1x2/1969433.htm,2026-10-02T06:15:00Z,
2021-06-23,德岛漩涡,FC东京,Pinnacle,3.02,3.18,2.58,2.69,3.09,3.01,https://live.nowscore.com/1x2/1969433.htm,2026-10-02T06:15:00Z,
2021-06-23,柏太阳神,浦和红钻,William Hill,2.25,3.00,3.20,2.63,3.10,2.60,https://live.nowscore.com/1x2/1969434.htm,2026-10-02T06:15:00Z,
2021-06-23,柏太阳神,浦和红钻,bet365,2.25,3.25,3.30,2.70,3.30,2.55,https://live.nowscore.com/1x2/1969434.htm,2026-10-02T06:15:00Z,
2021-06-23,柏太阳神,浦和红钻,Pinnacle,2.26,3.40,3.37,2.73,3.39,2.73,https://live.nowscore.com/1x2/1969434.htm,2026-10-02T06:15:00Z,
2021-06-23,横滨水手,鸟栖沙岩,William Hill,1.70,3.70,4.33,1.67,3.80,4.33,https://live.nowscore.com/1x2/1969436.htm,2026-10-02T06:15:00Z,
2021-06-23,横滨水手,鸟栖沙岩,bet365,1.67,4.00,4.75,1.62,4.20,4.75,https://live.nowscore.com/1x2/1969436.htm,2026-10-02T06:15:00Z,
2021-06-23,横滨水手,鸟栖沙岩,Pinnacle,1.68,4.34,4.76,1.72,4.22,4.71,https://live.nowscore.com/1x2/1969436.htm,2026-10-02T06:15:00Z,
2021-06-27,德岛漩涡,横滨水手,William Hill,4.00,3.70,1.75,4.50,3.70,1.67,https://live.nowscore.com/1x2/1969442.htm,2026-10-02T06:20:00Z,
2021-06-27,德岛漩涡,横滨水手,bet365,4.00,4.00,1.75,4.75,3.90,1.67,https://live.nowscore.com/1x2/1969442.htm,2026-10-02T06:20:00Z,
2021-06-27,德岛漩涡,横滨水手,Pinnacle,4.05,4.01,1.85,4.81,4.08,1.73,https://live.nowscore.com/1x2/1969442.htm,2026-10-02T06:20:00Z,
2021-06-27,横滨FC,清水鼓动,William Hill,2.88,3.30,2.30,4.33,3.25,1.80,https://live.nowscore.com/1x2/1969445.htm,2026-10-02T06:20:00Z,
2021-06-27,横滨FC,清水鼓动,bet365,2.90,3.50,2.30,4.20,3.60,1.83,https://live.nowscore.com/1x2/1969445.htm,2026-10-02T06:20:00Z,
2021-06-27,横滨FC,清水鼓动,Pinnacle,2.88,3.63,2.44,4.23,3.71,1.91,https://live.nowscore.com/1x2/1969445.htm,2026-10-02T06:20:00Z,
2021-06-27,鹿岛鹿角,札幌冈萨多,William Hill,1.85,3.60,3.70,1.80,3.70,3.75,https://live.nowscore.com/1x2/1969441.htm,2026-10-02T06:20:00Z,
2021-06-27,鹿岛鹿角,札幌冈萨多,bet365,1.85,3.80,3.80,1.75,4.00,4.00,https://live.nowscore.com/1x2/1969441.htm,2026-10-02T06:20:00Z,
2021-06-27,鹿岛鹿角,札幌冈萨多,Pinnacle,1.93,3.98,3.77,1.85,4.14,4.02,https://live.nowscore.com/1x2/1969441.htm,2026-10-02T06:20:00Z,
2021-06-27,湘南海洋,柏太阳神,William Hill,2.88,3.00,2.45,2.60,3.00,2.75,https://live.nowscore.com/1x2/1969438.htm,2026-10-02T06:20:00Z,
2021-06-27,湘南海洋,柏太阳神,bet365,2.75,3.30,2.50,2.63,3.10,2.80,https://live.nowscore.com/1x2/1969438.htm,2026-10-02T06:20:00Z,
2021-06-27,湘南海洋,柏太阳神,Pinnacle,3.03,3.40,2.45,2.70,3.17,2.93,https://live.nowscore.com/1x2/1969438.htm,2026-10-02T06:20:00Z,
2021-06-27,浦和红钻,福冈黄蜂,William Hill,2.15,3.25,3.20,1.83,3.25,4.20,https://live.nowscore.com/1x2/1969440.htm,2026-10-02T06:20:00Z,
2021-06-27,浦和红钻,福冈黄蜂,bet365,2.20,3.30,3.25,1.85,3.50,4.20,https://live.nowscore.com/1x2/1969440.htm,2026-10-02T06:20:00Z,
2021-06-27,浦和红钻,福冈黄蜂,Pinnacle,2.21,3.61,3.29,1.89,3.62,4.44,https://live.nowscore.com/1x2/1969440.htm,2026-10-02T06:20:00Z,
2021-06-27,FC东京,大分三神,William Hill,1.80,3.30,4.33,1.67,3.10,5.80,https://live.nowscore.com/1x2/1969439.htm,2026-10-02T06:20:00Z,
2021-06-27,FC东京,大分三神,bet365,1.83,3.50,4.20,1.67,3.60,5.50,https://live.nowscore.com/1x2/1969439.htm,2026-10-02T06:20:00Z,
2021-06-27,FC东京,大分三神,Pinnacle,1.76,3.83,5.01,1.69,3.45,5.84,https://live.nowscore.com/1x2/1969439.htm,2026-10-02T06:20:00Z,
2021-07-03,神户胜利船,湘南海洋,William Hill,1.60,3.60,5.50,1.62,3.70,5.00,https://live.nowscore.com/1x2/1969453.htm,2026-10-02T06:30:00Z,
2021-07-03,神户胜利船,湘南海洋,bet365,1.70,3.60,5.00,1.65,3.80,5.00,https://live.nowscore.com/1x2/1969453.htm,2026-10-02T06:30:00Z,
2021-07-03,神户胜利船,湘南海洋,Pinnacle,1.80,3.90,4.47,1.71,4.04,5.02,https://live.nowscore.com/1x2/1969453.htm,2026-10-02T06:30:00Z,
2021-07-03,仙台维加泰,浦和红钻,William Hill,3.20,3.10,2.20,3.60,3.30,1.95,https://live.nowscore.com/1x2/1969454.htm,2026-10-02T06:30:00Z,
2021-07-03,仙台维加泰,浦和红钻,bet365,3.25,3.30,2.20,4.20,3.40,1.91,https://live.nowscore.com/1x2/1969454.htm,2026-10-02T06:30:00Z,
2021-07-03,仙台维加泰,浦和红钻,Pinnacle,3.44,3.48,2.19,3.88,3.76,1.98,https://live.nowscore.com/1x2/1969454.htm,2026-10-02T06:30:00Z,
2021-07-03,柏太阳神,横滨水手,William Hill,4.00,3.70,1.75,4.80,4.20,1.55,https://live.nowscore.com/1x2/1969455.htm,2026-10-02T06:30:00Z,
2021-07-03,柏太阳神,横滨水手,bet365,3.60,3.75,1.91,5.25,4.20,1.57,https://live.nowscore.com/1x2/1969455.htm,2026-10-02T06:30:00Z,
2021-07-03,柏太阳神,横滨水手,Pinnacle,3.96,4.32,1.83,5.19,4.64,1.61,https://live.nowscore.com/1x2/1969455.htm,2026-10-02T06:30:00Z,
2021-07-03,广岛三箭,鸟栖沙岩,William Hill,1.85,3.20,4.20,1.91,3.20,3.90,https://live.nowscore.com/1x2/1969456.htm,2026-10-02T06:30:00Z,
2021-07-03,广岛三箭,鸟栖沙岩,bet365,1.80,3.40,4.75,1.91,3.40,4.00,https://live.nowscore.com/1x2/1969456.htm,2026-10-02T06:30:00Z,
2021-07-03,广岛三箭,鸟栖沙岩,Pinnacle,1.98,3.58,3.98,1.98,3.54,4.13,https://live.nowscore.com/1x2/1969456.htm,2026-10-02T06:30:00Z,
2021-07-04,札幌冈萨多,德岛漩涡,William Hill,1.85,3.20,4.20,1.80,3.40,4.20,https://live.nowscore.com/1x2/1969452.htm,2026-10-02T06:35:00Z,
2021-07-04,札幌冈萨多,德岛漩涡,bet365,1.85,3.40,4.33,1.75,3.75,4.33,https://live.nowscore.com/1x2/1969452.htm,2026-10-02T06:35:00Z,
2021-07-04,札幌冈萨多,德岛漩涡,Pinnacle,1.96,3.76,3.87,1.82,3.78,4.64,https://live.nowscore.com/1x2/1969452.htm,2026-10-02T06:35:00Z,
2021-07-04,清水鼓动,大分三神,William Hill,2.05,3.00,3.70,1.83,3.20,4.33,https://live.nowscore.com/1x2/1969450.htm,2026-10-02T06:35:00Z,
2021-07-04,清水鼓动,大分三神,bet365,2.10,3.25,3.60,1.83,3.50,4.33,https://live.nowscore.com/1x2/1969450.htm,2026-10-02T06:35:00Z,
2021-07-04,清水鼓动,大分三神,Pinnacle,2.15,3.56,3.47,1.90,3.50,4.58,https://live.nowscore.com/1x2/1969450.htm,2026-10-02T06:35:00Z,
2021-07-10,横滨水手,福冈黄蜂,William Hill,1.40,4.20,8.00,1.40,4.33,7.00,https://live.nowscore.com/1x2/1969467.htm,2026-10-02T03:55:00Z,
2021-07-10,横滨水手,福冈黄蜂,bet365,1.44,4.00,8.00,1.45,4.75,6.00,https://live.nowscore.com/1x2/1969467.htm,2026-10-02T03:55:00Z,
2021-07-10,横滨水手,福冈黄蜂,Pinnacle,1.37,5.12,8.84,1.47,4.76,7.13,https://live.nowscore.com/1x2/1969467.htm,2026-10-02T03:55:00Z,
2021-07-10,大分三神,浦和红钻,William Hill,2.80,3.00,2.50,4.33,3.10,1.85,https://live.nowscore.com/1x2/1969465.htm,2026-10-02T03:55:00Z,
2021-07-10,大分三神,浦和红钻,bet365,2.80,3.20,2.50,4.33,3.50,1.83,https://live.nowscore.com/1x2/1969465.htm,2026-10-02T03:55:00Z,
2021-07-10,大分三神,浦和红钻,Pinnacle,3.59,3.47,2.14,4.62,3.41,1.93,https://live.nowscore.com/1x2/1969465.htm,2026-10-02T03:55:00Z,
2021-07-10,仙台维加泰,札幌冈萨多,William Hill,2.75,2.90,2.60,3.70,3.60,1.85,https://live.nowscore.com/1x2/1969466.htm,2026-10-02T03:55:00Z,
2021-07-10,仙台维加泰,札幌冈萨多,bet365,2.80,3.25,2.50,4.00,3.90,1.80,https://live.nowscore.com/1x2/1969466.htm,2026-10-02T03:55:00Z,
2021-07-10,仙台维加泰,札幌冈萨多,Pinnacle,3.15,3.58,2.32,4.18,3.92,1.87,https://live.nowscore.com/1x2/1969466.htm,2026-10-02T03:55:00Z,
2021-07-11,广岛三箭,横滨FC,William Hill,1.30,4.40,11.00,1.33,4.40,9.00,https://live.nowscore.com/1x2/1969462.htm,2026-10-02T03:55:00Z,
2021-07-11,广岛三箭,横滨FC,bet365,1.36,4.50,9.00,1.33,4.75,9.50,https://live.nowscore.com/1x2/1969462.htm,2026-10-02T03:55:00Z,
2021-07-11,广岛三箭,横滨FC,Pinnacle,1.30,5.62,11.12,1.40,4.92,8.83,https://live.nowscore.com/1x2/1969462.htm,2026-10-02T03:55:00Z,
2021-07-11,德岛漩涡,清水鼓动,William Hill,2.75,2.88,2.63,2.80,2.75,2.70,https://live.nowscore.com/1x2/1969464.htm,2026-10-02T03:55:00Z,
2021-07-11,德岛漩涡,清水鼓动,bet365,2.70,3.20,2.60,2.88,3.00,2.63,https://live.nowscore.com/1x2/1969464.htm,2026-10-02T03:55:00Z,
2021-07-11,德岛漩涡,清水鼓动,Pinnacle,2.68,3.27,2.83,3.00,2.98,2.79,https://live.nowscore.com/1x2/1969464.htm,2026-10-02T03:55:00Z,
2021-07-11,柏太阳神,鹿岛鹿角,William Hill,2.80,2.88,2.60,3.90,3.40,1.85,https://live.nowscore.com/1x2/1969458.htm,2026-10-02T03:55:00Z,
2021-07-11,柏太阳神,鹿岛鹿角,bet365,2.80,3.20,2.50,4.00,3.60,1.85,https://live.nowscore.com/1x2/1969458.htm,2026-10-02T03:55:00Z,
2021-07-11,柏太阳神,鹿岛鹿角,Pinnacle,3.37,3.57,2.19,4.12,3.81,1.91,https://live.nowscore.com/1x2/1969458.htm,2026-10-02T03:55:00Z,
2021-07-11,湘南海洋,FC东京,William Hill,2.88,2.80,2.60,4.20,3.25,1.83,https://live.nowscore.com/1x2/1969460.htm,2026-10-02T03:55:00Z,
2021-07-11,湘南海洋,FC东京,bet365,2.80,3.20,2.50,3.90,3.50,1.91,https://live.nowscore.com/1x2/1969460.htm,2026-10-02T03:55:00Z,
2021-07-11,湘南海洋,FC东京,Pinnacle,3.12,3.40,2.39,4.44,3.62,1.89,https://live.nowscore.com/1x2/1969460.htm,2026-10-02T03:55:00Z,
2021-07-17,清水鼓动,川崎前锋,William Hill,8.50,4.20,1.36,6.50,4.20,1.44,https://live.nowscore.com/1x2/1969422.htm,2026-10-02T03:55:00Z,
2021-07-17,清水鼓动,川崎前锋,bet365,7.00,4.75,1.40,6.50,4.50,1.45,https://live.nowscore.com/1x2/1969422.htm,2026-10-02T03:55:00Z,
2021-07-17,清水鼓动,川崎前锋,Pinnacle,7.30,4.76,1.45,6.34,4.59,1.52,https://live.nowscore.com/1x2/1969422.htm,2026-10-02T03:55:00Z,
2021-07-17,福冈黄蜂,大阪钢巴,William Hill,2.70,3.00,2.60,3.10,3.00,2.30,https://live.nowscore.com/1x2/1969451.htm,2026-10-02T03:55:00Z,
2021-07-17,福冈黄蜂,大阪钢巴,bet365,2.70,3.10,2.70,3.10,3.20,2.30,https://live.nowscore.com/1x2/1969451.htm,2026-10-02T03:55:00Z,
2021-07-17,福冈黄蜂,大阪钢巴,Pinnacle,3.11,3.44,2.37,3.21,3.32,2.41,https://live.nowscore.com/1x2/1969451.htm,2026-10-02T03:55:00Z,
2021-07-17,鸟栖沙岩,名古屋鲸八,William Hill,2.70,3.00,2.60,3.40,2.88,2.25,https://live.nowscore.com/1x2/1969444.htm,2026-10-02T03:55:00Z,
2021-07-17,鸟栖沙岩,名古屋鲸八,bet365,2.70,3.20,2.60,3.30,2.90,2.30,https://live.nowscore.com/1x2/1969444.htm,2026-10-02T03:55:00Z,
2021-07-17,鸟栖沙岩,名古屋鲸八,Pinnacle,3.25,3.30,2.37,3.66,2.94,2.41,https://live.nowscore.com/1x2/1969444.htm,2026-10-02T03:55:00Z,
2021-07-17,大阪樱花,神户胜利船,William Hill,2.50,3.10,2.75,2.70,3.25,2.40,https://live.nowscore.com/1x2/1969447.htm,2026-10-02T03:55:00Z,
2021-07-17,大阪樱花,神户胜利船,bet365,2.50,3.10,2.90,2.80,3.40,2.40,https://live.nowscore.com/1x2/1969447.htm,2026-10-02T03:55:00Z,
2021-07-17,大阪樱花,神户胜利船,Pinnacle,2.50,3.38,2.96,2.83,3.63,2.51,https://live.nowscore.com/1x2/1969447.htm,2026-10-02T03:55:00Z,
2021-07-21,大阪樱花,FC东京,William Hill,2.40,3.00,2.90,2.63,3.10,2.60,https://live.nowscore.com/1x2/1969448.htm,2026-10-02T03:55:00Z,
2021-07-21,大阪樱花,FC东京,bet365,2.38,3.20,2.80,2.75,3.20,2.55,https://live.nowscore.com/1x2/1969448.htm,2026-10-02T03:55:00Z,
2021-07-21,大阪樱花,FC东京,Pinnacle,2.62,3.33,2.85,2.82,3.33,2.69,https://live.nowscore.com/1x2/1969448.htm,2026-10-02T03:55:00Z,
2021-07-21,大阪钢巴,神户胜利船,William Hill,2.70,3.10,2.50,3.00,3.30,2.20,https://live.nowscore.com/1x2/1969463.htm,2026-10-02T03:55:00Z,
2021-07-21,大阪钢巴,神户胜利船,bet365,2.60,3.30,2.50,3.20,3.60,2.10,https://live.nowscore.com/1x2/1969463.htm,2026-10-02T03:55:00Z,
2021-07-21,大阪钢巴,神户胜利船,Pinnacle,3.05,3.43,2.42,3.28,3.81,2.17,https://live.nowscore.com/1x2/1969463.htm,2026-10-02T03:55:00Z,
2021-07-24,大阪钢巴,鹿岛鹿角,William Hill,3.20,3.30,2.10,4.00,3.40,1.83,https://live.nowscore.com/1x2/1969259.htm,2026-10-02T03:55:00Z,
2021-07-24,大阪钢巴,鹿岛鹿角,bet365,3.25,3.25,2.25,3.80,3.60,1.91,https://live.nowscore.com/1x2/1969259.htm,2026-10-02T03:55:00Z,
2021-07-24,大阪钢巴,鹿岛鹿角,Pinnacle,3.46,3.79,2.08,4.22,3.77,1.89,https://live.nowscore.com/1x2/1969259.htm,2026-10-02T03:55:00Z,
2021-07-24,鸟栖沙岩,大阪樱花,William Hill,2.50,3.10,2.70,2.60,3.00,2.70,https://live.nowscore.com/1x2/1969459.htm,2026-10-02T03:55:00Z,
2021-07-24,鸟栖沙岩,大阪樱花,bet365,2.75,3.10,2.63,2.63,3.10,2.75,https://live.nowscore.com/1x2/1969459.htm,2026-10-02T03:55:00Z,
2021-07-24,鸟栖沙岩,大阪樱花,Pinnacle,2.37,3.35,3.20,2.66,3.36,2.82,https://live.nowscore.com/1x2/1969459.htm,2026-10-02T03:55:00Z,
2021-07-27,大阪钢巴,大分三神,William Hill,2.15,3.20,3.25,2.00,3.10,3.75,https://live.nowscore.com/1x2/1969274.htm,2026-10-02T03:55:00Z,
2021-07-27,大阪钢巴,大分三神,bet365,2.00,3.25,3.50,2.10,3.25,3.60,https://live.nowscore.com/1x2/1969274.htm,2026-10-02T03:55:00Z,
2021-07-27,大阪钢巴,大分三神,Pinnacle,1.85,3.67,4.45,2.13,3.33,3.87,https://live.nowscore.com/1x2/1969274.htm,2026-10-02T03:55:00Z,
2021-07-30,札幌冈萨多,大阪钢巴,William Hill,2.00,3.50,3.25,1.57,3.90,5.00,https://live.nowscore.com/1x2/1969285.htm,2026-10-02T03:55:00Z,
2021-07-30,札幌冈萨多,大阪钢巴,bet365,2.00,3.50,3.25,1.62,4.10,5.00,https://live.nowscore.com/1x2/1969285.htm,2026-10-02T03:55:00Z,
2021-07-30,札幌冈萨多,大阪钢巴,Pinnacle,2.06,3.82,3.49,1.62,4.46,5.26,https://live.nowscore.com/1x2/1969285.htm,2026-10-02T03:55:00Z,
2021-08-03,仙台维加泰,大阪钢巴,William Hill,2.70,3.20,2.45,2.70,3.10,2.50,https://live.nowscore.com/1x2/1969291.htm,2026-10-02T06:36:06Z,
2021-08-03,仙台维加泰,大阪钢巴,bet365,2.55,3.30,2.50,2.60,3.30,2.63,https://live.nowscore.com/1x2/1969291.htm,2026-10-02T06:36:06Z,
2021-08-03,仙台维加泰,大阪钢巴,Pinnacle,2.90,3.60,2.43,2.77,3.38,2.70,https://live.nowscore.com/1x2/1969291.htm,2026-10-02T06:36:06Z,
2021-08-06,大阪钢巴,横滨水手,William Hill,4.00,3.60,1.80,4.80,4.00,1.57,https://live.nowscore.com/1x2/1969302.htm,2026-10-02T06:37:17Z,
2021-08-06,大阪钢巴,横滨水手,bet365,4.00,3.75,1.75,5.50,4.00,1.57,https://live.nowscore.com/1x2/1969302.htm,2026-10-02T06:37:17Z,
2021-08-06,大阪钢巴,横滨水手,Pinnacle,4.00,4.20,1.83,5.04,4.48,1.64,https://live.nowscore.com/1x2/1969302.htm,2026-10-02T06:37:17Z,
2021-08-09,札幌冈萨多,浦和红钻,William Hill,2.15,3.20,3.20,2.10,3.10,3.40,https://live.nowscore.com/1x2/1969477.htm,2026-10-02T06:38:27Z,
2021-08-09,札幌冈萨多,浦和红钻,bet365,2.05,3.40,3.20,2.10,3.40,3.40,https://live.nowscore.com/1x2/1969477.htm,2026-10-02T06:38:27Z,
2021-08-09,札幌冈萨多,浦和红钻,Pinnacle,2.22,3.64,3.25,2.20,3.47,3.51,https://live.nowscore.com/1x2/1969477.htm,2026-10-02T06:38:27Z,
2021-08-09,神户胜利船,柏太阳神,William Hill,2.00,3.10,3.70,2.00,3.25,3.60,https://live.nowscore.com/1x2/1969473.htm,2026-10-02T06:38:27Z,
2021-08-09,神户胜利船,柏太阳神,bet365,1.91,3.30,3.80,2.00,3.60,3.60,https://live.nowscore.com/1x2/1969473.htm,2026-10-02T06:38:27Z,
2021-08-09,神户胜利船,柏太阳神,Pinnacle,2.11,3.89,3.30,1.75,3.95,4.85,https://live.nowscore.com/1x2/1969473.htm,2026-10-02T06:38:27Z,
2021-08-09,清水鼓动,横滨水手,William Hill,3.60,3.30,1.95,4.20,3.75,1.70,https://live.nowscore.com/1x2/1969475.htm,2026-10-02T06:38:27Z,
2021-08-09,清水鼓动,横滨水手,bet365,3.60,3.50,1.85,4.50,4.00,1.73,https://live.nowscore.com/1x2/1969475.htm,2026-10-02T06:38:27Z,
2021-08-09,清水鼓动,横滨水手,Pinnacle,4.27,4.15,1.78,4.49,4.17,1.76,https://live.nowscore.com/1x2/1969475.htm,2026-10-02T06:38:27Z,
2021-08-09,横滨FC,名古屋鲸八,William Hill,4.80,3.30,1.73,5.50,3.10,1.70,https://live.nowscore.com/1x2/1969476.htm,2026-10-02T06:38:27Z,
2021-08-09,横滨FC,名古屋鲸八,bet365,4.00,3.60,1.75,5.00,3.50,1.70,https://live.nowscore.com/1x2/1969476.htm,2026-10-02T06:38:27Z,
2021-08-09,横滨FC,名古屋鲸八,Pinnacle,6.03,3.73,1.66,6.37,3.73,1.65,https://live.nowscore.com/1x2/1969476.htm,2026-10-02T06:38:27Z,
2021-08-09,福冈黄蜂,广岛三箭,William Hill,3.30,3.00,2.20,4.20,3.20,1.85,https://live.nowscore.com/1x2/1969468.htm,2026-10-02T06:38:27Z,
2021-08-09,福冈黄蜂,广岛三箭,bet365,3.40,3.10,2.05,4.50,3.25,1.91,https://live.nowscore.com/1x2/1969468.htm,2026-10-02T06:38:27Z,
2021-08-09,福冈黄蜂,广岛三箭,Pinnacle,3.88,3.32,2.10,4.93,3.54,1.84,https://live.nowscore.com/1x2/1969468.htm,2026-10-02T06:38:27Z,
2021-08-09,大阪樱花,仙台维加泰,William Hill,1.73,3.20,5.00,1.67,3.60,4.75,https://live.nowscore.com/1x2/1969469.htm,2026-10-02T06:38:27Z,
2021-08-09,大阪樱花,仙台维加泰,bet365,1.65,3.75,4.75,1.70,3.90,4.75,https://live.nowscore.com/1x2/1969469.htm,2026-10-02T06:38:27Z,
2021-08-09,大阪樱花,仙台维加泰,Pinnacle,1.77,3.88,4.68,1.74,3.90,5.05,https://live.nowscore.com/1x2/1969469.htm,2026-10-02T06:38:27Z,
2021-08-09,鸟栖沙岩,FC东京,William Hill,2.63,3.00,2.70,2.75,3.10,2.45,https://live.nowscore.com/1x2/1969470.htm,2026-10-02T06:38:27Z,
2021-08-09,鸟栖沙岩,FC东京,bet365,2.63,3.20,2.50,2.80,3.10,2.60,https://live.nowscore.com/1x2/1969470.htm,2026-10-02T06:38:27Z,
2021-08-09,鸟栖沙岩,FC东京,Pinnacle,2.84,3.25,2.68,2.36,3.19,3.46,https://live.nowscore.com/1x2/1969470.htm,2026-10-02T06:38:27Z,
2021-08-09,德岛漩涡,大阪钢巴,William Hill,2.63,3.10,2.60,2.45,2.90,3.00,https://live.nowscore.com/1x2/1969471.htm,2026-10-02T06:38:27Z,
2021-08-09,德岛漩涡,大阪钢巴,bet365,2.63,3.20,2.63,2.40,3.20,3.00,https://live.nowscore.com/1x2/1969471.htm,2026-10-02T06:38:27Z,
2021-08-09,德岛漩涡,大阪钢巴,Pinnacle,2.77,3.38,2.66,2.59,3.12,3.12,https://live.nowscore.com/1x2/1969471.htm,2026-10-02T06:38:27Z,
2021-08-09,湘南海洋,鹿岛鹿角,William Hill,4.20,3.25,1.83,5.00,3.40,1.67,https://live.nowscore.com/1x2/1969472.htm,2026-10-02T06:38:27Z,
2021-08-09,湘南海洋,鹿岛鹿角,bet365,4.50,3.60,1.75,5.00,3.80,1.67,https://live.nowscore.com/1x2/1969472.htm,2026-10-02T06:38:27Z,
2021-08-09,湘南海洋,鹿岛鹿角,Pinnacle,4.88,3.84,1.75,5.13,3.83,1.74,https://live.nowscore.com/1x2/1969472.htm,2026-10-02T06:38:27Z,
2021-08-09,大分三神,川崎前锋,William Hill,8.50,4.33,1.35,9.50,4.60,1.30,https://live.nowscore.com/1x2/1969474.htm,2026-10-02T06:38:27Z,
2021-08-09,大分三神,川崎前锋,bet365,7.50,4.75,1.33,9.00,4.75,1.33,https://live.nowscore.com/1x2/1969474.htm,2026-10-02T06:38:27Z,
2021-08-09,大分三神,川崎前锋,Pinnacle,11.54,5.55,1.30,9.56,4.99,1.38,https://live.nowscore.com/1x2/1969474.htm,2026-10-02T06:38:27Z,
2021-08-12,横滨水手,名古屋鲸八,William Hill,1.80,3.50,4.00,1.85,3.40,3.90,https://live.nowscore.com/1x2/1969528.htm,2026-10-02T06:40:57Z,
2021-08-12,横滨水手,名古屋鲸八,bet365,1.80,3.75,3.60,1.91,3.60,4.00,https://live.nowscore.com/1x2/1969528.htm,2026-10-02T06:40:57Z,
2021-08-12,横滨水手,名古屋鲸八,Pinnacle,1.91,3.56,4.33,1.98,3.62,4.04,https://live.nowscore.com/1x2/1969528.htm,2026-10-02T06:40:57Z,
2021-08-13,清水鼓动,大阪钢巴,William Hill,2.38,3.20,2.80,2.38,3.10,2.90,https://live.nowscore.com/1x2/1969486.htm,2026-10-02T06:41:53Z,
2021-08-13,清水鼓动,大阪钢巴,bet365,2.30,3.40,2.75,2.40,3.25,2.88,https://live.nowscore.com/1x2/1969486.htm,2026-10-02T06:41:53Z,
2021-08-13,清水鼓动,大阪钢巴,Pinnacle,2.56,3.40,2.87,2.55,3.43,2.91,https://live.nowscore.com/1x2/1969486.htm,2026-10-02T06:41:53Z,
2021-08-14,札幌冈萨多,FC东京,William Hill,2.20,3.20,3.10,2.40,3.20,2.75,https://live.nowscore.com/1x2/1969485.htm,2026-10-02T06:43:14Z,
2021-08-14,札幌冈萨多,FC东京,bet365,2.20,3.25,3.00,2.45,3.30,2.88,https://live.nowscore.com/1x2/1969485.htm,2026-10-02T06:43:14Z,
2021-08-14,札幌冈萨多,FC东京,Pinnacle,2.31,3.59,3.10,2.59,3.53,2.80,https://live.nowscore.com/1x2/1969485.htm,2026-10-02T06:43:14Z,
2021-08-14,仙台维加泰,横滨FC,William Hill,2.20,3.10,3.20,2.38,3.00,3.00,https://live.nowscore.com/1x2/1969481.htm,2026-10-02T06:43:14Z,
2021-08-14,仙台维加泰,横滨FC,bet365,2.20,3.25,3.00,2.50,3.25,2.80,https://live.nowscore.com/1x2/1969481.htm,2026-10-02T06:43:14Z,
2021-08-14,仙台维加泰,横滨FC,Pinnacle,2.21,3.63,3.28,2.58,3.35,2.93,https://live.nowscore.com/1x2/1969481.htm,2026-10-02T06:43:14Z,
2021-08-14,柏太阳神,川崎前锋,William Hill,6.50,3.80,1.50,5.80,3.80,1.53,https://live.nowscore.com/1x2/1969482.htm,2026-10-02T06:43:14Z,
2021-08-14,柏太阳神,川崎前锋,bet365,5.50,4.00,1.50,6.50,3.80,1.57,https://live.nowscore.com/1x2/1969482.htm,2026-10-02T06:43:14Z,
2021-08-14,柏太阳神,川崎前锋,Pinnacle,5.78,4.04,1.62,6.00,4.07,1.62,https://live.nowscore.com/1x2/1969482.htm,2026-10-02T06:43:14Z,
2021-08-14,浦和红钻,鸟栖沙岩,William Hill,1.80,3.30,4.50,2.45,3.10,2.80,https://live.nowscore.com/1x2/1969483.htm,2026-10-02T06:43:14Z,
2021-08-14,浦和红钻,鸟栖沙岩,bet365,1.80,3.60,3.75,2.50,3.40,2.88,https://live.nowscore.com/1x2/1969483.htm,2026-10-02T06:43:14Z,
2021-08-14,浦和红钻,鸟栖沙岩,Pinnacle,2.11,3.61,3.53,2.66,3.25,2.91,https://live.nowscore.com/1x2/1969483.htm,2026-10-02T06:43:14Z,
2021-08-15,名古屋鲸八,湘南海洋,William Hill,1.83,3.20,4.33,1.83,3.10,4.50,https://live.nowscore.com/1x2/1969484.htm,2026-10-02T06:44:41Z,
2021-08-15,名古屋鲸八,湘南海洋,bet365,1.85,3.50,3.75,1.85,3.40,4.33,https://live.nowscore.com/1x2/1969484.htm,2026-10-02T06:44:41Z,
2021-08-15,名古屋鲸八,湘南海洋,Pinnacle,1.62,3.90,6.15,1.94,3.30,4.70,https://live.nowscore.com/1x2/1969484.htm,2026-10-02T06:44:41Z,
2021-08-15,横滨水手,大分三神,William Hill,1.33,4.33,9.50,1.29,5.00,9.00,https://live.nowscore.com/1x2/1969487.htm,2026-10-02T06:44:41Z,
2021-08-15,横滨水手,大分三神,bet365,1.33,4.75,7.50,1.30,4.75,8.50,https://live.nowscore.com/1x2/1969487.htm,2026-10-02T06:44:41Z,
2021-08-15,横滨水手,大分三神,Pinnacle,1.29,6.02,10.17,1.32,5.89,9.75,https://live.nowscore.com/1x2/1969487.htm,2026-10-02T06:44:41Z,
2021-08-15,鹿岛鹿角,德岛漩涡,William Hill,1.75,3.40,4.33,1.60,3.50,5.50,https://live.nowscore.com/1x2/1969479.htm,2026-10-02T06:44:41Z,
2021-08-15,鹿岛鹿角,德岛漩涡,bet365,1.80,3.60,3.75,1.57,4.00,5.50,https://live.nowscore.com/1x2/1969479.htm,2026-10-02T06:44:41Z,
2021-08-15,鹿岛鹿角,德岛漩涡,Pinnacle,1.68,4.04,5.12,1.65,3.97,5.84,https://live.nowscore.com/1x2/1969479.htm,2026-10-02T06:44:41Z,
2021-08-15,福冈黄蜂,大阪樱花,William Hill,2.45,3.10,2.80,3.50,3.25,2.00,https://live.nowscore.com/1x2/1969478.htm,2026-10-02T06:44:41Z,
2021-08-15,福冈黄蜂,大阪樱花,bet365,2.40,3.20,2.75,3.60,3.30,2.00,https://live.nowscore.com/1x2/1969478.htm,2026-10-02T06:44:41Z,
2021-08-15,福冈黄蜂,大阪樱花,Pinnacle,3.45,3.32,2.26,3.93,3.50,2.05,https://live.nowscore.com/1x2/1969478.htm,2026-10-02T06:44:41Z,
2021-08-21,神户胜利船,鹿岛鹿角,William Hill,2.90,3.40,2.20,3.30,3.30,2.05,https://live.nowscore.com/1x2/1969494.htm,2026-10-02T06:46:12Z,
2021-08-21,神户胜利船,鹿岛鹿角,bet365,3.10,3.50,2.20,3.60,3.60,1.95,https://live.nowscore.com/1x2/1969494.htm,2026-10-02T06:46:12Z,
2021-08-21,神户胜利船,鹿岛鹿角,Pinnacle,3.02,3.75,2.29,3.58,3.66,2.10,https://live.nowscore.com/1x2/1969494.htm,2026-10-02T06:46:12Z,
2021-08-21,横滨水手,仙台维加泰,William Hill,1.29,5.00,9.00,1.25,5.50,10.00,https://live.nowscore.com/1x2/1969497.htm,2026-10-02T06:46:12Z,
2021-08-21,横滨水手,仙台维加泰,bet365,1.29,5.75,9.00,1.30,5.75,8.50,https://live.nowscore.com/1x2/1969497.htm,2026-10-02T06:46:12Z,
2021-08-21,横滨水手,仙台维加泰,Pinnacle,1.29,6.29,9.16,1.29,6.15,10.00,https://live.nowscore.com/1x2/1969497.htm,2026-10-02T06:46:12Z,
2021-08-21,大阪樱花,横滨FC,William Hill,1.55,3.80,5.50,1.75,3.40,4.50,https://live.nowscore.com/1x2/1969489.htm,2026-10-02T06:46:12Z,
2021-08-21,大阪樱花,横滨FC,bet365,1.57,4.00,5.50,1.85,3.50,4.20,https://live.nowscore.com/1x2/1969489.htm,2026-10-02T06:46:12Z,
2021-08-21,大阪樱花,横滨FC,Pinnacle,1.59,4.26,5.75,1.87,3.68,4.48,https://live.nowscore.com/1x2/1969489.htm,2026-10-02T06:46:12Z,
2021-08-21,湘南海洋,清水鼓动,William Hill,2.50,3.10,2.70,2.60,3.00,2.70,https://live.nowscore.com/1x2/1969490.htm,2026-10-02T06:46:12Z,
2021-08-21,湘南海洋,清水鼓动,bet365,2.55,3.20,2.80,2.63,3.20,2.80,https://live.nowscore.com/1x2/1969490.htm,2026-10-02T06:46:12Z,
2021-08-21,湘南海洋,清水鼓动,Pinnacle,2.61,3.41,2.81,2.84,3.04,2.89,https://live.nowscore.com/1x2/1969490.htm,2026-10-02T06:46:12Z,
2021-08-21,大阪钢巴,FC东京,William Hill,3.00,3.20,2.25,2.90,3.20,2.30,https://live.nowscore.com/1x2/1969491.htm,2026-10-02T06:46:12Z,
2021-08-21,大阪钢巴,FC东京,bet365,3.00,3.30,2.30,2.88,3.30,2.40,https://live.nowscore.com/1x2/1969491.htm,2026-10-02T06:46:12Z,
2021-08-21,大阪钢巴,FC东京,Pinnacle,3.10,3.50,2.36,3.02,3.52,2.42,https://live.nowscore.com/1x2/1969491.htm,2026-10-02T06:46:12Z,
2021-08-21,广岛三箭,川崎前锋,William Hill,4.40,3.60,1.70,4.20,3.40,1.80,https://live.nowscore.com/1x2/1969492.htm,2026-10-02T06:46:12Z,
2021-08-21,广岛三箭,川崎前锋,bet365,4.50,3.75,1.73,4.20,3.60,1.80,https://live.nowscore.com/1x2/1969492.htm,2026-10-02T06:46:12Z,
2021-08-21,广岛三箭,川崎前锋,Pinnacle,4.42,3.85,1.82,4.25,3.66,1.92,https://live.nowscore.com/1x2/1969492.htm,2026-10-02T06:46:12Z,
2021-08-21,大分三神,札幌冈萨多,William Hill,4.20,3.30,1.83,3.75,3.20,1.95,https://live.nowscore.com/1x2/1969493.htm,2026-10-02T06:46:12Z,
2021-08-21,大分三神,札幌冈萨多,bet365,4.33,3.50,1.83,3.80,3.25,2.00,https://live.nowscore.com/1x2/1969493.htm,2026-10-02T06:46:12Z,
2021-08-21,大分三神,札幌冈萨多,Pinnacle,4.65,3.78,1.80,4.04,3.40,2.05,https://live.nowscore.com/1x2/1969493.htm,2026-10-02T06:46:12Z,
2021-08-21,德岛漩涡,浦和红钻,William Hill,3.00,2.90,2.40,3.00,2.90,2.40,https://live.nowscore.com/1x2/1969495.htm,2026-10-02T06:46:12Z,
2021-08-21,德岛漩涡,浦和红钻,bet365,3.00,3.00,2.50,3.00,3.10,2.45,https://live.nowscore.com/1x2/1969495.htm,2026-10-02T06:46:12Z,
2021-08-21,德岛漩涡,浦和红钻,Pinnacle,3.27,3.12,2.46,3.19,3.11,2.55,https://live.nowscore.com/1x2/1969495.htm,2026-10-02T06:46:12Z,
2021-08-21,柏太阳神,鸟栖沙岩,William Hill,2.30,3.20,2.90,2.38,3.20,2.80,https://live.nowscore.com/1x2/1969496.htm,2026-10-02T06:46:12Z,
2021-08-21,柏太阳神,鸟栖沙岩,bet365,2.30,3.25,3.10,2.38,3.30,2.90,https://live.nowscore.com/1x2/1969496.htm,2026-10-02T06:46:12Z,
2021-08-21,柏太阳神,鸟栖沙岩,Pinnacle,2.54,3.39,2.90,2.53,3.45,2.92,https://live.nowscore.com/1x2/1969496.htm,2026-10-02T06:46:12Z,
2021-08-22,名古屋鲸八,福冈黄蜂,William Hill,1.60,3.50,5.50,1.73,3.20,5.00,https://live.nowscore.com/1x2/1969488.htm,2026-10-02T06:49:39Z,
2021-08-22,名古屋鲸八,福冈黄蜂,bet365,1.65,3.60,5.50,1.75,3.25,5.25,https://live.nowscore.com/1x2/1969488.htm,2026-10-02T06:49:39Z,
2021-08-22,名古屋鲸八,福冈黄蜂,Pinnacle,1.63,3.87,6.04,1.88,3.24,5.33,https://live.nowscore.com/1x2/1969488.htm,2026-10-02T06:49:39Z,
2021-08-25,大阪樱花,湘南海洋,William Hill,1.75,3.40,4.40,1.75,3.30,4.50,https://live.nowscore.com/1x2/1969498.htm,2026-10-02T06:51:07Z,
2021-08-25,大阪樱花,湘南海洋,bet365,1.75,3.50,4.75,1.75,3.75,4.33,https://live.nowscore.com/1x2/1969498.htm,2026-10-02T06:51:07Z,
2021-08-25,大阪樱花,湘南海洋,Pinnacle,1.82,3.85,4.40,1.85,3.66,4.63,https://live.nowscore.com/1x2/1969498.htm,2026-10-02T06:51:07Z,
2021-08-25,横滨FC,大阪钢巴,William Hill,3.30,3.10,2.15,2.63,3.10,2.60,https://live.nowscore.com/1x2/1969499.htm,2026-10-02T06:51:07Z,
2021-08-25,横滨FC,大阪钢巴,bet365,3.40,3.30,2.15,2.70,3.25,2.60,https://live.nowscore.com/1x2/1969499.htm,2026-10-02T06:51:07Z,
2021-08-25,横滨FC,大阪钢巴,Pinnacle,3.41,3.50,2.20,2.82,3.35,2.67,https://live.nowscore.com/1x2/1969499.htm,2026-10-02T06:51:07Z,
2021-08-25,清水鼓动,鹿岛鹿角,William Hill,3.90,3.40,1.85,4.00,3.30,1.85,https://live.nowscore.com/1x2/1969500.htm,2026-10-02T06:51:07Z,
2021-08-25,清水鼓动,鹿岛鹿角,bet365,4.20,3.60,1.83,3.90,3.70,1.85,https://live.nowscore.com/1x2/1969500.htm,2026-10-02T06:51:07Z,
2021-08-25,清水鼓动,鹿岛鹿角,Pinnacle,4.14,3.66,1.93,4.01,3.73,1.95,https://live.nowscore.com/1x2/1969500.htm,2026-10-02T06:51:07Z,
2021-08-25,德岛漩涡,柏太阳神,William Hill,2.45,3.10,2.75,2.60,2.90,2.80,https://live.nowscore.com/1x2/1969501.htm,2026-10-02T06:51:07Z,
2021-08-25,德岛漩涡,柏太阳神,bet365,2.50,3.20,2.80,2.45,3.10,3.00,https://live.nowscore.com/1x2/1969501.htm,2026-10-02T06:51:07Z,
2021-08-25,德岛漩涡,柏太阳神,Pinnacle,2.57,3.34,2.91,2.65,3.18,2.99,https://live.nowscore.com/1x2/1969501.htm,2026-10-02T06:51:07Z,
2021-08-25,福冈黄蜂,川崎前锋,William Hill,7.50,4.00,1.40,9.00,4.40,1.33,https://live.nowscore.com/1x2/1969502.htm,2026-10-02T06:51:07Z,
2021-08-25,福冈黄蜂,川崎前锋,bet365,7.00,4.33,1.44,9.50,5.00,1.30,https://live.nowscore.com/1x2/1969502.htm,2026-10-02T06:51:07Z,
2021-08-25,福冈黄蜂,川崎前锋,Pinnacle,8.88,4.87,1.39,9.41,5.09,1.37,https://live.nowscore.com/1x2/1969502.htm,2026-10-02T06:51:07Z,
2021-08-25,仙台维加泰,FC东京,William Hill,3.70,3.30,1.95,3.50,3.20,2.05,https://live.nowscore.com/1x2/1969503.htm,2026-10-02T06:51:07Z,
2021-08-25,仙台维加泰,FC东京,bet365,4.00,3.40,1.91,3.30,3.40,2.15,https://live.nowscore.com/1x2/1969503.htm,2026-10-02T06:51:07Z,
2021-08-25,仙台维加泰,FC东京,Pinnacle,4.02,3.72,1.93,3.66,3.45,2.15,https://live.nowscore.com/1x2/1969503.htm,2026-10-02T06:51:07Z,
2021-08-25,大分三神,神户胜利船,William Hill,3.75,3.10,2.00,4.20,3.30,1.83,https://live.nowscore.com/1x2/1969504.htm,2026-10-02T06:51:07Z,
2021-08-25,大分三神,神户胜利船,bet365,3.80,3.30,2.00,4.00,3.60,1.85,https://live.nowscore.com/1x2/1969504.htm,2026-10-02T06:51:07Z,
2021-08-25,大分三神,神户胜利船,Pinnacle,3.99,3.34,2.06,4.35,3.53,1.93,https://live.nowscore.com/1x2/1969504.htm,2026-10-02T06:51:07Z,
2021-08-25,鸟栖沙岩,横滨水手,William Hill,3.80,3.60,1.83,3.25,3.60,2.00,https://live.nowscore.com/1x2/1969505.htm,2026-10-02T06:51:07Z,
2021-08-25,鸟栖沙岩,横滨水手,bet365,4.00,3.80,1.80,3.30,4.00,1.95,https://live.nowscore.com/1x2/1969505.htm,2026-10-02T06:51:07Z,
2021-08-25,鸟栖沙岩,横滨水手,Pinnacle,3.96,4.00,1.88,3.82,4.10,1.91,https://live.nowscore.com/1x2/1969505.htm,2026-10-02T06:51:07Z,
2021-08-25,札幌冈萨多,名古屋鲸八,William Hill,2.45,3.10,2.80,2.45,3.00,2.90,https://live.nowscore.com/1x2/1969506.htm,2026-10-02T06:51:07Z,
2021-08-25,札幌冈萨多,名古屋鲸八,bet365,2.40,3.25,2.90,2.38,3.30,2.80,https://live.nowscore.com/1x2/1969506.htm,2026-10-02T06:51:07Z,
2021-08-25,札幌冈萨多,名古屋鲸八,Pinnacle,2.51,3.37,2.95,2.54,3.26,3.06,https://live.nowscore.com/1x2/1969506.htm,2026-10-02T06:51:07Z,
2021-08-25,浦和红钻,广岛三箭,William Hill,2.75,3.10,2.45,2.50,3.00,2.80,https://live.nowscore.com/1x2/1969507.htm,2026-10-02T06:51:07Z,
2021-08-25,浦和红钻,广岛三箭,bet365,2.80,3.20,2.50,2.50,3.20,2.80,https://live.nowscore.com/1x2/1969507.htm,2026-10-02T06:51:07Z,
2021-08-25,浦和红钻,广岛三箭,Pinnacle,2.71,3.35,2.73,2.78,3.18,2.83,https://live.nowscore.com/1x2/1969507.htm,2026-10-02T06:51:07Z,
2021-08-28,札幌冈萨多,川崎前锋,William Hill,6.00,3.50,1.57,3.40,3.40,2.00,https://live.nowscore.com/1x2/1969517.htm,2026-10-02T06:54:07Z,
2021-08-28,札幌冈萨多,川崎前锋,bet365,4.75,4.20,1.62,3.40,3.75,1.95,https://live.nowscore.com/1x2/1969517.htm,2026-10-02T06:54:07Z,
2021-08-28,札幌冈萨多,川崎前锋,Pinnacle,4.46,4.26,1.74,3.47,3.84,2.09,https://live.nowscore.com/1x2/1969517.htm,2026-10-02T06:54:07Z,
2021-08-28,神户胜利船,FC东京,William Hill,2.30,3.00,3.10,2.20,3.20,3.10,https://live.nowscore.com/1x2/1969514.htm,2026-10-02T06:54:07Z,
2021-08-28,神户胜利船,FC东京,bet365,2.20,3.30,3.20,2.15,3.40,3.30,https://live.nowscore.com/1x2/1969514.htm,2026-10-02T06:54:07Z,
2021-08-28,神户胜利船,FC东京,Pinnacle,2.29,3.54,3.19,2.25,3.57,3.30,https://live.nowscore.com/1x2/1969514.htm,2026-10-02T06:54:07Z,
2021-08-28,广岛三箭,大分三神,William Hill,1.40,3.90,8.00,1.55,3.50,6.50,https://live.nowscore.com/1x2/1969513.htm,2026-10-02T06:54:07Z,
2021-08-28,广岛三箭,大分三神,bet365,1.45,4.00,7.00,1.60,3.75,5.50,https://live.nowscore.com/1x2/1969513.htm,2026-10-02T06:54:07Z,
2021-08-28,广岛三箭,大分三神,Pinnacle,1.52,4.43,6.58,1.67,3.70,6.26,https://live.nowscore.com/1x2/1969513.htm,2026-10-02T06:54:07Z,
2021-08-28,大阪钢巴,大阪樱花,William Hill,2.60,2.90,2.80,2.90,3.25,2.30,https://live.nowscore.com/1x2/1969515.htm,2026-10-02T06:54:07Z,
2021-08-28,大阪钢巴,大阪樱花,bet365,2.63,3.20,2.63,3.00,3.50,2.25,https://live.nowscore.com/1x2/1969515.htm,2026-10-02T06:54:07Z,
2021-08-28,大阪钢巴,大阪樱花,Pinnacle,2.73,3.41,2.68,3.13,3.63,2.31,https://live.nowscore.com/1x2/1969515.htm,2026-10-02T06:54:07Z,
2021-08-28,横滨水手,鹿岛鹿角,William Hill,1.80,3.50,4.00,1.91,3.60,3.50,https://live.nowscore.com/1x2/1969516.htm,2026-10-02T06:54:07Z,
2021-08-28,横滨水手,鹿岛鹿角,bet365,1.83,4.00,3.80,1.91,4.00,3.40,https://live.nowscore.com/1x2/1969516.htm,2026-10-02T06:54:07Z,
2021-08-28,横滨水手,鹿岛鹿角,Pinnacle,1.98,4.21,3.43,2.09,4.09,3.27,https://live.nowscore.com/1x2/1969516.htm,2026-10-02T06:54:07Z,
2021-08-29,名古屋鲸八,清水鼓动,William Hill,1.75,3.20,4.75,1.91,3.00,4.33,https://live.nowscore.com/1x2/1969512.htm,2026-10-02T06:56:34Z,
2021-08-29,名古屋鲸八,清水鼓动,bet365,1.75,3.40,4.75,1.95,3.30,4.00,https://live.nowscore.com/1x2/1969512.htm,2026-10-02T06:56:34Z,
2021-08-29,名古屋鲸八,清水鼓动,Pinnacle,1.97,3.48,4.15,2.08,3.18,4.29,https://live.nowscore.com/1x2/1969512.htm,2026-10-02T06:56:34Z,
2021-08-29,湘南海洋,浦和红钻,William Hill,2.88,3.00,2.45,3.20,2.90,2.30,https://live.nowscore.com/1x2/1969508.htm,2026-10-02T06:56:34Z,
2021-08-29,湘南海洋,浦和红钻,bet365,3.10,3.10,2.30,3.20,3.10,2.25,https://live.nowscore.com/1x2/1969508.htm,2026-10-02T06:56:34Z,
2021-08-29,湘南海洋,浦和红钻,Pinnacle,3.11,3.29,2.45,3.29,3.15,2.46,https://live.nowscore.com/1x2/1969508.htm,2026-10-02T06:56:34Z,
2021-08-29,福冈黄蜂,德岛漩涡,William Hill,2.40,2.90,3.00,2.38,2.88,3.10,https://live.nowscore.com/1x2/1969509.htm,2026-10-02T06:56:34Z,
2021-08-29,福冈黄蜂,德岛漩涡,bet365,2.40,3.10,3.00,2.38,3.10,3.10,https://live.nowscore.com/1x2/1969509.htm,2026-10-02T06:56:34Z,
2021-08-29,福冈黄蜂,德岛漩涡,Pinnacle,2.62,3.18,2.96,2.51,3.07,3.30,https://live.nowscore.com/1x2/1969509.htm,2026-10-02T06:56:34Z,
2021-08-29,仙台维加泰,鸟栖沙岩,William Hill,3.70,3.10,2.00,3.75,3.30,1.91,https://live.nowscore.com/1x2/1969510.htm,2026-10-02T06:56:34Z,
2021-08-29,仙台维加泰,鸟栖沙岩,bet365,3.50,3.30,2.05,3.80,3.40,1.91,https://live.nowscore.com/1x2/1969510.htm,2026-10-02T06:56:34Z,
2021-08-29,仙台维加泰,鸟栖沙岩,Pinnacle,3.58,3.43,2.16,3.85,3.69,2.01,https://live.nowscore.com/1x2/1969510.htm,2026-10-02T06:56:34Z,
2021-08-29,柏太阳神,横滨FC,William Hill,1.60,3.40,5.80,2.00,3.10,3.70,https://live.nowscore.com/1x2/1969511.htm,2026-10-02T06:56:34Z,
2021-08-29,柏太阳神,横滨FC,bet365,1.75,3.60,4.50,2.05,3.50,3.40,https://live.nowscore.com/1x2/1969511.htm,2026-10-02T06:56:34Z,
2021-08-29,柏太阳神,横滨FC,Pinnacle,1.66,4.05,5.34,2.10,3.56,3.69,https://live.nowscore.com/1x2/1969511.htm,2026-10-02T06:56:34Z,
2021-09-05,广岛三箭,神户胜利船,William Hill,2.80,3.40,2.30,2.50,3.00,2.80,https://live.nowscore.com/1x2/1969480.htm,2026-10-02T06:59:02Z,
2021-09-05,广岛三箭,神户胜利船,bet365,2.80,3.40,2.25,2.55,3.10,2.80,https://live.nowscore.com/1x2/1969480.htm,2026-10-02T06:59:02Z,
2021-09-05,广岛三箭,神户胜利船,Pinnacle,2.34,3.23,3.38,2.68,3.27,2.87,https://live.nowscore.com/1x2/1969480.htm,2026-10-02T06:59:02Z,
2021-09-08,札幌冈萨多,大阪樱花,William Hill,2.25,3.10,3.10,2.05,3.40,3.20,https://live.nowscore.com/1x2/1969430.htm,2026-10-02T06:59:53Z,
2021-09-08,札幌冈萨多,大阪樱花,bet365,2.20,3.30,3.25,2.10,3.60,3.20,https://live.nowscore.com/1x2/1969430.htm,2026-10-02T06:59:53Z,
2021-09-08,札幌冈萨多,大阪樱花,Pinnacle,2.23,3.65,3.22,2.06,3.87,3.51,https://live.nowscore.com/1x2/1969430.htm,2026-10-02T06:59:53Z,
2021-09-10,名古屋鲸八,德岛漩涡,William Hill,1.80,3.10,4.75,1.80,3.00,5.00,https://live.nowscore.com/1x2/1969522.htm,2026-10-02T07:00:45Z,
2021-09-10,名古屋鲸八,德岛漩涡,bet365,1.80,3.30,4.75,1.83,3.20,4.75,https://live.nowscore.com/1x2/1969522.htm,2026-10-02T07:00:45Z,
2021-09-10,名古屋鲸八,德岛漩涡,Pinnacle,1.84,3.48,4.86,1.90,3.18,5.28,https://live.nowscore.com/1x2/1969522.htm,2026-10-02T07:00:45Z,
2021-09-11,大阪樱花,札幌冈萨多,William Hill,2.20,3.10,3.25,2.30,3.40,2.80,https://live.nowscore.com/1x2/1969518.htm,2026-10-02T07:01:44Z,
2021-09-11,大阪樱花,札幌冈萨多,bet365,2.20,3.20,3.25,2.30,3.60,2.88,https://live.nowscore.com/1x2/1969518.htm,2026-10-02T07:01:44Z,
2021-09-11,大阪樱花,札幌冈萨多,Pinnacle,2.28,3.46,3.27,2.41,3.73,2.90,https://live.nowscore.com/1x2/1969518.htm,2026-10-02T07:01:44Z,
2021-09-11,鹿岛鹿角,福冈黄蜂,William Hill,1.53,3.70,6.00,1.53,3.70,6.00,https://live.nowscore.com/1x2/1969526.htm,2026-10-02T07:04:17Z,
2021-09-11,鹿岛鹿角,福冈黄蜂,bet365,1.55,3.80,5.00,1.60,4.00,5.25,https://live.nowscore.com/1x2/1969526.htm,2026-10-02T07:01:44Z,
2021-09-11,鹿岛鹿角,福冈黄蜂,Pinnacle,1.56,4.25,6.24,1.61,4.00,6.24,https://live.nowscore.com/1x2/1969526.htm,2026-10-02T07:01:44Z,
2021-09-11,横滨FC,浦和红钻,William Hill,3.00,3.10,2.30,3.60,3.10,2.05,https://live.nowscore.com/1x2/1969527.htm,2026-10-02T07:01:44Z,
2021-09-11,横滨FC,浦和红钻,bet365,3.25,3.20,2.20,3.75,3.30,2.05,https://live.nowscore.com/1x2/1969527.htm,2026-10-02T07:01:44Z,
2021-09-11,横滨FC,浦和红钻,Pinnacle,4.22,3.53,1.94,3.95,3.33,2.10,https://live.nowscore.com/1x2/1969527.htm,2026-10-02T07:01:44Z,
2021-09-11,大分三神,湘南海洋,William Hill,2.25,3.00,3.20,3.50,2.88,2.20,https://live.nowscore.com/1x2/1969525.htm,2026-10-02T07:01:44Z,
2021-09-11,大分三神,湘南海洋,bet365,2.25,3.00,3.00,3.75,2.90,2.25,https://live.nowscore.com/1x2/1969525.htm,2026-10-02T07:01:44Z,
2021-09-11,大分三神,湘南海洋,Pinnacle,2.37,3.29,3.25,3.72,3.16,2.26,https://live.nowscore.com/1x2/1969525.htm,2026-10-02T07:01:44Z,
2021-09-11,鸟栖沙岩,清水鼓动,William Hill,2.10,3.10,3.50,1.95,3.20,3.80,https://live.nowscore.com/1x2/1969520.htm,2026-10-02T07:01:44Z,
2021-09-11,鸟栖沙岩,清水鼓动,bet365,2.00,3.00,3.50,2.00,3.30,3.80,https://live.nowscore.com/1x2/1969520.htm,2026-10-02T07:01:44Z,
2021-09-11,鸟栖沙岩,清水鼓动,Pinnacle,2.14,3.39,3.67,2.03,3.46,4.05,https://live.nowscore.com/1x2/1969520.htm,2026-10-02T07:01:44Z,
2021-09-11,广岛三箭,横滨水手,William Hill,2.90,3.30,2.25,3.40,3.50,1.95,https://live.nowscore.com/1x2/1969523.htm,2026-10-02T07:01:44Z,
2021-09-11,广岛三箭,横滨水手,bet365,2.88,3.40,2.20,3.40,3.75,2.00,https://live.nowscore.com/1x2/1969523.htm,2026-10-02T07:01:44Z,
2021-09-11,广岛三箭,横滨水手,Pinnacle,2.89,3.68,2.41,3.63,3.81,2.04,https://live.nowscore.com/1x2/1969523.htm,2026-10-02T07:01:44Z,
2021-09-12,大阪钢巴,仙台维加泰,William Hill,2.00,3.20,3.60,1.95,3.30,3.60,https://live.nowscore.com/1x2/1969524.htm,2026-10-02T07:04:17Z,
2021-09-12,大阪钢巴,仙台维加泰,bet365,1.95,3.20,3.60,1.95,3.40,3.75,https://live.nowscore.com/1x2/1969524.htm,2026-10-02T07:04:17Z,
2021-09-12,大阪钢巴,仙台维加泰,Pinnacle,2.10,3.54,3.62,2.02,3.69,3.80,https://live.nowscore.com/1x2/1969524.htm,2026-10-02T07:04:17Z,
2021-09-12,FC东京,柏太阳神,William Hill,2.05,3.10,3.60,2.00,3.25,3.50,https://live.nowscore.com/1x2/1969519.htm,2026-10-02T07:04:17Z,
2021-09-12,FC东京,柏太阳神,bet365,2.05,3.20,3.40,2.00,3.50,3.60,https://live.nowscore.com/1x2/1969519.htm,2026-10-02T07:04:17Z,
2021-09-12,FC东京,柏太阳神,Pinnacle,2.14,3.49,3.58,2.05,3.61,3.81,https://live.nowscore.com/1x2/1969519.htm,2026-10-02T07:04:17Z,
2021-09-18,鹿岛鹿角,大阪钢巴,William Hill,1.53,3.75,5.80,1.53,3.90,5.50,https://live.nowscore.com/1x2/1969529.htm,2026-10-02T07:15:00Z,
2021-09-18,鹿岛鹿角,大阪钢巴,bet365,1.57,3.60,5.50,1.50,4.00,5.50,https://live.nowscore.com/1x2/1969529.htm,2026-10-02T07:15:00Z,
2021-09-18,鹿岛鹿角,大阪钢巴,Pinnacle,1.47,4.64,6.40,1.56,4.47,6.00,https://live.nowscore.com/1x2/1969529.htm,2026-10-02T07:15:00Z,
2021-09-18,神户胜利船,札幌冈萨多,William Hill,2.05,3.30,3.30,2.05,3.40,3.20,https://live.nowscore.com/1x2/1969531.htm,2026-10-02T07:15:00Z,
2021-09-18,神户胜利船,札幌冈萨多,bet365,2.00,3.40,3.30,2.05,3.50,3.10,https://live.nowscore.com/1x2/1969531.htm,2026-10-02T07:15:00Z,
2021-09-18,神户胜利船,札幌冈萨多,Pinnacle,2.14,3.62,3.38,2.19,3.78,3.26,https://live.nowscore.com/1x2/1969531.htm,2026-10-02T07:15:00Z,
2021-09-18,柏太阳神,广岛三箭,William Hill,2.70,3.10,2.50,2.70,3.00,2.60,https://live.nowscore.com/1x2/1969534.htm,2026-10-02T07:15:00Z,
2021-09-18,柏太阳神,广岛三箭,bet365,2.63,3.20,2.50,2.60,3.10,2.60,https://live.nowscore.com/1x2/1969534.htm,2026-10-02T07:15:00Z,
2021-09-18,柏太阳神,广岛三箭,Pinnacle,2.81,3.35,2.61,2.71,3.24,2.86,https://live.nowscore.com/1x2/1969534.htm,2026-10-02T07:15:00Z,
2021-09-18,湘南海洋,福冈黄蜂,William Hill,2.40,2.90,3.00,2.63,2.90,2.70,https://live.nowscore.com/1x2/1969536.htm,2026-10-02T07:15:00Z,
2021-09-18,湘南海洋,福冈黄蜂,bet365,2.40,3.10,2.80,2.63,3.10,2.70,https://live.nowscore.com/1x2/1969536.htm,2026-10-02T07:15:00Z,
2021-09-18,湘南海洋,福冈黄蜂,Pinnacle,2.33,3.22,3.29,2.79,3.06,2.92,https://live.nowscore.com/1x2/1969536.htm,2026-10-02T07:15:00Z,
2021-09-18,德岛漩涡,川崎前锋,William Hill,7.00,4.00,1.44,7.00,3.90,1.44,https://live.nowscore.com/1x2/1969535.htm,2026-10-02T07:15:00Z,
2021-09-18,德岛漩涡,川崎前锋,bet365,6.50,4.20,1.44,7.00,3.80,1.53,https://live.nowscore.com/1x2/1969535.htm,2026-10-02T07:15:00Z,
2021-09-18,德岛漩涡,川崎前锋,Pinnacle,6.81,4.24,1.51,7.22,4.20,1.53,https://live.nowscore.com/1x2/1969535.htm,2026-10-02T07:15:00Z,
2021-09-18,名古屋鲸八,横滨水手,William Hill,3.00,3.30,2.20,2.90,3.25,2.30,https://live.nowscore.com/1x2/1969424.htm,2026-10-02T07:15:00Z,
2021-09-18,名古屋鲸八,横滨水手,bet365,2.90,3.50,2.15,2.75,3.50,2.25,https://live.nowscore.com/1x2/1969424.htm,2026-10-02T07:15:00Z,
2021-09-18,名古屋鲸八,横滨水手,Pinnacle,3.07,3.69,2.23,3.13,3.52,2.36,https://live.nowscore.com/1x2/1969424.htm,2026-10-02T07:15:00Z,
2021-09-18,浦和红钻,大阪樱花,William Hill,2.30,3.10,3.00,2.05,3.20,3.50,https://live.nowscore.com/1x2/1969530.htm,2026-10-02T07:15:00Z,
2021-09-18,浦和红钻,大阪樱花,bet365,2.25,3.20,3.00,2.00,3.25,3.50,https://live.nowscore.com/1x2/1969530.htm,2026-10-02T07:15:00Z,
2021-09-18,浦和红钻,大阪樱花,Pinnacle,2.38,3.38,3.04,2.08,3.51,3.80,https://live.nowscore.com/1x2/1969530.htm,2026-10-02T07:15:00Z,
2021-09-18,FC东京,横滨FC,William Hill,1.50,4.00,5.80,1.55,3.80,5.50,https://live.nowscore.com/1x2/1969532.htm,2026-10-02T07:15:00Z,
2021-09-18,FC东京,横滨FC,bet365,1.53,3.80,5.50,1.60,4.00,5.00,https://live.nowscore.com/1x2/1969532.htm,2026-10-02T07:15:00Z,
2021-09-18,FC东京,横滨FC,Pinnacle,1.49,4.45,6.41,1.63,4.32,5.35,https://live.nowscore.com/1x2/1969532.htm,2026-10-02T07:15:00Z,
2021-09-18,清水鼓动,仙台维加泰,William Hill,1.85,3.40,3.90,1.95,3.30,3.70,https://live.nowscore.com/1x2/1969533.htm,2026-10-02T07:15:00Z,
2021-09-18,清水鼓动,仙台维加泰,bet365,1.85,3.40,3.80,1.91,3.40,3.60,https://live.nowscore.com/1x2/1969533.htm,2026-10-02T07:15:00Z,
2021-09-18,清水鼓动,仙台维加泰,Pinnacle,1.89,3.71,4.00,2.04,3.63,3.82,https://live.nowscore.com/1x2/1969533.htm,2026-10-02T07:15:00Z,
2021-09-18,鸟栖沙岩,大分三神,William Hill,1.62,3.50,5.50,1.62,3.40,5.80,https://live.nowscore.com/1x2/1969537.htm,2026-10-02T07:15:00Z,
2021-09-18,鸟栖沙岩,大分三神,bet365,1.67,3.50,4.75,1.65,3.40,5.00,https://live.nowscore.com/1x2/1969537.htm,2026-10-02T07:15:00Z,
2021-09-18,鸟栖沙岩,大分三神,Pinnacle,1.76,3.65,4.87,1.71,3.60,5.90,https://live.nowscore.com/1x2/1969537.htm,2026-10-02T07:15:00Z,
2021-09-22,FC东京,名古屋鲸八,William Hill,2.30,3.00,3.10,2.70,2.80,2.75,https://live.nowscore.com/1x2/1969558.htm,2026-10-02T07:21:00Z,
2021-09-22,FC东京,名古屋鲸八,bet365,2.30,3.00,3.00,2.75,3.00,2.70,https://live.nowscore.com/1x2/1969558.htm,2026-10-02T07:21:00Z,
2021-09-22,FC东京,名古屋鲸八,Pinnacle,2.50,3.19,3.08,2.95,3.09,2.74,https://live.nowscore.com/1x2/1969558.htm,2026-10-02T07:21:00Z,
2021-09-22,广岛三箭,大阪樱花,William Hill,2.10,3.00,3.60,1.95,3.30,3.60,https://live.nowscore.com/1x2/1969560.htm,2026-10-02T07:21:00Z,
2021-09-22,广岛三箭,大阪樱花,bet365,2.10,3.10,3.40,2.00,3.50,3.60,https://live.nowscore.com/1x2/1969560.htm,2026-10-02T07:21:00Z,
2021-09-22,广岛三箭,大阪樱花,Pinnacle,2.17,3.31,3.62,2.04,3.58,3.86,https://live.nowscore.com/1x2/1969560.htm,2026-10-02T07:21:00Z,
2021-09-22,鹿岛鹿角,川崎前锋,William Hill,3.20,3.40,2.05,3.50,3.40,1.95,https://live.nowscore.com/1x2/1969565.htm,2026-10-02T07:21:00Z,
2021-09-22,鹿岛鹿角,川崎前锋,bet365,3.10,3.50,2.10,3.80,3.60,1.91,https://live.nowscore.com/1x2/1969565.htm,2026-10-02T07:21:00Z,
2021-09-22,鹿岛鹿角,川崎前锋,Pinnacle,3.26,3.71,2.16,3.81,3.75,2.00,https://live.nowscore.com/1x2/1969565.htm,2026-10-02T07:21:00Z,
2021-09-24,清水鼓动,神户胜利船,William Hill,3.30,3.10,2.15,3.10,3.20,2.20,https://live.nowscore.com/1x2/1969547.htm,2026-10-02T07:18:53Z,
2021-09-24,清水鼓动,神户胜利船,bet365,3.25,3.10,2.15,3.10,3.20,2.30,https://live.nowscore.com/1x2/1969547.htm,2026-10-02T07:18:53Z,
2021-09-24,清水鼓动,神户胜利船,Pinnacle,3.24,3.43,2.28,3.18,3.44,2.37,https://live.nowscore.com/1x2/1969547.htm,2026-10-02T07:18:53Z,
2021-09-25,仙台维加泰(主),德岛漩涡,William Hill,2.50,3.00,2.80,2.50,3.00,2.80,https://live.nowscore.com/1x2/1969546.htm,2026-10-02T07:57Z,
2021-09-25,仙台维加泰(主),德岛漩涡,bet365,2.50,3.00,2.75,2.55,2.90,2.90,https://live.nowscore.com/1x2/1969546.htm,2026-10-02T07:57Z,
2021-09-25,仙台维加泰(主),德岛漩涡,Pinnacle,2.63,3.38,2.76,2.64,3.21,2.96,https://live.nowscore.com/1x2/1969546.htm,2026-10-02T07:57Z,
2021-09-25,FC东京(主),浦和红钻,William Hill,2.05,3.10,3.60,2.80,3.00,2.50,https://live.nowscore.com/1x2/1969541.htm,2026-10-02T07:57Z,
2021-09-25,FC东京(主),浦和红钻,bet365,2.20,3.25,3.25,2.90,3.00,2.55,https://live.nowscore.com/1x2/1969541.htm,2026-10-02T07:57Z,
2021-09-25,FC东京(主),浦和红钻,Pinnacle,2.18,3.63,3.28,2.99,3.19,2.63,https://live.nowscore.com/1x2/1969541.htm,2026-10-02T07:57Z,
2021-09-25,横滨FC(主),横滨水手,William Hill,6.50,4.50,1.40,8.00,5.00,1.30,https://live.nowscore.com/1x2/1969543.htm,2026-10-02T07:58Z,
2021-09-25,横滨FC(主),横滨水手,bet365,5.25,4.50,1.45,8.00,5.00,1.30,https://live.nowscore.com/1x2/1969543.htm,2026-10-02T07:58Z,
2021-09-25,横滨FC(主),横滨水手,Pinnacle,6.12,4.98,1.47,8.37,5.82,1.35,https://live.nowscore.com/1x2/1969543.htm,2026-10-02T07:58Z,
2021-09-25,福冈黄蜂(主),鸟栖沙岩,William Hill,2.63,2.90,2.75,3.20,2.90,2.30,https://live.nowscore.com/1x2/1969542.htm,2026-10-02T07:58Z,
2021-09-25,福冈黄蜂(主),鸟栖沙岩,bet365,2.60,3.00,2.70,3.40,2.90,2.20,https://live.nowscore.com/1x2/1969542.htm,2026-10-02T07:58Z,
2021-09-25,福冈黄蜂(主),鸟栖沙岩,Pinnacle,2.98,3.08,2.65,3.58,3.04,2.38,https://live.nowscore.com/1x2/1969542.htm,2026-10-02T07:58Z,
2021-09-26,札幌冈萨多(主),广岛三箭,William Hill,2.30,3.10,3.00,2.30,3.10,3.00,https://live.nowscore.com/1x2/1969540.htm,2026-10-02T07:59Z,
2021-09-26,札幌冈萨多(主),广岛三箭,bet365,2.40,3.10,3.00,2.45,3.30,2.88,https://live.nowscore.com/1x2/1969540.htm,2026-10-02T07:59Z,
2021-09-26,札幌冈萨多(主),广岛三箭,Pinnacle,2.33,3.42,3.14,2.47,3.40,3.04,https://live.nowscore.com/1x2/1969540.htm,2026-10-02T07:59Z,
2021-09-26,大阪樱花(主),鹿岛鹿角,William Hill,3.10,3.00,2.30,3.20,3.10,2.20,https://live.nowscore.com/1x2/1969545.htm,2026-10-02T07:59Z,
2021-09-26,大阪樱花(主),鹿岛鹿角,bet365,3.25,3.20,2.25,3.20,3.25,2.25,https://live.nowscore.com/1x2/1969545.htm,2026-10-02T07:59Z,
2021-09-26,大阪樱花(主),鹿岛鹿角,Pinnacle,3.36,3.67,2.13,3.31,3.59,2.23,https://live.nowscore.com/1x2/1969545.htm,2026-10-02T07:59Z,
2021-09-26,名古屋鲸八(主),大分三神,William Hill,1.50,3.75,6.50,1.53,3.40,7.00,https://live.nowscore.com/1x2/1969538.htm,2026-10-02T08:00Z,
2021-09-26,名古屋鲸八(主),大分三神,bet365,1.62,3.60,5.50,1.62,3.50,6.00,https://live.nowscore.com/1x2/1969538.htm,2026-10-02T08:00Z,
2021-09-26,名古屋鲸八(主),大分三神,Pinnacle,1.50,4.19,7.16,1.63,3.58,7.17,https://live.nowscore.com/1x2/1969538.htm,2026-10-02T08:00Z,
2021-09-26,川崎前锋(主),湘南海洋,William Hill,1.25,5.00,11.00,1.44,4.20,6.50,https://live.nowscore.com/1x2/1969544.htm,2026-10-02T08:00Z,
2021-09-26,川崎前锋(主),湘南海洋,bet365,1.29,5.50,9.00,1.50,4.33,6.00,https://live.nowscore.com/1x2/1969544.htm,2026-10-02T08:00Z,
2021-09-26,川崎前锋(主),湘南海洋,Pinnacle,1.28,5.88,10.84,1.50,4.62,6.81,https://live.nowscore.com/1x2/1969544.htm,2026-10-02T08:00Z,
2021-09-26,大阪钢巴(主),柏太阳神,William Hill,2.40,2.90,3.00,2.75,3.10,2.45,https://live.nowscore.com/1x2/1969539.htm,2026-10-02T08:01Z,
2021-09-26,大阪钢巴(主),柏太阳神,bet365,2.40,3.20,2.90,2.80,3.30,2.40,https://live.nowscore.com/1x2/1969539.htm,2026-10-02T08:01Z,
2021-09-26,大阪钢巴(主),柏太阳神,Pinnacle,2.54,3.56,2.83,2.86,3.49,2.56,https://live.nowscore.com/1x2/1969539.htm,2026-10-02T08:01Z,
2021-09-29,川崎前锋(主),神户胜利船,William Hill,1.50,4.00,5.80,1.50,4.00,5.80,https://live.nowscore.com/1x2/1969521.htm,2026-10-02T08:05Z,
2021-09-29,川崎前锋(主),神户胜利船,bet365,1.50,4.20,5.25,1.53,4.00,5.25,https://live.nowscore.com/1x2/1969521.htm,2026-10-02T08:05Z,
2021-09-29,川崎前锋(主),神户胜利船,Pinnacle,1.44,4.92,6.76,1.57,4.33,6.04,https://live.nowscore.com/1x2/1969521.htm,2026-10-02T08:05Z,
2021-10-01,湘南海洋(主),横滨水手,William Hill,4.20,3.75,1.73,4.50,3.80,1.65,https://live.nowscore.com/1x2/1969557.htm,2026-10-02T08:10Z,
2021-10-01,湘南海洋(主),横滨水手,bet365,4.00,3.75,1.73,4.33,4.00,1.67,https://live.nowscore.com/1x2/1969557.htm,2026-10-02T08:10Z,
2021-10-01,湘南海洋(主),横滨水手,Pinnacle,4.10,4.21,1.79,4.83,4.22,1.70,https://live.nowscore.com/1x2/1969557.htm,2026-10-02T08:10Z,
2021-10-02,福冈黄蜂(主),清水鼓动,William Hill,2.45,3.00,2.90,2.50,2.88,2.90,https://live.nowscore.com/1x2/1969551.htm,2026-10-02T08:15Z,
2021-10-02,福冈黄蜂(主),清水鼓动,bet365,2.30,3.20,2.90,2.50,2.90,2.88,https://live.nowscore.com/1x2/1969551.htm,2026-10-02T08:15Z,
2021-10-02,福冈黄蜂(主),清水鼓动,Pinnacle,2.76,3.27,2.79,2.69,3.12,2.99,https://live.nowscore.com/1x2/1969551.htm,2026-10-02T08:15Z,
2021-10-02,神户胜利船(主),浦和红钻,William Hill,2.10,3.25,3.30,2.60,3.00,2.70,https://live.nowscore.com/1x2/1969553.htm,2026-10-02T08:16Z,
2021-10-02,神户胜利船(主),浦和红钻,bet365,2.00,3.50,3.20,2.55,3.20,2.50,https://live.nowscore.com/1x2/1969553.htm,2026-10-02T08:16Z,
2021-10-02,神户胜利船(主),浦和红钻,Pinnacle,2.10,3.62,3.63,2.75,3.27,2.80,https://live.nowscore.com/1x2/1969553.htm,2026-10-02T08:16Z,
2021-10-02,鹿岛鹿角(主),横滨FC,William Hill,1.29,4.80,9.50,1.36,4.40,7.50,https://live.nowscore.com/1x2/1969552.htm,2026-10-02T08:17Z,
2021-10-02,鹿岛鹿角(主),横滨FC,bet365,1.36,4.75,6.50,1.44,4.20,6.00,https://live.nowscore.com/1x2/1969552.htm,2026-10-02T08:17Z,
2021-10-02,鹿岛鹿角(主),横滨FC,Pinnacle,1.31,5.83,10.20,1.47,4.53,7.66,https://live.nowscore.com/1x2/1969552.htm,2026-10-02T08:17Z,
2021-10-02,柏太阳神(主),仙台维加泰,William Hill,1.83,3.50,3.80,1.70,3.60,4.40,https://live.nowscore.com/1x2/1969555.htm,2026-10-02T08:18Z,
2021-10-02,柏太阳神(主),仙台维加泰,bet365,1.90,3.60,3.40,1.70,3.80,4.00,https://live.nowscore.com/1x2/1969555.htm,2026-10-02T08:18Z,
2021-10-02,柏太阳神(主),仙台维加泰,Pinnacle,1.97,3.81,3.87,1.76,4.01,4.67,https://live.nowscore.com/1x2/1969555.htm,2026-10-02T08:18Z,
2021-10-02,川崎前锋(主),FC东京,William Hill,1.40,4.33,7.00,1.50,4.00,5.80,https://live.nowscore.com/1x2/1969554.htm,2026-10-02T08:19Z,
2021-10-02,川崎前锋(主),FC东京,bet365,1.44,4.50,5.50,1.53,4.20,4.75,https://live.nowscore.com/1x2/1969554.htm,2026-10-02T08:19Z,
2021-10-02,川崎前锋(主),FC东京,Pinnacle,1.40,5.22,7.86,1.57,4.47,5.78,https://live.nowscore.com/1x2/1969554.htm,2026-10-02T08:19Z,
2021-10-02,大阪钢巴(主),札幌冈萨多,William Hill,2.45,3.10,2.75,3.30,3.60,1.95,https://live.nowscore.com/1x2/1969550.htm,2026-10-02T08:22Z,
2021-10-02,大阪钢巴(主),札幌冈萨多,bet365,2.50,3.20,2.60,3.50,3.50,1.91,https://live.nowscore.com/1x2/1969550.htm,2026-10-02T08:22Z,
2021-10-02,大阪钢巴(主),札幌冈萨多,Pinnacle,2.57,3.63,2.67,3.61,3.99,2.00,https://live.nowscore.com/1x2/1969550.htm,2026-10-02T08:22Z,
2021-10-03,德岛漩涡(主),鸟栖沙岩,William Hill,3.10,3.00,2.30,3.20,2.90,2.30,https://live.nowscore.com/1x2/1969556.htm,2026-10-02T08:28Z,
2021-10-03,德岛漩涡(主),鸟栖沙岩,bet365,3.10,3.10,2.20,3.10,3.00,2.20,https://live.nowscore.com/1x2/1969556.htm,2026-10-02T08:28Z,
2021-10-03,德岛漩涡(主),鸟栖沙岩,Pinnacle,3.13,3.19,2.47,3.47,3.13,2.38,https://live.nowscore.com/1x2/1969556.htm,2026-10-02T08:28Z,
2021-10-03,广岛三箭(主),名古屋鲸八,William Hill,2.60,2.88,2.80,2.88,2.75,2.63,https://live.nowscore.com/1x2/1969548.htm,2026-10-02T08:29Z,
2021-10-03,广岛三箭(主),名古屋鲸八,bet365,2.40,3.00,2.90,2.70,3.00,2.60,https://live.nowscore.com/1x2/1969548.htm,2026-10-02T08:29Z,
2021-10-03,广岛三箭(主),名古屋鲸八,Pinnacle,2.59,3.13,3.01,2.97,3.01,2.79,https://live.nowscore.com/1x2/1969548.htm,2026-10-02T08:29Z,
2021-10-03,大分三神(主),大阪樱花,William Hill,3.30,3.10,2.15,4.00,3.20,1.91,https://live.nowscore.com/1x2/1969549.htm,2026-10-02T08:30Z,
2021-10-03,大分三神(主),大阪樱花,bet365,3.20,3.30,2.10,3.60,3.40,1.95,https://live.nowscore.com/1x2/1969549.htm,2026-10-02T08:30Z,
2021-10-03,大分三神(主),大阪樱花,Pinnacle,3.59,3.37,2.21,4.10,3.53,1.99,https://live.nowscore.com/1x2/1969549.htm,2026-10-02T08:30Z,
2021-10-16,鸟栖沙岩,湘南海洋,William Hill,1.85,3.25,4.00,2.38,2.88,3.20,https://live.nowscore.com/1x2/1969564.htm,2026-10-02T07:18:53Z,
2021-10-16,鸟栖沙岩,湘南海洋,bet365,1.91,3.30,4.20,2.38,3.25,3.00,https://live.nowscore.com/1x2/1969564.htm,2026-10-02T07:18:53Z,
2021-10-16,鸟栖沙岩,湘南海洋,Pinnacle,2.01,3.45,3.96,2.45,3.10,3.37,https://live.nowscore.com/1x2/1969564.htm,2026-10-02T07:18:53Z,
2021-10-16,浦和红钻,大阪钢巴,William Hill,1.85,3.40,3.90,1.50,3.90,6.00,https://live.nowscore.com/1x2/1969559.htm,2026-10-02T07:18:53Z,
2021-10-16,浦和红钻,大阪钢巴,bet365,1.85,3.50,4.20,1.53,4.20,5.75,https://live.nowscore.com/1x2/1969559.htm,2026-10-02T07:18:53Z,
2021-10-16,浦和红钻,大阪钢巴,Pinnacle,1.85,3.79,4.23,1.55,4.60,5.98,https://live.nowscore.com/1x2/1969559.htm,2026-10-02T07:18:53Z,
2021-10-16,清水鼓动,柏太阳神,William Hill,2.38,3.10,2.88,2.60,3.00,2.70,https://live.nowscore.com/1x2/1969567.htm,2026-10-02T07:18:53Z,
2021-10-16,清水鼓动,柏太阳神,bet365,2.55,3.20,2.75,2.70,3.00,2.75,https://live.nowscore.com/1x2/1969567.htm,2026-10-02T07:18:53Z,
2021-10-16,清水鼓动,柏太阳神,Pinnacle,2.48,3.44,2.99,2.67,3.29,2.86,https://live.nowscore.com/1x2/1969567.htm,2026-10-02T07:18:53Z,
2021-10-16,横滨FC,德岛漩涡,William Hill,2.80,3.00,2.50,2.90,2.88,2.50,https://live.nowscore.com/1x2/1969562.htm,2026-10-02T07:18:53Z,
2021-10-16,横滨FC,德岛漩涡,bet365,2.80,3.20,2.50,3.00,3.00,2.50,https://live.nowscore.com/1x2/1969562.htm,2026-10-02T07:18:53Z,
2021-10-16,横滨FC,德岛漩涡,Pinnacle,2.93,3.22,2.59,3.10,3.09,2.62,https://live.nowscore.com/1x2/1969562.htm,2026-10-02T07:18:53Z,
2021-10-16,神户胜利船,福冈黄蜂,William Hill,1.75,3.40,4.40,1.83,3.25,4.20,https://live.nowscore.com/1x2/1969566.htm,2026-10-02T07:18:53Z,
2021-10-16,神户胜利船,福冈黄蜂,bet365,1.75,3.50,4.75,1.91,3.25,4.33,https://live.nowscore.com/1x2/1969566.htm,2026-10-02T07:18:53Z,
2021-10-16,神户胜利船,福冈黄蜂,Pinnacle,1.82,3.79,4.64,1.96,3.32,4.57,https://live.nowscore.com/1x2/1969566.htm,2026-10-02T07:18:53Z,
2021-10-16,横滨水手,札幌冈萨多,William Hill,1.65,3.90,4.33,1.60,4.20,4.40,https://live.nowscore.com/1x2/1969561.htm,2026-10-02T07:18:53Z,
2021-10-16,横滨水手,札幌冈萨多,bet365,1.67,4.00,4.75,1.65,4.33,4.50,https://live.nowscore.com/1x2/1969561.htm,2026-10-02T07:18:53Z,
2021-10-16,横滨水手,札幌冈萨多,Pinnacle,1.71,4.49,4.22,1.66,4.77,4.57,https://live.nowscore.com/1x2/1969561.htm,2026-10-02T07:18:53Z,
2021-10-17,大分三神,仙台维加泰,William Hill,2.38,3.10,2.90,2.45,2.90,3.00,https://live.nowscore.com/1x2/1969563.htm,2026-10-02T07:18:53Z,
2021-10-17,大分三神,仙台维加泰,bet365,2.45,3.20,2.90,2.45,3.10,3.00,https://live.nowscore.com/1x2/1969563.htm,2026-10-02T07:18:53Z,
2021-10-17,大分三神,仙台维加泰,Pinnacle,2.40,3.40,3.16,2.60,3.14,3.09,https://live.nowscore.com/1x2/1969563.htm,2026-10-02T07:18:53Z,
2021-10-22,浦和红钻,柏太阳神,William Hill,1.75,3.40,4.50,1.85,3.40,3.90,https://live.nowscore.com/1x2/1969577.htm,2026-10-02T07:18:53Z,
2021-10-22,浦和红钻,柏太阳神,bet365,1.80,3.50,4.50,1.85,3.60,4.00,https://live.nowscore.com/1x2/1969577.htm,2026-10-02T07:18:53Z,
2021-10-22,浦和红钻,柏太阳神,Pinnacle,1.88,3.63,4.27,1.93,3.75,4.07,https://live.nowscore.com/1x2/1969577.htm,2026-10-02T07:18:53Z,
2021-10-23,FC东京,鹿岛鹿角,William Hill,2.75,3.10,2.45,2.75,3.25,2.38,https://live.nowscore.com/1x2/1969568.htm,2026-10-02T07:18:53Z,
2021-10-23,FC东京,鹿岛鹿角,bet365,2.75,3.20,2.50,2.80,3.25,2.40,https://live.nowscore.com/1x2/1969568.htm,2026-10-02T07:18:53Z,
2021-10-23,FC东京,鹿岛鹿角,Pinnacle,2.96,3.62,2.42,2.93,3.57,2.46,https://live.nowscore.com/1x2/1969568.htm,2026-10-02T07:18:53Z,
2021-10-23,仙台维加泰,广岛三箭,William Hill,4.33,3.00,1.91,4.40,3.25,1.80,https://live.nowscore.com/1x2/1969570.htm,2026-10-02T07:18:53Z,
2021-10-23,仙台维加泰,广岛三箭,bet365,4.20,3.20,1.85,4.50,3.40,1.75,https://live.nowscore.com/1x2/1969570.htm,2026-10-02T07:18:53Z,
2021-10-23,仙台维加泰,广岛三箭,Pinnacle,4.08,3.42,1.99,4.69,3.60,1.85,https://live.nowscore.com/1x2/1969570.htm,2026-10-02T07:18:53Z,
2021-10-23,德岛漩涡,大分三神,William Hill,2.20,2.90,3.40,2.10,2.80,3.90,https://live.nowscore.com/1x2/1969574.htm,2026-10-02T07:18:53Z,
2021-10-23,德岛漩涡,大分三神,bet365,2.20,3.20,3.25,2.10,2.90,3.80,https://live.nowscore.com/1x2/1969574.htm,2026-10-02T07:18:53Z,
2021-10-23,德岛漩涡,大分三神,Pinnacle,2.16,3.20,3.78,2.24,2.98,4.05,https://live.nowscore.com/1x2/1969574.htm,2026-10-02T07:18:53Z,
2021-10-23,湘南海洋,横滨FC,William Hill,1.91,3.10,4.20,2.25,2.90,3.30,https://live.nowscore.com/1x2/1969572.htm,2026-10-02T07:18:53Z,
2021-10-23,湘南海洋,横滨FC,bet365,1.85,3.20,4.20,2.30,3.10,3.20,https://live.nowscore.com/1x2/1969572.htm,2026-10-02T07:18:53Z,
2021-10-23,湘南海洋,横滨FC,Pinnacle,1.98,3.62,4.05,2.41,3.07,3.48,https://live.nowscore.com/1x2/1969572.htm,2026-10-02T07:18:53Z,
2021-10-23,大阪钢巴,鸟栖沙岩,William Hill,2.80,2.90,2.60,3.60,3.10,2.05,https://live.nowscore.com/1x2/1969576.htm,2026-10-02T07:18:53Z,
2021-10-23,大阪钢巴,鸟栖沙岩,bet365,2.80,3.20,2.50,3.50,3.40,2.05,https://live.nowscore.com/1x2/1969576.htm,2026-10-02T07:18:53Z,
2021-10-23,大阪钢巴,鸟栖沙岩,Pinnacle,3.12,3.53,2.30,3.65,3.34,2.20,https://live.nowscore.com/1x2/1969576.htm,2026-10-02T07:18:53Z,
2021-10-24,札幌冈萨多,福冈黄蜂,William Hill,1.91,3.30,3.80,1.67,3.60,4.60,https://live.nowscore.com/1x2/1969575.htm,2026-10-02T07:18:53Z,
2021-10-24,札幌冈萨多,福冈黄蜂,bet365,1.91,3.50,4.00,1.70,3.60,5.00,https://live.nowscore.com/1x2/1969575.htm,2026-10-02T07:18:53Z,
2021-10-24,札幌冈萨多,福冈黄蜂,Pinnacle,1.79,3.91,4.40,1.74,4.04,4.80,https://live.nowscore.com/1x2/1969575.htm,2026-10-02T07:18:53Z,
2021-10-24,名古屋鲸八,神户胜利船,William Hill,2.20,3.00,3.30,2.30,2.88,3.25,https://live.nowscore.com/1x2/1969569.htm,2026-10-02T07:18:53Z,
2021-10-24,名古屋鲸八,神户胜利船,bet365,2.20,3.20,3.25,2.25,2.90,3.40,https://live.nowscore.com/1x2/1969569.htm,2026-10-02T07:18:53Z,
2021-10-24,名古屋鲸八,神户胜利船,Pinnacle,2.18,3.39,3.64,2.44,3.11,3.37,https://live.nowscore.com/1x2/1969569.htm,2026-10-02T07:18:53Z,
2021-10-24,川崎前锋,清水鼓动,William Hill,1.29,5.00,9.00,1.40,4.20,7.50,https://live.nowscore.com/1x2/1969571.htm,2026-10-02T07:18:53Z,
2021-10-24,川崎前锋,清水鼓动,bet365,1.30,5.00,8.50,1.44,4.20,7.00,https://live.nowscore.com/1x2/1969571.htm,2026-10-02T07:18:53Z,
2021-10-24,川崎前锋,清水鼓动,Pinnacle,1.29,6.03,10.66,1.43,4.85,7.78,https://live.nowscore.com/1x2/1969571.htm,2026-10-02T07:18:53Z,
2021-10-24,大阪樱花,横滨水手,William Hill,3.20,3.30,2.10,3.25,3.70,1.95,https://live.nowscore.com/1x2/1969573.htm,2026-10-02T07:18:53Z,
2021-10-24,大阪樱花,横滨水手,bet365,3.20,3.50,2.10,3.40,3.60,1.95,https://live.nowscore.com/1x2/1969573.htm,2026-10-02T07:18:53Z,
2021-10-24,大阪樱花,横滨水手,Pinnacle,3.52,3.85,2.01,3.52,4.06,2.01,https://live.nowscore.com/1x2/1969573.htm,2026-10-02T07:18:53Z,
2021-11-03,川崎前锋,浦和红钻,William Hill,1.65,3.70,4.60,1.70,3.50,4.60,https://live.nowscore.com/1x2/1980438.htm,2026-10-02T07:40:00Z,
2021-11-03,川崎前锋,浦和红钻,bet365,1.70,3.75,4.00,1.80,4.00,4.20,https://live.nowscore.com/1x2/1980438.htm,2026-10-02T07:40:00Z,
2021-11-03,川崎前锋,浦和红钻,Pinnacle,1.55,4.58,6.01,1.81,3.82,4.64,https://live.nowscore.com/1x2/1980438.htm,2026-10-02T07:40:00Z,
2021-11-03,横滨水手,大阪钢巴,William Hill,1.36,4.50,7.50,1.33,5.00,7.50,https://live.nowscore.com/1x2/1980444.htm,2026-10-02T07:40:00Z,
2021-11-03,横滨水手,大阪钢巴,bet365,1.36,4.75,6.00,1.36,5.25,8.00,https://live.nowscore.com/1x2/1980444.htm,2026-10-02T07:40:00Z,
2021-11-03,横滨水手,大阪钢巴,Pinnacle,1.34,5.57,8.11,1.36,5.66,8.23,https://live.nowscore.com/1x2/1980444.htm,2026-10-02T07:40:00Z,
2021-11-03,FC东京,清水鼓动,William Hill,1.91,3.50,3.60,2.05,3.20,3.40,https://live.nowscore.com/1x2/1980436.htm,2026-10-02T07:40:00Z,
2021-11-03,FC东京,清水鼓动,bet365,1.85,3.50,3.60,2.10,3.60,3.40,https://live.nowscore.com/1x2/1980436.htm,2026-10-02T07:40:00Z,
2021-11-03,FC东京,清水鼓动,Pinnacle,2.01,3.69,3.67,2.13,3.53,3.62,https://live.nowscore.com/1x2/1980436.htm,2026-10-02T07:40:00Z,
2021-11-03,德岛漩涡,大阪樱花,William Hill,2.75,3.25,2.38,2.80,3.00,2.50,https://live.nowscore.com/1x2/1980441.htm,2026-10-02T07:40:00Z,
2021-11-03,德岛漩涡,大阪樱花,bet365,2.75,3.20,2.38,2.70,3.30,2.60,https://live.nowscore.com/1x2/1980441.htm,2026-10-02T07:40:00Z,
2021-11-03,德岛漩涡,大阪樱花,Pinnacle,3.01,3.28,2.57,2.84,3.27,2.71,https://live.nowscore.com/1x2/1980441.htm,2026-10-02T07:40:00Z,
2021-11-03,横滨FC,鸟栖沙岩,William Hill,3.10,3.20,2.20,3.20,3.10,2.20,https://live.nowscore.com/1x2/1980443.htm,2026-10-02T07:40:00Z,
2021-11-03,横滨FC,鸟栖沙岩,bet365,3.10,3.20,2.15,3.20,3.40,2.25,https://live.nowscore.com/1x2/1980443.htm,2026-10-02T07:40:00Z,
2021-11-03,横滨FC,鸟栖沙岩,Pinnacle,3.50,3.27,2.24,3.28,3.43,2.32,https://live.nowscore.com/1x2/1980443.htm,2026-10-02T07:40:00Z,
2021-11-03,福冈黄蜂,大分三神,William Hill,2.00,3.00,3.90,2.20,2.80,3.60,https://live.nowscore.com/1x2/1980435.htm,2026-10-02T07:40:00Z,
2021-11-03,福冈黄蜂,大分三神,bet365,1.95,3.00,4.00,2.30,3.00,3.50,https://live.nowscore.com/1x2/1980435.htm,2026-10-02T07:40:00Z,
2021-11-03,福冈黄蜂,大分三神,Pinnacle,2.05,3.31,4.00,2.40,2.94,3.69,https://live.nowscore.com/1x2/1980435.htm,2026-10-02T07:40:00Z,
2021-11-03,名古屋鲸八,柏太阳神,William Hill,1.80,3.25,4.33,1.91,3.10,4.20,https://live.nowscore.com/1x2/1980439.htm,2026-10-02T07:40:00Z,
2021-11-03,名古屋鲸八,柏太阳神,bet365,1.80,3.50,4.00,1.95,3.40,4.00,https://live.nowscore.com/1x2/1980439.htm,2026-10-02T07:40:00Z,
2021-11-03,名古屋鲸八,柏太阳神,Pinnacle,1.92,3.50,4.26,1.98,3.35,4.41,https://live.nowscore.com/1x2/1980439.htm,2026-10-02T07:40:00Z,
2021-11-03,广岛三箭,鹿岛鹿角,William Hill,2.75,3.30,2.38,2.80,3.20,2.38,https://live.nowscore.com/1x2/1980440.htm,2026-10-02T07:40:00Z,
2021-11-03,广岛三箭,鹿岛鹿角,bet365,2.70,3.50,2.30,2.88,3.50,2.40,https://live.nowscore.com/1x2/1980440.htm,2026-10-02T07:40:00Z,
2021-11-03,广岛三箭,鹿岛鹿角,Pinnacle,2.74,3.58,2.61,3.02,3.50,2.43,https://live.nowscore.com/1x2/1980440.htm,2026-10-02T07:40:00Z,
2021-11-03,札幌冈萨多,湘南海洋,William Hill,1.85,3.60,3.70,2.05,3.30,3.30,https://live.nowscore.com/1x2/1980437.htm,2026-10-02T07:40:00Z,
2021-11-03,札幌冈萨多,湘南海洋,bet365,1.85,3.50,3.75,2.05,3.80,3.30,https://live.nowscore.com/1x2/1980437.htm,2026-10-02T07:40:00Z,
2021-11-03,札幌冈萨多,湘南海洋,Pinnacle,1.79,4.06,4.25,2.09,3.68,3.60,https://live.nowscore.com/1x2/1980437.htm,2026-10-02T07:40:00Z,
2021-11-03,神户胜利船,仙台维加泰,William Hill,1.44,4.20,6.50,1.50,4.00,5.80,https://live.nowscore.com/1x2/1980442.htm,2026-10-02T07:40:00Z,
2021-11-03,神户胜利船,仙台维加泰,bet365,1.50,4.00,6.50,1.60,4.00,5.75,https://live.nowscore.com/1x2/1980442.htm,2026-10-02T07:40:00Z,
2021-11-03,神户胜利船,仙台维加泰,Pinnacle,1.51,4.65,6.04,1.56,4.48,5.99,https://live.nowscore.com/1x2/1980442.htm,2026-10-02T07:40:00Z,
2021-11-06,清水鼓动,札幌冈萨多,William Hill,2.60,3.20,2.60,2.50,3.20,2.63,https://live.nowscore.com/1x2/1969581.htm,2026-10-02T07:50:00Z,
2021-11-06,清水鼓动,札幌冈萨多,bet365,2.60,3.20,2.63,2.50,3.50,2.75,https://live.nowscore.com/1x2/1969581.htm,2026-10-02T07:50:00Z,
2021-11-06,清水鼓动,札幌冈萨多,Pinnacle,2.67,3.61,2.58,2.60,3.44,2.84,https://live.nowscore.com/1x2/1969581.htm,2026-10-02T07:50:00Z,
2021-11-06,神户胜利船,德岛漩涡,William Hill,1.70,3.40,4.80,1.65,3.50,5.00,https://live.nowscore.com/1x2/1969586.htm,2026-10-02T07:50:00Z,
2021-11-06,神户胜利船,德岛漩涡,bet365,1.70,3.50,4.50,1.70,3.60,5.00,https://live.nowscore.com/1x2/1969586.htm,2026-10-02T07:50:00Z,
2021-11-06,神户胜利船,德岛漩涡,Pinnacle,1.91,3.65,4.30,1.72,3.83,5.28,https://live.nowscore.com/1x2/1969586.htm,2026-10-02T07:50:00Z,
2021-11-06,横滨水手,FC东京,William Hill,1.57,4.00,4.80,1.83,3.60,3.75,https://live.nowscore.com/1x2/1969583.htm,2026-10-02T07:50:00Z,
2021-11-06,横滨水手,FC东京,bet365,1.70,3.80,4.20,1.91,3.80,3.60,https://live.nowscore.com/1x2/1969583.htm,2026-10-02T07:50:00Z,
2021-11-06,横滨水手,FC东京,Pinnacle,1.74,4.20,4.39,1.88,4.13,3.89,https://live.nowscore.com/1x2/1969583.htm,2026-10-02T07:50:00Z,
2021-11-07,仙台维加泰,名古屋鲸八,William Hill,4.50,3.20,1.80,4.75,3.20,1.75,https://live.nowscore.com/1x2/1969578.htm,2026-10-02T08:00:00Z,
2021-11-07,仙台维加泰,名古屋鲸八,bet365,4.00,3.60,1.80,4.75,3.50,1.80,https://live.nowscore.com/1x2/1969578.htm,2026-10-02T08:00:00Z,
2021-11-07,仙台维加泰,名古屋鲸八,Pinnacle,4.66,3.40,1.88,4.98,3.47,1.85,https://live.nowscore.com/1x2/1969578.htm,2026-10-02T08:00:00Z,
2021-11-07,大分三神,大阪钢巴,William Hill,2.60,3.00,2.75,2.15,3.10,3.30,https://live.nowscore.com/1x2/1969579.htm,2026-10-02T08:00:00Z,
2021-11-07,大分三神,大阪钢巴,bet365,2.45,3.00,2.75,2.20,3.20,3.50,https://live.nowscore.com/1x2/1969579.htm,2026-10-02T08:00:00Z,
2021-11-07,大分三神,大阪钢巴,Pinnacle,2.64,3.20,2.89,2.23,3.32,3.58,https://live.nowscore.com/1x2/1969579.htm,2026-10-02T08:00:00Z,
2021-11-07,鹿岛鹿角,浦和红钻,William Hill,1.85,3.40,3.90,1.85,3.50,3.80,https://live.nowscore.com/1x2/1969584.htm,2026-10-02T08:00:00Z,
2021-11-07,鹿岛鹿角,浦和红钻,bet365,2.10,3.20,3.30,1.85,3.75,4.00,https://live.nowscore.com/1x2/1969584.htm,2026-10-02T08:00:00Z,
2021-11-07,鹿岛鹿角,浦和红钻,Pinnacle,2.09,3.74,3.39,1.93,3.88,3.95,https://live.nowscore.com/1x2/1969584.htm,2026-10-02T08:00:00Z,
2021-11-07,鸟栖沙岩,川崎前锋,William Hill,4.75,3.50,1.70,3.60,3.40,1.95,https://live.nowscore.com/1x2/1969585.htm,2026-10-02T08:00:00Z,
2021-11-07,鸟栖沙岩,川崎前锋,bet365,4.20,3.50,1.75,3.60,3.60,2.00,https://live.nowscore.com/1x2/1969585.htm,2026-10-02T08:00:00Z,
2021-11-07,鸟栖沙岩,川崎前锋,Pinnacle,4.52,3.71,1.81,3.84,3.62,2.03,https://live.nowscore.com/1x2/1969585.htm,2026-10-02T08:00:00Z,
2021-11-07,福冈黄蜂,横滨FC,William Hill,2.00,3.20,3.60,2.25,3.00,3.20,https://live.nowscore.com/1x2/1969582.htm,2026-10-02T08:00:00Z,
2021-11-07,福冈黄蜂,横滨FC,bet365,2.00,3.20,3.50,2.40,3.20,3.10,https://live.nowscore.com/1x2/1969582.htm,2026-10-02T08:00:00Z,
2021-11-07,福冈黄蜂,横滨FC,Pinnacle,2.15,3.50,3.60,2.45,3.14,3.32,https://live.nowscore.com/1x2/1969582.htm,2026-10-02T08:00:00Z,
2021-11-07,湘南海洋,广岛三箭,William Hill,2.70,3.10,2.50,2.60,2.88,2.80,https://live.nowscore.com/1x2/1969587.htm,2026-10-02T08:00:00Z,
2021-11-07,湘南海洋,广岛三箭,bet365,2.63,3.00,2.55,2.55,3.10,3.00,https://live.nowscore.com/1x2/1969587.htm,2026-10-02T08:00:00Z,
2021-11-07,湘南海洋,广岛三箭,Pinnacle,3.04,3.19,2.53,2.66,3.11,3.04,https://live.nowscore.com/1x2/1969587.htm,2026-10-02T08:00:00Z,
2021-11-07,柏太阳神,大阪樱花,William Hill,2.30,3.20,2.90,2.30,3.20,2.90,https://live.nowscore.com/1x2/1969580.htm,2026-10-02T08:00:00Z,
2021-11-07,柏太阳神,大阪樱花,bet365,2.40,3.20,2.80,2.25,3.30,3.30,https://live.nowscore.com/1x2/1969580.htm,2026-10-02T08:00:00Z,
2021-11-07,柏太阳神,大阪樱花,Pinnacle,2.48,3.55,2.92,2.32,3.53,3.18,https://live.nowscore.com/1x2/1969580.htm,2026-10-02T08:00:00Z,
2021-11-20,大阪樱花,川崎前锋,William Hill,3.90,3.60,1.80,3.75,3.50,1.85,https://live.nowscore.com/1x2/1980445.htm,2026-10-02T08:00:00Z,
2021-11-20,大阪樱花,川崎前锋,bet365,4.20,3.75,1.80,3.75,3.75,1.95,https://live.nowscore.com/1x2/1980445.htm,2026-10-02T08:00:00Z,
2021-11-20,大阪樱花,川崎前锋,Pinnacle,4.15,4.05,1.85,3.85,3.76,1.99,https://live.nowscore.com/1x2/1980445.htm,2026-10-02T08:00:00Z,
2021-11-20,FC东京,德岛漩涡,William Hill,1.83,3.30,4.20,2.25,3.10,3.10,https://live.nowscore.com/1x2/1980446.htm,2026-10-02T08:00:00Z,
2021-11-20,FC东京,德岛漩涡,bet365,1.85,3.40,4.33,2.40,3.30,3.00,https://live.nowscore.com/1x2/1980446.htm,2026-10-02T08:00:00Z,
2021-11-20,FC东京,德岛漩涡,Pinnacle,1.83,3.74,4.64,2.49,3.24,3.14,https://live.nowscore.com/1x2/1980446.htm,2026-10-02T08:00:00Z,
2021-11-20,大阪钢巴,名古屋鲸八,William Hill,4.20,3.25,1.83,4.33,3.30,1.80,https://live.nowscore.com/1x2/1980447.htm,2026-10-02T08:00:00Z,
2021-11-20,大阪钢巴,名古屋鲸八,bet365,4.33,3.25,1.91,4.75,3.40,1.80,https://live.nowscore.com/1x2/1980447.htm,2026-10-02T08:00:00Z,
2021-11-20,大阪钢巴,名古屋鲸八,Pinnacle,4.48,3.49,1.88,4.58,3.76,1.83,https://live.nowscore.com/1x2/1980447.htm,2026-10-02T08:00:00Z,
2021-11-20,鸟栖沙岩,札幌冈萨多,William Hill,2.25,3.30,2.90,2.50,3.25,2.60,https://live.nowscore.com/1x2/1980450.htm,2026-10-02T08:00:00Z,
2021-11-20,鸟栖沙岩,札幌冈萨多,bet365,2.30,3.40,3.00,2.55,3.50,2.63,https://live.nowscore.com/1x2/1980450.htm,2026-10-02T08:00:00Z,
2021-11-20,鸟栖沙岩,札幌冈萨多,Pinnacle,2.39,3.64,2.99,2.63,3.65,2.68,https://live.nowscore.com/1x2/1980450.htm,2026-10-02T08:00:00Z,
2021-11-20,浦和红钻,横滨水手,William Hill,2.88,3.60,2.15,3.10,3.60,2.05,https://live.nowscore.com/1x2/1980452.htm,2026-10-02T08:00:00Z,
2021-11-20,浦和红钻,横滨水手,bet365,3.00,3.80,2.15,3.20,3.80,2.10,https://live.nowscore.com/1x2/1980452.htm,2026-10-02T08:00:00Z,
2021-11-20,浦和红钻,横滨水手,Pinnacle,3.04,3.92,2.25,3.18,3.92,2.18,https://live.nowscore.com/1x2/1980452.htm,2026-10-02T08:00:00Z,
2021-11-20,仙台维加泰,湘南海洋,William Hill,2.80,3.10,2.45,3.60,3.10,2.05,https://live.nowscore.com/1x2/1980453.htm,2026-10-02T08:00:00Z,
2021-11-20,仙台维加泰,湘南海洋,bet365,2.80,3.40,2.40,3.60,3.40,2.05,https://live.nowscore.com/1x2/1980453.htm,2026-10-02T08:00:00Z,
2021-11-20,仙台维加泰,湘南海洋,Pinnacle,2.96,3.38,2.54,3.86,3.41,2.10,https://live.nowscore.com/1x2/1980453.htm,2026-10-02T08:00:00Z,
2021-11-20,鹿岛鹿角,大分三神,William Hill,1.35,4.40,8.00,1.35,4.20,9.00,https://live.nowscore.com/1x2/1980448.htm,2026-10-02T08:00:00Z,
2021-11-20,鹿岛鹿角,大分三神,bet365,1.40,4.75,7.00,1.36,4.50,7.50,https://live.nowscore.com/1x2/1980448.htm,2026-10-02T08:00:00Z,
2021-11-20,鹿岛鹿角,大分三神,Pinnacle,1.37,5.28,8.78,1.38,4.93,9.58,https://live.nowscore.com/1x2/1980448.htm,2026-10-02T08:00:00Z,
2021-11-20,清水鼓动,广岛三箭,William Hill,2.50,3.10,2.70,2.45,3.10,2.80,https://live.nowscore.com/1x2/1980451.htm,2026-10-02T08:00:00Z,
2021-11-20,清水鼓动,广岛三箭,bet365,2.55,3.25,2.75,2.55,3.25,2.75,https://live.nowscore.com/1x2/1980451.htm,2026-10-02T08:00:00Z,
2021-11-20,清水鼓动,广岛三箭,Pinnacle,2.75,3.37,2.73,2.64,3.26,2.92,https://live.nowscore.com/1x2/1980451.htm,2026-10-02T08:00:00Z,
2021-11-20,横滨FC,神户胜利船,William Hill,3.70,3.40,1.91,3.80,3.50,1.85,https://live.nowscore.com/1x2/1980454.htm,2026-10-02T08:00:00Z,
2021-11-20,横滨FC,神户胜利船,bet365,3.80,3.50,1.91,3.80,3.40,1.91,https://live.nowscore.com/1x2/1980454.htm,2026-10-02T08:00:00Z,
2021-11-20,横滨FC,神户胜利船,Pinnacle,4.01,3.68,1.97,4.03,3.75,1.94,https://live.nowscore.com/1x2/1980454.htm,2026-10-02T08:00:00Z,
2021-11-20,柏太阳神,福冈黄蜂,William Hill,1.95,3.20,3.75,2.10,3.10,3.40,https://live.nowscore.com/1x2/1980449.htm,2026-10-02T08:00:00Z,
2021-11-20,柏太阳神,福冈黄蜂,bet365,2.00,3.30,3.75,2.25,3.20,3.25,https://live.nowscore.com/1x2/1980449.htm,2026-10-02T08:00:00Z,
2021-11-20,柏太阳神,福冈黄蜂,Pinnacle,2.02,3.58,3.93,2.28,3.33,3.46,https://live.nowscore.com/1x2/1980449.htm,2026-10-02T08:00:00Z,
2021-11-27,福冈黄蜂,仙台维加泰,William Hill,2.05,3.20,3.50,1.91,3.10,4.20,https://live.nowscore.com/1x2/1980455.htm,2026-10-02T08:05Z,
2021-11-27,福冈黄蜂,仙台维加泰,bet365,2.05,3.30,3.50,1.91,3.25,4.33,https://live.nowscore.com/1x2/1980455.htm,2026-10-02T08:05Z,
2021-11-27,福冈黄蜂,仙台维加泰,Pinnacle,2.00,3.53,3.88,1.98,3.40,4.33,https://live.nowscore.com/1x2/1980455.htm,2026-10-02T08:05Z,
2021-11-27,大阪樱花,名古屋鲸八,William Hill,3.00,3.10,2.30,3.10,3.10,2.25,https://live.nowscore.com/1x2/1980456.htm,2026-10-02T08:05Z,
2021-11-27,大阪樱花,名古屋鲸八,bet365,3.00,3.20,2.30,3.10,3.30,2.38,https://live.nowscore.com/1x2/1980456.htm,2026-10-02T08:05Z,
2021-11-27,大阪樱花,名古屋鲸八,Pinnacle,3.05,3.36,2.42,3.18,3.40,2.39,https://live.nowscore.com/1x2/1980456.htm,2026-10-02T08:05Z,
2021-11-27,札幌冈萨多,柏太阳神,William Hill,2.10,3.40,3.10,1.85,3.60,3.70,https://live.nowscore.com/1x2/1980457.htm,2026-10-02T08:05Z,
2021-11-27,札幌冈萨多,柏太阳神,bet365,2.15,3.40,3.10,1.85,3.75,4.00,https://live.nowscore.com/1x2/1980457.htm,2026-10-02T08:05Z,
2021-11-27,札幌冈萨多,柏太阳神,Pinnacle,2.15,3.70,3.29,1.92,4.00,3.89,https://live.nowscore.com/1x2/1980457.htm,2026-10-02T08:05Z,
2021-11-27,鹿岛鹿角,鸟栖沙岩,William Hill,1.70,3.60,4.40,1.53,3.90,5.50,https://live.nowscore.com/1x2/1980458.htm,2026-10-02T08:05Z,
2021-11-27,鹿岛鹿角,鸟栖沙岩,bet365,1.70,3.60,4.50,1.57,4.00,5.75,https://live.nowscore.com/1x2/1980458.htm,2026-10-02T08:05Z,
2021-11-27,鹿岛鹿角,鸟栖沙岩,Pinnacle,1.74,4.04,4.81,1.57,4.44,5.93,https://live.nowscore.com/1x2/1980458.htm,2026-10-02T08:05Z,
2021-11-27,川崎前锋,大阪钢巴,William Hill,1.33,4.60,8.50,1.29,5.00,9.00,https://live.nowscore.com/1x2/1980459.htm,2026-10-02T08:05Z,
2021-11-27,川崎前锋,大阪钢巴,bet365,1.33,5.00,7.50,1.33,5.75,8.00,https://live.nowscore.com/1x2/1980459.htm,2026-10-02T08:05Z,
2021-11-27,川崎前锋,大阪钢巴,Pinnacle,1.25,6.26,11.08,1.31,5.94,9.72,https://live.nowscore.com/1x2/1980459.htm,2026-10-02T08:05Z,
2021-11-27,大分三神,横滨FC,William Hill,2.30,3.00,3.10,2.25,3.00,3.20,https://live.nowscore.com/1x2/1980460.htm,2026-10-02T08:05Z,
2021-11-27,大分三神,横滨FC,bet365,2.25,3.20,3.10,2.38,3.20,3.25,https://live.nowscore.com/1x2/1980460.htm,2026-10-02T08:05Z,
2021-11-27,大分三神,横滨FC,Pinnacle,2.38,3.29,3.28,2.43,3.12,3.38,https://live.nowscore.com/1x2/1980460.htm,2026-10-02T08:05Z,
2021-11-27,广岛三箭,FC东京,William Hill,2.15,3.20,3.20,2.38,3.00,3.00,https://live.nowscore.com/1x2/1980461.htm,2026-10-02T08:05Z,
2021-11-27,广岛三箭,FC东京,bet365,2.15,3.30,3.20,2.45,3.40,2.90,https://live.nowscore.com/1x2/1980461.htm,2026-10-02T08:05Z,
2021-11-27,广岛三箭,FC东京,Pinnacle,2.25,3.52,3.33,2.54,3.22,3.10,https://live.nowscore.com/1x2/1980461.htm,2026-10-02T08:05Z,
2021-11-27,湘南海洋,德岛漩涡,William Hill,2.20,3.00,3.30,2.38,2.88,3.10,https://live.nowscore.com/1x2/1980462.htm,2026-10-02T08:05Z,
2021-11-27,湘南海洋,德岛漩涡,bet365,2.20,3.00,3.30,2.60,2.88,3.20,https://live.nowscore.com/1x2/1980462.htm,2026-10-02T08:05Z,
2021-11-27,湘南海洋,德岛漩涡,Pinnacle,2.22,3.27,3.53,2.66,2.85,3.33,https://live.nowscore.com/1x2/1980462.htm,2026-10-02T08:05Z,
2021-11-27,浦和红钻,清水鼓动,William Hill,1.80,3.40,4.20,1.91,3.20,4.00,https://live.nowscore.com/1x2/1980463.htm,2026-10-02T08:05Z,
2021-11-27,浦和红钻,清水鼓动,bet365,1.83,3.50,4.00,1.95,3.30,4.20,https://live.nowscore.com/1x2/1980463.htm,2026-10-02T08:05Z,
2021-11-27,浦和红钻,清水鼓动,Pinnacle,1.88,3.81,4.01,1.99,3.31,4.44,https://live.nowscore.com/1x2/1980463.htm,2026-10-02T08:05Z,
2021-11-27,神户胜利船,横滨水手,William Hill,3.00,3.60,2.10,2.90,3.40,2.20,https://live.nowscore.com/1x2/1980464.htm,2026-10-02T08:05Z,
2021-11-27,神户胜利船,横滨水手,bet365,2.88,3.60,2.15,2.90,3.75,2.25,https://live.nowscore.com/1x2/1980464.htm,2026-10-02T08:05Z,
2021-11-27,神户胜利船,横滨水手,Pinnacle,3.05,3.91,2.19,3.09,3.81,2.26,https://live.nowscore.com/1x2/1980464.htm,2026-10-02T08:05Z,
2021-12-04,FC东京,福冈黄蜂,William Hill,2.00,3.20,3.60,2.00,3.25,3.50,https://live.nowscore.com/1x2/1980465.htm,2026-10-02T08:09:00Z,
2021-12-04,FC东京,福冈黄蜂,bet365,2.05,3.30,3.60,2.10,3.50,3.50,https://live.nowscore.com/1x2/1980465.htm,2026-10-02T08:09:00Z,
2021-12-04,FC东京,福冈黄蜂,Pinnacle,1.92,3.69,4.23,2.08,3.53,3.76,https://live.nowscore.com/1x2/1980465.htm,2026-10-02T08:09:00Z,
2021-12-04,大阪钢巴,湘南海洋,William Hill,2.88,3.10,2.38,3.20,3.20,2.15,https://live.nowscore.com/1x2/1980466.htm,2026-10-02T08:09:00Z,
2021-12-04,大阪钢巴,湘南海洋,bet365,3.10,3.25,2.30,3.30,3.40,2.20,https://live.nowscore.com/1x2/1980466.htm,2026-10-02T08:09:00Z,
2021-12-04,大阪钢巴,湘南海洋,Pinnacle,2.87,3.45,2.58,3.53,3.40,2.22,https://live.nowscore.com/1x2/1980466.htm,2026-10-02T08:09:00Z,
2021-12-04,柏太阳神,大分三神,William Hill,1.75,3.50,4.33,1.80,3.40,4.20,https://live.nowscore.com/1x2/1980467.htm,2026-10-02T08:09:00Z,
2021-12-04,柏太阳神,大分三神,bet365,1.83,3.60,4.20,1.83,3.60,4.33,https://live.nowscore.com/1x2/1980467.htm,2026-10-02T08:09:00Z,
2021-12-04,柏太阳神,大分三神,Pinnacle,1.87,3.71,4.42,1.85,3.63,4.67,https://live.nowscore.com/1x2/1980467.htm,2026-10-02T08:09:00Z,
2021-12-04,名古屋鲸八,浦和红钻,William Hill,2.10,3.20,3.30,2.20,3.10,3.20,https://live.nowscore.com/1x2/1980468.htm,2026-10-02T08:09:00Z,
2021-12-04,名古屋鲸八,浦和红钻,bet365,2.20,3.40,3.25,2.25,3.40,3.20,https://live.nowscore.com/1x2/1980468.htm,2026-10-02T08:09:00Z,
2021-12-04,名古屋鲸八,浦和红钻,Pinnacle,2.24,3.33,3.56,2.33,3.35,3.34,https://live.nowscore.com/1x2/1980468.htm,2026-10-02T08:09:00Z,
2021-12-04,鸟栖沙岩,神户胜利船,William Hill,2.80,3.10,2.45,2.38,3.10,2.88,https://live.nowscore.com/1x2/1980469.htm,2026-10-02T08:09:00Z,
2021-12-04,鸟栖沙岩,神户胜利船,bet365,2.80,3.25,2.50,2.38,3.40,3.00,https://live.nowscore.com/1x2/1980469.htm,2026-10-02T08:09:00Z,
2021-12-04,鸟栖沙岩,神户胜利船,Pinnacle,2.84,3.41,2.62,2.45,3.52,2.99,https://live.nowscore.com/1x2/1980469.htm,2026-10-02T08:09:00Z,
2021-12-04,清水鼓动,大阪樱花,William Hill,2.30,3.20,2.90,2.30,3.10,3.00,https://live.nowscore.com/1x2/1980470.htm,2026-10-02T08:09:00Z,
2021-12-04,清水鼓动,大阪樱花,bet365,2.30,3.30,3.10,2.40,3.25,3.10,https://live.nowscore.com/1x2/1980470.htm,2026-10-02T08:09:00Z,
2021-12-04,清水鼓动,大阪樱花,Pinnacle,2.54,3.48,2.89,2.42,3.30,3.22,https://live.nowscore.com/1x2/1980470.htm,2026-10-02T08:09:00Z,
2021-12-04,德岛漩涡,广岛三箭,William Hill,2.25,3.10,3.10,2.20,2.80,3.60,https://live.nowscore.com/1x2/1980471.htm,2026-10-02T08:09:00Z,
2021-12-04,德岛漩涡,广岛三箭,bet365,2.30,3.10,3.30,2.20,3.10,3.60,https://live.nowscore.com/1x2/1980471.htm,2026-10-02T08:09:00Z,
2021-12-04,德岛漩涡,广岛三箭,Pinnacle,2.89,3.19,2.72,2.25,3.10,3.83,https://live.nowscore.com/1x2/1980471.htm,2026-10-02T08:09:00Z,
2021-12-04,仙台维加泰,鹿岛鹿角,William Hill,6.50,4.00,1.44,9.50,5.00,1.25,https://live.nowscore.com/1x2/1980472.htm,2026-10-02T08:09:00Z,
2021-12-04,仙台维加泰,鹿岛鹿角,bet365,6.50,4.20,1.50,9.50,5.25,1.33,https://live.nowscore.com/1x2/1980472.htm,2026-10-02T08:09:00Z,
2021-12-04,仙台维加泰,鹿岛鹿角,Pinnacle,6.39,4.45,1.54,8.91,5.63,1.35,https://live.nowscore.com/1x2/1980472.htm,2026-10-02T08:09:00Z,
2021-12-04,横滨FC,札幌冈萨多,William Hill,3.30,3.50,2.00,3.90,3.75,1.75,https://live.nowscore.com/1x2/1980473.htm,2026-10-02T08:09:00Z,
2021-12-04,横滨FC,札幌冈萨多,bet365,3.60,3.50,2.00,4.00,3.80,1.83,https://live.nowscore.com/1x2/1980473.htm,2026-10-02T08:09:00Z,
2021-12-04,横滨FC,札幌冈萨多,Pinnacle,3.67,3.86,1.96,3.98,4.05,1.88,https://live.nowscore.com/1x2/1980473.htm,2026-10-02T08:09:00Z,
2021-12-04,横滨水手,川崎前锋,William Hill,2.70,3.70,2.25,2.70,3.60,2.25,https://live.nowscore.com/1x2/1980474.htm,2026-10-02T08:09:00Z,
2021-12-04,横滨水手,川崎前锋,bet365,2.80,3.75,2.25,2.63,4.00,2.40,https://live.nowscore.com/1x2/1980474.htm,2026-10-02T08:09:00Z,
2021-12-04,横滨水手,川崎前锋,Pinnacle,2.50,3.98,2.58,2.58,4.08,2.53,https://live.nowscore.com/1x2/1980474.htm,2026-10-02T08:09:00Z,
2022-02-18,川崎前锋,FC东京,bet365,1.53,4.00,6.00,1.67,3.75,5.20,https://live.nowscore.com/1x2/2135884.htm,,"legacy_2020_pilot_schema: opening->init, latest->current; change_time ambiguous, retrieved_at_utc unavailable=NULL"
2022-02-18,川崎前锋,FC东京,Pinnacle,1.54,4.53,5.80,1.69,4.07,5.12,https://live.nowscore.com/1x2/2135884.htm,,"legacy_2020_pilot_schema: opening->init, latest->current; change_time ambiguous, retrieved_at_utc unavailable=NULL"
2022-02-18,川崎前锋,FC东京,William Hill,1.50,3.90,5.50,1.60,3.60,5.00,https://live.nowscore.com/1x2/2135884.htm,,"legacy_2020_pilot_schema: opening->init, latest->current; change_time ambiguous, retrieved_at_utc unavailable=NULL"
2022-02-18,川崎前锋,FC东京,Ladbrokes,1.50,3.80,5.50,1.61,3.50,4.75,https://live.nowscore.com/1x2/2135884.htm,,"legacy_2020_pilot_schema: opening->init, latest->current; change_time ambiguous, retrieved_at_utc unavailable=NULL"
2022-05-21,广岛三箭,京都不死鸟,William Hill,1.91,3.20,3.90,1.50,3.70,6.00,https://live.nowscore.com/1x2/2148883.htm,2026-10-02T03:30:00Z,
2022-05-21,广岛三箭,京都不死鸟,bet365,1.73,3.60,5.00,1.55,4.00,6.50,https://live.nowscore.com/1x2/2148883.htm,2026-10-02T03:30:00Z,
2022-05-21,广岛三箭,京都不死鸟,Pinnacle,1.66,3.99,5.25,1.57,4.25,6.23,https://live.nowscore.com/1x2/2148883.htm,2026-10-02T03:30:00Z,
2022-05-21,大阪樱花,大阪钢巴,William Hill,2.20,2.80,3.50,1.85,3.40,3.75,https://live.nowscore.com/1x2/2148884.htm,2026-10-02T03:30:00Z,
2022-05-21,大阪樱花,大阪钢巴,bet365,1.73,3.60,5.00,1.85,3.60,4.20,https://live.nowscore.com/1x2/2148884.htm,2026-10-02T03:30:00Z,
2022-05-21,大阪樱花,大阪钢巴,Pinnacle,1.76,4.01,4.45,1.91,3.68,4.27,https://live.nowscore.com/1x2/2148884.htm,2026-10-02T03:30:00Z,
2022-05-21,清水鼓动,名古屋鲸八,William Hill,2.63,2.75,2.80,3.20,2.88,2.30,https://live.nowscore.com/1x2/2148885.htm,2026-10-02T03:30:00Z,
2022-05-21,清水鼓动,名古屋鲸八,bet365,3.10,3.10,2.45,3.40,3.00,2.38,https://live.nowscore.com/1x2/2148885.htm,2026-10-02T03:30:00Z,
2022-05-21,清水鼓动,名古屋鲸八,Pinnacle,3.30,3.33,2.36,3.49,3.01,2.45,https://live.nowscore.com/1x2/2148885.htm,2026-10-02T03:30:00Z,
2022-05-21,FC东京,柏太阳神,William Hill,2.20,3.00,3.25,2.30,2.90,3.10,https://live.nowscore.com/1x2/2148886.htm,2026-10-02T03:30:00Z,
2022-05-21,FC东京,柏太阳神,bet365,2.25,3.20,3.30,2.45,3.20,3.10,https://live.nowscore.com/1x2/2148886.htm,2026-10-02T03:30:00Z,
2022-05-21,FC东京,柏太阳神,Pinnacle,2.14,3.45,3.69,2.49,3.17,3.22,https://live.nowscore.com/1x2/2148886.htm,2026-10-02T03:30:00Z,
2022-05-21,湘南海洋,神户胜利船,William Hill,2.80,3.00,2.45,2.63,3.00,2.60,https://live.nowscore.com/1x2/2148887.htm,2026-10-02T03:30:00Z,
2022-05-21,湘南海洋,神户胜利船,bet365,2.75,3.40,2.55,2.50,3.30,2.80,https://live.nowscore.com/1x2/2148887.htm,2026-10-02T03:30:00Z,
2022-05-21,湘南海洋,神户胜利船,Pinnacle,2.72,3.43,2.71,2.62,3.28,2.93,https://live.nowscore.com/1x2/2148887.htm,2026-10-02T03:30:00Z,
2022-05-21,鸟栖沙岩,川崎前锋,William Hill,4.50,3.20,1.80,3.10,3.00,2.25,https://live.nowscore.com/1x2/2148888.htm,2026-10-02T03:30:00Z,
2022-05-21,鸟栖沙岩,川崎前锋,bet365,3.40,3.20,2.25,3.10,3.20,2.40,https://live.nowscore.com/1x2/2148888.htm,2026-10-02T03:30:00Z,
2022-05-21,鸟栖沙岩,川崎前锋,Pinnacle,3.26,3.63,2.25,3.24,3.19,2.47,https://live.nowscore.com/1x2/2148888.htm,2026-10-02T03:30:00Z,
2022-05-21,浦和红钻,鹿岛鹿角,William Hill,4.20,3.30,1.80,2.70,3.10,2.45,https://live.nowscore.com/1x2/2148889.htm,2026-10-02T03:30:00Z,
2022-05-21,浦和红钻,鹿岛鹿角,bet365,2.88,3.20,2.55,2.90,3.30,2.45,https://live.nowscore.com/1x2/2148889.htm,2026-10-02T03:30:00Z,
2022-05-21,浦和红钻,鹿岛鹿角,Pinnacle,2.46,3.60,2.82,2.96,3.42,2.51,https://live.nowscore.com/1x2/2148889.htm,2026-10-02T03:30:00Z,
2022-05-21,福冈黄蜂,横滨水手,William Hill,3.10,3.00,2.25,3.40,3.10,2.05,https://live.nowscore.com/1x2/2148890.htm,2026-10-02T03:30:00Z,
2022-05-21,福冈黄蜂,横滨水手,bet365,3.50,3.40,2.10,3.30,3.50,2.15,https://live.nowscore.com/1x2/2148890.htm,2026-10-02T03:30:00Z,
2022-05-21,福冈黄蜂,横滨水手,Pinnacle,3.09,3.67,2.26,3.42,3.54,2.21,https://live.nowscore.com/1x2/2148890.htm,2026-10-02T03:30:00Z,
2024-02-23,广岛三箭,浦和红钻,bet365,1.91,3.40,4.00,2.10,3.25,3.50,https://live.nowscore.com/1x2/2511566.htm,,"legacy_2020_pilot_schema: opening->init, latest->current; change_time ambiguous, retrieved_at_utc unavailable=NULL"
2024-02-23,广岛三箭,浦和红钻,William Hill,1.80,3.30,3.90,1.95,3.20,3.40,https://live.nowscore.com/1x2/2511566.htm,,"legacy_2020_pilot_schema: opening->init, latest->current; change_time ambiguous, retrieved_at_utc unavailable=NULL"
2024-02-23,广岛三箭,浦和红钻,Ladbrokes,1.91,3.00,3.75,2.05,3.00,3.40,https://live.nowscore.com/1x2/2511566.htm,,"legacy_2020_pilot_schema: opening->init, latest->current; change_time ambiguous, retrieved_at_utc unavailable=NULL"
2024-02-23,广岛三箭,浦和红钻,Pinnacle,2.04,3.32,4.01,2.18,3.32,3.74,https://live.nowscore.com/1x2/2511566.htm,,"legacy_2020_pilot_schema: opening->init, latest->current; change_time ambiguous, retrieved_at_utc unavailable=NULL"
2024-02-23,名古屋鲸八,鹿岛鹿角,bet365,2.60,3.00,2.90,2.70,3.00,2.80,https://live.nowscore.com/1x2/2511564.htm,,"legacy_2020_pilot_schema: opening->init, latest->current; change_time ambiguous, retrieved_at_utc unavailable=NULL"
2024-02-23,名古屋鲸八,鹿岛鹿角,William Hill,2.45,2.90,2.75,2.50,2.90,2.70,https://live.nowscore.com/1x2/2511564.htm,,"legacy_2020_pilot_schema: opening->init, latest->current; change_time ambiguous, retrieved_at_utc unavailable=NULL"
2024-02-23,名古屋鲸八,鹿岛鹿角,Ladbrokes,2.45,2.80,2.80,2.55,2.80,2.70,https://live.nowscore.com/1x2/2511564.htm,,"legacy_2020_pilot_schema: opening->init, latest->current; change_time ambiguous, retrieved_at_utc unavailable=NULL"
2024-02-23,名古屋鲸八,鹿岛鹿角,Pinnacle,2.71,2.98,2.98,2.81,3.00,2.95,https://live.nowscore.com/1x2/2511564.htm,,"legacy_2020_pilot_schema: opening->init, latest->current; change_time ambiguous, retrieved_at_utc unavailable=NULL"
2024-03-10,札幌冈萨多,浦和红钻,William Hill,2.60,3.30,2.45,2.88,3.40,2.20,https://live.nowscore.com/1x2/2538640.htm,2026-10-02T03:55:00Z,
2024-03-10,札幌冈萨多,浦和红钻,bet365,2.75,3.40,2.50,3.10,3.40,2.37,https://live.nowscore.com/1x2/2538640.htm,2026-10-02T03:55:00Z,
2024-03-10,札幌冈萨多,浦和红钻,Pinnacle,2.83,3.36,2.57,3.01,3.54,2.42,https://live.nowscore.com/1x2/2538640.htm,2026-10-02T03:55:00Z,
2024-03-16,福冈黄蜂,FC东京,William Hill,2.45,3.10,2.70,2.25,3.00,3.10,https://live.nowscore.com/1x2/2538641.htm,2026-10-02T03:55:00Z,
2024-03-16,福冈黄蜂,FC东京,bet365,2.40,3.00,2.75,2.40,3.00,3.25,https://live.nowscore.com/1x2/2538641.htm,2026-10-02T03:55:00Z,
2024-03-16,福冈黄蜂,FC东京,Pinnacle,2.46,3.08,3.23,2.39,3.12,3.46,https://live.nowscore.com/1x2/2538641.htm,2026-10-02T03:55:00Z,
2024-03-16,札幌冈萨多,町田泽维亚,William Hill,2.63,3.10,2.50,2.63,3.50,2.30,https://live.nowscore.com/1x2/2538642.htm,2026-10-02T03:55:00Z,
2024-03-16,札幌冈萨多,町田泽维亚,bet365,2.55,3.10,2.55,3.00,3.50,2.37,https://live.nowscore.com/1x2/2538642.htm,2026-10-02T03:55:00Z,
2024-03-16,札幌冈萨多,町田泽维亚,Pinnacle,2.78,3.24,2.71,2.92,3.75,2.39,https://live.nowscore.com/1x2/2538642.htm,2026-10-02T03:55:00Z,
2024-03-16,神户胜利船,广岛三箭,William Hill,2.50,3.30,2.50,2.80,3.25,2.30,https://live.nowscore.com/1x2/2538643.htm,2026-10-02T03:55:00Z,
2024-03-16,神户胜利船,广岛三箭,bet365,2.55,3.00,2.55,3.00,3.20,2.37,https://live.nowscore.com/1x2/2538643.htm,2026-10-02T03:55:00Z,
2024-03-16,神户胜利船,广岛三箭,Pinnacle,2.78,3.15,2.78,3.17,3.28,2.46,https://live.nowscore.com/1x2/2538643.htm,2026-10-02T03:55:00Z,
2024-03-16,大阪钢巴,磐田喜悦,William Hill,2.10,3.30,3.10,2.15,3.30,3.00,https://live.nowscore.com/1x2/2538644.htm,2026-10-02T03:55:00Z,
2024-03-16,大阪钢巴,磐田喜悦,bet365,2.05,3.10,3.25,2.25,3.30,3.25,https://live.nowscore.com/1x2/2538644.htm,2026-10-02T03:55:00Z,
2024-03-16,大阪钢巴,磐田喜悦,Pinnacle,2.13,3.36,3.68,2.37,3.38,3.22,https://live.nowscore.com/1x2/2538644.htm,2026-10-02T03:55:00Z,
2024-03-16,柏太阳神,名古屋鲸八,William Hill,2.30,3.00,3.00,2.00,3.10,3.60,https://live.nowscore.com/1x2/2538645.htm,2026-10-02T03:55:00Z,
2024-03-16,柏太阳神,名古屋鲸八,bet365,2.20,2.88,3.20,2.10,3.10,4.00,https://live.nowscore.com/1x2/2538645.htm,2026-10-02T03:55:00Z,
2024-03-16,柏太阳神,名古屋鲸八,Pinnacle,2.36,3.10,3.43,2.14,3.13,4.13,https://live.nowscore.com/1x2/2538645.htm,2026-10-02T03:55:00Z,
2024-03-16,鸟栖沙岩,大阪樱花,William Hill,3.75,3.60,1.80,3.10,3.40,2.05,https://live.nowscore.com/1x2/2538646.htm,2026-10-02T03:55:00Z,
2024-03-16,鸟栖沙岩,大阪樱花,bet365,3.30,3.30,1.95,3.50,3.30,2.10,https://live.nowscore.com/1x2/2538646.htm,2026-10-02T03:55:00Z,
2024-03-16,鸟栖沙岩,大阪樱花,Pinnacle,3.72,3.59,2.03,3.62,3.41,2.18,https://live.nowscore.com/1x2/2538646.htm,2026-10-02T03:55:00Z,
2024-03-16,东京绿茵,新泻天鹅,William Hill,2.70,3.10,2.45,2.63,3.00,2.63,https://live.nowscore.com/1x2/2538647.htm,2026-10-02T03:55:00Z,
2024-03-16,东京绿茵,新泻天鹅,bet365,2.63,3.00,2.50,2.80,2.90,2.80,https://live.nowscore.com/1x2/2538647.htm,2026-10-02T03:55:00Z,
2024-03-16,东京绿茵,新泻天鹅,Pinnacle,3.03,3.05,2.63,2.91,3.04,2.82,https://live.nowscore.com/1x2/2538647.htm,2026-10-02T03:55:00Z,
2024-03-17,京都不死鸟,横滨水手,William Hill,3.40,3.50,1.91,2.88,3.50,2.15,https://live.nowscore.com/1x2/2538648.htm,2026-10-02T03:55:00Z,
2024-03-17,京都不死鸟,横滨水手,bet365,3.50,3.20,1.95,3.00,3.50,2.30,https://live.nowscore.com/1x2/2538648.htm,2026-10-02T03:55:00Z,
2024-03-17,京都不死鸟,横滨水手,Pinnacle,3.75,3.47,2.06,3.06,3.73,2.31,https://live.nowscore.com/1x2/2538648.htm,2026-10-02T03:55:00Z,
2024-03-17,鹿岛鹿角,川崎前锋,William Hill,2.50,3.20,2.60,2.60,3.20,2.50,https://live.nowscore.com/1x2/2538649.htm,2026-10-02T03:55:00Z,
2024-03-17,鹿岛鹿角,川崎前锋,bet365,2.50,3.00,2.63,2.80,3.10,2.75,https://live.nowscore.com/1x2/2538649.htm,2026-10-02T03:55:00Z,
2024-03-17,鹿岛鹿角,川崎前锋,Pinnacle,2.92,3.37,2.50,2.80,3.25,2.76,https://live.nowscore.com/1x2/2538649.htm,2026-10-02T03:55:00Z,
2024-03-17,湘南海洋,浦和红钻,William Hill,3.40,3.25,2.00,2.90,3.10,2.30,https://live.nowscore.com/1x2/2538650.htm,2026-10-02T03:55:00Z,
2024-03-17,湘南海洋,浦和红钻,bet365,3.10,3.20,2.10,3.00,3.10,2.50,https://live.nowscore.com/1x2/2538650.htm,2026-10-02T03:55:00Z,
2024-03-17,湘南海洋,浦和红钻,Pinnacle,3.60,3.32,2.17,3.15,3.20,2.51,https://live.nowscore.com/1x2/2538650.htm,2026-10-02T03:55:00Z,
2024-03-29,东京绿茵,京都不死鸟,William Hill,2.90,3.30,2.20,2.45,3.00,2.80,https://live.nowscore.com/1x2/2538651.htm,2026-10-02T06:45:00Z,
2024-03-29,东京绿茵,京都不死鸟,bet365,2.75,3.25,2.38,2.60,3.10,2.87,https://live.nowscore.com/1x2/2538651.htm,2026-10-02T06:45:00Z,
2024-03-29,东京绿茵,京都不死鸟,Pinnacle,3.06,3.19,2.50,2.67,3.15,2.93,https://live.nowscore.com/1x2/2538651.htm,2026-10-02T06:45:00Z,
2024-03-30,广岛三箭,大阪钢巴,William Hill,1.50,4.00,5.50,1.44,4.20,6.00,https://live.nowscore.com/1x2/2538652.htm,2026-10-02T07:10:00Z,
2024-03-30,广岛三箭,大阪钢巴,bet365,1.53,3.80,6.00,1.53,4.00,7.00,https://live.nowscore.com/1x2/2538652.htm,2026-10-02T07:10:00Z,
2024-03-30,广岛三箭,大阪钢巴,Pinnacle,1.56,4.10,6.18,1.54,4.31,6.39,https://live.nowscore.com/1x2/2538652.htm,2026-10-02T07:10:00Z,
2024-03-30,新泻天鹅,柏太阳神,William Hill,2.38,3.10,2.80,2.40,3.00,2.90,https://live.nowscore.com/1x2/2538653.htm,2026-10-02T07:10:00Z,
2024-03-30,新泻天鹅,柏太阳神,bet365,2.40,3.10,2.88,2.50,3.20,3.00,https://live.nowscore.com/1x2/2538653.htm,2026-10-02T07:10:00Z,
2024-03-30,新泻天鹅,柏太阳神,Pinnacle,2.82,2.95,2.89,2.61,3.01,3.15,https://live.nowscore.com/1x2/2538653.htm,2026-10-02T07:10:00Z,
2024-03-30,神户胜利船,札幌冈萨多,William Hill,1.65,3.75,4.40,1.50,3.90,5.50,https://live.nowscore.com/1x2/2538654.htm,2026-10-02T07:10:00Z,
2024-03-30,神户胜利船,札幌冈萨多,bet365,1.73,3.75,4.20,1.57,4.20,5.50,https://live.nowscore.com/1x2/2538654.htm,2026-10-02T07:10:00Z,
2024-03-30,神户胜利船,札幌冈萨多,Pinnacle,1.85,3.75,4.30,1.57,4.19,6.09,https://live.nowscore.com/1x2/2538654.htm,2026-10-02T07:10:00Z,
2024-03-30,鹿岛鹿角,磐田喜悦,William Hill,1.44,4.20,5.80,1.67,3.60,4.50,https://live.nowscore.com/1x2/2538655.htm,2026-10-02T07:10:00Z,
2024-03-30,鹿岛鹿角,磐田喜悦,bet365,1.60,4.00,5.00,1.75,4.00,4.50,https://live.nowscore.com/1x2/2538655.htm,2026-10-02T07:10:00Z,
2024-03-30,鹿岛鹿角,磐田喜悦,Pinnacle,1.56,4.27,5.85,1.77,3.80,4.83,https://live.nowscore.com/1x2/2538655.htm,2026-10-02T07:10:00Z,
2024-03-30,川崎前锋,FC东京,William Hill,1.75,3.70,3.90,1.91,3.50,3.40,https://live.nowscore.com/1x2/2538656.htm,2026-10-02T07:10:00Z,
2024-03-30,川崎前锋,FC东京,bet365,1.80,3.50,4.20,1.95,3.60,3.80,https://live.nowscore.com/1x2/2538656.htm,2026-10-02T07:10:00Z,
2024-03-30,川崎前锋,FC东京,Pinnacle,1.75,4.00,4.53,1.99,3.87,3.64,https://live.nowscore.com/1x2/2538656.htm,2026-10-02T07:10:00Z,
2024-03-30,町田泽维亚,鸟栖沙岩,William Hill,1.67,3.70,4.33,1.62,3.70,4.75,https://live.nowscore.com/1x2/2538657.htm,2026-10-02T07:10:00Z,
2024-03-30,町田泽维亚,鸟栖沙岩,bet365,1.70,3.60,4.50,1.70,3.75,5.25,https://live.nowscore.com/1x2/2538657.htm,2026-10-02T07:10:00Z,
2024-03-30,町田泽维亚,鸟栖沙岩,Pinnacle,1.69,3.90,5.14,1.76,3.69,5.09,https://live.nowscore.com/1x2/2538657.htm,2026-10-02T07:10:00Z,
2024-03-30,浦和红钻,福冈黄蜂,William Hill,1.75,3.25,4.40,1.91,3.10,3.90,https://live.nowscore.com/1x2/2538658.htm,2026-10-02T07:10:00Z,
2024-03-30,浦和红钻,福冈黄蜂,bet365,1.80,3.30,4.33,2.00,3.20,4.33,https://live.nowscore.com/1x2/2538658.htm,2026-10-02T07:10:00Z,
2024-03-30,浦和红钻,福冈黄蜂,Pinnacle,1.88,3.24,4.99,2.06,3.16,4.30,https://live.nowscore.com/1x2/2538658.htm,2026-10-02T07:10:00Z,
2024-03-30,大阪樱花,湘南海洋,William Hill,1.91,3.40,3.50,2.00,3.30,3.40,https://live.nowscore.com/1x2/2538659.htm,2026-10-02T07:10:00Z,
2024-03-30,大阪樱花,湘南海洋,bet365,2.00,3.30,3.50,2.05,3.40,3.75,https://live.nowscore.com/1x2/2538659.htm,2026-10-02T07:10:00Z,
2024-03-30,大阪樱花,湘南海洋,Pinnacle,2.08,3.40,3.78,2.05,3.41,3.94,https://live.nowscore.com/1x2/2538659.htm,2026-10-02T07:10:00Z,
2024-03-30,名古屋鲸八,横滨水手,William Hill,3.00,3.30,2.15,2.70,3.40,2.30,https://live.nowscore.com/1x2/2538660.htm,2026-10-02T07:10:00Z,
2024-03-30,名古屋鲸八,横滨水手,bet365,3.20,3.40,2.10,2.75,3.50,2.50,https://live.nowscore.com/1x2/2538660.htm,2026-10-02T07:10:00Z,
2024-03-30,名古屋鲸八,横滨水手,Pinnacle,3.43,3.52,2.15,2.70,3.49,2.66,https://live.nowscore.com/1x2/2538660.htm,2026-10-02T07:10:00Z,
2024-04-03,福冈黄蜂,鹿岛鹿角,William Hill,2.90,3.00,2.38,3.60,3.00,2.05,https://live.nowscore.com/1x2/2538661.htm,2026-10-02T07:22:00Z,
2024-04-03,福冈黄蜂,鹿岛鹿角,bet365,3.00,3.00,2.45,3.75,3.00,2.25,https://live.nowscore.com/1x2/2538661.htm,2026-10-02T07:22:00Z,
2024-04-03,福冈黄蜂,鹿岛鹿角,Pinnacle,3.13,2.85,2.67,3.93,2.96,2.27,https://live.nowscore.com/1x2/2538661.htm,2026-10-02T07:22:00Z,
2024-04-03,大阪钢巴,京都不死鸟,William Hill,2.20,3.10,3.10,2.10,3.20,3.25,https://live.nowscore.com/1x2/2538662.htm,2026-10-02T07:22:00Z,
2024-04-03,大阪钢巴,京都不死鸟,bet365,2.25,3.40,2.88,2.15,3.30,3.50,https://live.nowscore.com/1x2/2538662.htm,2026-10-02T07:22:00Z,
2024-04-03,大阪钢巴,京都不死鸟,Pinnacle,2.40,3.05,3.32,2.21,3.29,3.61,https://live.nowscore.com/1x2/2538662.htm,2026-10-02T07:22:00Z,
2024-04-03,磐田喜悦,新泻天鹅,William Hill,3.40,3.30,2.00,2.25,3.10,3.00,https://live.nowscore.com/1x2/2538663.htm,2026-10-02T07:22:00Z,
2024-04-03,磐田喜悦,新泻天鹅,bet365,3.10,3.50,2.15,2.25,3.30,3.30,https://live.nowscore.com/1x2/2538663.htm,2026-10-02T07:22:00Z,
2024-04-03,磐田喜悦,新泻天鹅,Pinnacle,3.34,3.21,2.30,2.34,3.33,3.28,https://live.nowscore.com/1x2/2538663.htm,2026-10-02T07:22:00Z,
2024-04-03,柏太阳神,大阪樱花,William Hill,2.30,3.20,2.80,2.15,3.20,3.10,https://live.nowscore.com/1x2/2538664.htm,2026-10-02T07:22:00Z,
2024-04-03,柏太阳神,大阪樱花,bet365,2.38,3.20,2.90,2.37,3.25,3.10,https://live.nowscore.com/1x2/2538664.htm,2026-10-02T07:22:00Z,
2024-04-03,柏太阳神,大阪樱花,Pinnacle,2.29,3.22,3.36,2.48,3.23,3.13,https://live.nowscore.com/1x2/2538664.htm,2026-10-02T07:22:00Z,
2024-04-03,町田泽维亚,广岛三箭,William Hill,2.63,3.00,2.60,3.20,3.20,2.10,https://live.nowscore.com/1x2/2538665.htm,2026-10-02T07:22:00Z,
2024-04-03,町田泽维亚,广岛三箭,bet365,2.75,3.25,2.50,3.40,3.25,2.25,https://live.nowscore.com/1x2/2538665.htm,2026-10-02T07:22:00Z,
2024-04-03,町田泽维亚,广岛三箭,Pinnacle,3.03,2.99,2.63,3.55,3.35,2.21,https://live.nowscore.com/1x2/2538665.htm,2026-10-02T07:22:00Z,
2024-04-03,鸟栖沙岩,神户胜利船,William Hill,4.33,3.75,1.65,6.00,4.20,1.44,https://live.nowscore.com/1x2/2538666.htm,2026-10-02T07:22:00Z,
2024-04-03,鸟栖沙岩,神户胜利船,bet365,4.33,3.75,1.67,6.50,4.00,1.55,https://live.nowscore.com/1x2/2538666.htm,2026-10-02T07:22:00Z,
2024-04-03,鸟栖沙岩,神户胜利船,Pinnacle,4.64,3.88,1.74,6.23,4.17,1.57,https://live.nowscore.com/1x2/2538666.htm,2026-10-02T07:22:00Z,
2024-04-03,湘南海洋,东京绿茵,William Hill,2.25,3.10,3.00,2.63,3.20,2.45,https://live.nowscore.com/1x2/2538667.htm,2026-10-02T07:22:00Z,
2024-04-03,湘南海洋,东京绿茵,bet365,2.30,3.25,3.00,2.80,3.10,2.70,https://live.nowscore.com/1x2/2538667.htm,2026-10-02T07:22:00Z,
2024-04-03,湘南海洋,东京绿茵,Pinnacle,2.45,3.07,3.21,2.85,3.21,2.70,https://live.nowscore.com/1x2/2538667.htm,2026-10-02T07:22:00Z,
2024-04-03,横滨水手,川崎前锋,William Hill,2.10,3.80,2.75,2.50,3.60,2.38,https://live.nowscore.com/1x2/2538668.htm,2026-10-02T07:22:00Z,
2024-04-03,横滨水手,川崎前锋,bet365,2.20,3.60,2.80,2.70,3.75,2.40,https://live.nowscore.com/1x2/2538668.htm,2026-10-02T07:22:00Z,
2024-04-03,横滨水手,川崎前锋,Pinnacle,2.26,3.77,2.96,2.79,3.72,2.46,https://live.nowscore.com/1x2/2538668.htm,2026-10-02T07:22:00Z,
2024-04-03,FC东京,浦和红钻,William Hill,2.80,3.25,2.30,3.80,3.40,1.83,https://live.nowscore.com/1x2/2538669.htm,2026-10-02T07:22:00Z,
2024-04-03,FC东京,浦和红钻,bet365,2.90,3.20,2.38,4.20,3.60,1.90,https://live.nowscore.com/1x2/2538669.htm,2026-10-02T07:22:00Z,
2024-04-03,FC东京,浦和红钻,Pinnacle,3.54,3.33,2.16,4.17,3.54,1.95,https://live.nowscore.com/1x2/2538669.htm,2026-10-02T07:22:00Z,
2024-04-03,札幌冈萨多,名古屋鲸八,William Hill,2.60,3.25,2.45,2.15,3.25,3.10,https://live.nowscore.com/1x2/2538670.htm,2026-10-02T07:22:00Z,
2024-04-03,札幌冈萨多,名古屋鲸八,bet365,2.75,3.25,2.50,2.20,3.30,3.30,https://live.nowscore.com/1x2/2538670.htm,2026-10-02T07:22:00Z,
2024-04-03,札幌冈萨多,名古屋鲸八,Pinnacle,2.69,3.25,2.75,2.22,3.41,3.45,https://live.nowscore.com/1x2/2538670.htm,2026-10-02T07:22:00Z,
2024-04-06,札幌冈萨多,大阪钢巴,William Hill,2.38,3.50,2.60,2.25,3.40,2.80,https://live.nowscore.com/1x2/2538671.htm,2026-10-02T07:30:00Z,
2024-04-06,札幌冈萨多,大阪钢巴,bet365,2.60,3.60,2.50,2.45,3.60,2.80,https://live.nowscore.com/1x2/2538671.htm,2026-10-02T07:30:00Z,
2024-04-06,札幌冈萨多,大阪钢巴,Pinnacle,2.26,3.66,3.04,2.43,3.53,2.95,https://live.nowscore.com/1x2/2538671.htm,2026-10-02T07:30:00Z,
2024-04-07,东京绿茵,柏太阳神,William Hill,2.60,3.20,2.50,2.88,3.20,2.30,https://live.nowscore.com/1x2/2538672.htm,2026-10-02T07:45:00Z,
2024-04-07,东京绿茵,柏太阳神,bet365,2.75,3.25,2.63,2.90,3.25,2.50,https://live.nowscore.com/1x2/2538672.htm,2026-10-02T07:45:00Z,
2024-04-07,东京绿茵,柏太阳神,Pinnacle,2.85,3.08,2.71,3.04,3.15,2.59,https://live.nowscore.com/1x2/2538672.htm,2026-10-02T07:45:00Z,
2024-04-07,新泻天鹅,大阪樱花,William Hill,2.70,3.00,2.50,2.40,3.10,2.75,https://live.nowscore.com/1x2/2538673.htm,2026-10-02T07:45:00Z,
2024-04-07,新泻天鹅,大阪樱花,bet365,2.80,3.20,2.55,2.55,3.20,2.90,https://live.nowscore.com/1x2/2538673.htm,2026-10-02T07:45:00Z,
2024-04-07,新泻天鹅,大阪樱花,Pinnacle,2.63,3.11,2.91,2.60,3.21,2.97,https://live.nowscore.com/1x2/2538673.htm,2026-10-02T07:45:00Z,
2024-04-07,京都不死鸟,磐田喜悦,William Hill,2.10,3.30,3.10,2.15,3.30,3.00,https://live.nowscore.com/1x2/2538674.htm,2026-10-02T07:45:00Z,
2024-04-07,京都不死鸟,磐田喜悦,bet365,2.15,3.30,3.50,2.25,3.40,3.20,https://live.nowscore.com/1x2/2538674.htm,2026-10-02T07:45:00Z,
2024-04-07,京都不死鸟,磐田喜悦,Pinnacle,2.19,3.37,3.41,2.34,3.38,3.23,https://live.nowscore.com/1x2/2538674.htm,2026-10-02T07:45:00Z,
2024-04-07,广岛三箭,湘南海洋,William Hill,1.44,4.20,6.00,1.40,4.33,6.50,https://live.nowscore.com/1x2/2538675.htm,2026-10-02T07:45:00Z,
2024-04-07,广岛三箭,湘南海洋,bet365,1.53,3.80,7.00,1.45,4.00,8.00,https://live.nowscore.com/1x2/2538675.htm,2026-10-02T07:45:00Z,
2024-04-07,广岛三箭,湘南海洋,Pinnacle,1.53,4.22,6.27,1.49,4.50,7.01,https://live.nowscore.com/1x2/2538675.htm,2026-10-02T07:45:00Z,
2024-04-07,神户胜利船,横滨水手,William Hill,1.91,3.50,3.40,1.62,4.00,4.33,https://live.nowscore.com/1x2/2538676.htm,2026-10-02T07:45:00Z,
2024-04-07,神户胜利船,横滨水手,bet365,2.00,3.60,3.50,1.72,4.20,4.20,https://live.nowscore.com/1x2/2538676.htm,2026-10-02T07:45:00Z,
2024-04-07,神户胜利船,横滨水手,Pinnacle,2.16,3.62,3.28,1.73,4.18,4.55,https://live.nowscore.com/1x2/2538676.htm,2026-10-02T07:45:00Z,
2024-04-07,川崎前锋,町田泽维亚,William Hill,2.10,3.40,3.00,2.20,3.30,2.90,https://live.nowscore.com/1x2/2538677.htm,2026-10-02T07:45:00Z,
2024-04-07,川崎前锋,町田泽维亚,bet365,2.20,3.30,3.40,2.37,3.20,3.20,https://live.nowscore.com/1x2/2538677.htm,2026-10-02T07:45:00Z,
2024-04-07,川崎前锋,町田泽维亚,Pinnacle,2.25,3.35,3.32,2.38,3.34,3.18,https://live.nowscore.com/1x2/2538677.htm,2026-10-02T07:45:00Z,
2024-04-07,名古屋鲸八,福冈黄蜂,William Hill,2.10,3.20,3.20,2.50,2.88,2.88,https://live.nowscore.com/1x2/2538678.htm,2026-10-02T07:45:00Z,
2024-04-07,名古屋鲸八,福冈黄蜂,bet365,2.25,3.20,3.40,2.62,2.90,3.00,https://live.nowscore.com/1x2/2538678.htm,2026-10-02T07:45:00Z,
2024-04-07,名古屋鲸八,福冈黄蜂,Pinnacle,2.36,3.12,3.34,2.74,2.94,3.05,https://live.nowscore.com/1x2/2538678.htm,2026-10-02T07:45:00Z,
2024-04-07,浦和红钻,鸟栖沙岩,William Hill,1.53,4.00,5.00,1.60,3.80,4.75,https://live.nowscore.com/1x2/2538679.htm,2026-10-02T07:45:00Z,
2024-04-07,浦和红钻,鸟栖沙岩,bet365,1.57,4.00,5.50,1.66,3.80,5.00,https://live.nowscore.com/1x2/2538679.htm,2026-10-02T07:45:00Z,
2024-04-07,浦和红钻,鸟栖沙岩,Pinnacle,1.62,4.04,5.41,1.71,3.89,5.10,https://live.nowscore.com/1x2/2538679.htm,2026-10-02T07:45:00Z,
2024-04-07,FC东京,鹿岛鹿角,William Hill,2.80,3.20,2.30,3.40,3.25,2.00,https://live.nowscore.com/1x2/2538680.htm,2026-10-02T07:45:00Z,
2024-04-07,FC东京,鹿岛鹿角,bet365,3.00,3.20,2.38,3.75,3.30,2.10,https://live.nowscore.com/1x2/2538680.htm,2026-10-02T07:45:00Z,
2024-04-07,FC东京,鹿岛鹿角,Pinnacle,2.89,3.19,2.59,3.77,3.33,2.14,https://live.nowscore.com/1x2/2538680.htm,2026-10-02T07:45:00Z,
2024-04-12,柏太阳神,浦和红钻,William Hill,2.63,3.10,2.50,2.80,3.10,2.38,https://live.nowscore.com/1x2/2538681.htm,2026-10-02T07:10:00Z,
2024-04-12,柏太阳神,浦和红钻,bet365,2.80,3.00,2.70,3.00,3.25,2.45,https://live.nowscore.com/1x2/2538681.htm,2026-10-02T07:10:00Z,
2024-04-12,柏太阳神,浦和红钻,Pinnacle,2.82,3.08,2.74,3.07,3.26,2.50,https://live.nowscore.com/1x2/2538681.htm,2026-10-02T07:10:00Z,
2024-04-13,新泻天鹅,札幌冈萨多,William Hill,2.30,3.40,2.70,2.05,3.40,3.10,https://live.nowscore.com/1x2/2538682.htm,2026-10-02T07:28:00Z,
2024-04-13,新泻天鹅,札幌冈萨多,bet365,2.38,3.25,3.00,2.20,3.30,3.40,https://live.nowscore.com/1x2/2538682.htm,2026-10-02T07:28:00Z,
2024-04-13,新泻天鹅,札幌冈萨多,Pinnacle,2.48,3.33,2.92,2.27,3.41,3.34,https://live.nowscore.com/1x2/2538682.htm,2026-10-02T07:28:00Z,
2024-04-13,福冈黄蜂,广岛三箭,William Hill,4.20,3.30,1.80,5.00,3.40,1.65,https://live.nowscore.com/1x2/2538683.htm,2026-10-02T07:28:00Z,
2024-04-13,福冈黄蜂,广岛三箭,bet365,5.00,3.30,1.75,5.50,3.40,1.70,https://live.nowscore.com/1x2/2538683.htm,2026-10-02T07:28:00Z,
2024-04-13,福冈黄蜂,广岛三箭,Pinnacle,5.12,3.59,1.74,5.44,3.57,1.75,https://live.nowscore.com/1x2/2538683.htm,2026-10-02T07:28:00Z,
2024-04-13,磐田喜悦,名古屋鲸八,William Hill,2.88,3.20,2.25,2.45,3.00,2.80,https://live.nowscore.com/1x2/2538684.htm,2026-10-02T07:28:00Z,
2024-04-13,磐田喜悦,名古屋鲸八,bet365,2.70,3.20,2.63,2.45,3.10,3.10,https://live.nowscore.com/1x2/2538684.htm,2026-10-02T07:28:00Z,
2024-04-13,磐田喜悦,名古屋鲸八,Pinnacle,2.71,3.17,2.78,2.53,3.09,3.19,https://live.nowscore.com/1x2/2538684.htm,2026-10-02T07:28:00Z,
2024-04-13,横滨水手,湘南海洋,William Hill,1.57,3.90,4.80,2.15,3.50,2.88,https://live.nowscore.com/1x2/2538685.htm,2026-10-02T07:28:00Z,
2024-04-13,横滨水手,湘南海洋,bet365,1.70,4.00,4.50,2.20,3.75,3.00,https://live.nowscore.com/1x2/2538685.htm,2026-10-02T07:28:00Z,
2024-04-13,横滨水手,湘南海洋,Pinnacle,1.81,3.91,4.20,2.27,3.80,3.03,https://live.nowscore.com/1x2/2538685.htm,2026-10-02T07:28:00Z,
2024-04-13,大阪樱花,川崎前锋,William Hill,2.60,3.30,2.40,2.50,3.40,2.45,https://live.nowscore.com/1x2/2538686.htm,2026-10-02T07:28:00Z,
2024-04-13,大阪樱花,川崎前锋,bet365,2.70,3.20,2.60,2.70,3.20,2.70,https://live.nowscore.com/1x2/2538686.htm,2026-10-02T07:28:00Z,
2024-04-13,大阪樱花,川崎前锋,Pinnacle,2.94,3.32,2.47,2.77,3.41,2.64,https://live.nowscore.com/1x2/2538686.htm,2026-10-02T07:28:00Z,
2024-04-13,鹿岛鹿角,京都不死鸟,William Hill,1.73,3.40,4.33,1.70,3.40,4.50,https://live.nowscore.com/1x2/2538687.htm,2026-10-02T07:28:00Z,
2024-04-13,鹿岛鹿角,京都不死鸟,bet365,1.85,3.25,4.50,1.80,3.40,4.75,https://live.nowscore.com/1x2/2538687.htm,2026-10-02T07:28:00Z,
2024-04-13,鹿岛鹿角,京都不死鸟,Pinnacle,1.88,3.45,4.41,1.81,3.67,4.77,https://live.nowscore.com/1x2/2538687.htm,2026-10-02T07:28:00Z,
2024-04-13,町田泽维亚,神户胜利船,William Hill,2.60,3.10,2.60,2.80,3.00,2.45,https://live.nowscore.com/1x2/2538688.htm,2026-10-02T07:28:00Z,
2024-04-13,町田泽维亚,神户胜利船,bet365,2.63,3.40,2.55,2.90,3.00,2.62,https://live.nowscore.com/1x2/2538688.htm,2026-10-02T07:28:00Z,
2024-04-13,町田泽维亚,神户胜利船,Pinnacle,2.94,3.22,2.54,2.96,3.11,2.68,https://live.nowscore.com/1x2/2538688.htm,2026-10-02T07:28:00Z,
2024-04-13,东京绿茵,FC东京,William Hill,2.45,3.25,2.60,2.25,3.10,3.00,https://live.nowscore.com/1x2/2538689.htm,2026-10-02T07:28:00Z,
2024-04-13,东京绿茵,FC东京,bet365,2.55,3.30,2.70,2.37,3.25,3.20,https://live.nowscore.com/1x2/2538689.htm,2026-10-02T07:28:00Z,
2024-04-13,东京绿茵,FC东京,Pinnacle,2.64,3.15,2.88,2.42,3.09,3.36,https://live.nowscore.com/1x2/2538689.htm,2026-10-02T07:28:00Z,
2024-04-14,大阪钢巴,鸟栖沙岩,William Hill,1.60,3.80,4.80,1.83,3.50,3.70,https://live.nowscore.com/1x2/2538690.htm,2026-10-02T07:30:00Z,
2024-04-14,大阪钢巴,鸟栖沙岩,bet365,1.70,3.80,4.50,1.95,3.60,3.80,https://live.nowscore.com/1x2/2538690.htm,2026-10-02T07:30:00Z,
2024-04-14,大阪钢巴,鸟栖沙岩,Pinnacle,1.79,3.81,4.38,1.91,3.69,4.15,https://live.nowscore.com/1x2/2538690.htm,2026-10-02T07:30:00Z,
2024-04-20,浦和红钻,大阪钢巴,William Hill,1.80,3.50,3.80,1.85,3.40,3.70,https://live.nowscore.com/1x2/2538698.htm,2026-10-02T07:18:00Z,
2024-04-20,浦和红钻,大阪钢巴,bet365,1.91,3.40,4.33,1.90,3.50,4.00,https://live.nowscore.com/1x2/2538698.htm,2026-10-02T07:18:00Z,
2024-04-20,浦和红钻,大阪钢巴,Pinnacle,1.88,3.49,4.36,1.97,3.62,4.07,https://live.nowscore.com/1x2/2538698.htm,2026-10-02T07:18:00Z,
2024-04-21,FC东京,町田泽维亚,William Hill,2.70,3.25,2.38,2.45,3.10,2.70,https://live.nowscore.com/1x2/2538699.htm,2026-10-02T07:18:00Z,
2024-04-21,FC东京,町田泽维亚,bet365,2.60,3.40,2.40,2.62,3.20,2.80,https://live.nowscore.com/1x2/2538699.htm,2026-10-02T07:18:00Z,
2024-04-21,FC东京,町田泽维亚,Pinnacle,2.85,3.18,2.63,2.73,3.13,2.88,https://live.nowscore.com/1x2/2538699.htm,2026-10-02T07:18:00Z,
2024-04-21,名古屋鲸八,大阪樱花,William Hill,2.60,3.10,2.60,2.88,3.00,2.40,https://live.nowscore.com/1x2/2538700.htm,2026-10-02T07:18:00Z,
2024-04-21,名古屋鲸八,大阪樱花,bet365,2.38,3.40,2.70,2.90,3.10,2.60,https://live.nowscore.com/1x2/2538700.htm,2026-10-02T07:18:00Z,
2024-04-21,名古屋鲸八,大阪樱花,Pinnacle,2.62,3.12,2.93,3.06,2.98,2.70,https://live.nowscore.com/1x2/2538700.htm,2026-10-02T07:18:00Z,
2024-04-27,札幌冈萨多,湘南海洋,William Hill,2.00,3.70,3.10,2.05,3.60,3.00,https://live.nowscore.com/1x2/2538701.htm,2026-10-02T07:18:00Z,
2024-04-27,札幌冈萨多,湘南海洋,bet365,2.10,3.30,3.40,2.25,3.50,3.10,https://live.nowscore.com/1x2/2538701.htm,2026-10-02T07:18:00Z,
2024-04-27,札幌冈萨多,湘南海洋,Pinnacle,2.14,3.57,3.36,2.29,3.72,3.05,https://live.nowscore.com/1x2/2538701.htm,2026-10-02T07:18:00Z,
2024-04-27,新泻天鹅,FC东京,William Hill,2.10,3.30,3.10,2.15,3.20,3.10,https://live.nowscore.com/1x2/2538702.htm,2026-10-02T07:18:00Z,
2024-04-27,新泻天鹅,FC东京,bet365,2.20,3.30,3.25,2.30,3.30,3.25,https://live.nowscore.com/1x2/2538702.htm,2026-10-02T07:18:00Z,
2024-04-27,新泻天鹅,FC东京,Pinnacle,2.23,3.28,3.42,2.36,3.30,3.27,https://live.nowscore.com/1x2/2538702.htm,2026-10-02T07:18:00Z,
2024-04-27,磐田喜悦,町田泽维亚,William Hill,2.75,3.20,2.38,2.63,3.10,2.50,https://live.nowscore.com/1x2/2538703.htm,2026-10-02T07:18:00Z,
2024-04-27,磐田喜悦,町田泽维亚,bet365,2.70,3.25,2.55,2.70,3.25,2.75,https://live.nowscore.com/1x2/2538703.htm,2026-10-02T07:18:00Z,
2024-04-27,磐田喜悦,町田泽维亚,Pinnacle,2.86,3.16,2.65,2.75,3.24,2.78,https://live.nowscore.com/1x2/2538703.htm,2026-10-02T07:18:00Z,
2024-04-27,神户胜利船,京都不死鸟,William Hill,1.53,3.80,5.50,1.36,4.50,7.00,https://live.nowscore.com/1x2/2538704.htm,2026-10-02T07:18:00Z,
2024-04-27,神户胜利船,京都不死鸟,bet365,1.60,3.75,5.75,1.40,4.75,7.00,https://live.nowscore.com/1x2/2538704.htm,2026-10-02T07:18:00Z,
2024-04-27,神户胜利船,京都不死鸟,Pinnacle,1.60,3.96,5.82,1.45,4.89,6.93,https://live.nowscore.com/1x2/2538704.htm,2026-10-02T07:18:00Z,
2024-04-27,大阪樱花,横滨水手,William Hill,2.15,3.60,2.80,1.85,3.60,3.50,https://live.nowscore.com/1x2/2538705.htm,2026-10-02T07:18:00Z,
2024-04-27,大阪樱花,横滨水手,bet365,2.30,3.30,3.00,1.90,3.75,4.00,https://live.nowscore.com/1x2/2538705.htm,2026-10-02T07:18:00Z,
2024-04-27,大阪樱花,横滨水手,Pinnacle,2.51,3.45,2.80,1.93,3.93,3.80,https://live.nowscore.com/1x2/2538705.htm,2026-10-02T07:18:00Z,
2024-04-28,广岛三箭,川崎前锋,William Hill,1.73,3.50,4.20,1.57,4.00,4.60,https://live.nowscore.com/1x2/2538706.htm,2026-10-02T07:18:00Z,
2024-04-28,广岛三箭,川崎前锋,bet365,1.80,3.40,4.50,1.66,4.20,4.75,https://live.nowscore.com/1x2/2538706.htm,2026-10-02T07:18:00Z,
2024-04-28,广岛三箭,川崎前锋,Pinnacle,1.81,3.62,4.61,1.70,4.08,4.90,https://live.nowscore.com/1x2/2538706.htm,2026-10-02T07:18:00Z,
2024-04-28,东京绿茵,福冈黄蜂,William Hill,2.50,3.10,2.63,2.25,2.88,3.20,https://live.nowscore.com/1x2/2538707.htm,2026-10-02T07:18:00Z,
2024-04-28,东京绿茵,福冈黄蜂,bet365,2.63,3.25,2.63,2.45,3.00,3.10,https://live.nowscore.com/1x2/2538707.htm,2026-10-02T07:18:00Z,
2024-04-28,东京绿茵,福冈黄蜂,Pinnacle,2.95,3.07,2.64,2.53,2.87,3.44,https://live.nowscore.com/1x2/2538707.htm,2026-10-02T07:18:00Z,
2024-04-28,大阪钢巴,鹿岛鹿角,William Hill,2.70,3.20,2.40,2.45,3.10,2.70,https://live.nowscore.com/1x2/2538708.htm,2026-10-02T07:18:00Z,
2024-04-28,大阪钢巴,鹿岛鹿角,bet365,2.80,3.20,2.50,2.50,3.30,2.87,https://live.nowscore.com/1x2/2538708.htm,2026-10-02T07:18:00Z,
2024-04-28,大阪钢巴,鹿岛鹿角,Pinnacle,3.15,3.05,2.50,2.67,3.21,2.88,https://live.nowscore.com/1x2/2538708.htm,2026-10-02T07:18:00Z,
2024-04-28,柏太阳神,鸟栖沙岩,William Hill,1.60,3.75,4.75,1.57,3.90,4.80,https://live.nowscore.com/1x2/2538709.htm,2026-10-02T07:18:00Z,
2024-04-28,柏太阳神,鸟栖沙岩,bet365,1.65,3.60,5.50,1.66,4.00,5.00,https://live.nowscore.com/1x2/2538709.htm,2026-10-02T07:18:00Z,
2024-04-28,柏太阳神,鸟栖沙岩,Pinnacle,1.70,3.79,5.01,1.67,4.04,5.29,https://live.nowscore.com/1x2/2538709.htm,2026-10-02T07:18:00Z,
2024-04-28,浦和红钻,名古屋鲸八,William Hill,2.05,3.10,3.40,1.75,3.30,4.33,https://live.nowscore.com/1x2/2538710.htm,2026-10-02T07:18:00Z,
2024-04-28,浦和红钻,名古屋鲸八,bet365,2.10,3.25,3.60,1.85,3.40,4.33,https://live.nowscore.com/1x2/2538710.htm,2026-10-02T07:18:00Z,
2024-04-28,浦和红钻,名古屋鲸八,Pinnacle,2.06,3.29,3.91,1.91,3.44,4.54,https://live.nowscore.com/1x2/2538710.htm,2026-10-02T07:18:00Z,
2024-05-03,新泻天鹅,广岛三箭,William Hill,4.00,3.50,1.75,4.20,3.40,1.75,https://live.nowscore.com/1x2/2538711.htm,2026-10-02T07:18:00Z,
2024-05-03,新泻天鹅,广岛三箭,bet365,4.75,3.60,1.80,4.75,3.50,1.80,https://live.nowscore.com/1x2/2538711.htm,2026-10-02T07:18:00Z,
2024-05-03,新泻天鹅,广岛三箭,Pinnacle,4.62,3.61,1.81,4.53,3.55,1.88,https://live.nowscore.com/1x2/2538711.htm,2026-10-02T07:18:00Z,
2024-05-03,横滨水手,磐田喜悦,William Hill,1.85,3.80,3.30,1.67,4.00,4.00,https://live.nowscore.com/1x2/2538712.htm,2026-10-02T07:18:00Z,
2024-05-03,横滨水手,磐田喜悦,bet365,1.95,3.50,3.75,1.72,4.20,4.20,https://live.nowscore.com/1x2/2538712.htm,2026-10-02T07:18:00Z,
2024-05-03,横滨水手,磐田喜悦,Pinnacle,2.07,3.69,3.44,1.76,4.22,4.36,https://live.nowscore.com/1x2/2538712.htm,2026-10-02T07:18:00Z,
2024-05-03,大阪樱花,札幌冈萨多,William Hill,1.80,3.70,3.60,1.70,3.80,4.00,https://live.nowscore.com/1x2/2538713.htm,2026-10-02T07:18:00Z,
2024-05-03,大阪樱花,札幌冈萨多,bet365,1.91,3.60,3.75,1.72,3.80,4.75,https://live.nowscore.com/1x2/2538713.htm,2026-10-02T07:18:00Z,
2024-05-03,大阪樱花,札幌冈萨多,Pinnacle,2.04,3.60,3.62,1.74,4.04,4.70,https://live.nowscore.com/1x2/2538713.htm,2026-10-02T07:18:00Z,
2024-05-03,FC东京,京都不死鸟,William Hill,2.05,3.30,3.30,1.91,3.40,3.50,https://live.nowscore.com/1x2/2538714.htm,2026-10-02T07:18:00Z,
2024-05-03,FC东京,京都不死鸟,bet365,2.10,3.30,3.20,1.95,3.50,3.80,https://live.nowscore.com/1x2/2538714.htm,2026-10-02T07:18:00Z,
2024-05-03,FC东京,京都不死鸟,Pinnacle,2.21,3.32,3.45,1.99,3.48,4.08,https://live.nowscore.com/1x2/2538714.htm,2026-10-02T07:18:00Z,
2024-05-03,鹿岛鹿角,湘南海洋,William Hill,1.70,3.60,4.20,1.80,3.50,4.00,https://live.nowscore.com/1x2/2538715.htm,2026-10-02T07:18:00Z,
2024-05-03,鹿岛鹿角,湘南海洋,bet365,1.80,3.17,4.50,1.90,3.50,4.20,https://live.nowscore.com/1x2/2538715.htm,2026-10-02T07:18:00Z,
2024-05-03,鹿岛鹿角,湘南海洋,Pinnacle,1.84,3.56,4.51,1.92,3.58,4.25,https://live.nowscore.com/1x2/2538715.htm,2026-10-02T07:18:00Z,
2024-05-03,町田泽维亚,柏太阳神,William Hill,2.30,3.25,2.80,2.30,3.10,2.90,https://live.nowscore.com/1x2/2538716.htm,2026-10-02T07:18:00Z,
2024-05-03,町田泽维亚,柏太阳神,bet365,2.40,3.25,3.00,2.37,3.30,3.00,https://live.nowscore.com/1x2/2538716.htm,2026-10-02T07:18:00Z,
2024-05-03,町田泽维亚,柏太阳神,Pinnacle,2.31,3.18,3.38,2.48,3.16,3.20,https://live.nowscore.com/1x2/2538716.htm,2026-10-02T07:18:00Z,
2024-05-03,鸟栖沙岩,东京绿茵,William Hill,2.90,3.30,2.20,2.90,3.20,2.25,https://live.nowscore.com/1x2/2538717.htm,2026-10-02T07:18:00Z,
2024-05-03,鸟栖沙岩,东京绿茵,bet365,3.00,3.20,2.30,3.20,3.20,2.37,https://live.nowscore.com/1x2/2538717.htm,2026-10-02T07:18:00Z,
2024-05-03,鸟栖沙岩,东京绿茵,Pinnacle,3.42,3.33,2.21,3.25,3.25,2.39,https://live.nowscore.com/1x2/2538717.htm,2026-10-02T07:18:00Z,
2024-05-03,福冈黄蜂,大阪钢巴,William Hill,2.30,3.10,2.90,2.30,3.00,3.00,https://live.nowscore.com/1x2/2538718.htm,2026-10-02T07:18:00Z,
2024-05-03,福冈黄蜂,大阪钢巴,bet365,2.40,3.00,3.10,2.50,2.87,3.30,https://live.nowscore.com/1x2/2538718.htm,2026-10-02T07:18:00Z,
2024-05-03,福冈黄蜂,大阪钢巴,Pinnacle,2.74,2.97,2.92,2.60,2.86,3.35,https://live.nowscore.com/1x2/2538718.htm,2026-10-02T07:18:00Z,
2024-05-03,川崎前锋,浦和红钻,William Hill,2.30,3.40,2.70,2.30,3.40,2.70,https://live.nowscore.com/1x2/2538719.htm,2026-10-02T07:18:00Z,
2024-05-03,川崎前锋,浦和红钻,bet365,2.45,3.30,2.80,2.37,3.60,2.90,https://live.nowscore.com/1x2/2538719.htm,2026-10-02T07:18:00Z,
2024-05-03,川崎前锋,浦和红钻,Pinnacle,2.55,3.24,2.93,2.41,3.57,2.96,https://live.nowscore.com/1x2/2538719.htm,2026-10-02T07:18:00Z,
2024-05-03,名古屋鲸八,神户胜利船,William Hill,2.70,3.10,2.45,3.50,3.20,2.00,https://live.nowscore.com/1x2/2538720.htm,2026-10-02T07:18:00Z,
2024-05-03,名古屋鲸八,神户胜利船,bet365,4.00,3.50,1.91,3.60,3.30,2.05,https://live.nowscore.com/1x2/2538720.htm,2026-10-02T07:18:00Z,
2024-05-03,名古屋鲸八,神户胜利船,Pinnacle,4.12,3.41,1.96,3.82,3.34,2.11,https://live.nowscore.com/1x2/2538720.htm,2026-10-02T07:18:00Z,
2024-05-06,东京绿茵,磐田喜悦,William Hill,2.25,3.30,2.80,2.15,3.10,3.20,https://live.nowscore.com/1x2/2538721.htm,2026-10-02T07:18:00Z,
2024-05-06,东京绿茵,磐田喜悦,bet365,2.40,3.20,3.00,2.25,3.10,3.40,https://live.nowscore.com/1x2/2538721.htm,2026-10-02T07:18:00Z,
2024-05-06,东京绿茵,磐田喜悦,Pinnacle,2.46,3.16,3.11,2.36,3.09,3.50,https://live.nowscore.com/1x2/2538721.htm,2026-10-02T07:18:00Z,
2024-05-06,神户胜利船,新泻天鹅,William Hill,1.50,3.90,5.50,1.70,3.30,4.75,https://live.nowscore.com/1x2/2538722.htm,2026-10-02T07:18:00Z,
2024-05-06,神户胜利船,新泻天鹅,bet365,1.57,3.75,6.50,1.80,3.25,5.00,https://live.nowscore.com/1x2/2538722.htm,2026-10-02T07:18:00Z,
2024-05-06,神户胜利船,新泻天鹅,Pinnacle,1.67,3.79,5.36,1.87,3.41,4.82,https://live.nowscore.com/1x2/2538722.htm,2026-10-02T07:18:00Z,
2024-05-06,大阪钢巴,大阪樱花,William Hill,2.60,3.30,2.40,3.00,3.10,2.25,https://live.nowscore.com/1x2/2538723.htm,2026-10-02T07:18:00Z,
2024-05-06,大阪钢巴,大阪樱花,bet365,2.88,3.00,2.60,3.20,2.90,2.45,https://live.nowscore.com/1x2/2538723.htm,2026-10-02T07:18:00Z,
2024-05-06,大阪钢巴,大阪樱花,Pinnacle,2.83,3.18,2.65,3.19,3.04,2.56,https://live.nowscore.com/1x2/2538723.htm,2026-10-02T07:18:00Z,
2024-05-06,福冈黄蜂,川崎前锋,William Hill,3.10,3.25,2.15,3.60,3.20,1.95,https://live.nowscore.com/1x2/2538724.htm,2026-10-02T07:18:00Z,
2024-05-06,福冈黄蜂,川崎前锋,bet365,3.25,3.20,2.25,3.50,3.40,2.05,https://live.nowscore.com/1x2/2538724.htm,2026-10-02T07:18:00Z,
2024-05-06,福冈黄蜂,川崎前锋,Pinnacle,3.39,3.16,2.31,3.90,3.24,2.13,https://live.nowscore.com/1x2/2538724.htm,2026-10-02T07:18:00Z,
2024-05-06,札幌冈萨多,FC东京,William Hill,2.15,3.60,2.80,2.38,3.50,2.60,https://live.nowscore.com/1x2/2538725.htm,2026-10-02T07:18:00Z,
2024-05-06,札幌冈萨多,FC东京,bet365,2.30,3.40,3.00,2.45,3.40,2.80,https://live.nowscore.com/1x2/2538725.htm,2026-10-02T07:18:00Z,
2024-05-06,札幌冈萨多,FC东京,Pinnacle,2.17,3.57,3.28,2.49,3.55,2.85,https://live.nowscore.com/1x2/2538725.htm,2026-10-02T07:18:00Z,
2024-05-06,京都不死鸟,町田泽维亚,William Hill,2.63,3.10,2.50,3.50,3.30,1.95,https://live.nowscore.com/1x2/2538726.htm,2026-10-02T07:18:00Z,
2024-05-06,京都不死鸟,町田泽维亚,bet365,3.60,3.25,2.10,3.60,3.10,2.15,https://live.nowscore.com/1x2/2538726.htm,2026-10-02T07:18:00Z,
2024-05-06,京都不死鸟,町田泽维亚,Pinnacle,3.49,3.30,2.20,3.87,3.22,2.15,https://live.nowscore.com/1x2/2538726.htm,2026-10-02T07:18:00Z,
2024-05-06,广岛三箭,名古屋鲸八,William Hill,1.36,4.20,7.50,1.53,3.80,5.50,https://live.nowscore.com/1x2/2538727.htm,2026-10-02T07:18:00Z,
2024-05-06,广岛三箭,名古屋鲸八,bet365,1.50,4.33,6.50,1.60,4.00,5.50,https://live.nowscore.com/1x2/2538727.htm,2026-10-02T07:18:00Z,
2024-05-06,广岛三箭,名古屋鲸八,Pinnacle,1.46,4.35,7.32,1.60,3.97,6.27,https://live.nowscore.com/1x2/2538727.htm,2026-10-02T07:18:00Z,
2024-05-06,柏太阳神,鹿岛鹿角,William Hill,2.40,3.20,2.70,2.30,3.10,2.90,https://live.nowscore.com/1x2/2538728.htm,2026-10-02T07:18:00Z,
2024-05-06,柏太阳神,鹿岛鹿角,bet365,2.60,3.00,2.90,2.45,3.00,3.10,https://live.nowscore.com/1x2/2538728.htm,2026-10-02T07:18:00Z,
2024-05-06,柏太阳神,鹿岛鹿角,Pinnacle,2.67,3.06,2.92,2.54,2.98,3.30,https://live.nowscore.com/1x2/2538728.htm,2026-10-02T07:18:00Z,
2024-05-06,湘南海洋,鸟栖沙岩,William Hill,1.91,3.70,3.40,1.91,3.50,3.50,https://live.nowscore.com/1x2/2538729.htm,2026-10-02T07:18:00Z,
2024-05-06,湘南海洋,鸟栖沙岩,bet365,1.95,3.50,3.75,1.95,3.40,3.80,https://live.nowscore.com/1x2/2538729.htm,2026-10-02T07:18:00Z,
2024-05-06,湘南海洋,鸟栖沙岩,Pinnacle,1.99,3.58,3.77,1.99,3.60,3.92,https://live.nowscore.com/1x2/2538729.htm,2026-10-02T07:18:00Z,
2024-05-06,浦和红钻,横滨水手,William Hill,1.95,3.70,3.20,1.62,4.00,4.33,https://live.nowscore.com/1x2/2538730.htm,2026-10-02T07:18:00Z,
2024-05-06,浦和红钻,横滨水手,bet365,2.05,3.75,3.20,1.70,4.20,4.33,https://live.nowscore.com/1x2/2538730.htm,2026-10-02T07:18:00Z,
2024-05-06,浦和红钻,横滨水手,Pinnacle,2.05,3.63,3.53,1.72,4.08,4.76,https://live.nowscore.com/1x2/2538730.htm,2026-10-02T07:18:00Z,
2024-05-11,新泻天鹅,浦和红钻,William Hill,3.00,3.20,2.20,3.25,3.25,2.05,https://live.nowscore.com/1x2/2538732.htm,2026-10-02T07:18:00Z,
2024-05-11,新泻天鹅,浦和红钻,bet365,3.30,3.10,2.30,3.60,3.20,2.15,https://live.nowscore.com/1x2/2538732.htm,2026-10-02T07:18:00Z,
2024-05-11,新泻天鹅,浦和红钻,Pinnacle,3.30,3.10,2.40,3.62,3.38,2.17,https://live.nowscore.com/1x2/2538732.htm,2026-10-02T07:18:00Z,
2024-05-11,磐田喜悦,鸟栖沙岩,William Hill,1.80,3.70,3.70,1.85,3.60,3.50,https://live.nowscore.com/1x2/2538733.htm,2026-10-02T07:18:00Z,
2024-05-11,磐田喜悦,鸟栖沙岩,bet365,1.85,3.75,4.00,1.91,3.60,3.80,https://live.nowscore.com/1x2/2538733.htm,2026-10-02T07:18:00Z,
2024-05-11,磐田喜悦,鸟栖沙岩,Pinnacle,1.89,3.64,4.11,1.94,3.80,3.91,https://live.nowscore.com/1x2/2538733.htm,2026-10-02T07:18:00Z,
2024-05-11,京都不死鸟,福冈黄蜂,William Hill,2.63,3.10,2.50,2.88,2.90,2.45,https://live.nowscore.com/1x2/2538734.htm,2026-10-02T07:18:00Z,
2024-05-11,京都不死鸟,福冈黄蜂,bet365,2.80,3.00,2.70,3.00,3.00,2.55,https://live.nowscore.com/1x2/2538734.htm,2026-10-02T07:18:00Z,
2024-05-11,京都不死鸟,福冈黄蜂,Pinnacle,2.83,2.90,2.90,3.17,2.95,2.64,https://live.nowscore.com/1x2/2538734.htm,2026-10-02T07:18:00Z,
2024-05-11,川崎前锋,札幌冈萨多,William Hill,1.70,4.00,3.80,1.55,4.20,4.60,https://live.nowscore.com/1x2/2538735.htm,2026-10-02T07:18:00Z,
2024-05-11,川崎前锋,札幌冈萨多,bet365,1.75,4.00,4.20,1.61,4.20,5.00,https://live.nowscore.com/1x2/2538735.htm,2026-10-02T07:18:00Z,
2024-05-11,川崎前锋,札幌冈萨多,Pinnacle,1.88,3.95,3.85,1.64,4.44,4.89,https://live.nowscore.com/1x2/2538735.htm,2026-10-02T07:18:00Z,
2024-05-11,湘南海洋,町田泽维亚,William Hill,3.60,3.50,1.85,3.70,3.25,1.91,https://live.nowscore.com/1x2/2538736.htm,2026-10-02T07:18:00Z,
2024-05-11,湘南海洋,町田泽维亚,bet365,4.20,3.40,1.91,4.20,3.20,1.95,https://live.nowscore.com/1x2/2538736.htm,2026-10-02T07:18:00Z,
2024-05-11,湘南海洋,町田泽维亚,Pinnacle,3.08,3.25,2.43,4.02,3.40,2.03,https://live.nowscore.com/1x2/2538736.htm,2026-10-02T07:18:00Z,
2024-05-11,大阪樱花,神户胜利船,William Hill,3.00,3.30,2.15,3.60,3.20,1.95,https://live.nowscore.com/1x2/2538737.htm,2026-10-02T07:18:00Z,
2024-05-11,大阪樱花,神户胜利船,bet365,3.20,3.20,2.38,3.60,3.30,2.00,https://live.nowscore.com/1x2/2538737.htm,2026-10-02T07:18:00Z,
2024-05-11,大阪樱花,神户胜利船,Pinnacle,3.28,3.26,2.31,3.89,3.46,2.05,https://live.nowscore.com/1x2/2538737.htm,2026-10-02T07:18:00Z,
2024-05-11,名古屋鲸八,大阪钢巴,William Hill,2.45,3.10,2.70,2.20,2.90,3.30,https://live.nowscore.com/1x2/2538738.htm,2026-10-02T07:18:00Z,
2024-05-11,名古屋鲸八,大阪钢巴,bet365,2.55,3.10,2.90,2.30,3.00,3.40,https://live.nowscore.com/1x2/2538738.htm,2026-10-02T07:18:00Z,
2024-05-11,名古屋鲸八,大阪钢巴,Pinnacle,2.61,3.18,2.89,2.38,2.95,3.63,https://live.nowscore.com/1x2/2538738.htm,2026-10-02T07:18:00Z,
2024-05-11,FC东京,柏太阳神,William Hill,2.50,3.20,2.60,2.60,3.10,2.60,https://live.nowscore.com/1x2/2538739.htm,2026-10-02T07:18:00Z,
2024-05-11,FC东京,柏太阳神,bet365,2.63,3.10,2.75,2.70,3.10,2.70,https://live.nowscore.com/1x2/2538739.htm,2026-10-02T07:18:00Z,
2024-05-11,FC东京,柏太阳神,Pinnacle,3.07,3.22,2.45,2.82,3.18,2.75,https://live.nowscore.com/1x2/2538739.htm,2026-10-02T07:18:00Z,
2024-05-12,鹿岛鹿角(主),东京绿茵,William Hill,1.83,3.25,4.00,1.75,3.40,4.20,https://live.nowscore.com/1x2/2538740.htm,2026-10-02T07:45:00Z,
2024-05-12,鹿岛鹿角(主),东京绿茵,bet365,1.91,3.20,4.33,1.85,3.25,4.75,https://live.nowscore.com/1x2/2538740.htm,2026-10-02T07:45:00Z,
2024-05-12,鹿岛鹿角(主),东京绿茵,Pinnacle,2.06,3.20,4.02,1.87,3.44,4.75,https://live.nowscore.com/1x2/2538740.htm,2026-10-02T07:45:00Z,
2024-05-15,新泻天鹅(主),横滨水手,William Hill,2.38,3.60,2.50,2.25,3.50,2.70,https://live.nowscore.com/1x2/2538741.htm,2026-10-02T07:45:00Z,
2024-05-15,新泻天鹅(主),横滨水手,bet365,2.55,3.40,2.63,2.50,3.50,2.75,https://live.nowscore.com/1x2/2538741.htm,2026-10-02T07:45:00Z,
2024-05-15,新泻天鹅(主),横滨水手,Pinnacle,2.68,3.37,2.68,2.38,3.64,2.96,https://live.nowscore.com/1x2/2538741.htm,2026-10-02T07:45:00Z,
2024-05-15,札幌冈萨多(主),磐田喜悦,William Hill,2.15,3.70,2.75,1.95,3.50,3.30,https://live.nowscore.com/1x2/2538742.htm,2026-10-02T07:45:00Z,
2024-05-15,札幌冈萨多(主),磐田喜悦,bet365,2.30,3.40,3.00,2.00,3.60,3.80,https://live.nowscore.com/1x2/2538742.htm,2026-10-02T07:45:00Z,
2024-05-15,札幌冈萨多(主),磐田喜悦,Pinnacle,2.39,3.56,2.90,2.07,3.70,3.56,https://live.nowscore.com/1x2/2538742.htm,2026-10-02T07:45:00Z,
2024-05-15,柏太阳神(主),湘南海洋,William Hill,1.91,3.40,3.50,1.85,3.40,3.70,https://live.nowscore.com/1x2/2538743.htm,2026-10-02T07:45:00Z,
2024-05-15,柏太阳神(主),湘南海洋,bet365,1.95,3.30,3.80,1.95,3.50,4.00,https://live.nowscore.com/1x2/2538743.htm,2026-10-02T07:45:00Z,
2024-05-15,柏太阳神(主),湘南海洋,Pinnacle,2.01,3.45,3.83,1.95,3.65,4.02,https://live.nowscore.com/1x2/2538743.htm,2026-10-02T07:45:00Z,
2024-05-15,町田泽维亚(主),大阪樱花,William Hill,2.25,3.20,2.90,1.67,3.60,4.50,https://live.nowscore.com/1x2/2538744.htm,2026-10-02T07:45:00Z,
2024-05-15,町田泽维亚(主),大阪樱花,bet365,2.38,3.25,3.00,1.80,3.70,4.33,https://live.nowscore.com/1x2/2538744.htm,2026-10-02T07:45:00Z,
2024-05-15,町田泽维亚(主),大阪樱花,Pinnacle,2.55,3.13,3.02,1.81,3.54,4.98,https://live.nowscore.com/1x2/2538744.htm,2026-10-02T07:45:00Z,
2024-05-15,名古屋鲸八(主),FC东京,William Hill,2.25,3.30,2.80,2.38,3.10,2.80,https://live.nowscore.com/1x2/2538745.htm,2026-10-02T07:45:00Z,
2024-05-15,名古屋鲸八(主),FC东京,bet365,2.40,3.20,3.00,2.45,3.20,2.87,https://live.nowscore.com/1x2/2538745.htm,2026-10-02T07:45:00Z,
2024-05-15,名古屋鲸八(主),FC东京,Pinnacle,2.46,3.19,3.10,2.56,3.23,3.01,https://live.nowscore.com/1x2/2538745.htm,2026-10-02T07:45:00Z,
2024-05-15,鸟栖沙岩(主),川崎前锋,William Hill,3.70,3.80,1.75,3.50,3.70,1.83,https://live.nowscore.com/1x2/2538746.htm,2026-10-02T07:45:00Z,
2024-05-15,鸟栖沙岩(主),川崎前锋,bet365,4.20,3.75,1.80,3.80,3.80,1.90,https://live.nowscore.com/1x2/2538746.htm,2026-10-02T07:45:00Z,
2024-05-15,鸟栖沙岩(主),川崎前锋,Pinnacle,4.28,3.85,1.81,3.79,3.93,1.93,https://live.nowscore.com/1x2/2538746.htm,2026-10-02T07:45:00Z,
2024-05-15,广岛三箭(主),鹿岛鹿角,William Hill,1.57,3.70,5.50,1.60,3.80,4.75,https://live.nowscore.com/1x2/2538747.htm,2026-10-02T07:45:00Z,
2024-05-15,广岛三箭(主),鹿岛鹿角,bet365,1.62,3.75,5.50,1.65,4.00,4.75,https://live.nowscore.com/1x2/2538747.htm,2026-10-02T07:45:00Z,
2024-05-15,广岛三箭(主),鹿岛鹿角,Pinnacle,1.79,3.58,4.78,1.66,4.09,5.27,https://live.nowscore.com/1x2/2538747.htm,2026-10-02T07:45:00Z,
2024-05-15,东京绿茵(主),大阪钢巴,William Hill,2.40,3.10,2.75,2.45,3.20,2.63,https://live.nowscore.com/1x2/2538748.htm,2026-10-02T07:45:00Z,
2024-05-15,东京绿茵(主),大阪钢巴,bet365,2.45,3.10,3.00,2.62,3.10,2.80,https://live.nowscore.com/1x2/2538748.htm,2026-10-02T07:45:00Z,
2024-05-15,东京绿茵(主),大阪钢巴,Pinnacle,2.41,3.15,3.20,2.71,3.15,2.89,https://live.nowscore.com/1x2/2538748.htm,2026-10-02T07:45:00Z,
2024-05-15,神户胜利船(主),福冈黄蜂,William Hill,1.60,3.40,5.50,1.44,3.80,7.00,https://live.nowscore.com/1x2/2538749.htm,2026-10-02T07:45:00Z,
2024-05-15,神户胜利船(主),福冈黄蜂,bet365,1.67,3.30,6.00,1.53,3.60,7.50,https://live.nowscore.com/1x2/2538749.htm,2026-10-02T07:45:00Z,
2024-05-15,神户胜利船(主),福冈黄蜂,Pinnacle,1.68,3.54,5.84,1.53,3.94,7.56,https://live.nowscore.com/1x2/2538749.htm,2026-10-02T07:45:00Z,
2024-05-15,浦和红钻(主),京都不死鸟,William Hill,1.53,3.80,5.50,1.55,3.90,5.00,https://live.nowscore.com/1x2/2538750.htm,2026-10-02T07:45:00Z,
2024-05-15,浦和红钻(主),京都不死鸟,bet365,1.62,3.80,5.50,1.66,3.80,5.25,https://live.nowscore.com/1x2/2538750.htm,2026-10-02T07:45:00Z,
2024-05-15,浦和红钻(主),京都不死鸟,Pinnacle,1.62,3.97,5.60,1.71,3.96,5.00,https://live.nowscore.com/1x2/2538750.htm,2026-10-02T07:45:00Z,
2024-05-18,福冈黄蜂(主),大阪樱花,William Hill,2.80,2.90,2.50,2.50,2.90,2.80,https://live.nowscore.com/1x2/2538751.htm,2026-10-02T07:45:00Z,
2024-05-18,福冈黄蜂(主),大阪樱花,bet365,2.90,3.00,2.60,2.60,3.00,2.90,https://live.nowscore.com/1x2/2538751.htm,2026-10-02T07:45:00Z,
2024-05-18,福冈黄蜂(主),大阪樱花,Pinnacle,3.22,2.95,2.54,2.69,2.92,3.15,https://live.nowscore.com/1x2/2538751.htm,2026-10-02T07:45:00Z,
2024-05-18,鸟栖沙岩(主),名古屋鲸八,William Hill,3.10,3.20,2.15,2.80,3.20,2.30,https://live.nowscore.com/1x2/2538752.htm,2026-10-02T07:45:00Z,
2024-05-18,鸟栖沙岩(主),名古屋鲸八,bet365,3.25,3.20,2.25,2.90,3.20,2.55,https://live.nowscore.com/1x2/2538752.htm,2026-10-02T07:45:00Z,
2024-05-18,鸟栖沙岩(主),名古屋鲸八,Pinnacle,3.31,3.26,2.29,2.92,3.34,2.56,https://live.nowscore.com/1x2/2538752.htm,2026-10-02T07:45:00Z,
2024-05-19,磐田喜悦(主),浦和红钻,William Hill,3.60,3.50,1.85,3.70,3.60,1.80,https://live.nowscore.com/1x2/2538753.htm,2026-10-02T07:45:00Z,
2024-05-19,磐田喜悦(主),浦和红钻,bet365,3.70,3.60,2.00,3.80,3.70,1.90,https://live.nowscore.com/1x2/2538753.htm,2026-10-02T07:45:00Z,
2024-05-19,磐田喜悦(主),浦和红钻,Pinnacle,3.76,3.44,2.04,3.96,3.79,1.92,https://live.nowscore.com/1x2/2538753.htm,2026-10-02T07:45:00Z,
2024-05-19,京都不死鸟(主),广岛三箭,William Hill,5.80,4.00,1.50,5.50,3.90,1.50,https://live.nowscore.com/1x2/2538754.htm,2026-10-02T07:45:00Z,
2024-05-19,京都不死鸟(主),广岛三箭,bet365,6.50,3.90,1.53,6.25,3.70,1.60,https://live.nowscore.com/1x2/2538754.htm,2026-10-02T07:45:00Z,
2024-05-19,京都不死鸟(主),广岛三箭,Pinnacle,6.06,4.23,1.54,5.72,3.97,1.64,https://live.nowscore.com/1x2/2538754.htm,2026-10-02T07:45:00Z,
2024-05-19,町田泽维亚(主),东京绿茵,William Hill,1.80,3.40,4.00,1.95,3.20,3.60,https://live.nowscore.com/1x2/2538755.htm,2026-10-02T07:45:00Z,
2024-05-19,町田泽维亚(主),东京绿茵,bet365,1.90,3.25,4.50,2.00,3.20,3.80,https://live.nowscore.com/1x2/2538755.htm,2026-10-02T07:45:00Z,
2024-05-19,町田泽维亚(主),东京绿茵,Pinnacle,2.06,3.22,4.00,2.07,3.28,4.07,https://live.nowscore.com/1x2/2538755.htm,2026-10-02T07:45:00Z,
2024-05-19,FC东京(主),横滨水手,William Hill,2.50,3.40,2.45,2.70,3.60,2.20,https://live.nowscore.com/1x2/2538756.htm,2026-10-02T07:45:00Z,
2024-05-19,FC东京(主),横滨水手,bet365,2.50,3.40,2.70,2.75,3.60,2.40,https://live.nowscore.com/1x2/2538756.htm,2026-10-02T07:45:00Z,
2024-05-19,FC东京(主),横滨水手,Pinnacle,2.58,3.49,2.70,2.79,3.83,2.42,https://live.nowscore.com/1x2/2538756.htm,2026-10-02T07:45:00Z,
2024-05-19,大阪钢巴(主),川崎前锋,William Hill,2.80,3.30,2.25,2.70,3.40,2.30,https://live.nowscore.com/1x2/2538757.htm,2026-10-02T07:45:00Z,
2024-05-19,大阪钢巴(主),川崎前锋,bet365,2.90,3.40,2.35,2.80,3.40,2.45,https://live.nowscore.com/1x2/2538757.htm,2026-10-02T07:45:00Z,
2024-05-19,大阪钢巴(主),川崎前锋,Pinnacle,3.14,3.42,2.31,2.85,3.51,2.51,https://live.nowscore.com/1x2/2538757.htm,2026-10-02T07:45:00Z,
2024-05-19,鹿岛鹿角(主),神户胜利船,William Hill,3.30,3.10,2.10,3.00,3.20,2.20,https://live.nowscore.com/1x2/2538758.htm,2026-10-02T07:45:00Z,
2024-05-19,鹿岛鹿角(主),神户胜利船,bet365,3.30,3.25,2.20,3.10,3.30,2.30,https://live.nowscore.com/1x2/2538758.htm,2026-10-02T07:45:00Z,
2024-05-19,鹿岛鹿角(主),神户胜利船,Pinnacle,3.21,3.21,2.38,3.25,3.32,2.36,https://live.nowscore.com/1x2/2538758.htm,2026-10-02T07:45:00Z,
2024-05-19,柏太阳神(主),札幌冈萨多,William Hill,1.80,3.60,3.70,1.80,3.70,3.60,https://live.nowscore.com/1x2/2538759.htm,2026-10-02T07:45:00Z,
2024-05-19,柏太阳神(主),札幌冈萨多,bet365,1.85,3.75,3.90,1.85,3.80,3.80,https://live.nowscore.com/1x2/2538759.htm,2026-10-02T07:45:00Z,
2024-05-19,柏太阳神(主),札幌冈萨多,Pinnacle,2.07,3.53,3.58,1.90,3.91,3.96,https://live.nowscore.com/1x2/2538759.htm,2026-10-02T07:45:00Z,
2024-05-19,湘南海洋(主),新泻天鹅,William Hill,2.50,3.20,2.60,2.25,3.25,2.88,https://live.nowscore.com/1x2/2538760.htm,2026-10-02T07:45:00Z,
2024-05-19,湘南海洋(主),新泻天鹅,bet365,2.70,3.10,2.70,2.30,3.10,3.20,https://live.nowscore.com/1x2/2538760.htm,2026-10-02T07:45:00Z,
2024-05-19,湘南海洋(主),新泻天鹅,Pinnacle,2.75,3.18,2.73,2.42,3.38,3.08,https://live.nowscore.com/1x2/2538760.htm,2026-10-02T07:45:00Z,
2024-05-25,札幌冈萨多(主),鹿岛鹿角,William Hill,2.88,3.50,2.15,3.10,3.30,2.10,https://live.nowscore.com/1x2/2538761.htm,2026-10-02T07:45:00Z,
2024-05-25,札幌冈萨多(主),鹿岛鹿角,bet365,3.10,3.25,2.30,3.20,3.50,2.15,https://live.nowscore.com/1x2/2538761.htm,2026-10-02T07:45:00Z,
2024-05-25,札幌冈萨多(主),鹿岛鹿角,Pinnacle,2.97,3.38,2.43,3.14,3.65,2.27,https://live.nowscore.com/1x2/2538761.htm,2026-10-02T07:45:00Z,
2024-05-25,磐田喜悦(主),湘南海洋,William Hill,2.25,3.40,2.75,2.88,3.20,2.25,https://live.nowscore.com/1x2/2538762.htm,2026-10-02T07:45:00Z,
2024-05-25,磐田喜悦(主),湘南海洋,bet365,2.40,3.20,3.00,3.10,3.20,2.37,https://live.nowscore.com/1x2/2538762.htm,2026-10-02T07:45:00Z,
2024-05-25,磐田喜悦(主),湘南海洋,Pinnacle,2.37,3.31,3.11,3.09,3.35,2.44,https://live.nowscore.com/1x2/2538762.htm,2026-10-02T07:45:00Z,
2024-05-25,新泻天鹅(主),福冈黄蜂,William Hill,2.25,3.10,3.00,2.10,3.00,3.40,https://live.nowscore.com/1x2/2538763.htm,2026-10-02T07:45:00Z,
2024-05-25,新泻天鹅(主),福冈黄蜂,bet365,2.35,3.00,3.25,2.20,3.10,3.50,https://live.nowscore.com/1x2/2538763.htm,2026-10-02T07:45:00Z,
2024-05-25,新泻天鹅(主),福冈黄蜂,Pinnacle,2.31,2.99,3.62,2.25,3.09,3.77,https://live.nowscore.com/1x2/2538763.htm,2026-10-02T07:45:00Z,
2024-05-25,川崎前锋(主),柏太阳神,William Hill,2.05,3.50,3.10,1.95,3.60,3.20,https://live.nowscore.com/1x2/2538764.htm,2026-10-02T07:45:00Z,
2024-05-25,川崎前锋(主),柏太阳神,bet365,2.20,3.25,3.30,2.05,3.60,3.40,https://live.nowscore.com/1x2/2538764.htm,2026-10-02T07:45:00Z,
2024-05-25,川崎前锋(主),柏太阳神,Pinnacle,2.16,3.42,3.45,2.10,3.76,3.44,https://live.nowscore.com/1x2/2538764.htm,2026-10-02T07:45:00Z,
2024-05-26,神户胜利船(主),东京绿茵,William Hill,1.53,3.70,5.50,1.50,3.80,6.00,https://live.nowscore.com/1x2/2538766.htm,2026-10-02T07:45:00Z,
2024-05-26,神户胜利船(主),东京绿茵,bet365,1.62,3.60,6.00,1.57,3.70,6.25,https://live.nowscore.com/1x2/2538766.htm,2026-10-02T07:45:00Z,
2024-05-26,神户胜利船(主),东京绿茵,Pinnacle,1.61,3.84,5.89,1.61,3.93,6.23,https://live.nowscore.com/1x2/2538766.htm,2026-10-02T07:45:00Z,
2024-05-26,大阪樱花(主),广岛三箭,William Hill,3.80,3.40,1.83,3.50,3.40,1.91,https://live.nowscore.com/1x2/2538767.htm,2026-10-02T07:45:00Z,
2024-05-26,大阪樱花(主),广岛三箭,bet365,4.33,3.20,1.91,3.90,3.20,2.05,https://live.nowscore.com/1x2/2538767.htm,2026-10-02T07:45:00Z,
2024-05-26,大阪樱花(主),广岛三箭,Pinnacle,4.10,3.46,1.95,3.78,3.42,2.10,https://live.nowscore.com/1x2/2538767.htm,2026-10-02T07:45:00Z,
2024-05-26,FC东京(主),大阪钢巴,William Hill,2.30,3.25,2.80,2.50,3.10,2.63,https://live.nowscore.com/1x2/2538768.htm,2026-10-02T07:45:00Z,
2024-05-26,FC东京(主),大阪钢巴,bet365,2.45,3.00,3.10,2.75,2.90,2.80,https://live.nowscore.com/1x2/2538768.htm,2026-10-02T07:45:00Z,
2024-05-26,FC东京(主),大阪钢巴,Pinnacle,2.48,3.21,3.04,2.78,3.11,2.84,https://live.nowscore.com/1x2/2538768.htm,2026-10-02T07:45:00Z,
2024-05-26,名古屋鲸八(主),京都不死鸟,William Hill,1.85,3.40,3.75,1.80,3.40,4.00,https://live.nowscore.com/1x2/2538769.htm,2026-10-02T07:45:00Z,
2024-05-26,名古屋鲸八(主),京都不死鸟,bet365,1.95,3.25,4.10,1.90,3.30,4.20,https://live.nowscore.com/1x2/2538769.htm,2026-10-02T07:45:00Z,
2024-05-26,名古屋鲸八(主),京都不死鸟,Pinnacle,2.07,3.29,3.86,1.97,3.40,4.29,https://live.nowscore.com/1x2/2538769.htm,2026-10-02T07:45:00Z,
2024-05-26,浦和红钻(主),町田泽维亚,William Hill,2.20,3.30,2.90,2.50,3.20,2.60,https://live.nowscore.com/1x2/2538770.htm,2026-10-02T07:45:00Z,
2024-05-26,浦和红钻(主),町田泽维亚,bet365,2.35,3.00,3.25,2.70,3.00,2.75,https://live.nowscore.com/1x2/2538770.htm,2026-10-02T07:45:00Z,
2024-05-26,浦和红钻(主),町田泽维亚,Pinnacle,2.25,3.26,3.41,2.72,3.25,2.80,https://live.nowscore.com/1x2/2538770.htm,2026-10-02T07:45:00Z,
2024-05-29,横滨水手(主),柏太阳神,William Hill,2.38,3.70,2.45,2.30,3.60,2.60,https://live.nowscore.com/1x2/2538694.htm,2026-10-02T07:45:00Z,
2024-05-29,横滨水手(主),柏太阳神,bet365,2.50,3.50,2.63,2.50,3.50,2.70,https://live.nowscore.com/1x2/2538694.htm,2026-10-02T07:45:00Z,
2024-05-29,横滨水手(主),柏太阳神,Pinnacle,2.48,3.52,2.80,2.56,3.75,2.66,https://live.nowscore.com/1x2/2538694.htm,2026-10-02T07:45:00Z,
2024-05-31,鸟栖沙岩(主),FC东京,William Hill,2.70,3.40,2.30,2.90,3.60,2.10,https://live.nowscore.com/1x2/2538771.htm,2026-10-02T07:45:00Z,
2024-05-31,鸟栖沙岩(主),FC东京,bet365,2.88,3.30,2.45,3.10,3.50,2.20,https://live.nowscore.com/1x2/2538771.htm,2026-10-02T07:45:00Z,
2024-05-31,鸟栖沙岩(主),FC东京,Pinnacle,3.02,3.36,2.41,3.15,3.72,2.24,https://live.nowscore.com/1x2/2538771.htm,2026-10-02T07:45:00Z,
2024-06-01,广岛三箭(主),磐田喜悦,William Hill,1.33,4.75,7.50,1.30,4.75,8.00,https://live.nowscore.com/1x2/2538772.htm,2026-10-02T07:45:00Z,
2024-06-01,广岛三箭(主),磐田喜悦,bet365,1.36,4.75,8.00,1.40,4.75,7.50,https://live.nowscore.com/1x2/2538772.htm,2026-10-02T07:45:00Z,
2024-06-01,广岛三箭(主),磐田喜悦,Pinnacle,1.42,4.68,7.53,1.37,5.21,8.74,https://live.nowscore.com/1x2/2538772.htm,2026-10-02T07:45:00Z,
2024-06-01,鹿岛鹿角(中),横滨水手,William Hill,1.91,3.70,3.30,1.95,3.60,3.20,https://live.nowscore.com/1x2/2538773.htm,2026-10-02T07:45:00Z,
2024-06-01,鹿岛鹿角(中),横滨水手,bet365,2.00,3.50,3.60,2.05,3.50,3.50,https://live.nowscore.com/1x2/2538773.htm,2026-10-02T07:45:00Z,
2024-06-01,鹿岛鹿角(中),横滨水手,Pinnacle,2.02,3.73,3.54,2.05,3.80,3.52,https://live.nowscore.com/1x2/2538773.htm,2026-10-02T07:45:00Z,
2024-06-01,町田泽维亚(主),新泻天鹅,William Hill,1.67,3.50,4.60,1.60,3.70,4.80,https://live.nowscore.com/1x2/2538774.htm,2026-10-02T07:45:00Z,
2024-06-01,町田泽维亚(主),新泻天鹅,bet365,1.70,3.75,4.50,1.66,3.75,5.00,https://live.nowscore.com/1x2/2538774.htm,2026-10-02T07:45:00Z,
2024-06-01,町田泽维亚(主),新泻天鹅,Pinnacle,2.03,3.31,3.99,1.71,3.85,5.20,https://live.nowscore.com/1x2/2538774.htm,2026-10-02T07:45:00Z,
2024-06-01,湘南海洋(主),大阪钢巴,William Hill,2.38,3.25,2.70,2.75,3.20,2.38,https://live.nowscore.com/1x2/2538775.htm,2026-10-02T07:45:00Z,
2024-06-01,湘南海洋(主),大阪钢巴,bet365,2.50,3.20,2.88,2.87,3.10,2.50,https://live.nowscore.com/1x2/2538775.htm,2026-10-02T07:45:00Z,
2024-06-01,湘南海洋(主),大阪钢巴,Pinnacle,2.57,3.19,2.93,2.96,3.18,2.62,https://live.nowscore.com/1x2/2538775.htm,2026-10-02T07:45:00Z,
2024-06-01,浦和红钻(主),神户胜利船,William Hill,2.63,3.30,2.40,2.80,3.30,2.25,https://live.nowscore.com/1x2/2538776.htm,2026-10-02T07:45:00Z,
2024-06-01,浦和红钻(主),神户胜利船,bet365,2.80,3.20,2.50,3.00,3.25,2.40,https://live.nowscore.com/1x2/2538776.htm,2026-10-02T07:45:00Z,
2024-06-01,浦和红钻(主),神户胜利船,Pinnacle,2.82,3.20,2.65,2.97,3.49,2.44,https://live.nowscore.com/1x2/2538776.htm,2026-10-02T07:45:00Z,
2024-06-01,京都不死鸟(主),大阪樱花,William Hill,3.40,3.40,1.95,3.60,3.30,1.91,https://live.nowscore.com/1x2/2538777.htm,2026-10-02T07:45:00Z,
2024-06-01,京都不死鸟(主),大阪樱花,bet365,3.60,3.20,2.10,3.70,3.40,2.05,https://live.nowscore.com/1x2/2538777.htm,2026-10-02T07:45:00Z,
2024-06-01,京都不死鸟(主),大阪樱花,Pinnacle,3.23,3.23,2.35,3.80,3.49,2.06,https://live.nowscore.com/1x2/2538777.htm,2026-10-02T07:45:00Z,
2024-06-02,东京绿茵(主),札幌冈萨多,William Hill,2.20,3.50,2.80,2.10,3.30,3.10,https://live.nowscore.com/1x2/2538778.htm,2026-10-02T07:45:00Z,
2024-06-02,东京绿茵(主),札幌冈萨多,bet365,2.38,3.30,3.00,2.15,3.25,3.50,https://live.nowscore.com/1x2/2538778.htm,2026-10-02T07:45:00Z,
2024-06-02,东京绿茵(主),札幌冈萨多,Pinnacle,2.28,3.41,3.19,2.16,3.47,3.53,https://live.nowscore.com/1x2/2538778.htm,2026-10-02T07:45:00Z,
2024-06-02,川崎前锋(主),名古屋鲸八,William Hill,1.85,3.50,3.60,2.20,3.40,2.88,https://live.nowscore.com/1x2/2538779.htm,2026-10-02T07:45:00Z,
2024-06-02,川崎前锋(主),名古屋鲸八,bet365,1.95,3.40,3.90,2.20,3.60,3.00,https://live.nowscore.com/1x2/2538779.htm,2026-10-02T07:45:00Z,
2024-06-02,川崎前锋(主),名古屋鲸八,Pinnacle,1.90,3.59,4.14,2.28,3.60,3.15,https://live.nowscore.com/1x2/2538779.htm,2026-10-02T07:45:00Z,
2024-06-02,柏太阳神(主),福冈黄蜂,William Hill,1.91,3.10,3.90,2.00,3.10,3.60,https://live.nowscore.com/1x2/2538780.htm,2026-10-02T07:45:00Z,
2024-06-02,柏太阳神(主),福冈黄蜂,bet365,2.10,3.20,3.50,2.00,3.30,3.80,https://live.nowscore.com/1x2/2538780.htm,2026-10-02T07:45:00Z,
2024-06-02,柏太阳神(主),福冈黄蜂,Pinnacle,1.98,3.22,4.34,2.07,3.31,4.01,https://live.nowscore.com/1x2/2538780.htm,2026-10-02T07:45:00Z,
2024-06-15,横滨水手,町田泽维亚,William Hill,2.45,3.50,2.45,2.80,3.60,2.15,https://live.nowscore.com/1x2/2538781.htm,2026-10-02T03:23:37Z,
2024-06-15,横滨水手,町田泽维亚,bet365,2.70,3.25,2.55,3.00,3.40,2.25,https://live.nowscore.com/1x2/2538781.htm,2026-10-02T03:23:37Z,
2024-06-15,横滨水手,町田泽维亚,Pinnacle,2.70,3.52,2.56,3.02,3.79,2.28,https://live.nowscore.com/1x2/2538781.htm,2026-10-02T03:23:37Z,
2024-06-15,广岛三箭,东京绿茵,William Hill,1.53,4.00,5.00,1.44,4.20,6.00,https://live.nowscore.com/1x2/2538782.htm,2026-10-02T03:23:37Z,
2024-06-15,广岛三箭,东京绿茵,bet365,1.57,3.80,5.75,1.48,4.10,7.50,https://live.nowscore.com/1x2/2538782.htm,2026-10-02T03:23:37Z,
2024-06-15,广岛三箭,东京绿茵,Pinnacle,1.61,4.17,5.36,1.50,4.34,7.04,https://live.nowscore.com/1x2/2538782.htm,2026-10-02T03:23:37Z,
2024-06-15,大阪樱花,浦和红钻,William Hill,2.50,3.30,2.50,2.50,3.30,2.50,https://live.nowscore.com/1x2/2538783.htm,2026-10-02T03:23:37Z,
2024-06-15,大阪樱花,浦和红钻,bet365,2.70,3.25,2.55,2.62,3.25,2.62,https://live.nowscore.com/1x2/2538783.htm,2026-10-02T03:23:37Z,
2024-06-15,大阪樱花,浦和红钻,Pinnacle,2.78,3.27,2.64,2.72,3.40,2.70,https://live.nowscore.com/1x2/2538783.htm,2026-10-02T03:23:37Z,
2024-06-15,京都不死鸟,札幌冈萨多,William Hill,2.20,3.40,2.88,2.05,3.40,3.10,https://live.nowscore.com/1x2/2538784.htm,2026-10-02T03:23:37Z,
2024-06-15,京都不死鸟,札幌冈萨多,bet365,2.30,3.25,3.10,2.15,3.40,3.40,https://live.nowscore.com/1x2/2538784.htm,2026-10-02T03:23:37Z,
2024-06-15,京都不死鸟,札幌冈萨多,Pinnacle,2.35,3.41,3.06,2.18,3.47,3.48,https://live.nowscore.com/1x2/2538784.htm,2026-10-02T03:23:37Z,
2024-06-16,神户胜利船(中),川崎前锋,William Hill,1.80,3.50,3.80,1.80,3.80,3.50,https://live.nowscore.com/1x2/2538785.htm,2026-10-02T03:23:37Z,
2024-06-16,神户胜利船(中),川崎前锋,bet365,1.90,3.40,4.00,1.85,3.80,3.80,https://live.nowscore.com/1x2/2538785.htm,2026-10-02T03:23:37Z,
2024-06-16,神户胜利船(中),川崎前锋,Pinnacle,1.92,3.58,4.08,1.91,3.99,3.85,https://live.nowscore.com/1x2/2538785.htm,2026-10-02T03:23:37Z,
2024-06-16,福冈黄蜂,鸟栖沙岩,William Hill,1.91,3.50,3.50,2.15,3.10,3.25,https://live.nowscore.com/1x2/2538786.htm,2026-10-02T03:23:37Z,
2024-06-16,福冈黄蜂,鸟栖沙岩,bet365,1.95,3.30,3.90,2.20,3.10,3.50,https://live.nowscore.com/1x2/2538786.htm,2026-10-02T03:23:37Z,
2024-06-16,福冈黄蜂,鸟栖沙岩,Pinnacle,1.98,3.47,3.96,2.34,3.22,3.39,https://live.nowscore.com/1x2/2538786.htm,2026-10-02T03:23:37Z,
2024-06-16,FC东京,磐田喜悦,William Hill,2.10,3.30,3.10,1.83,3.40,3.80,https://live.nowscore.com/1x2/2538787.htm,2026-10-02T03:23:37Z,
2024-06-16,FC东京,磐田喜悦,bet365,2.10,3.30,3.50,1.95,3.30,4.00,https://live.nowscore.com/1x2/2538787.htm,2026-10-02T03:23:37Z,
2024-06-16,FC东京,磐田喜悦,Pinnacle,2.12,3.42,3.55,2.00,3.61,3.87,https://live.nowscore.com/1x2/2538787.htm,2026-10-02T03:23:37Z,
2024-06-16,大阪钢巴,柏太阳神,William Hill,2.05,3.30,3.20,2.10,3.25,3.20,https://live.nowscore.com/1x2/2538788.htm,2026-10-02T03:23:37Z,
2024-06-16,大阪钢巴,柏太阳神,bet365,2.20,3.20,3.30,2.20,3.25,3.30,https://live.nowscore.com/1x2/2538788.htm,2026-10-02T03:23:37Z,
2024-06-16,大阪钢巴,柏太阳神,Pinnacle,2.25,3.30,3.36,2.28,3.32,3.40,https://live.nowscore.com/1x2/2538788.htm,2026-10-02T03:23:37Z,
2024-06-16,鹿岛鹿角,新泻天鹅,William Hill,1.70,3.60,4.20,1.80,3.50,4.00,https://live.nowscore.com/1x2/2538789.htm,2026-10-02T03:23:37Z,
2024-06-16,鹿岛鹿角,新泻天鹅,bet365,1.80,3.50,4.50,1.85,3.40,4.20,https://live.nowscore.com/1x2/2538789.htm,2026-10-02T03:23:37Z,
2024-06-16,鹿岛鹿角,新泻天鹅,Pinnacle,1.83,3.72,4.28,1.89,3.56,4.42,https://live.nowscore.com/1x2/2538789.htm,2026-10-02T03:23:37Z,
2024-06-16,名古屋鲸八,湘南海洋,William Hill,1.73,3.60,4.20,1.91,3.30,3.60,https://live.nowscore.com/1x2/2538790.htm,2026-10-02T03:23:37Z,
2024-06-16,名古屋鲸八,湘南海洋,bet365,1.85,3.40,4.33,2.00,3.20,4.10,https://live.nowscore.com/1x2/2538790.htm,2026-10-02T03:23:37Z,
2024-06-16,名古屋鲸八,湘南海洋,Pinnacle,1.91,3.55,4.16,2.02,3.37,3.72,https://live.nowscore.com/1x2/2538790.htm,2026-10-02T03:23:37Z,
2024-06-19,横滨水手,广岛三箭,William Hill,3.60,4.00,1.75,3.60,4.00,1.75,https://live.nowscore.com/1x2/2538731.htm,2026-10-02T03:23:37Z,
2024-06-19,横滨水手,广岛三箭,bet365,3.70,4.00,1.85,3.80,3.90,1.85,https://live.nowscore.com/1x2/2538731.htm,2026-10-02T03:23:37Z,
2024-06-19,横滨水手,广岛三箭,Pinnacle,3.81,3.94,1.88,3.80,4.22,1.87,https://live.nowscore.com/1x2/2538731.htm,2026-10-02T03:23:37Z,
2024-06-22,町田泽维亚,福冈黄蜂,William Hill,1.70,3.40,4.60,1.65,3.40,5.00,https://live.nowscore.com/1x2/2538791.htm,2026-10-02T03:23:37Z,
2024-06-22,町田泽维亚,福冈黄蜂,bet365,1.75,3.40,5.00,1.72,3.40,5.25,https://live.nowscore.com/1x2/2538791.htm,2026-10-02T03:23:37Z,
2024-06-22,町田泽维亚,福冈黄蜂,Pinnacle,1.81,3.31,5.23,1.77,3.38,5.64,https://live.nowscore.com/1x2/2538791.htm,2026-10-02T03:23:37Z,
2024-06-22,新泻天鹅,川崎前锋,William Hill,2.63,3.60,2.25,2.25,3.50,2.70,https://live.nowscore.com/1x2/2538792.htm,2026-10-02T03:23:37Z,
2024-06-22,新泻天鹅,川崎前锋,bet365,2.88,3.40,2.30,2.30,3.50,2.87,https://live.nowscore.com/1x2/2538792.htm,2026-10-02T03:23:37Z,
2024-06-22,新泻天鹅,川崎前锋,Pinnacle,2.86,3.38,2.51,2.36,3.72,2.93,https://live.nowscore.com/1x2/2538792.htm,2026-10-02T03:23:37Z,
2024-06-22,东京绿茵,名古屋鲸八,William Hill,2.50,3.10,2.63,2.70,3.00,2.50,https://live.nowscore.com/1x2/2538793.htm,2026-10-02T03:23:37Z,
2024-06-22,东京绿茵,名古屋鲸八,bet365,2.70,3.00,2.80,2.90,3.00,2.62,https://live.nowscore.com/1x2/2538793.htm,2026-10-02T03:23:37Z,
2024-06-22,东京绿茵,名古屋鲸八,Pinnacle,2.63,2.99,3.04,2.98,3.01,2.74,https://live.nowscore.com/1x2/2538793.htm,2026-10-02T03:23:37Z,
2024-06-22,大阪钢巴,神户胜利船,William Hill,3.40,3.40,1.95,3.25,3.25,2.05,https://live.nowscore.com/1x2/2538794.htm,2026-10-02T03:23:37Z,
2024-06-22,大阪钢巴,神户胜利船,bet365,3.70,3.40,2.05,3.40,3.25,2.20,https://live.nowscore.com/1x2/2538794.htm,2026-10-02T03:23:37Z,
2024-06-22,大阪钢巴,神户胜利船,Pinnacle,4.19,3.46,1.92,3.53,3.38,2.20,https://live.nowscore.com/1x2/2538794.htm,2026-10-02T03:23:37Z,
2024-06-22,磐田喜悦,大阪樱花,William Hill,3.10,3.40,2.05,3.00,3.20,2.20,https://live.nowscore.com/1x2/2538795.htm,2026-10-02T03:23:37Z,
2024-06-22,磐田喜悦,大阪樱花,bet365,3.40,3.30,2.15,3.20,3.30,2.30,https://live.nowscore.com/1x2/2538795.htm,2026-10-02T03:23:37Z,
2024-06-22,磐田喜悦,大阪樱花,Pinnacle,3.18,3.29,2.35,3.19,3.35,2.37,https://live.nowscore.com/1x2/2538795.htm,2026-10-02T03:23:37Z,
2024-06-22,柏太阳神,广岛三箭,William Hill,3.40,3.50,1.91,3.50,3.50,1.91,https://live.nowscore.com/1x2/2538796.htm,2026-10-02T03:23:37Z,
2024-06-22,柏太阳神,广岛三箭,bet365,3.80,3.40,1.95,3.70,3.50,1.95,https://live.nowscore.com/1x2/2538796.htm,2026-10-02T03:23:37Z,
2024-06-22,柏太阳神,广岛三箭,Pinnacle,3.77,3.46,2.03,3.80,3.66,2.01,https://live.nowscore.com/1x2/2538796.htm,2026-10-02T03:23:37Z,
2024-06-22,鸟栖沙岩,京都不死鸟,William Hill,2.38,3.60,2.50,2.50,3.40,2.45,https://live.nowscore.com/1x2/2538797.htm,2026-10-02T03:23:37Z,
2024-06-22,鸟栖沙岩,京都不死鸟,bet365,2.55,3.40,2.70,2.62,3.30,2.60,https://live.nowscore.com/1x2/2538797.htm,2026-10-02T03:23:37Z,
2024-06-22,鸟栖沙岩,京都不死鸟,Pinnacle,2.54,3.34,2.85,2.77,3.45,2.62,https://live.nowscore.com/1x2/2538797.htm,2026-10-02T03:23:37Z,
2024-06-22,湘南海洋,FC东京,William Hill,2.40,3.40,2.60,2.25,3.40,2.75,https://live.nowscore.com/1x2/2538798.htm,2026-10-02T03:23:37Z,
2024-06-22,湘南海洋,FC东京,bet365,2.55,3.25,2.70,2.37,3.30,2.87,https://live.nowscore.com/1x2/2538798.htm,2026-10-02T03:23:37Z,
2024-06-22,湘南海洋,FC东京,Pinnacle,2.50,3.32,2.93,2.43,3.47,3.00,https://live.nowscore.com/1x2/2538798.htm,2026-10-02T03:23:37Z,
2024-06-22,浦和红钻,鹿岛鹿角,William Hill,2.15,3.30,3.00,2.15,3.30,3.00,https://live.nowscore.com/1x2/2538799.htm,2026-10-02T03:23:37Z,
2024-06-22,浦和红钻,鹿岛鹿角,bet365,2.25,3.25,3.20,2.25,3.25,3.30,https://live.nowscore.com/1x2/2538799.htm,2026-10-02T03:23:37Z,
2024-06-22,浦和红钻,鹿岛鹿角,Pinnacle,2.22,3.31,3.42,2.33,3.49,3.15,https://live.nowscore.com/1x2/2538799.htm,2026-10-02T03:23:37Z,
2024-06-23,札幌冈萨多,横滨水手,William Hill,3.10,3.75,1.95,3.20,3.80,1.91,https://live.nowscore.com/1x2/2538800.htm,2026-10-02T03:23:37Z,
2024-06-23,札幌冈萨多,横滨水手,bet365,3.25,3.50,2.15,3.20,4.33,1.95,https://live.nowscore.com/1x2/2538800.htm,2026-10-02T03:23:37Z,
2024-06-23,札幌冈萨多,横滨水手,Pinnacle,2.56,3.79,2.56,3.41,4.12,2.01,https://live.nowscore.com/1x2/2538800.htm,2026-10-02T03:23:37Z,
2024-06-26,福冈黄蜂,横滨水手,William Hill,2.60,3.30,2.40,2.30,3.30,2.75,https://live.nowscore.com/1x2/2538801.htm,2026-10-02T03:23:37Z,
2024-06-26,福冈黄蜂,横滨水手,bet365,2.70,3.30,2.55,2.35,3.40,2.90,https://live.nowscore.com/1x2/2538801.htm,2026-10-02T03:23:37Z,
2024-06-26,福冈黄蜂,横滨水手,Pinnacle,2.79,3.29,2.61,2.43,3.45,3.01,https://live.nowscore.com/1x2/2538801.htm,2026-10-02T03:23:37Z,
2024-06-26,大阪樱花,鸟栖沙岩,William Hill,1.70,3.70,4.20,1.62,3.80,4.50,https://live.nowscore.com/1x2/2538802.htm,2026-10-02T03:23:37Z,
2024-06-26,大阪樱花,鸟栖沙岩,bet365,1.75,3.75,4.33,1.70,3.80,4.75,https://live.nowscore.com/1x2/2538802.htm,2026-10-02T03:23:37Z,
2024-06-26,大阪樱花,鸟栖沙岩,Pinnacle,1.78,3.78,4.50,1.75,4.00,4.64,https://live.nowscore.com/1x2/2538802.htm,2026-10-02T03:23:37Z,
2024-06-26,FC东京,札幌冈萨多,William Hill,1.85,3.60,3.50,1.85,3.50,3.60,https://live.nowscore.com/1x2/2538803.htm,2026-10-02T03:23:37Z,
2024-06-26,FC东京,札幌冈萨多,bet365,1.90,3.60,3.80,1.95,3.50,3.75,https://live.nowscore.com/1x2/2538803.htm,2026-10-02T03:23:37Z,
2024-06-26,FC东京,札幌冈萨多,Pinnacle,2.21,3.52,3.24,1.99,3.70,3.82,https://live.nowscore.com/1x2/2538803.htm,2026-10-02T03:23:37Z,
2024-06-26,磐田喜悦,东京绿茵,William Hill,2.50,3.20,2.60,2.63,3.20,2.45,https://live.nowscore.com/1x2/2538804.htm,2026-10-02T03:23:37Z,
2024-06-26,磐田喜悦,东京绿茵,bet365,2.63,3.20,2.63,2.75,3.20,2.62,https://live.nowscore.com/1x2/2538804.htm,2026-10-02T03:23:37Z,
2024-06-26,磐田喜悦,东京绿茵,Pinnacle,2.83,3.14,2.69,2.89,3.16,2.70,https://live.nowscore.com/1x2/2538804.htm,2026-10-02T03:23:37Z,
2024-06-26,鹿岛鹿角,大阪钢巴,William Hill,2.00,3.25,3.40,1.91,3.30,3.75,https://live.nowscore.com/1x2/2538805.htm,2026-10-02T03:23:37Z,
2024-06-26,鹿岛鹿角,大阪钢巴,bet365,2.15,3.20,3.50,1.95,3.30,3.90,https://live.nowscore.com/1x2/2538805.htm,2026-10-02T03:23:37Z,
2024-06-26,鹿岛鹿角,大阪钢巴,Pinnacle,2.05,3.33,3.88,2.03,3.36,4.08,https://live.nowscore.com/1x2/2538805.htm,2026-10-02T03:23:37Z,
2024-06-26,川崎前锋,湘南海洋,William Hill,1.75,3.80,3.70,1.95,3.70,3.20,https://live.nowscore.com/1x2/2538806.htm,2026-10-02T03:23:37Z,
2024-06-26,川崎前锋,湘南海洋,bet365,1.85,3.60,4.00,2.05,3.40,3.50,https://live.nowscore.com/1x2/2538806.htm,2026-10-02T03:23:37Z,
2024-06-26,川崎前锋,湘南海洋,Pinnacle,1.84,3.84,4.12,2.11,3.73,3.44,https://live.nowscore.com/1x2/2538806.htm,2026-10-02T03:23:37Z,
2024-06-26,京都不死鸟,柏太阳神,William Hill,3.20,3.30,2.05,3.50,3.40,1.91,https://live.nowscore.com/1x2/2538807.htm,2026-10-02T03:23:37Z,
2024-06-26,京都不死鸟,柏太阳神,bet365,3.40,3.30,2.15,3.80,3.40,1.95,https://live.nowscore.com/1x2/2538807.htm,2026-10-02T03:23:37Z,
2024-06-26,京都不死鸟,柏太阳神,Pinnacle,3.44,3.32,2.21,3.95,3.53,2.01,https://live.nowscore.com/1x2/2538807.htm,2026-10-02T03:23:37Z,
2024-06-26,名古屋鲸八,浦和红钻,William Hill,2.75,3.20,2.38,2.38,3.20,2.75,https://live.nowscore.com/1x2/2538808.htm,2026-10-02T03:23:37Z,
2024-06-26,名古屋鲸八,浦和红钻,bet365,2.88,3.10,2.55,2.50,3.00,2.90,https://live.nowscore.com/1x2/2538808.htm,2026-10-02T03:23:37Z,
2024-06-26,名古屋鲸八,浦和红钻,Pinnacle,3.20,3.21,2.38,2.61,3.18,2.99,https://live.nowscore.com/1x2/2538808.htm,2026-10-02T03:23:37Z,
2024-06-26,广岛三箭,新泻天鹅,William Hill,1.44,4.20,5.80,1.33,4.60,7.50,https://live.nowscore.com/1x2/2538809.htm,2026-10-02T03:23:37Z,
2024-06-26,广岛三箭,新泻天鹅,bet365,1.53,4.00,6.00,1.40,4.75,8.00,https://live.nowscore.com/1x2/2538809.htm,2026-10-02T03:23:37Z,
2024-06-26,广岛三箭,新泻天鹅,Pinnacle,1.53,4.26,6.11,1.42,4.93,7.62,https://live.nowscore.com/1x2/2538809.htm,2026-10-02T03:23:37Z,
2024-06-26,神户胜利船,町田泽维亚,William Hill,2.05,3.30,3.20,2.20,3.25,3.00,https://live.nowscore.com/1x2/2538810.htm,2026-10-02T03:23:37Z,
2024-06-26,神户胜利船,町田泽维亚,bet365,2.15,3.30,3.40,2.25,3.25,3.20,https://live.nowscore.com/1x2/2538810.htm,2026-10-02T03:23:37Z,
2024-06-26,神户胜利船,町田泽维亚,Pinnacle,2.15,3.32,3.59,2.34,3.36,3.24,https://live.nowscore.com/1x2/2538810.htm,2026-10-02T03:23:37Z,
2024-06-29,札幌冈萨多,新泻天鹅,William Hill,2.60,3.40,2.40,2.75,3.25,2.38,https://live.nowscore.com/1x2/2538811.htm,2026-10-02T03:23:37Z,
2024-06-29,札幌冈萨多,新泻天鹅,bet365,2.70,3.30,2.55,3.10,3.30,2.30,https://live.nowscore.com/1x2/2538811.htm,2026-10-02T03:23:37Z,
2024-06-29,札幌冈萨多,新泻天鹅,Pinnacle,2.70,3.34,2.56,3.08,3.35,2.44,https://live.nowscore.com/1x2/2538811.htm,2026-10-02T03:23:37Z,
2024-06-29,川崎前锋,广岛三箭,William Hill,3.40,3.60,1.91,3.00,3.60,2.05,https://live.nowscore.com/1x2/2538812.htm,2026-10-02T03:23:37Z,
2024-06-29,川崎前锋,广岛三箭,bet365,3.50,3.60,2.00,3.20,3.60,2.10,https://live.nowscore.com/1x2/2538812.htm,2026-10-02T03:23:37Z,
2024-06-29,川崎前锋,广岛三箭,Pinnacle,3.59,3.65,1.96,3.27,3.87,2.13,https://live.nowscore.com/1x2/2538812.htm,2026-10-02T03:23:37Z,
2024-06-29,横滨水手,东京绿茵,William Hill,1.80,3.70,3.70,1.62,4.00,4.33,https://live.nowscore.com/1x2/2538813.htm,2026-10-02T03:23:37Z,
2024-06-29,横滨水手,东京绿茵,bet365,1.85,3.70,3.90,1.66,4.00,4.50,https://live.nowscore.com/1x2/2538813.htm,2026-10-02T03:23:37Z,
2024-06-29,横滨水手,东京绿茵,Pinnacle,2.03,3.55,3.45,1.72,4.08,4.76,https://live.nowscore.com/1x2/2538813.htm,2026-10-02T03:23:37Z,
2024-06-30,大阪樱花,名古屋鲸八,William Hill,2.20,3.20,3.00,2.15,3.20,3.10,https://live.nowscore.com/1x2/2538814.htm,2026-10-02T03:23:37Z,
2024-06-30,大阪樱花,名古屋鲸八,bet365,2.35,3.00,3.25,2.30,3.00,3.50,https://live.nowscore.com/1x2/2538814.htm,2026-10-02T03:23:37Z,
2024-06-30,大阪樱花,名古屋鲸八,Pinnacle,2.36,3.08,3.19,2.33,3.16,3.48,https://live.nowscore.com/1x2/2538814.htm,2026-10-02T03:23:37Z,
2024-06-30,大阪钢巴,町田泽维亚,William Hill,3.00,3.20,2.20,2.88,3.20,2.30,https://live.nowscore.com/1x2/2538815.htm,2026-10-02T03:23:37Z,
2024-06-30,大阪钢巴,町田泽维亚,bet365,3.25,3.10,2.30,3.20,3.00,2.40,https://live.nowscore.com/1x2/2538815.htm,2026-10-02T03:23:37Z,
2024-06-30,大阪钢巴,町田泽维亚,Pinnacle,3.21,3.13,2.33,3.13,3.24,2.47,https://live.nowscore.com/1x2/2538815.htm,2026-10-02T03:23:37Z,
2024-06-30,FC东京,福冈黄蜂,William Hill,2.15,3.10,3.20,2.50,3.00,2.70,https://live.nowscore.com/1x2/2538816.htm,2026-10-02T03:23:37Z,
2024-06-30,FC东京,福冈黄蜂,bet365,2.30,3.00,3.30,2.70,3.00,2.87,https://live.nowscore.com/1x2/2538816.htm,2026-10-02T03:23:37Z,
2024-06-30,FC东京,福冈黄蜂,Pinnacle,2.28,3.02,3.44,2.72,3.01,3.00,https://live.nowscore.com/1x2/2538816.htm,2026-10-02T03:23:37Z,
2024-06-30,浦和红钻,磐田喜悦,William Hill,1.62,3.75,4.60,1.73,3.50,4.20,https://live.nowscore.com/1x2/2538817.htm,2026-10-02T03:23:37Z,
2024-06-30,浦和红钻,磐田喜悦,bet365,1.70,3.70,4.75,1.80,3.50,4.50,https://live.nowscore.com/1x2/2538817.htm,2026-10-02T03:23:37Z,
2024-06-30,浦和红钻,磐田喜悦,Pinnacle,1.68,3.83,4.75,1.84,3.71,4.48,https://live.nowscore.com/1x2/2538817.htm,2026-10-02T03:23:37Z,
2024-06-30,鸟栖沙岩,柏太阳神,William Hill,3.30,3.50,1.95,4.00,3.70,1.73,https://live.nowscore.com/1x2/2538818.htm,2026-10-02T03:23:37Z,
2024-06-30,鸟栖沙岩,柏太阳神,bet365,3.30,3.50,2.10,4.00,3.90,1.80,https://live.nowscore.com/1x2/2538818.htm,2026-10-02T03:23:37Z,
2024-06-30,鸟栖沙岩,柏太阳神,Pinnacle,3.63,3.53,1.98,4.44,3.98,1.79,https://live.nowscore.com/1x2/2538818.htm,2026-10-02T03:23:37Z,
2024-06-30,湘南海洋,京都不死鸟,William Hill,1.91,3.40,3.50,1.95,3.40,3.40,https://live.nowscore.com/1x2/2538819.htm,2026-10-02T03:23:37Z,
2024-06-30,湘南海洋,京都不死鸟,bet365,2.05,3.40,3.60,2.00,3.40,3.60,https://live.nowscore.com/1x2/2538819.htm,2026-10-02T03:23:37Z,
2024-06-30,湘南海洋,京都不死鸟,Pinnacle,2.18,3.33,3.31,1.98,3.68,3.87,https://live.nowscore.com/1x2/2538819.htm,2026-10-02T03:23:37Z,
2024-06-30,神户胜利船,鹿岛鹿角,William Hill,1.83,3.50,3.75,1.91,3.30,3.60,https://live.nowscore.com/1x2/2538820.htm,2026-10-02T03:23:37Z,
2024-06-30,神户胜利船,鹿岛鹿角,bet365,1.90,3.50,4.00,1.95,3.30,4.00,https://live.nowscore.com/1x2/2538820.htm,2026-10-02T03:23:37Z,
2024-06-30,神户胜利船,鹿岛鹿角,Pinnacle,1.90,3.50,3.96,2.03,3.37,4.08,https://live.nowscore.com/1x2/2538820.htm,2026-10-02T03:23:37Z,
2024-07-03,横滨水手,鸟栖沙岩,William Hill,1.60,4.20,4.20,1.44,4.60,5.50,https://live.nowscore.com/1x2/2538765.htm,2026-10-02T03:23:37Z,
2024-07-03,横滨水手,鸟栖沙岩,bet365,1.65,4.33,4.33,1.45,5.00,6.00,https://live.nowscore.com/1x2/2538765.htm,2026-10-02T03:23:37Z,
2024-07-03,横滨水手,鸟栖沙岩,Pinnacle,1.65,4.29,4.39,1.49,5.00,6.04,https://live.nowscore.com/1x2/2538765.htm,2026-10-02T03:23:37Z,
2024-07-05,广岛三箭,神户胜利船,William Hill,2.05,3.30,3.20,2.05,3.40,3.10,https://live.nowscore.com/1x2/2538821.htm,2026-10-02T03:23:37Z,
2024-07-05,广岛三箭,神户胜利船,bet365,2.05,3.40,3.50,2.15,3.40,3.30,https://live.nowscore.com/1x2/2538821.htm,2026-10-02T03:23:37Z,
2024-07-05,广岛三箭,神户胜利船,Pinnacle,2.05,3.41,3.56,2.16,3.56,3.44,https://live.nowscore.com/1x2/2538821.htm,2026-10-02T03:23:37Z,
2024-07-06,鹿岛鹿角,札幌冈萨多,William Hill,1.40,4.50,6.50,1.44,4.20,6.00,https://live.nowscore.com/1x2/2538822.htm,2026-10-02T06:55:00Z,
2024-07-06,鹿岛鹿角,札幌冈萨多,bet365,1.48,4.33,6.00,1.48,4.33,6.25,https://live.nowscore.com/1x2/2538822.htm,2026-10-02T06:55:00Z,
2024-07-06,鹿岛鹿角,札幌冈萨多,Pinnacle,1.74,3.78,4.42,1.50,4.38,6.98,https://live.nowscore.com/1x2/2538822.htm,2026-10-02T06:55:00Z,
2024-07-06,町田泽维亚,名古屋鲸八,William Hill,1.85,3.30,3.90,1.80,3.30,4.20,https://live.nowscore.com/1x2/2538823.htm,2026-10-02T06:55:00Z,
2024-07-06,町田泽维亚,名古屋鲸八,bet365,1.95,3.30,4.00,1.90,3.60,4.00,https://live.nowscore.com/1x2/2538823.htm,2026-10-02T06:55:00Z,
2024-07-06,町田泽维亚,名古屋鲸八,Pinnacle,1.92,3.28,4.16,1.86,3.55,4.59,https://live.nowscore.com/1x2/2538823.htm,2026-10-02T06:55:00Z,
2024-07-06,新泻天鹅,鸟栖沙岩,William Hill,1.75,3.70,3.90,1.80,3.75,3.60,https://live.nowscore.com/1x2/2538825.htm,2026-10-02T06:55:00Z,
2024-07-06,新泻天鹅,鸟栖沙岩,bet365,1.80,3.70,4.33,1.85,3.90,3.90,https://live.nowscore.com/1x2/2538825.htm,2026-10-02T06:55:00Z,
2024-07-06,新泻天鹅,鸟栖沙岩,Pinnacle,1.77,3.74,4.26,1.88,3.91,4.02,https://live.nowscore.com/1x2/2538825.htm,2026-10-02T06:55:00Z,
2024-07-06,磐田喜悦,川崎前锋,William Hill,3.20,3.60,1.95,3.10,3.50,2.05,https://live.nowscore.com/1x2/2538826.htm,2026-10-02T06:55:00Z,
2024-07-06,磐田喜悦,川崎前锋,bet365,3.30,3.50,2.10,3.20,3.50,2.15,https://live.nowscore.com/1x2/2538826.htm,2026-10-02T06:55:00Z,
2024-07-06,磐田喜悦,川崎前锋,Pinnacle,3.38,3.58,2.06,3.29,3.78,2.15,https://live.nowscore.com/1x2/2538826.htm,2026-10-02T06:55:00Z,
2024-07-06,东京绿茵,大阪樱花,William Hill,2.75,3.10,2.45,2.80,3.20,2.30,https://live.nowscore.com/1x2/2538824.htm,2026-10-02T06:55:00Z,
2024-07-06,东京绿茵,大阪樱花,bet365,3.00,3.00,2.55,3.00,3.10,2.40,https://live.nowscore.com/1x2/2538824.htm,2026-10-02T06:55:00Z,
2024-07-06,东京绿茵,大阪樱花,Pinnacle,2.85,2.98,2.68,3.05,3.11,2.44,https://live.nowscore.com/1x2/2538824.htm,2026-10-02T06:55:00Z,
2024-07-06,浦和红钻,湘南海洋,William Hill,1.75,3.60,4.00,1.60,3.90,4.60,https://live.nowscore.com/1x2/2538827.htm,2026-10-02T06:55:00Z,
2024-07-06,浦和红钻,湘南海洋,bet365,1.83,3.60,4.20,1.66,3.80,4.75,https://live.nowscore.com/1x2/2538827.htm,2026-10-02T06:55:00Z,
2024-07-06,浦和红钻,湘南海洋,Pinnacle,1.83,3.63,4.15,1.76,3.79,4.30,https://live.nowscore.com/1x2/2538827.htm,2026-10-02T06:55:00Z,
2024-07-06,大阪钢巴,横滨水手,William Hill,2.45,3.30,2.60,2.25,3.50,2.70,https://live.nowscore.com/1x2/2538828.htm,2026-10-02T06:55:00Z,
2024-07-06,大阪钢巴,横滨水手,bet365,2.50,3.25,2.88,2.30,3.70,2.87,https://live.nowscore.com/1x2/2538828.htm,2026-10-02T06:55:00Z,
2024-07-06,大阪钢巴,横滨水手,Pinnacle,2.45,3.37,2.81,2.38,3.84,2.82,https://live.nowscore.com/1x2/2538828.htm,2026-10-02T06:55:00Z,
2024-07-06,柏太阳神,FC东京,William Hill,1.95,3.40,3.40,1.75,3.70,3.80,https://live.nowscore.com/1x2/2538829.htm,2026-10-02T06:55:00Z,
2024-07-06,柏太阳神,FC东京,bet365,2.00,3.40,3.60,1.85,3.80,3.75,https://live.nowscore.com/1x2/2538829.htm,2026-10-02T06:55:00Z,
2024-07-06,柏太阳神,FC东京,Pinnacle,2.05,3.41,3.56,1.89,3.88,4.01,https://live.nowscore.com/1x2/2538829.htm,2026-10-02T06:55:00Z,
2024-07-07,福冈黄蜂,京都不死鸟,William Hill,2.05,3.10,3.40,1.83,3.10,4.33,https://live.nowscore.com/1x2/2538830.htm,2026-10-02T06:58:00Z,
2024-07-07,福冈黄蜂,京都不死鸟,bet365,2.15,3.10,3.60,1.90,3.20,4.75,https://live.nowscore.com/1x2/2538830.htm,2026-10-02T06:58:00Z,
2024-07-07,福冈黄蜂,京都不死鸟,Pinnacle,2.19,3.04,3.63,1.97,3.23,4.57,https://live.nowscore.com/1x2/2538830.htm,2026-10-02T06:58:00Z,
2024-07-13,札幌冈萨多,神户胜利船,William Hill,6.50,4.33,1.40,6.00,4.33,1.44,https://live.nowscore.com/1x2/2538831.htm,2026-10-02T07:02:00Z,
2024-07-13,札幌冈萨多,神户胜利船,bet365,6.00,4.20,1.44,6.00,4.20,1.53,https://live.nowscore.com/1x2/2538831.htm,2026-10-02T07:02:00Z,
2024-07-13,札幌冈萨多,神户胜利船,Pinnacle,4.45,3.81,1.73,6.41,4.37,1.53,https://live.nowscore.com/1x2/2538831.htm,2026-10-02T07:02:00Z,
2024-07-13,FC东京,新泻天鹅,William Hill,2.25,3.30,2.80,2.15,3.40,2.90,https://live.nowscore.com/1x2/2538832.htm,2026-10-02T07:02:00Z,
2024-07-13,FC东京,新泻天鹅,bet365,2.30,3.10,3.00,2.20,3.60,3.00,https://live.nowscore.com/1x2/2538832.htm,2026-10-02T07:02:00Z,
2024-07-13,FC东京,新泻天鹅,Pinnacle,2.51,3.18,2.88,2.26,3.64,3.16,https://live.nowscore.com/1x2/2538832.htm,2026-10-02T07:02:00Z,
2024-07-14,名古屋鲸八,柏太阳神,William Hill,2.60,3.20,2.50,2.60,3.20,2.50,https://live.nowscore.com/1x2/2538833.htm,2026-10-02T07:08:00Z,
2024-07-14,名古屋鲸八,柏太阳神,bet365,2.63,3.10,2.55,2.70,3.10,2.70,https://live.nowscore.com/1x2/2538833.htm,2026-10-02T07:08:00Z,
2024-07-14,名古屋鲸八,柏太阳神,Pinnacle,2.61,3.12,2.80,2.82,3.19,2.74,https://live.nowscore.com/1x2/2538833.htm,2026-10-02T07:08:00Z,
2024-07-14,东京绿茵,町田泽维亚,William Hill,3.80,3.40,1.83,3.60,3.20,1.95,https://live.nowscore.com/1x2/2538834.htm,2026-10-02T07:08:00Z,
2024-07-14,东京绿茵,町田泽维亚,bet365,3.90,3.30,1.85,3.90,3.20,2.00,https://live.nowscore.com/1x2/2538834.htm,2026-10-02T07:08:00Z,
2024-07-14,东京绿茵,町田泽维亚,Pinnacle,3.92,3.33,1.97,4.01,3.20,2.12,https://live.nowscore.com/1x2/2538834.htm,2026-10-02T07:08:00Z,
2024-07-14,京都不死鸟,浦和红钻,William Hill,3.60,3.50,1.85,3.25,3.60,1.95,https://live.nowscore.com/1x2/2538835.htm,2026-10-02T07:08:00Z,
2024-07-14,京都不死鸟,浦和红钻,bet365,3.60,3.40,1.90,3.40,3.70,2.00,https://live.nowscore.com/1x2/2538835.htm,2026-10-02T07:08:00Z,
2024-07-14,京都不死鸟,浦和红钻,Pinnacle,3.87,3.53,1.92,3.53,3.83,2.04,https://live.nowscore.com/1x2/2538835.htm,2026-10-02T07:08:00Z,
2024-07-14,广岛三箭,福冈黄蜂,William Hill,1.44,3.90,6.50,1.50,3.90,6.00,https://live.nowscore.com/1x2/2538836.htm,2026-10-02T07:08:00Z,
2024-07-14,广岛三箭,福冈黄蜂,bet365,1.50,3.75,6.50,1.53,4.00,6.25,https://live.nowscore.com/1x2/2538836.htm,2026-10-02T07:08:00Z,
2024-07-14,广岛三箭,福冈黄蜂,Pinnacle,1.46,4.11,7.14,1.55,4.11,6.56,https://live.nowscore.com/1x2/2538836.htm,2026-10-02T07:08:00Z,
2024-07-14,川崎前锋,大阪樱花,William Hill,1.95,3.50,3.30,2.15,3.60,2.80,https://live.nowscore.com/1x2/2538837.htm,2026-10-02T07:08:00Z,
2024-07-14,川崎前锋,大阪樱花,bet365,2.00,3.40,3.30,2.35,3.50,2.90,https://live.nowscore.com/1x2/2538837.htm,2026-10-02T07:08:00Z,
2024-07-14,川崎前锋,大阪樱花,Pinnacle,2.18,3.47,3.19,2.22,3.80,3.12,https://live.nowscore.com/1x2/2538837.htm,2026-10-02T07:08:00Z,
2024-07-14,鸟栖沙岩,大阪钢巴,William Hill,3.40,3.50,1.91,3.25,3.50,2.00,https://live.nowscore.com/1x2/2538838.htm,2026-10-02T07:08:00Z,
2024-07-14,鸟栖沙岩,大阪钢巴,bet365,3.25,3.40,2.05,3.30,3.60,2.10,https://live.nowscore.com/1x2/2538838.htm,2026-10-02T07:08:00Z,
2024-07-14,鸟栖沙岩,大阪钢巴,Pinnacle,3.62,3.42,2.02,3.52,3.73,2.07,https://live.nowscore.com/1x2/2538838.htm,2026-10-02T07:08:00Z,
2024-07-14,湘南海洋,磐田喜悦,William Hill,1.91,3.50,3.50,1.91,3.50,3.50,https://live.nowscore.com/1x2/2538839.htm,2026-10-02T07:08:00Z,
2024-07-14,湘南海洋,磐田喜悦,bet365,2.00,3.40,3.30,2.00,3.50,3.70,https://live.nowscore.com/1x2/2538839.htm,2026-10-02T07:08:00Z,
2024-07-14,湘南海洋,磐田喜悦,Pinnacle,2.12,3.41,3.38,1.98,3.76,3.78,https://live.nowscore.com/1x2/2538839.htm,2026-10-02T07:08:00Z,
2024-07-14,横滨水手,鹿岛鹿角,William Hill,2.30,3.60,2.60,2.50,3.70,2.38,https://live.nowscore.com/1x2/2538840.htm,2026-10-02T07:08:00Z,
2024-07-14,横滨水手,鹿岛鹿角,bet365,2.40,3.40,2.63,2.70,3.70,2.45,https://live.nowscore.com/1x2/2538840.htm,2026-10-02T07:08:00Z,
2024-07-14,横滨水手,鹿岛鹿角,Pinnacle,2.52,3.46,2.68,2.71,3.84,2.47,https://live.nowscore.com/1x2/2538840.htm,2026-10-02T07:08:00Z,
2024-07-20,鹿岛鹿角,FC东京,William Hill,1.73,3.70,4.00,1.62,3.80,4.50,https://live.nowscore.com/1x2/2538841.htm,2026-10-02T07:12:00Z,
2024-07-20,鹿岛鹿角,FC东京,bet365,1.80,3.60,4.33,1.66,3.90,4.75,https://live.nowscore.com/1x2/2538841.htm,2026-10-02T07:12:00Z,
2024-07-20,鹿岛鹿角,FC东京,Pinnacle,1.76,3.70,4.40,1.73,4.04,4.74,https://live.nowscore.com/1x2/2538841.htm,2026-10-02T07:12:00Z,
2024-07-20,町田泽维亚(中),横滨水手,William Hill,1.73,3.90,3.75,2.00,3.70,3.00,https://live.nowscore.com/1x2/2538842.htm,2026-10-02T07:12:00Z,
2024-07-20,町田泽维亚(中),横滨水手,bet365,1.83,3.60,4.20,2.10,3.50,3.30,https://live.nowscore.com/1x2/2538842.htm,2026-10-02T07:12:00Z,
2024-07-20,町田泽维亚(中),横滨水手,Pinnacle,1.81,3.78,4.03,2.14,3.85,3.26,https://live.nowscore.com/1x2/2538842.htm,2026-10-02T07:12:00Z,
2024-07-20,福冈黄蜂,东京绿茵,William Hill,2.05,3.10,3.40,2.40,3.00,2.88,https://live.nowscore.com/1x2/2538843.htm,2026-10-02T07:12:00Z,
2024-07-20,福冈黄蜂,东京绿茵,bet365,2.20,3.00,3.60,2.60,2.90,3.00,https://live.nowscore.com/1x2/2538843.htm,2026-10-02T07:12:00Z,
2024-07-20,福冈黄蜂,东京绿茵,Pinnacle,2.44,2.86,3.34,2.59,3.06,3.12,https://live.nowscore.com/1x2/2538843.htm,2026-10-02T07:12:00Z,
2024-07-20,大阪樱花,新泻天鹅,William Hill,2.00,3.40,3.25,1.91,3.40,3.50,https://live.nowscore.com/1x2/2538844.htm,2026-10-02T07:12:00Z,
2024-07-20,大阪樱花,新泻天鹅,bet365,2.10,3.30,3.50,2.10,3.40,3.60,https://live.nowscore.com/1x2/2538844.htm,2026-10-02T07:12:00Z,
2024-07-20,大阪樱花,新泻天鹅,Pinnacle,2.10,3.35,3.49,2.05,3.59,3.72,https://live.nowscore.com/1x2/2538844.htm,2026-10-02T07:12:00Z,
2024-07-20,大阪钢巴,湘南海洋,William Hill,1.91,3.40,3.60,2.15,3.30,3.00,https://live.nowscore.com/1x2/2538845.htm,2026-10-02T07:12:00Z,
2024-07-20,大阪钢巴,湘南海洋,bet365,1.95,3.30,4.00,2.25,3.30,3.25,https://live.nowscore.com/1x2/2538845.htm,2026-10-02T07:12:00Z,
2024-07-20,大阪钢巴,湘南海洋,Pinnacle,2.08,3.34,3.53,2.27,3.44,3.31,https://live.nowscore.com/1x2/2538845.htm,2026-10-02T07:12:00Z,
2024-07-20,磐田喜悦,京都不死鸟,William Hill,2.25,3.30,2.80,2.70,3.20,2.40,https://live.nowscore.com/1x2/2538846.htm,2026-10-02T07:12:00Z,
2024-07-20,磐田喜悦,京都不死鸟,bet365,2.35,3.20,3.00,2.80,3.00,2.70,https://live.nowscore.com/1x2/2538846.htm,2026-10-02T07:12:00Z,
2024-07-20,磐田喜悦,京都不死鸟,Pinnacle,2.25,3.31,3.19,2.79,3.35,2.66,https://live.nowscore.com/1x2/2538846.htm,2026-10-02T07:12:00Z,
2024-07-20,柏太阳神,川崎前锋,William Hill,2.20,3.60,2.75,2.25,3.60,2.63,https://live.nowscore.com/1x2/2538847.htm,2026-10-02T07:12:00Z,
2024-07-20,柏太阳神,川崎前锋,bet365,2.35,3.50,2.88,2.40,3.60,2.75,https://live.nowscore.com/1x2/2538847.htm,2026-10-02T07:12:00Z,
2024-07-20,柏太阳神,川崎前锋,Pinnacle,2.31,3.52,2.92,2.41,3.84,2.79,https://live.nowscore.com/1x2/2538847.htm,2026-10-02T07:12:00Z,
2024-07-20,浦和红钻,札幌冈萨多,William Hill,1.50,4.20,5.00,1.65,4.00,4.20,https://live.nowscore.com/1x2/2538848.htm,2026-10-02T07:12:00Z,
2024-07-20,浦和红钻,札幌冈萨多,bet365,1.55,4.33,5.25,1.72,4.20,4.33,https://live.nowscore.com/1x2/2538848.htm,2026-10-02T07:12:00Z,
2024-07-20,浦和红钻,札幌冈萨多,Pinnacle,1.64,4.21,5.28,1.73,3.99,4.83,https://live.nowscore.com/1x2/2538848.htm,2026-10-02T07:12:00Z,
2024-07-20,神户胜利船,名古屋鲸八,William Hill,1.57,3.80,5.00,1.60,3.75,4.80,https://live.nowscore.com/1x2/2538849.htm,2026-10-02T07:12:00Z,
2024-07-20,神户胜利船,名古屋鲸八,bet365,1.62,3.75,5.50,1.70,3.80,5.00,https://live.nowscore.com/1x2/2538849.htm,2026-10-02T07:12:00Z,
2024-07-20,神户胜利船,名古屋鲸八,Pinnacle,1.71,3.61,4.89,1.70,3.95,5.14,https://live.nowscore.com/1x2/2538849.htm,2026-10-02T07:12:00Z,
2024-07-21,鸟栖沙岩,广岛三箭,William Hill,6.00,4.50,1.40,4.60,4.00,1.57,https://live.nowscore.com/1x2/2538850.htm,2026-10-02T07:15:00Z,
2024-07-21,鸟栖沙岩,广岛三箭,bet365,6.00,4.50,1.48,4.75,3.90,1.66,https://live.nowscore.com/1x2/2538850.htm,2026-10-02T07:15:00Z,
2024-07-21,鸟栖沙岩,广岛三箭,Pinnacle,6.20,4.71,1.44,4.96,4.14,1.68,https://live.nowscore.com/1x2/2538850.htm,2026-10-02T07:15:00Z,
2024-08-07,新泻天鹅,磐田喜悦,William Hill,1.80,3.70,3.70,1.70,3.60,4.20,https://live.nowscore.com/1x2/2538851.htm,2026-10-02T07:20:00Z,
2024-08-07,新泻天鹅,磐田喜悦,bet365,1.85,3.50,4.33,1.75,3.70,4.50,https://live.nowscore.com/1x2/2538851.htm,2026-10-02T07:20:00Z,
2024-08-07,新泻天鹅,磐田喜悦,Pinnacle,1.88,3.66,3.88,1.81,3.81,4.50,https://live.nowscore.com/1x2/2538851.htm,2026-10-02T07:20:00Z,
2024-08-07,大阪樱花,町田泽维亚,William Hill,2.88,3.40,2.20,2.90,3.20,2.25,https://live.nowscore.com/1x2/2538852.htm,2026-10-02T07:20:00Z,
2024-08-07,大阪樱花,町田泽维亚,bet365,3.20,3.20,2.35,3.10,3.10,2.37,https://live.nowscore.com/1x2/2538852.htm,2026-10-02T07:20:00Z,
2024-08-07,大阪樱花,町田泽维亚,Pinnacle,2.96,3.14,2.47,3.17,3.26,2.43,https://live.nowscore.com/1x2/2538852.htm,2026-10-02T07:20:00Z,
2024-08-07,大阪钢巴,FC东京,William Hill,1.91,3.50,3.40,2.00,3.30,3.40,https://live.nowscore.com/1x2/2538853.htm,2026-10-02T07:20:00Z,
2024-08-07,大阪钢巴,FC东京,bet365,2.05,3.30,3.80,2.05,3.25,3.80,https://live.nowscore.com/1x2/2538853.htm,2026-10-02T07:20:00Z,
2024-08-07,大阪钢巴,FC东京,Pinnacle,2.03,3.38,3.63,2.08,3.40,3.85,https://live.nowscore.com/1x2/2538853.htm,2026-10-02T07:20:00Z,
2024-08-07,鹿岛鹿角,鸟栖沙岩,William Hill,1.50,4.20,5.00,1.53,4.20,4.75,https://live.nowscore.com/1x2/2538854.htm,2026-10-02T07:20:00Z,
2024-08-07,鹿岛鹿角,鸟栖沙岩,bet365,1.57,4.20,5.50,1.60,4.20,5.25,https://live.nowscore.com/1x2/2538854.htm,2026-10-02T07:20:00Z,
2024-08-07,鹿岛鹿角,鸟栖沙岩,Pinnacle,1.53,4.30,5.52,1.62,4.48,5.02,https://live.nowscore.com/1x2/2538854.htm,2026-10-02T07:20:00Z,
2024-08-07,川崎前锋,神户胜利船,William Hill,2.88,3.75,2.05,2.75,3.50,2.20,https://live.nowscore.com/1x2/2538855.htm,2026-10-02T07:20:00Z,
2024-08-07,川崎前锋,神户胜利船,bet365,3.20,3.50,2.25,3.00,3.50,2.25,https://live.nowscore.com/1x2/2538855.htm,2026-10-02T07:20:00Z,
2024-08-07,川崎前锋,神户胜利船,Pinnacle,3.03,3.53,2.23,2.88,3.76,2.38,https://live.nowscore.com/1x2/2538855.htm,2026-10-02T07:20:00Z,
2024-08-07,京都不死鸟,名古屋鲸八,William Hill,2.75,3.30,2.30,2.90,3.20,2.25,https://live.nowscore.com/1x2/2538856.htm,2026-10-02T07:20:00Z,
2024-08-07,京都不死鸟,名古屋鲸八,bet365,2.90,3.20,2.50,2.80,3.20,2.50,https://live.nowscore.com/1x2/2538856.htm,2026-10-02T07:20:00Z,
2024-08-07,京都不死鸟,名古屋鲸八,Pinnacle,2.97,3.11,2.49,3.14,3.26,2.45,https://live.nowscore.com/1x2/2538856.htm,2026-10-02T07:20:00Z,
2024-08-07,湘南海洋,福冈黄蜂,William Hill,2.20,3.25,3.00,2.10,3.20,3.20,https://live.nowscore.com/1x2/2538857.htm,2026-10-02T07:20:00Z,
2024-08-07,湘南海洋,福冈黄蜂,bet365,2.30,3.20,3.30,2.25,3.20,3.30,https://live.nowscore.com/1x2/2538857.htm,2026-10-02T07:20:00Z,
2024-08-07,湘南海洋,福冈黄蜂,Pinnacle,2.27,3.04,3.43,2.31,3.20,3.47,https://live.nowscore.com/1x2/2538857.htm,2026-10-02T07:20:00Z,
2024-08-07,东京绿茵,广岛三箭,William Hill,3.70,3.50,1.83,4.20,3.60,1.70,https://live.nowscore.com/1x2/2538858.htm,2026-10-02T07:20:00Z,
2024-08-07,东京绿茵,广岛三箭,bet365,4.20,3.40,1.91,4.75,3.60,1.72,https://live.nowscore.com/1x2/2538858.htm,2026-10-02T07:20:00Z,
2024-08-07,东京绿茵,广岛三箭,Pinnacle,4.17,3.72,1.80,4.50,3.87,1.80,https://live.nowscore.com/1x2/2538858.htm,2026-10-02T07:20:00Z,
2024-08-07,横滨水手,札幌冈萨多,William Hill,1.53,4.40,4.60,1.57,4.40,4.20,https://live.nowscore.com/1x2/2538860.htm,2026-10-02T07:20:00Z,
2024-08-07,横滨水手,札幌冈萨多,bet365,1.62,4.20,5.25,1.66,4.33,4.20,https://live.nowscore.com/1x2/2538860.htm,2026-10-02T07:20:00Z,
2024-08-07,横滨水手,札幌冈萨多,Pinnacle,1.62,4.15,4.81,1.68,4.61,4.44,https://live.nowscore.com/1x2/2538860.htm,2026-10-02T07:20:00Z,
2024-08-10,札幌冈萨多,福冈黄蜂,William Hill,2.70,3.20,2.40,2.30,3.20,2.80,https://live.nowscore.com/1x2/2538861.htm,2026-10-02T07:24:00Z,
2024-08-10,札幌冈萨多,福冈黄蜂,bet365,2.80,3.20,2.55,2.40,3.30,2.90,https://live.nowscore.com/1x2/2538861.htm,2026-10-02T07:24:00Z,
2024-08-10,札幌冈萨多,福冈黄蜂,Pinnacle,2.85,3.14,2.56,2.47,3.29,3.08,https://live.nowscore.com/1x2/2538861.htm,2026-10-02T07:24:00Z,
2024-08-11,町田泽维亚,湘南海洋,William Hill,1.80,3.50,4.00,1.91,3.40,3.60,https://live.nowscore.com/1x2/2538862.htm,2026-10-02T07:28:00Z,
2024-08-11,町田泽维亚,湘南海洋,bet365,1.90,3.50,4.10,2.05,3.50,3.60,https://live.nowscore.com/1x2/2538862.htm,2026-10-02T07:28:00Z,
2024-08-11,町田泽维亚,湘南海洋,Pinnacle,1.77,3.63,4.45,2.07,3.56,3.69,https://live.nowscore.com/1x2/2538862.htm,2026-10-02T07:28:00Z,
2024-08-11,广岛三箭,大阪樱花,William Hill,1.62,3.80,4.50,1.55,3.90,5.00,https://live.nowscore.com/1x2/2538863.htm,2026-10-02T07:28:00Z,
2024-08-11,广岛三箭,大阪樱花,bet365,1.70,3.80,4.75,1.65,4.00,5.00,https://live.nowscore.com/1x2/2538863.htm,2026-10-02T07:28:00Z,
2024-08-11,广岛三箭,大阪樱花,Pinnacle,1.67,3.90,4.72,1.65,3.91,5.64,https://live.nowscore.com/1x2/2538863.htm,2026-10-02T07:28:00Z,
2024-08-11,FC东京,川崎前锋,William Hill,2.75,3.60,2.20,3.30,3.60,1.91,https://live.nowscore.com/1x2/2538864.htm,2026-10-02T07:28:00Z,
2024-08-11,FC东京,川崎前锋,bet365,2.90,3.50,2.25,3.40,3.70,2.00,https://live.nowscore.com/1x2/2538864.htm,2026-10-02T07:28:00Z,
2024-08-11,FC东京,川崎前锋,Pinnacle,2.91,3.53,2.30,3.52,3.82,2.05,https://live.nowscore.com/1x2/2538864.htm,2026-10-02T07:28:00Z,
2024-08-11,磐田喜悦,鹿岛鹿角,William Hill,3.80,3.50,1.80,4.75,3.80,1.60,https://live.nowscore.com/1x2/2538865.htm,2026-10-02T07:28:00Z,
2024-08-11,磐田喜悦,鹿岛鹿角,bet365,4.20,3.50,1.83,5.00,3.70,1.66,https://live.nowscore.com/1x2/2538865.htm,2026-10-02T07:28:00Z,
2024-08-11,磐田喜悦,鹿岛鹿角,Pinnacle,4.04,3.50,1.88,5.28,3.87,1.70,https://live.nowscore.com/1x2/2538865.htm,2026-10-02T07:28:00Z,
2024-08-11,柏太阳神,大阪钢巴,William Hill,2.00,3.30,3.30,2.00,3.50,3.20,https://live.nowscore.com/1x2/2538866.htm,2026-10-02T07:28:00Z,
2024-08-11,柏太阳神,大阪钢巴,bet365,2.20,3.20,3.30,2.05,3.40,3.50,https://live.nowscore.com/1x2/2538866.htm,2026-10-02T07:28:00Z,
2024-08-11,柏太阳神,大阪钢巴,Pinnacle,2.13,3.32,3.43,2.15,3.58,3.46,https://live.nowscore.com/1x2/2538866.htm,2026-10-02T07:28:00Z,
2024-08-11,名古屋鲸八,东京绿茵,William Hill,2.00,3.20,3.50,2.40,3.10,2.75,https://live.nowscore.com/1x2/2538867.htm,2026-10-02T07:28:00Z,
2024-08-11,名古屋鲸八,东京绿茵,bet365,2.20,3.00,3.50,2.55,3.00,3.00,https://live.nowscore.com/1x2/2538867.htm,2026-10-02T07:28:00Z,
2024-08-11,名古屋鲸八,东京绿茵,Pinnacle,2.12,3.11,3.73,2.57,3.17,3.05,https://live.nowscore.com/1x2/2538867.htm,2026-10-02T07:28:00Z,
2024-08-11,鸟栖沙岩,浦和红钻,William Hill,3.60,3.70,1.80,3.30,3.60,1.91,https://live.nowscore.com/1x2/2538868.htm,2026-10-02T07:28:00Z,
2024-08-11,鸟栖沙岩,浦和红钻,bet365,3.60,3.75,1.90,3.30,3.70,2.00,https://live.nowscore.com/1x2/2538868.htm,2026-10-02T07:28:00Z,
2024-08-11,鸟栖沙岩,浦和红钻,Pinnacle,3.92,3.80,1.83,3.42,3.85,2.07,https://live.nowscore.com/1x2/2538868.htm,2026-10-02T07:28:00Z,
2024-08-11,横滨水手,神户胜利船,William Hill,2.90,3.70,2.05,2.30,3.75,2.50,https://live.nowscore.com/1x2/2538869.htm,2026-10-02T07:28:00Z,
2024-08-11,横滨水手,神户胜利船,bet365,3.10,3.60,2.15,2.45,3.50,2.62,https://live.nowscore.com/1x2/2538869.htm,2026-10-02T07:28:00Z,
2024-08-11,横滨水手,神户胜利船,Pinnacle,3.08,3.70,2.15,2.57,3.84,2.61,https://live.nowscore.com/1x2/2538869.htm,2026-10-02T07:28:00Z,
2024-08-12,新泻天鹅,京都不死鸟,William Hill,1.95,3.40,3.40,2.05,3.40,3.20,https://live.nowscore.com/1x2/2538870.htm,2026-10-02T07:32:00Z,
2024-08-12,新泻天鹅,京都不死鸟,bet365,2.10,3.40,3.30,2.05,3.40,3.60,https://live.nowscore.com/1x2/2538870.htm,2026-10-02T07:32:00Z,
2024-08-12,新泻天鹅,京都不死鸟,Pinnacle,1.99,3.49,3.64,2.05,3.60,3.72,https://live.nowscore.com/1x2/2538870.htm,2026-10-02T07:32:00Z,
2024-08-16,札幌冈萨多,鸟栖沙岩,William Hill,2.00,3.70,3.00,2.10,3.70,2.80,https://live.nowscore.com/1x2/2538871.htm,2026-10-02T07:35:00Z,
2024-08-16,札幌冈萨多,鸟栖沙岩,bet365,2.05,3.60,3.00,2.15,3.75,3.00,https://live.nowscore.com/1x2/2538871.htm,2026-10-02T07:35:00Z,
2024-08-16,札幌冈萨多,鸟栖沙岩,Pinnacle,2.06,3.62,3.31,2.21,3.77,3.17,https://live.nowscore.com/1x2/2538871.htm,2026-10-02T07:35:00Z,
2024-08-17,鹿岛鹿角,浦和红钻,William Hill,2.10,3.50,3.00,2.05,3.40,3.10,https://live.nowscore.com/1x2/2538872.htm,2026-10-02T07:38:00Z,
2024-08-17,鹿岛鹿角,浦和红钻,bet365,2.15,3.30,3.10,2.15,3.50,3.20,https://live.nowscore.com/1x2/2538872.htm,2026-10-02T07:38:00Z,
2024-08-17,鹿岛鹿角,浦和红钻,Pinnacle,2.27,3.34,3.12,2.30,3.50,3.20,https://live.nowscore.com/1x2/2538872.htm,2026-10-02T07:38:00Z,
2024-08-17,町田泽维亚,磐田喜悦,William Hill,1.50,3.90,5.50,1.44,4.20,6.00,https://live.nowscore.com/1x2/2538873.htm,2026-10-02T07:38:00Z,
2024-08-17,町田泽维亚,磐田喜悦,bet365,1.53,3.80,5.50,1.53,4.00,6.00,https://live.nowscore.com/1x2/2538873.htm,2026-10-02T07:38:00Z,
2024-08-17,町田泽维亚,磐田喜悦,Pinnacle,1.60,3.89,5.45,1.55,4.34,6.18,https://live.nowscore.com/1x2/2538873.htm,2026-10-02T07:38:00Z,
2024-08-17,大阪樱花,京都不死鸟,William Hill,1.85,3.50,3.60,2.05,3.40,3.10,https://live.nowscore.com/1x2/2538874.htm,2026-10-02T07:38:00Z,
2024-08-17,大阪樱花,京都不死鸟,bet365,1.90,3.30,3.75,2.15,3.40,3.40,https://live.nowscore.com/1x2/2538874.htm,2026-10-02T07:38:00Z,
2024-08-17,大阪樱花,京都不死鸟,Pinnacle,1.88,3.52,4.00,2.18,3.46,3.49,https://live.nowscore.com/1x2/2538874.htm,2026-10-02T07:38:00Z,
2024-08-17,FC东京,东京绿茵,William Hill,2.45,3.25,2.60,2.88,3.25,2.25,https://live.nowscore.com/1x2/2538875.htm,2026-10-02T07:38:00Z,
2024-08-17,FC东京,东京绿茵,bet365,2.50,3.20,2.63,3.20,3.20,2.30,https://live.nowscore.com/1x2/2538875.htm,2026-10-02T07:38:00Z,
2024-08-17,FC东京,东京绿茵,Pinnacle,2.40,3.19,3.02,3.26,3.37,2.33,https://live.nowscore.com/1x2/2538875.htm,2026-10-02T07:38:00Z,
2024-08-17,川崎前锋,横滨水手,William Hill,1.95,3.90,3.00,2.00,4.00,2.88,https://live.nowscore.com/1x2/2538876.htm,2026-10-02T07:38:00Z,
2024-08-17,川崎前锋,横滨水手,bet365,2.05,3.80,2.90,2.05,4.20,3.00,https://live.nowscore.com/1x2/2538876.htm,2026-10-02T07:38:00Z,
2024-08-17,川崎前锋,横滨水手,Pinnacle,2.24,3.84,2.84,2.07,4.24,3.16,https://live.nowscore.com/1x2/2538876.htm,2026-10-02T07:38:00Z,
2024-08-17,名古屋鲸八,广岛三箭,William Hill,NULL,NULL,NULL,NULL,NULL,NULL,https://live.nowscore.com/1x2/2538877.htm,2026-10-02T07:38:00Z,
2024-08-17,名古屋鲸八,广岛三箭,bet365,4.20,3.25,1.80,4.20,3.20,1.95,https://live.nowscore.com/1x2/2538877.htm,2026-10-02T07:38:00Z,
2024-08-17,名古屋鲸八,广岛三箭,Pinnacle,4.17,3.49,1.86,4.29,3.48,1.94,https://live.nowscore.com/1x2/2538877.htm,2026-10-02T07:38:00Z,
2024-08-17,湘南海洋,柏太阳神,William Hill,2.63,3.40,2.38,2.50,3.30,2.50,https://live.nowscore.com/1x2/2538878.htm,2026-10-02T07:38:00Z,
2024-08-17,湘南海洋,柏太阳神,bet365,2.70,3.25,2.40,2.70,3.40,2.55,https://live.nowscore.com/1x2/2538878.htm,2026-10-02T07:38:00Z,
2024-08-17,湘南海洋,柏太阳神,Pinnacle,2.88,3.33,2.42,2.74,3.43,2.66,https://live.nowscore.com/1x2/2538878.htm,2026-10-02T07:38:00Z,
2024-08-17,神户胜利船,大阪钢巴,William Hill,1.75,3.60,4.00,1.91,3.30,3.60,https://live.nowscore.com/1x2/2538879.htm,2026-10-02T07:38:00Z,
2024-08-17,神户胜利船,大阪钢巴,bet365,1.80,3.40,4.00,2.05,3.20,3.80,https://live.nowscore.com/1x2/2538879.htm,2026-10-02T07:38:00Z,
2024-08-17,神户胜利船,大阪钢巴,Pinnacle,1.72,3.69,4.65,2.07,3.42,3.85,https://live.nowscore.com/1x2/2538879.htm,2026-10-02T07:38:00Z,
2024-08-17,福冈黄蜂,新泻天鹅,William Hill,2.38,3.10,2.80,2.60,3.00,2.63,https://live.nowscore.com/1x2/2538880.htm,2026-10-02T07:38:00Z,
2024-08-17,福冈黄蜂,新泻天鹅,bet365,2.30,3.10,2.75,2.75,3.00,2.70,https://live.nowscore.com/1x2/2538880.htm,2026-10-02T07:38:00Z,
2024-08-17,福冈黄蜂,新泻天鹅,Pinnacle,2.54,2.99,3.01,2.87,2.98,2.87,https://live.nowscore.com/1x2/2538880.htm,2026-10-02T07:38:00Z,
2024-08-24,大阪钢巴,福冈黄蜂,William Hill,2.05,3.20,3.30,1.91,3.10,3.90,https://live.nowscore.com/1x2/2538881.htm,2026-10-02T07:42:00Z,
2024-08-24,大阪钢巴,福冈黄蜂,bet365,2.10,3.00,3.50,2.00,3.20,4.10,https://live.nowscore.com/1x2/2538881.htm,2026-10-02T07:42:00Z,
2024-08-24,大阪钢巴,福冈黄蜂,Pinnacle,2.19,3.04,3.64,2.06,3.19,4.27,https://live.nowscore.com/1x2/2538881.htm,2026-10-02T07:42:00Z,
2024-08-24,京都不死鸟,FC东京,William Hill,2.30,3.50,2.63,1.95,3.60,3.20,https://live.nowscore.com/1x2/2538882.htm,2026-10-02T07:42:00Z,
2024-08-24,京都不死鸟,FC东京,bet365,2.40,3.10,2.70,2.00,3.60,3.50,https://live.nowscore.com/1x2/2538882.htm,2026-10-02T07:42:00Z,
2024-08-24,京都不死鸟,FC东京,Pinnacle,2.66,3.28,2.64,2.06,3.79,3.51,https://live.nowscore.com/1x2/2538882.htm,2026-10-02T07:42:00Z,
2024-08-24,湘南海洋,名古屋鲸八,William Hill,2.25,3.30,2.80,2.30,3.20,2.80,https://live.nowscore.com/1x2/2538883.htm,2026-10-02T07:42:00Z,
2024-08-24,湘南海洋,名古屋鲸八,bet365,2.30,3.20,2.88,2.50,3.20,2.90,https://live.nowscore.com/1x2/2538883.htm,2026-10-02T07:42:00Z,
2024-08-24,湘南海洋,名古屋鲸八,Pinnacle,2.42,3.15,3.03,2.55,3.17,3.08,https://live.nowscore.com/1x2/2538883.htm,2026-10-02T07:42:00Z,
2024-08-24,横滨水手,大阪樱花,William Hill,1.91,3.90,3.10,1.75,3.90,3.60,https://live.nowscore.com/1x2/2538885.htm,2026-10-02T07:42:00Z,
2024-08-24,横滨水手,大阪樱花,bet365,2.00,3.50,3.25,1.85,4.00,3.60,https://live.nowscore.com/1x2/2538885.htm,2026-10-02T07:42:00Z,
2024-08-24,横滨水手,大阪樱花,Pinnacle,2.15,3.62,3.12,1.86,4.26,3.79,https://live.nowscore.com/1x2/2538885.htm,2026-10-02T07:42:00Z,
2024-08-25,东京绿茵,鹿岛鹿角,William Hill,3.10,3.30,2.10,2.63,3.20,2.45,https://live.nowscore.com/1x2/2538886.htm,2026-10-02T07:45:00Z,
2024-08-25,东京绿茵,鹿岛鹿角,bet365,3.25,3.00,2.25,2.90,3.10,2.50,https://live.nowscore.com/1x2/2538886.htm,2026-10-02T07:45:00Z,
2024-08-25,东京绿茵,鹿岛鹿角,Pinnacle,3.30,3.16,2.27,2.93,3.23,2.62,https://live.nowscore.com/1x2/2538886.htm,2026-10-02T07:45:00Z,
2024-08-25,广岛三箭,柏太阳神,William Hill,1.60,3.90,4.50,1.57,3.90,4.80,https://live.nowscore.com/1x2/2538887.htm,2026-10-02T07:45:00Z,
2024-08-25,广岛三箭,柏太阳神,bet365,1.65,3.75,4.50,1.66,3.75,5.00,https://live.nowscore.com/1x2/2538887.htm,2026-10-02T07:45:00Z,
2024-08-25,广岛三箭,柏太阳神,Pinnacle,1.67,3.92,4.68,1.71,3.94,5.07,https://live.nowscore.com/1x2/2538887.htm,2026-10-02T07:45:00Z,
2024-08-25,新泻天鹅,町田泽维亚,William Hill,3.00,3.40,2.10,2.80,3.20,2.30,https://live.nowscore.com/1x2/2538888.htm,2026-10-02T07:45:00Z,
2024-08-25,新泻天鹅,町田泽维亚,bet365,3.20,3.00,2.25,2.90,3.20,2.50,https://live.nowscore.com/1x2/2538888.htm,2026-10-02T07:45:00Z,
2024-08-25,新泻天鹅,町田泽维亚,Pinnacle,3.26,3.22,2.26,3.04,3.32,2.48,https://live.nowscore.com/1x2/2538888.htm,2026-10-02T07:45:00Z,
2024-08-25,磐田喜悦,札幌冈萨多,William Hill,2.30,3.70,2.50,2.38,3.40,2.60,https://live.nowscore.com/1x2/2538889.htm,2026-10-02T07:45:00Z,
2024-08-25,磐田喜悦,札幌冈萨多,bet365,2.50,3.25,2.63,2.55,3.30,2.70,https://live.nowscore.com/1x2/2538889.htm,2026-10-02T07:45:00Z,
2024-08-25,磐田喜悦,札幌冈萨多,Pinnacle,2.48,3.45,2.72,2.58,3.51,2.78,https://live.nowscore.com/1x2/2538889.htm,2026-10-02T07:45:00Z,
2024-08-25,神户胜利船,鸟栖沙岩,William Hill,1.36,4.60,6.50,1.25,5.00,9.50,https://live.nowscore.com/1x2/2538890.htm,2026-10-02T07:45:00Z,
2024-08-25,神户胜利船,鸟栖沙岩,bet365,1.42,4.50,6.00,1.33,5.00,9.50,https://live.nowscore.com/1x2/2538890.htm,2026-10-02T07:45:00Z,
2024-08-25,神户胜利船,鸟栖沙岩,Pinnacle,1.38,5.36,7.87,1.33,5.60,9.40,https://live.nowscore.com/1x2/2538890.htm,2026-10-02T07:45:00Z,
2024-08-31,町田泽维亚(中),浦和红钻,William Hill,2.00,3.50,3.20,2.10,3.20,3.25,https://live.nowscore.com/1x2/2538891.htm,2026-10-02T07:50:00Z,
2024-08-31,町田泽维亚(中),浦和红钻,bet365,2.15,3.40,3.30,2.10,3.40,3.50,https://live.nowscore.com/1x2/2538891.htm,2026-10-02T07:50:00Z,
2024-08-31,町田泽维亚(中),浦和红钻,Pinnacle,2.11,3.32,3.49,2.16,3.31,3.74,https://live.nowscore.com/1x2/2538891.htm,2026-10-02T07:50:00Z,
2024-08-31,广岛三箭,FC东京,William Hill,1.40,4.33,6.50,1.33,4.80,7.00,https://live.nowscore.com/1x2/2538892.htm,2026-10-02T07:50:00Z,
2024-08-31,广岛三箭,FC东京,bet365,1.48,4.33,6.50,1.40,4.75,7.50,https://live.nowscore.com/1x2/2538892.htm,2026-10-02T07:50:00Z,
2024-08-31,广岛三箭,FC东京,Pinnacle,1.46,4.45,6.27,1.39,5.07,8.19,https://live.nowscore.com/1x2/2538892.htm,2026-10-02T07:50:00Z,
2024-08-31,柏太阳神,东京绿茵,William Hill,1.91,3.40,3.60,2.30,3.25,2.80,https://live.nowscore.com/1x2/2538895.htm,2026-10-02T07:50:00Z,
2024-08-31,柏太阳神,东京绿茵,bet365,2.00,3.40,3.75,2.37,3.30,2.90,https://live.nowscore.com/1x2/2538895.htm,2026-10-02T07:50:00Z,
2024-08-31,柏太阳神,东京绿茵,Pinnacle,2.01,3.37,3.72,2.51,3.38,2.95,https://live.nowscore.com/1x2/2538895.htm,2026-10-02T07:50:00Z,
2024-08-31,鸟栖沙岩,湘南海洋,William Hill,2.90,3.60,2.10,3.10,3.60,2.00,https://live.nowscore.com/1x2/2538898.htm,2026-10-02T07:50:00Z,
2024-08-31,鸟栖沙岩,湘南海洋,bet365,3.10,3.50,2.20,3.30,3.50,2.10,https://live.nowscore.com/1x2/2538898.htm,2026-10-02T07:50:00Z,
2024-08-31,鸟栖沙岩,湘南海洋,Pinnacle,3.16,3.49,2.18,3.55,3.65,2.09,https://live.nowscore.com/1x2/2538898.htm,2026-10-02T07:50:00Z,
2024-09-01,札幌冈萨多,川崎前锋,William Hill,3.60,4.00,1.75,3.25,3.90,1.85,https://live.nowscore.com/1x2/2538899.htm,2026-10-02T07:55:00Z,
2024-09-01,札幌冈萨多,川崎前锋,bet365,4.10,3.75,1.80,3.50,3.90,1.95,https://live.nowscore.com/1x2/2538899.htm,2026-10-02T07:55:00Z,
2024-09-01,札幌冈萨多,川崎前锋,Pinnacle,3.80,3.94,1.83,3.46,4.17,1.98,https://live.nowscore.com/1x2/2538899.htm,2026-10-02T07:55:00Z,
2024-09-01,福冈黄蜂,神户胜利船,William Hill,4.20,3.25,1.80,4.20,3.25,1.80,https://live.nowscore.com/1x2/2538900.htm,2026-10-02T07:55:00Z,
2024-09-01,福冈黄蜂,神户胜利船,bet365,4.33,3.20,1.91,4.75,3.20,1.83,https://live.nowscore.com/1x2/2538900.htm,2026-10-02T07:55:00Z,
2024-09-01,福冈黄蜂,神户胜利船,Pinnacle,4.52,3.25,1.87,4.75,3.30,1.92,https://live.nowscore.com/1x2/2538900.htm,2026-10-02T07:55:00Z,
2024-09-13,川崎前锋,鸟栖沙岩,William Hill,1.40,4.75,5.50,1.36,4.80,6.50,https://live.nowscore.com/1x2/2538908.htm,2026-10-02T08:00:00Z,
2024-09-13,川崎前锋,鸟栖沙岩,bet365,1.48,3.90,6.50,1.42,4.50,7.00,https://live.nowscore.com/1x2/2538908.htm,2026-10-02T08:00:00Z,
2024-09-13,川崎前锋,鸟栖沙岩,Pinnacle,1.45,4.82,5.77,1.40,5.08,7.54,https://live.nowscore.com/1x2/2538908.htm,2026-10-02T08:00:00Z,
2024-09-13,神户胜利船,大阪樱花,William Hill,1.57,3.90,4.75,1.62,3.75,4.60,https://live.nowscore.com/1x2/2538909.htm,2026-10-02T08:00:00Z,
2024-09-13,神户胜利船,大阪樱花,bet365,1.62,3.40,5.25,1.70,3.60,5.00,https://live.nowscore.com/1x2/2538909.htm,2026-10-02T08:00:00Z,
2024-09-13,神户胜利船,大阪樱花,Pinnacle,1.64,3.93,4.88,1.75,3.85,4.79,https://live.nowscore.com/1x2/2538909.htm,2026-10-02T08:00:00Z,
2024-09-13,横滨水手,京都不死鸟,William Hill,1.65,4.20,4.00,1.75,4.00,3.60,https://live.nowscore.com/1x2/2538910.htm,2026-10-02T08:00:00Z,
2024-09-13,横滨水手,京都不死鸟,bet365,1.75,3.50,4.33,1.85,3.70,4.00,https://live.nowscore.com/1x2/2538910.htm,2026-10-02T08:00:00Z,
2024-09-13,横滨水手,京都不死鸟,Pinnacle,1.78,4.13,3.83,1.88,4.17,3.71,https://live.nowscore.com/1x2/2538910.htm,2026-10-02T08:00:00Z,
2024-02-23,广岛三箭,浦和红钻,William Hill,1.80,3.30,3.90,1.95,3.20,3.40,https://live.nowscore.com/1x2/2511566.htm,2026-10-02T03:00:00Z,
2024-02-23,广岛三箭,浦和红钻,bet365,1.91,3.40,4.00,2.10,3.25,3.50,https://live.nowscore.com/1x2/2511566.htm,2026-10-02T03:00:00Z,
2024-02-23,广岛三箭,浦和红钻,Pinnacle,2.04,3.32,4.01,2.18,3.32,3.74,https://live.nowscore.com/1x2/2511566.htm,2026-10-02T03:00:00Z,
2024-02-23,名古屋鲸八,鹿岛鹿角,William Hill,2.45,2.90,2.75,2.50,2.90,2.70,https://live.nowscore.com/1x2/2511564.htm,2026-10-02T03:00:00Z,
2024-02-23,名古屋鲸八,鹿岛鹿角,bet365,2.60,3.00,2.90,2.70,3.00,2.80,https://live.nowscore.com/1x2/2511564.htm,2026-10-02T03:00:00Z,
2024-02-23,名古屋鲸八,鹿岛鹿角,Pinnacle,2.71,2.98,2.98,2.81,3.00,2.95,https://live.nowscore.com/1x2/2511564.htm,2026-10-02T03:00:00Z,
2024-02-24,磐田喜悦,神户胜利船,William Hill,4.33,3.70,1.65,4.20,3.60,1.67,https://live.nowscore.com/1x2/2511561.htm,2026-10-02T03:00:00Z,
2024-02-24,磐田喜悦,神户胜利船,bet365,4.50,3.75,1.73,4.20,3.80,1.80,https://live.nowscore.com/1x2/2511561.htm,2026-10-02T03:00:00Z,
2024-02-24,磐田喜悦,神户胜利船,Pinnacle,4.88,3.75,1.75,4.65,3.73,1.83,https://live.nowscore.com/1x2/2511561.htm,2026-10-02T03:00:00Z,
2024-02-24,福冈黄蜂,札幌冈萨多,William Hill,2.40,3.30,2.50,2.80,3.10,2.30,https://live.nowscore.com/1x2/2511559.htm,2026-10-02T03:00:00Z,
2024-02-24,福冈黄蜂,札幌冈萨多,bet365,2.50,3.20,2.88,3.00,3.20,2.45,https://live.nowscore.com/1x2/2511559.htm,2026-10-02T03:00:00Z,
2024-02-24,福冈黄蜂,札幌冈萨多,Pinnacle,2.90,3.29,2.55,3.12,3.19,2.54,https://live.nowscore.com/1x2/2511559.htm,2026-10-02T03:00:00Z,
2024-02-24,大阪樱花,FC东京,William Hill,2.00,3.20,3.30,2.10,3.20,3.10,https://live.nowscore.com/1x2/2511560.htm,2026-10-02T03:00:00Z,
2024-02-24,大阪樱花,FC东京,bet365,2.10,3.40,3.40,2.25,3.30,3.25,https://live.nowscore.com/1x2/2511560.htm,2026-10-02T03:00:00Z,
2024-02-24,大阪樱花,FC东京,Pinnacle,2.17,3.36,3.55,2.33,3.28,3.41,https://live.nowscore.com/1x2/2511560.htm,2026-10-02T03:00:00Z,
2024-02-24,町田泽维亚,大阪钢巴,William Hill,1.91,3.40,3.40,2.10,3.25,3.00,https://live.nowscore.com/1x2/2511563.htm,2026-10-02T03:00:00Z,
2024-02-24,町田泽维亚,大阪钢巴,bet365,2.00,3.50,3.60,2.37,3.30,3.10,https://live.nowscore.com/1x2/2511563.htm,2026-10-02T03:00:00Z,
2024-02-24,町田泽维亚,大阪钢巴,Pinnacle,2.03,3.41,3.91,2.37,3.26,3.34,https://live.nowscore.com/1x2/2511563.htm,2026-10-02T03:00:00Z,
2024-02-24,鸟栖沙岩,新泻天鹅,William Hill,3.00,3.20,2.15,2.80,3.20,2.25,https://live.nowscore.com/1x2/2511565.htm,2026-10-02T03:00:00Z,
2024-02-24,鸟栖沙岩,新泻天鹅,bet365,3.20,3.25,2.25,3.10,3.10,2.40,https://live.nowscore.com/1x2/2511565.htm,2026-10-02T03:00:00Z,
2024-02-24,鸟栖沙岩,新泻天鹅,Pinnacle,3.28,3.35,2.29,3.14,3.18,2.53,https://live.nowscore.com/1x2/2511565.htm,2026-10-02T03:00:00Z,
2024-02-24,湘南海洋,川崎前锋,William Hill,3.40,3.60,1.85,3.40,3.60,1.85,https://live.nowscore.com/1x2/2511567.htm,2026-10-02T03:00:00Z,
2024-02-24,湘南海洋,川崎前锋,bet365,3.75,3.60,1.91,3.80,3.60,1.95,https://live.nowscore.com/1x2/2511567.htm,2026-10-02T03:00:00Z,
2024-02-24,湘南海洋,川崎前锋,Pinnacle,3.57,3.57,2.08,3.78,3.69,2.03,https://live.nowscore.com/1x2/2511567.htm,2026-10-02T03:00:00Z,
2024-02-25,柏太阳神,京都不死鸟,William Hill,2.63,3.10,2.40,2.10,3.10,3.20,https://live.nowscore.com/1x2/2511562.htm,2026-10-02T03:00:00Z,
2024-02-25,柏太阳神,京都不死鸟,bet365,2.55,3.00,3.00,2.15,3.20,3.75,https://live.nowscore.com/1x2/2511562.htm,2026-10-02T03:00:00Z,
2024-02-25,柏太阳神,京都不死鸟,Pinnacle,2.58,3.06,3.06,2.22,3.32,3.61,https://live.nowscore.com/1x2/2511562.htm,2026-10-02T03:00:00Z,
2024-02-25,东京绿茵,横滨水手,William Hill,4.75,3.70,1.57,3.60,3.60,1.80,https://live.nowscore.com/1x2/2511568.htm,2026-10-02T03:00:00Z,
2024-02-25,东京绿茵,横滨水手,bet365,5.00,3.80,1.67,3.60,3.80,1.95,https://live.nowscore.com/1x2/2511568.htm,2026-10-02T03:00:00Z,
2024-02-25,东京绿茵,横滨水手,Pinnacle,4.92,3.98,1.70,3.91,3.82,1.95,https://live.nowscore.com/1x2/2511568.htm,2026-10-02T03:00:00Z,
2024-03-01,川崎前锋,磐田喜悦,William Hill,1.36,4.33,6.50,1.53,4.00,5.00,https://live.nowscore.com/1x2/2511572.htm,2026-10-02T03:00:00Z,
2024-03-01,川崎前锋,磐田喜悦,bet365,1.45,4.20,6.00,1.65,4.00,5.00,https://live.nowscore.com/1x2/2511572.htm,2026-10-02T03:00:00Z,
2024-03-01,川崎前锋,磐田喜悦,Pinnacle,1.48,4.52,6.76,1.64,4.23,5.40,https://live.nowscore.com/1x2/2511572.htm,2026-10-02T03:00:00Z,
2024-03-01,横滨水手,福冈黄蜂,William Hill,1.62,3.80,4.20,1.70,3.60,4.33,https://live.nowscore.com/1x2/2511576.htm,2026-10-02T03:00:00Z,
2024-03-01,横滨水手,福冈黄蜂,bet365,1.70,3.75,4.33,1.75,3.75,4.50,https://live.nowscore.com/1x2/2511576.htm,2026-10-02T03:00:00Z,
2024-03-01,横滨水手,福冈黄蜂,Pinnacle,1.83,3.81,4.32,1.80,3.86,4.63,https://live.nowscore.com/1x2/2511576.htm,2026-10-02T03:00:00Z,
2024-03-02,FC东京,广岛三箭,William Hill,2.63,3.40,2.25,4.00,3.60,1.75,https://live.nowscore.com/1x2/2511569.htm,2026-10-02T03:00:00Z,
2024-03-02,FC东京,广岛三箭,bet365,2.70,3.40,2.38,4.33,3.75,1.80,https://live.nowscore.com/1x2/2511569.htm,2026-10-02T03:00:00Z,
2024-03-02,FC东京,广岛三箭,Pinnacle,2.86,3.43,2.51,4.32,3.75,1.88,https://live.nowscore.com/1x2/2511569.htm,2026-10-02T03:00:00Z,
2024-03-02,大阪钢巴,新泻天鹅,William Hill,2.30,3.20,2.70,2.45,3.20,2.63,https://live.nowscore.com/1x2/2511570.htm,2026-10-02T03:00:00Z,
2024-03-02,大阪钢巴,新泻天鹅,bet365,2.38,3.20,2.88,2.62,3.25,2.75,https://live.nowscore.com/1x2/2511570.htm,2026-10-02T03:00:00Z,
2024-03-02,大阪钢巴,新泻天鹅,Pinnacle,2.57,3.24,2.92,2.77,3.13,2.88,https://live.nowscore.com/1x2/2511570.htm,2026-10-02T03:00:00Z,
2024-03-02,鹿岛鹿角,大阪樱花,William Hill,2.05,3.20,3.20,2.10,3.20,3.20,https://live.nowscore.com/1x2/2511571.htm,2026-10-02T03:00:00Z,
2024-03-02,鹿岛鹿角,大阪樱花,bet365,2.10,3.20,3.25,2.25,3.25,3.30,https://live.nowscore.com/1x2/2511571.htm,2026-10-02T03:00:00Z,
2024-03-02,鹿岛鹿角,大阪樱花,Pinnacle,2.26,3.27,3.43,2.37,3.26,3.34,https://live.nowscore.com/1x2/2511571.htm,2026-10-02T03:00:00Z,
2024-03-02,京都不死鸟,湘南海洋,William Hill,2.38,3.20,2.63,2.20,3.20,3.00,https://live.nowscore.com/1x2/2511573.htm,2026-10-02T03:00:00Z,
2024-03-02,京都不死鸟,湘南海洋,bet365,2.30,3.30,2.80,2.20,3.40,3.40,https://live.nowscore.com/1x2/2511573.htm,2026-10-02T03:00:00Z,
2024-03-02,京都不死鸟,湘南海洋,Pinnacle,2.42,3.38,3.01,2.28,3.26,3.54,https://live.nowscore.com/1x2/2511573.htm,2026-10-02T03:00:00Z,
2024-03-02,神户胜利船,柏太阳神,William Hill,1.75,3.50,3.90,1.80,3.40,4.00,https://live.nowscore.com/1x2/2511575.htm,2026-10-02T03:00:00Z,
2024-03-02,神户胜利船,柏太阳神,bet365,1.80,3.40,4.00,1.85,3.40,4.33,https://live.nowscore.com/1x2/2511575.htm,2026-10-02T03:00:00Z,
2024-03-02,神户胜利船,柏太阳神,Pinnacle,1.93,3.56,4.11,1.92,3.52,4.47,https://live.nowscore.com/1x2/2511575.htm,2026-10-02T03:00:00Z,
2024-03-02,鸟栖沙岩,札幌冈萨多,William Hill,3.30,3.60,1.85,3.20,3.60,1.95,https://live.nowscore.com/1x2/2538991.htm,2026-10-02T03:00:00Z,
2024-03-02,鸟栖沙岩,札幌冈萨多,bet365,3.00,3.50,2.05,3.60,3.50,2.05,https://live.nowscore.com/1x2/2538991.htm,2026-10-02T03:00:00Z,
2024-03-02,鸟栖沙岩,札幌冈萨多,Pinnacle,3.71,4.00,1.92,3.62,3.64,2.09,https://live.nowscore.com/1x2/2538991.htm,2026-10-02T03:00:00Z,
2024-03-02,名古屋鲸八,町田泽维亚,William Hill,1.53,3.90,4.80,2.00,3.30,3.40,https://live.nowscore.com/1x2/2538992.htm,2026-10-02T03:00:00Z,
2024-03-02,名古屋鲸八,町田泽维亚,bet365,1.57,4.00,5.00,2.20,3.30,3.40,https://live.nowscore.com/1x2/2538992.htm,2026-10-02T03:00:00Z,
2024-03-02,名古屋鲸八,町田泽维亚,Pinnacle,1.62,4.14,5.40,2.30,3.31,3.44,https://live.nowscore.com/1x2/2538992.htm,2026-10-02T03:00:00Z,
2024-03-03,浦和红钻,东京绿茵,William Hill,1.44,3.90,6.00,1.70,3.40,4.50,https://live.nowscore.com/1x2/2511574.htm,2026-10-02T03:00:00Z,
2024-03-03,浦和红钻,东京绿茵,bet365,1.50,4.00,5.75,1.83,3.60,4.33,https://live.nowscore.com/1x2/2511574.htm,2026-10-02T03:00:00Z,
2024-03-03,浦和红钻,东京绿茵,Pinnacle,1.68,3.83,5.27,1.85,3.55,4.84,https://live.nowscore.com/1x2/2511574.htm,2026-10-02T03:00:00Z,
2024-03-09,新泻天鹅,名古屋鲸八,William Hill,2.40,3.20,2.70,2.25,3.00,3.10,https://live.nowscore.com/1x2/2538631.htm,2026-10-02T03:00:00Z,
2024-03-09,新泻天鹅,名古屋鲸八,bet365,2.50,3.20,2.80,2.37,3.20,3.20,https://live.nowscore.com/1x2/2538631.htm,2026-10-02T03:00:00Z,
2024-03-09,新泻天鹅,名古屋鲸八,Pinnacle,2.59,3.13,2.98,2.40,2.99,3.60,https://live.nowscore.com/1x2/2538631.htm,2026-10-02T03:00:00Z,
2024-03-09,磐田喜悦,柏太阳神,William Hill,2.70,3.25,2.38,3.00,3.10,2.25,https://live.nowscore.com/1x2/2538632.htm,2026-10-02T03:00:00Z,
2024-03-09,磐田喜悦,柏太阳神,bet365,2.80,3.30,2.50,3.10,3.10,2.40,https://live.nowscore.com/1x2/2538632.htm,2026-10-02T03:00:00Z,
2024-03-09,磐田喜悦,柏太阳神,Pinnacle,2.92,3.29,2.54,3.33,3.16,2.44,https://live.nowscore.com/1x2/2538632.htm,2026-10-02T03:00:00Z,
2024-03-09,町田泽维亚,鹿岛鹿角,William Hill,4.20,3.40,1.75,2.60,3.10,2.60,https://live.nowscore.com/1x2/2538633.htm,2026-10-02T03:00:00Z,
2024-03-09,町田泽维亚,鹿岛鹿角,bet365,3.30,3.20,2.25,2.80,3.10,2.70,https://live.nowscore.com/1x2/2538633.htm,2026-10-02T03:00:00Z,
2024-03-09,町田泽维亚,鹿岛鹿角,Pinnacle,3.35,3.24,2.31,2.71,3.20,2.89,https://live.nowscore.com/1x2/2538633.htm,2026-10-02T03:00:00Z,
2024-03-09,福冈黄蜂,湘南海洋,William Hill,2.15,3.10,3.20,2.45,2.90,2.88,https://live.nowscore.com/1x2/2538635.htm,2026-10-02T03:00:00Z,
2024-03-09,福冈黄蜂,湘南海洋,bet365,2.20,3.10,3.50,2.60,3.00,3.10,https://live.nowscore.com/1x2/2538635.htm,2026-10-02T03:00:00Z,
2024-03-09,福冈黄蜂,湘南海洋,Pinnacle,2.40,3.08,3.32,2.70,2.98,3.12,https://live.nowscore.com/1x2/2538635.htm,2026-10-02T03:00:00Z,
2024-03-09,广岛三箭,鸟栖沙岩,William Hill,1.55,3.90,5.00,1.33,4.75,7.00,https://live.nowscore.com/1x2/2538636.htm,2026-10-02T03:00:00Z,
2024-03-09,广岛三箭,鸟栖沙岩,bet365,1.50,4.20,6.50,1.40,4.75,7.00,https://live.nowscore.com/1x2/2538636.htm,2026-10-02T03:00:00Z,
2024-03-09,广岛三箭,鸟栖沙岩,Pinnacle,1.53,4.38,6.13,1.43,4.94,7.55,https://live.nowscore.com/1x2/2538636.htm,2026-10-02T03:00:00Z,
2024-03-09,大阪樱花,东京绿茵,William Hill,1.83,3.40,3.80,2.10,3.10,3.30,https://live.nowscore.com/1x2/2538637.htm,2026-10-02T03:00:00Z,
2024-03-09,大阪樱花,东京绿茵,bet365,2.05,3.30,3.60,2.25,3.10,3.30,https://live.nowscore.com/1x2/2538637.htm,2026-10-02T03:00:00Z,
2024-03-09,大阪樱花,东京绿茵,Pinnacle,2.11,3.32,3.77,2.38,3.06,3.56,https://live.nowscore.com/1x2/2538637.htm,2026-10-02T03:00:00Z,
2024-03-09,FC东京,神户胜利船,William Hill,2.40,3.20,2.70,3.00,3.30,2.15,https://live.nowscore.com/1x2/2538638.htm,2026-10-02T03:00:00Z,
2024-03-09,FC东京,神户胜利船,bet365,3.50,3.40,2.05,3.25,3.40,2.20,https://live.nowscore.com/1x2/2538638.htm,2026-10-02T03:00:00Z,
2024-03-09,FC东京,神户胜利船,Pinnacle,3.57,3.52,2.10,3.39,3.39,2.29,https://live.nowscore.com/1x2/2538638.htm,2026-10-02T03:00:00Z,
2024-03-09,川崎前锋,京都不死鸟,William Hill,1.62,3.80,4.50,1.75,3.60,4.00,https://live.nowscore.com/1x2/2538639.htm,2026-10-02T03:00:00Z,
2024-03-09,川崎前锋,京都不死鸟,bet365,1.73,3.80,4.50,1.85,3.60,4.00,https://live.nowscore.com/1x2/2538639.htm,2026-10-02T03:00:00Z,
2024-03-09,川崎前锋,京都不死鸟,Pinnacle,1.75,3.90,4.65,1.92,3.64,4.24,https://live.nowscore.com/1x2/2538639.htm,2026-10-02T03:00:00Z,
2024-04-10,横滨水手,大阪钢巴,William Hill,1.75,3.80,3.70,1.91,3.60,3.40,https://live.nowscore.com/1x2/2538634.htm,2026-10-02T03:00:00Z,
2024-04-10,横滨水手,大阪钢巴,bet365,1.83,3.75,4.00,1.95,3.50,3.75,https://live.nowscore.com/1x2/2538634.htm,2026-10-02T03:00:00Z,
2024-04-10,横滨水手,大阪钢巴,Pinnacle,1.73,4.27,4.34,2.02,3.78,3.68,https://live.nowscore.com/1x2/2538634.htm,2026-10-02T03:00:00Z,
2025-02-22,柏太阳神,川崎前锋,William Hill,2.50,3.40,2.50,3.25,3.30,2.10,https://live.nowscore.com/1x2/2701591.htm,2026-10-02T03:30:00Z,
2025-02-22,柏太阳神,川崎前锋,bet365,2.55,3.40,2.60,3.50,3.40,2.05,https://live.nowscore.com/1x2/2701591.htm,2026-10-02T03:30:00Z,
2025-02-22,柏太阳神,川崎前锋,Pinnacle,2.43,3.35,2.85,3.69,3.50,2.09,https://live.nowscore.com/1x2/2701591.htm,2026-10-02T03:30:00Z,
2025-02-22,京都不死鸟,浦和红钻,William Hill,2.70,3.25,2.45,3.10,3.25,2.20,https://live.nowscore.com/1x2/2701592.htm,2026-10-02T03:30:00Z,
2025-02-22,京都不死鸟,浦和红钻,bet365,2.80,3.25,2.45,3.40,3.40,2.10,https://live.nowscore.com/1x2/2701592.htm,2026-10-02T03:30:00Z,
2025-02-22,京都不死鸟,浦和红钻,Pinnacle,2.76,3.29,2.54,3.22,3.39,2.34,https://live.nowscore.com/1x2/2701592.htm,2026-10-02T03:30:00Z,
2025-02-22,名古屋鲸八,神户胜利船,William Hill,3.70,3.20,2.00,3.30,2.90,2.25,https://live.nowscore.com/1x2/2701593.htm,2026-10-02T03:30:00Z,
2025-02-22,名古屋鲸八,神户胜利船,bet365,3.70,3.25,1.95,3.40,3.00,2.30,https://live.nowscore.com/1x2/2701593.htm,2026-10-02T03:30:00Z,
2025-02-22,名古屋鲸八,神户胜利船,Pinnacle,4.56,3.40,1.81,3.42,3.03,2.44,https://live.nowscore.com/1x2/2701593.htm,2026-10-02T03:30:00Z,
2025-02-22,清水鼓动,新泻天鹅,William Hill,2.30,3.30,2.88,2.60,2.88,2.90,https://live.nowscore.com/1x2/2701595.htm,2026-10-02T03:30:00Z,
2025-02-22,清水鼓动,新泻天鹅,bet365,2.60,3.25,2.60,2.55,2.87,3.10,https://live.nowscore.com/1x2/2701595.htm,2026-10-02T03:30:00Z,
2025-02-22,清水鼓动,新泻天鹅,Pinnacle,2.50,3.38,2.74,2.64,3.02,3.09,https://live.nowscore.com/1x2/2701595.htm,2026-10-02T03:30:00Z,
2025-02-22,横滨FC,冈山绿雉,William Hill,2.15,3.10,3.40,2.30,2.88,3.25,https://live.nowscore.com/1x2/2701596.htm,2026-10-02T03:30:00Z,
2025-02-22,横滨FC,冈山绿雉,bet365,1.83,3.40,4.33,2.35,3.00,3.30,https://live.nowscore.com/1x2/2701596.htm,2026-10-02T03:30:00Z,
2025-02-22,横滨FC,冈山绿雉,Pinnacle,1.91,3.43,4.05,2.51,2.93,3.41,https://live.nowscore.com/1x2/2701596.htm,2026-10-02T03:30:00Z,
2025-02-22,大阪樱花,湘南海洋,William Hill,2.00,3.40,3.40,2.45,3.30,2.70,https://live.nowscore.com/1x2/2701587.htm,2026-10-02T03:30:00Z,
2025-02-22,大阪樱花,湘南海洋,bet365,2.00,3.50,3.50,2.50,3.25,2.80,https://live.nowscore.com/1x2/2701587.htm,2026-10-02T03:30:00Z,
2025-02-22,大阪樱花,湘南海洋,Pinnacle,2.24,3.27,3.25,2.54,3.49,2.84,https://live.nowscore.com/1x2/2701587.htm,2026-10-02T03:30:00Z,
2025-02-22,FC东京,町田泽维亚,William Hill,3.25,3.10,2.20,3.50,2.90,2.15,https://live.nowscore.com/1x2/2701588.htm,2026-10-02T03:30:00Z,
2025-02-22,FC东京,町田泽维亚,bet365,3.20,3.40,2.15,3.40,3.10,2.25,https://live.nowscore.com/1x2/2701588.htm,2026-10-02T03:30:00Z,
2025-02-22,FC东京,町田泽维亚,Pinnacle,3.27,3.34,2.19,3.74,3.19,2.21,https://live.nowscore.com/1x2/2701588.htm,2026-10-02T03:30:00Z,
2025-02-22,大阪钢巴,福冈黄蜂,William Hill,1.95,3.10,3.90,2.00,3.00,3.90,https://live.nowscore.com/1x2/2701589.htm,2026-10-02T03:30:00Z,
2025-02-22,大阪钢巴,福冈黄蜂,bet365,1.95,3.00,4.20,2.10,3.00,3.80,https://live.nowscore.com/1x2/2701589.htm,2026-10-02T03:30:00Z,
2025-02-22,大阪钢巴,福冈黄蜂,Pinnacle,2.09,3.01,3.96,2.15,3.14,4.00,https://live.nowscore.com/1x2/2701589.htm,2026-10-02T03:30:00Z,
2025-02-22,鹿岛鹿角,东京绿茵,William Hill,2.05,3.10,3.50,2.50,2.80,3.10,https://live.nowscore.com/1x2/2701590.htm,2026-10-02T03:30:00Z,
2025-02-22,鹿岛鹿角,东京绿茵,bet365,2.05,3.00,3.60,2.70,2.70,3.00,https://live.nowscore.com/1x2/2701590.htm,2026-10-02T03:30:00Z,
2025-02-22,鹿岛鹿角,东京绿茵,Pinnacle,2.02,3.25,3.83,2.74,2.87,3.12,https://live.nowscore.com/1x2/2701590.htm,2026-10-02T03:30:00Z,
2025-02-23,广岛三箭,横滨水手,William Hill,1.62,4.20,4.40,1.55,4.20,5.00,https://live.nowscore.com/1x2/2701594.htm,2026-10-02T03:30:00Z,
2025-02-23,广岛三箭,横滨水手,bet365,1.60,4.50,4.20,1.55,4.75,4.75,https://live.nowscore.com/1x2/2701594.htm,2026-10-02T03:30:00Z,
2025-02-23,广岛三箭,横滨水手,Pinnacle,1.51,4.63,5.25,1.58,4.60,5.35,https://live.nowscore.com/1x2/2701594.htm,2026-10-02T03:30:00Z,
2025-02-26,福冈黄蜂,川崎前锋,William Hill,3.50,3.10,2.05,4.00,3.30,1.85,https://live.nowscore.com/1x2/2701597.htm,2026-10-02T03:30:00Z,
2025-02-26,福冈黄蜂,川崎前锋,bet365,3.60,3.30,2.05,4.10,3.50,1.85,https://live.nowscore.com/1x2/2701597.htm,2026-10-02T03:30:00Z,
2025-02-26,福冈黄蜂,川崎前锋,Pinnacle,3.28,3.17,2.27,4.37,3.59,1.89,https://live.nowscore.com/1x2/2701597.htm,2026-10-02T03:30:00Z,
2025-02-26,FC东京,名古屋鲸八,William Hill,2.63,2.90,2.80,2.90,2.75,2.63,https://live.nowscore.com/1x2/2701598.htm,2026-10-02T03:30:00Z,
2025-02-26,FC东京,名古屋鲸八,bet365,2.63,3.00,2.80,3.00,2.75,2.62,https://live.nowscore.com/1x2/2701598.htm,2026-10-02T03:30:00Z,
2025-02-26,FC东京,名古屋鲸八,Pinnacle,2.61,3.08,2.84,3.16,2.85,2.74,https://live.nowscore.com/1x2/2701598.htm,2026-10-02T03:30:00Z,
2025-02-26,鹿岛鹿角,新泻天鹅,William Hill,2.05,3.25,3.40,2.20,3.00,3.40,https://live.nowscore.com/1x2/2701599.htm,2026-10-02T03:30:00Z,
2025-02-26,鹿岛鹿角,新泻天鹅,bet365,2.05,3.50,3.50,2.20,3.20,3.30,https://live.nowscore.com/1x2/2701599.htm,2026-10-02T03:30:00Z,
2025-02-26,鹿岛鹿角,新泻天鹅,Pinnacle,2.11,3.38,3.42,2.29,3.26,3.45,https://live.nowscore.com/1x2/2701599.htm,2026-10-02T03:30:00Z,
2025-02-26,柏太阳神,大阪樱花,William Hill,2.30,3.00,3.00,2.40,2.90,3.10,https://live.nowscore.com/1x2/2701600.htm,2026-10-02T03:30:00Z,
2025-02-26,柏太阳神,大阪樱花,bet365,2.38,3.10,3.10,2.45,2.90,3.20,https://live.nowscore.com/1x2/2701600.htm,2026-10-02T03:30:00Z,
2025-02-26,柏太阳神,大阪樱花,Pinnacle,2.06,3.29,3.64,2.53,3.00,3.28,https://live.nowscore.com/1x2/2701600.htm,2026-10-02T03:30:00Z,
2025-02-26,町田泽维亚,东京绿茵,William Hill,2.10,3.00,3.60,2.15,2.90,3.60,https://live.nowscore.com/1x2/2701601.htm,2026-10-02T03:30:00Z,
2025-02-26,町田泽维亚,东京绿茵,bet365,2.10,3.10,3.75,2.15,3.00,3.75,https://live.nowscore.com/1x2/2701601.htm,2026-10-02T03:30:00Z,
2025-02-26,町田泽维亚,东京绿茵,Pinnacle,2.02,3.15,4.01,2.24,2.92,4.09,https://live.nowscore.com/1x2/2701601.htm,2026-10-02T03:30:00Z,
2025-02-26,冈山绿雉,大阪钢巴,William Hill,3.25,3.00,2.25,2.63,3.00,2.63,https://live.nowscore.com/1x2/2701602.htm,2026-10-02T03:30:00Z,
2025-02-26,冈山绿雉,大阪钢巴,bet365,3.75,3.40,2.00,2.62,3.25,2.70,https://live.nowscore.com/1x2/2701602.htm,2026-10-02T03:30:00Z,
2025-02-26,冈山绿雉,大阪钢巴,Pinnacle,3.26,3.27,2.23,2.75,3.11,2.87,https://live.nowscore.com/1x2/2701602.htm,2026-10-02T03:30:00Z,
2025-02-26,清水鼓动,广岛三箭,William Hill,3.90,3.40,1.85,3.70,3.10,2.00,https://live.nowscore.com/1x2/2701603.htm,2026-10-02T03:30:00Z,
2025-02-26,清水鼓动,广岛三箭,bet365,5.00,3.50,1.73,3.75,3.20,2.00,https://live.nowscore.com/1x2/2701603.htm,2026-10-02T03:30:00Z,
2025-02-26,清水鼓动,广岛三箭,Pinnacle,3.78,3.81,1.86,4.03,3.42,2.02,https://live.nowscore.com/1x2/2701603.htm,2026-10-02T03:30:00Z,
2025-02-26,湘南海洋,浦和红钻,William Hill,3.20,3.10,2.20,2.50,3.10,2.63,https://live.nowscore.com/1x2/2701604.htm,2026-10-02T03:30:00Z,
2025-02-26,湘南海洋,浦和红钻,bet365,3.20,3.40,2.20,2.60,3.40,2.60,https://live.nowscore.com/1x2/2701604.htm,2026-10-02T03:30:00Z,
2025-02-26,湘南海洋,浦和红钻,Pinnacle,2.67,3.27,2.63,2.71,3.48,2.65,https://live.nowscore.com/1x2/2701604.htm,2026-10-02T03:30:00Z,
2025-02-26,神户胜利船,京都不死鸟,William Hill,1.60,3.80,5.00,2.10,3.30,3.25,https://live.nowscore.com/1x2/2701605.htm,2026-10-02T03:30:00Z,
2025-02-26,神户胜利船,京都不死鸟,bet365,1.60,4.00,5.25,2.05,3.50,3.50,https://live.nowscore.com/1x2/2701605.htm,2026-10-02T03:30:00Z,
2025-02-26,神户胜利船,京都不死鸟,Pinnacle,1.65,4.00,4.76,2.21,3.48,3.42,https://live.nowscore.com/1x2/2701605.htm,2026-10-02T03:30:00Z,
2025-02-26,横滨水手,横滨FC,William Hill,1.95,3.40,3.60,2.25,3.00,3.20,https://live.nowscore.com/1x2/2701606.htm,2026-10-02T03:30:00Z,
2025-02-26,横滨水手,横滨FC,bet365,1.80,3.30,4.80,2.25,3.25,3.20,https://live.nowscore.com/1x2/2701606.htm,2026-10-02T03:30:00Z,
2025-02-26,横滨水手,横滨FC,Pinnacle,1.92,3.63,3.72,2.34,3.32,3.27,https://live.nowscore.com/1x2/2701606.htm,2026-10-02T03:30:00Z,
2025-03-01,横滨水手,湘南海洋,William Hill,1.91,3.60,3.50,2.40,3.40,2.70,https://live.nowscore.com/1x2/2701616.htm,2026-10-02T03:30:00Z,
2025-03-01,横滨水手,湘南海洋,bet365,2.05,3.70,3.30,2.45,3.50,2.75,https://live.nowscore.com/1x2/2701616.htm,2026-10-02T03:30:00Z,
2025-03-01,横滨水手,湘南海洋,Pinnacle,2.01,3.95,3.19,2.48,3.57,2.86,https://live.nowscore.com/1x2/2701616.htm,2026-10-02T03:30:00Z,
2025-03-01,鹿岛鹿角,FC东京,William Hill,1.83,3.30,4.33,1.95,3.10,3.90,https://live.nowscore.com/1x2/2701608.htm,2026-10-02T03:30:00Z,
2025-03-01,鹿岛鹿角,FC东京,bet365,1.85,3.40,4.33,1.95,3.40,4.00,https://live.nowscore.com/1x2/2701608.htm,2026-10-02T03:30:00Z,
2025-03-01,鹿岛鹿角,FC东京,Pinnacle,1.85,3.37,4.38,2.01,3.34,4.22,https://live.nowscore.com/1x2/2701608.htm,2026-10-02T03:30:00Z,
2025-03-01,川崎前锋,京都不死鸟,William Hill,1.75,3.60,4.00,1.91,3.50,3.75,https://live.nowscore.com/1x2/2701609.htm,2026-10-02T03:30:00Z,
2025-03-01,川崎前锋,京都不死鸟,bet365,1.75,3.75,4.33,1.80,3.90,4.10,https://live.nowscore.com/1x2/2701609.htm,2026-10-02T03:30:00Z,
2025-03-01,川崎前锋,京都不死鸟,Pinnacle,1.77,3.77,4.28,1.77,3.96,4.60,https://live.nowscore.com/1x2/2701609.htm,2026-10-02T03:30:00Z,
2025-03-01,神户胜利船,福冈黄蜂,William Hill,1.75,3.25,5.00,2.30,2.80,3.30,https://live.nowscore.com/1x2/2701615.htm,2026-10-02T03:30:00Z,
2025-03-01,神户胜利船,福冈黄蜂,bet365,1.75,3.50,4.75,2.25,3.10,3.50,https://live.nowscore.com/1x2/2701615.htm,2026-10-02T03:30:00Z,
2025-03-01,神户胜利船,福冈黄蜂,Pinnacle,1.68,3.49,5.40,2.38,2.96,3.63,https://live.nowscore.com/1x2/2701615.htm,2026-10-02T03:30:00Z,
2025-03-02,新泻天鹅,大阪樱花,William Hill,2.30,3.10,3.00,2.40,3.00,3.00,https://live.nowscore.com/1x2/2701607.htm,2026-10-02T03:30:00Z,
2025-03-02,新泻天鹅,大阪樱花,bet365,2.30,3.40,3.00,2.40,3.20,3.00,https://live.nowscore.com/1x2/2701607.htm,2026-10-02T03:30:00Z,
2025-03-02,新泻天鹅,大阪樱花,Pinnacle,2.06,3.31,3.63,2.47,3.23,3.14,https://live.nowscore.com/1x2/2701607.htm,2026-10-02T03:30:00Z,
2025-03-02,名古屋鲸八,町田泽维亚,William Hill,3.00,2.90,2.45,3.30,2.80,2.30,https://live.nowscore.com/1x2/2701610.htm,2026-10-02T03:30:00Z,
2025-03-02,名古屋鲸八,町田泽维亚,bet365,3.00,3.00,2.55,3.20,2.90,2.50,https://live.nowscore.com/1x2/2701610.htm,2026-10-02T03:30:00Z,
2025-03-02,名古屋鲸八,町田泽维亚,Pinnacle,3.37,2.86,2.41,3.79,2.92,2.34,https://live.nowscore.com/1x2/2701610.htm,2026-10-02T03:30:00Z,
2025-03-02,冈山绿雉,清水鼓动,William Hill,3.00,3.00,2.38,2.75,3.00,2.50,https://live.nowscore.com/1x2/2701611.htm,2026-10-02T03:30:00Z,
2025-03-02,冈山绿雉,清水鼓动,bet365,2.75,3.20,2.55,2.80,3.20,2.55,https://live.nowscore.com/1x2/2701611.htm,2026-10-02T03:30:00Z,
2025-03-02,冈山绿雉,清水鼓动,Pinnacle,2.47,2.95,3.16,2.98,3.03,2.72,https://live.nowscore.com/1x2/2701611.htm,2026-10-02T03:30:00Z,
2025-03-02,东京绿茵,大阪钢巴,William Hill,2.63,2.90,2.75,1.95,3.00,4.00,https://live.nowscore.com/1x2/2701614.htm,2026-10-02T03:30:00Z,
2025-03-02,东京绿茵,大阪钢巴,bet365,2.55,3.20,2.75,1.95,3.30,4.00,https://live.nowscore.com/1x2/2701614.htm,2026-10-02T03:30:00Z,
2025-03-02,东京绿茵,大阪钢巴,Pinnacle,2.55,3.05,2.94,2.00,3.27,4.38,https://live.nowscore.com/1x2/2701614.htm,2026-10-02T03:30:00Z,
2025-03-02,广岛三箭,横滨FC,William Hill,1.62,3.75,5.00,1.91,3.10,4.00,https://live.nowscore.com/1x2/2701612.htm,2026-10-02T03:30:00Z,
2025-03-02,广岛三箭,横滨FC,bet365,1.60,4.00,5.25,1.95,3.25,4.00,https://live.nowscore.com/1x2/2701612.htm,2026-10-02T03:30:00Z,
2025-03-02,广岛三箭,横滨FC,Pinnacle,1.56,4.30,5.12,1.92,3.37,4.60,https://live.nowscore.com/1x2/2701612.htm,2026-10-02T03:30:00Z,
2025-03-02,浦和红钻,柏太阳神,William Hill,2.05,3.10,3.60,2.38,3.00,3.00,https://live.nowscore.com/1x2/2701613.htm,2026-10-02T03:30:00Z,
2025-03-02,浦和红钻,柏太阳神,bet365,2.10,3.10,3.75,2.30,3.10,3.25,https://live.nowscore.com/1x2/2701613.htm,2026-10-02T03:30:00Z,
2025-03-02,浦和红钻,柏太阳神,Pinnacle,2.02,3.29,3.80,2.38,3.20,3.32,https://live.nowscore.com/1x2/2701613.htm,2026-10-02T03:30:00Z,
2025-03-08,浦和红钻,冈山绿雉,William Hill,2.20,3.10,3.10,1.95,3.25,3.80,https://live.nowscore.com/1x2/2701624.htm,2026-10-02T03:30:00Z,
2025-03-08,浦和红钻,冈山绿雉,bet365,2.60,3.20,2.80,1.85,3.30,4.50,https://live.nowscore.com/1x2/2701624.htm,2026-10-02T03:30:00Z,
2025-03-08,浦和红钻,冈山绿雉,Pinnacle,2.40,3.15,3.06,2.05,3.43,3.94,https://live.nowscore.com/1x2/2701624.htm,2026-10-02T03:30:00Z,
2025-03-08,新泻天鹅,东京绿茵,William Hill,2.45,3.00,2.90,2.40,2.90,3.10,https://live.nowscore.com/1x2/2701617.htm,2026-10-02T03:30:00Z,
2025-03-08,新泻天鹅,东京绿茵,bet365,2.55,3.00,3.00,2.40,3.00,3.20,https://live.nowscore.com/1x2/2701617.htm,2026-10-02T03:30:00Z,
2025-03-08,新泻天鹅,东京绿茵,Pinnacle,2.41,3.06,3.14,2.54,3.15,3.10,https://live.nowscore.com/1x2/2701617.htm,2026-10-02T03:30:00Z,
2025-03-08,大阪钢巴,清水鼓动,William Hill,2.30,3.00,3.10,3.00,3.00,2.38,https://live.nowscore.com/1x2/2701620.htm,2026-10-02T03:30:00Z,
2025-03-08,大阪钢巴,清水鼓动,bet365,2.10,3.25,3.60,3.10,3.25,2.35,https://live.nowscore.com/1x2/2701620.htm,2026-10-02T03:30:00Z,
2025-03-08,大阪钢巴,清水鼓动,Pinnacle,2.34,3.16,3.16,3.25,3.25,2.39,https://live.nowscore.com/1x2/2701620.htm,2026-10-02T03:30:00Z,
2025-03-08,大阪樱花,名古屋鲸八,William Hill,2.40,2.90,3.10,2.38,3.00,3.00,https://live.nowscore.com/1x2/2701618.htm,2026-10-02T03:30:00Z,
2025-03-08,大阪樱花,名古屋鲸八,bet365,2.40,2.90,3.25,2.37,3.00,3.10,https://live.nowscore.com/1x2/2701618.htm,2026-10-02T03:30:00Z,
2025-03-08,大阪樱花,名古屋鲸八,Pinnacle,2.46,2.99,3.13,2.44,3.22,3.21,https://live.nowscore.com/1x2/2701618.htm,2026-10-02T03:30:00Z,
2025-03-08,FC东京,湘南海洋,William Hill,2.60,3.00,2.70,3.50,3.20,2.05,https://live.nowscore.com/1x2/2701619.htm,2026-10-02T03:30:00Z,
2025-03-08,FC东京,湘南海洋,bet365,2.63,3.20,2.63,3.50,3.40,2.05,https://live.nowscore.com/1x2/2701619.htm,2026-10-02T03:30:00Z,
2025-03-08,FC东京,湘南海洋,Pinnacle,2.68,3.13,2.73,3.71,3.39,2.13,https://live.nowscore.com/1x2/2701619.htm,2026-10-02T03:30:00Z,
2025-03-08,柏太阳神,鹿岛鹿角,William Hill,2.70,3.00,2.63,2.75,2.90,2.63,https://live.nowscore.com/1x2/2701621.htm,2026-10-02T03:30:00Z,
2025-03-08,柏太阳神,鹿岛鹿角,bet365,2.70,3.20,2.70,2.75,3.10,2.70,https://live.nowscore.com/1x2/2701621.htm,2026-10-02T03:30:00Z,
2025-03-08,柏太阳神,鹿岛鹿角,Pinnacle,2.80,3.01,2.69,2.88,3.05,2.79,https://live.nowscore.com/1x2/2701621.htm,2026-10-02T03:30:00Z,
2025-03-08,横滨FC,町田泽维亚,William Hill,3.30,3.00,2.20,3.60,2.75,2.25,https://live.nowscore.com/1x2/2701626.htm,2026-10-02T03:30:00Z,
2025-03-08,横滨FC,町田泽维亚,bet365,3.25,3.25,2.20,3.70,2.80,2.30,https://live.nowscore.com/1x2/2701626.htm,2026-10-02T03:30:00Z,
2025-03-08,横滨FC,町田泽维亚,Pinnacle,3.41,3.14,2.23,3.78,2.88,2.37,https://live.nowscore.com/1x2/2701626.htm,2026-10-02T03:30:00Z,
2025-03-09,京都不死鸟,福冈黄蜂,William Hill,2.30,3.10,3.00,2.25,3.00,3.20,https://live.nowscore.com/1x2/2701623.htm,2026-10-02T03:30:00Z,
2025-03-09,京都不死鸟,福冈黄蜂,bet365,2.35,3.00,3.25,2.25,3.00,3.60,https://live.nowscore.com/1x2/2701623.htm,2026-10-02T03:30:00Z,
2025-03-09,京都不死鸟,福冈黄蜂,Pinnacle,2.13,3.12,3.66,2.21,3.39,3.50,https://live.nowscore.com/1x2/2701623.htm,2026-10-02T03:30:00Z,
2025-03-15,福冈黄蜂,FC东京,William Hill,2.30,2.88,3.30,2.38,2.75,3.30,https://live.nowscore.com/1x2/2701627.htm,2026-10-02T03:30:00Z,
2025-03-15,福冈黄蜂,FC东京,bet365,2.35,2.90,3.25,2.30,2.90,3.40,https://live.nowscore.com/1x2/2701627.htm,2026-10-02T03:30:00Z,
2025-03-15,福冈黄蜂,FC东京,Pinnacle,2.34,2.87,3.51,2.46,2.88,3.58,https://live.nowscore.com/1x2/2701627.htm,2026-10-02T03:30:00Z,
2025-03-15,町田泽维亚,新泻天鹅,William Hill,2.00,3.10,3.80,2.15,2.90,3.70,https://live.nowscore.com/1x2/2701629.htm,2026-10-02T03:30:00Z,
2025-03-15,町田泽维亚,新泻天鹅,bet365,2.00,3.20,3.70,2.10,3.10,3.70,https://live.nowscore.com/1x2/2701629.htm,2026-10-02T03:30:00Z,
2025-03-15,町田泽维亚,新泻天鹅,Pinnacle,1.97,3.16,4.20,2.17,3.04,4.09,https://live.nowscore.com/1x2/2701629.htm,2026-10-02T03:30:00Z,
2025-03-15,东京绿茵,名古屋鲸八,William Hill,2.50,2.90,3.00,2.40,2.90,3.10,https://live.nowscore.com/1x2/2701634.htm,2026-10-02T03:30:00Z,
2025-03-15,东京绿茵,名古屋鲸八,bet365,2.40,2.90,3.10,2.35,3.10,3.20,https://live.nowscore.com/1x2/2701634.htm,2026-10-02T03:30:00Z,
2025-03-15,东京绿茵,名古屋鲸八,Pinnacle,2.30,2.85,3.64,2.38,3.22,3.30,https://live.nowscore.com/1x2/2701634.htm,2026-10-02T03:30:00Z,
2025-03-15,横滨FC,大阪樱花,William Hill,2.40,2.90,3.00,2.63,2.90,2.70,https://live.nowscore.com/1x2/2701635.htm,2026-10-02T03:30:00Z,
2025-03-15,横滨FC,大阪樱花,bet365,2.40,3.00,3.00,2.55,3.20,2.80,https://live.nowscore.com/1x2/2701635.htm,2026-10-02T03:30:00Z,
2025-03-15,横滨FC,大阪樱花,Pinnacle,2.66,3.12,2.76,2.59,3.24,2.96,https://live.nowscore.com/1x2/2701635.htm,2026-10-02T03:30:00Z,
2025-03-16,清水鼓动,京都不死鸟,William Hill,2.15,3.10,3.30,2.30,3.10,3.10,https://live.nowscore.com/1x2/2701632.htm,2026-10-02T03:30:00Z,
2025-03-16,清水鼓动,京都不死鸟,bet365,2.20,3.10,3.30,2.30,3.10,3.25,https://live.nowscore.com/1x2/2701632.htm,2026-10-02T03:30:00Z,
2025-03-16,清水鼓动,京都不死鸟,Pinnacle,2.01,3.40,3.68,2.38,3.19,3.34,https://live.nowscore.com/1x2/2701632.htm,2026-10-02T03:30:00Z,
2025-03-16,鹿岛鹿角,浦和红钻,William Hill,2.25,3.10,3.20,2.50,3.00,2.75,https://live.nowscore.com/1x2/2701628.htm,2026-10-02T03:30:00Z,
2025-03-16,鹿岛鹿角,浦和红钻,bet365,2.20,3.10,3.20,2.70,3.30,2.62,https://live.nowscore.com/1x2/2701628.htm,2026-10-02T03:30:00Z,
2025-03-16,鹿岛鹿角,浦和红钻,Pinnacle,2.15,3.22,3.51,2.78,3.25,2.73,https://live.nowscore.com/1x2/2701628.htm,2026-10-02T03:30:00Z,
2025-03-16,冈山绿雉,川崎前锋,William Hill,3.40,3.30,2.05,4.20,3.30,1.83,https://live.nowscore.com/1x2/2701630.htm,2026-10-02T03:30:00Z,
2025-03-16,冈山绿雉,川崎前锋,bet365,3.40,3.25,2.10,4.33,3.40,1.83,https://live.nowscore.com/1x2/2701630.htm,2026-10-02T03:30:00Z,
2025-03-16,冈山绿雉,川崎前锋,Pinnacle,3.51,3.25,2.13,4.51,3.55,1.88,https://live.nowscore.com/1x2/2701630.htm,2026-10-02T03:30:00Z,
2025-03-16,广岛三箭,柏太阳神,William Hill,1.67,3.50,5.00,1.95,3.10,3.90,https://live.nowscore.com/1x2/2701631.htm,2026-10-02T03:30:00Z,
2025-03-16,广岛三箭,柏太阳神,bet365,1.67,3.50,5.00,1.95,3.25,4.00,https://live.nowscore.com/1x2/2701631.htm,2026-10-02T03:30:00Z,
2025-03-16,广岛三箭,柏太阳神,Pinnacle,1.67,3.62,5.15,2.01,3.38,4.14,https://live.nowscore.com/1x2/2701631.htm,2026-10-02T03:30:00Z,
2025-03-16,横滨水手,大阪钢巴,William Hill,2.00,3.30,3.50,2.30,3.30,2.88,https://live.nowscore.com/1x2/2701636.htm,2026-10-02T03:30:00Z,
2025-03-16,横滨水手,大阪钢巴,bet365,2.00,3.40,3.50,2.15,3.40,3.20,https://live.nowscore.com/1x2/2701636.htm,2026-10-02T03:30:00Z,
2025-03-16,横滨水手,大阪钢巴,Pinnacle,2.21,3.35,3.22,2.38,3.64,2.95,https://live.nowscore.com/1x2/2701636.htm,2026-10-02T03:30:00Z,
2025-03-16,湘南海洋,神户胜利船,William Hill,2.90,3.20,2.30,2.90,3.10,2.38,https://live.nowscore.com/1x2/2701633.htm,2026-10-02T03:30:00Z,
2025-03-16,湘南海洋,神户胜利船,bet365,2.80,3.30,2.38,3.00,3.30,2.30,https://live.nowscore.com/1x2/2701633.htm,2026-10-02T03:30:00Z,
2025-03-16,湘南海洋,神户胜利船,Pinnacle,3.57,3.38,2.06,3.18,3.29,2.41,https://live.nowscore.com/1x2/2701633.htm,2026-10-02T03:30:00Z,
2025-03-28,大阪樱花,浦和红钻,William Hill,2.63,3.20,2.50,2.90,3.20,2.30,https://live.nowscore.com/1x2/2701637.htm,2026-10-02T03:30:00Z,
2025-03-28,大阪樱花,浦和红钻,bet365,2.75,3.25,2.63,3.10,3.40,2.30,https://live.nowscore.com/1x2/2701637.htm,2026-10-02T03:30:00Z,
2025-03-28,大阪樱花,浦和红钻,Pinnacle,2.44,3.26,2.92,3.15,3.48,2.33,https://live.nowscore.com/1x2/2701637.htm,2026-10-02T03:30:00Z,
2025-03-29,冈山绿雉,横滨水手,William Hill,2.75,3.30,2.40,2.70,3.20,2.50,https://live.nowscore.com/1x2/2701645.htm,2026-10-02T03:30:00Z,
2025-03-29,冈山绿雉,横滨水手,bet365,2.88,3.50,2.40,3.00,3.30,2.37,https://live.nowscore.com/1x2/2701645.htm,2026-10-02T03:30:00Z,
2025-03-29,冈山绿雉,横滨水手,Pinnacle,2.48,3.24,2.87,2.85,3.34,2.62,https://live.nowscore.com/1x2/2701645.htm,2026-10-02T03:30:00Z,
2025-03-29,清水鼓动,湘南海洋,William Hill,2.25,3.10,3.10,2.50,3.10,2.75,https://live.nowscore.com/1x2/2701646.htm,2026-10-02T03:30:00Z,
2025-03-29,清水鼓动,湘南海洋,bet365,2.25,3.30,3.20,2.55,3.30,2.75,https://live.nowscore.com/1x2/2701646.htm,2026-10-02T03:30:00Z,
2025-03-29,清水鼓动,湘南海洋,Pinnacle,2.14,3.22,3.53,2.66,3.25,2.87,https://live.nowscore.com/1x2/2701646.htm,2026-10-02T03:30:00Z,
2025-03-29,新泻天鹅,大阪钢巴,William Hill,2.50,3.10,2.70,2.60,3.10,2.63,https://live.nowscore.com/1x2/2701638.htm,2026-10-02T03:30:00Z,
2025-03-29,新泻天鹅,大阪钢巴,bet365,2.50,3.40,2.75,2.50,3.30,2.80,https://live.nowscore.com/1x2/2701638.htm,2026-10-02T03:30:00Z,
2025-03-29,新泻天鹅,大阪钢巴,Pinnacle,2.21,3.17,3.42,2.60,3.26,2.93,https://live.nowscore.com/1x2/2701638.htm,2026-10-02T03:30:00Z,
2025-03-29,柏太阳神,东京绿茵,William Hill,2.25,2.90,3.30,2.10,3.00,3.50,https://live.nowscore.com/1x2/2701642.htm,2026-10-02T03:30:00Z,
2025-03-29,柏太阳神,东京绿茵,bet365,2.30,3.00,3.40,2.05,3.25,3.75,https://live.nowscore.com/1x2/2701642.htm,2026-10-02T03:30:00Z,
2025-03-29,柏太阳神,东京绿茵,Pinnacle,2.59,2.85,3.10,2.12,3.29,3.89,https://live.nowscore.com/1x2/2701642.htm,2026-10-02T03:30:00Z,
2025-03-29,京都不死鸟,广岛三箭,William Hill,3.80,3.40,1.91,3.40,3.30,2.05,https://live.nowscore.com/1x2/2701643.htm,2026-10-02T03:30:00Z,
2025-03-29,京都不死鸟,广岛三箭,bet365,3.80,3.60,1.90,4.00,3.60,1.85,https://live.nowscore.com/1x2/2701643.htm,2026-10-02T03:30:00Z,
2025-03-29,京都不死鸟,广岛三箭,Pinnacle,3.92,3.45,1.93,4.18,3.67,1.91,https://live.nowscore.com/1x2/2701643.htm,2026-10-02T03:30:00Z,
2025-03-29,名古屋鲸八,横滨FC,William Hill,2.45,2.88,3.00,2.60,2.80,2.90,https://live.nowscore.com/1x2/2701644.htm,2026-10-02T03:30:00Z,
2025-03-29,名古屋鲸八,横滨FC,bet365,2.55,2.90,3.10,2.62,2.87,3.10,https://live.nowscore.com/1x2/2701644.htm,2026-10-02T03:30:00Z,
2025-03-29,名古屋鲸八,横滨FC,Pinnacle,2.45,2.88,3.29,2.72,2.87,3.16,https://live.nowscore.com/1x2/2701644.htm,2026-10-02T03:30:00Z,
2025-03-29,福冈黄蜂,町田泽维亚,William Hill,3.30,2.80,2.30,2.90,2.80,2.63,https://live.nowscore.com/1x2/2701639.htm,2026-10-02T03:30:00Z,
2025-03-29,福冈黄蜂,町田泽维亚,bet365,3.40,3.00,2.35,3.00,3.00,2.62,https://live.nowscore.com/1x2/2701639.htm,2026-10-02T03:30:00Z,
2025-03-29,福冈黄蜂,町田泽维亚,Pinnacle,3.40,2.83,2.42,3.15,2.84,2.75,https://live.nowscore.com/1x2/2701639.htm,2026-10-02T03:30:00Z,
2025-03-29,鹿岛鹿角,神户胜利船,William Hill,2.50,2.90,2.90,3.30,3.00,2.20,https://live.nowscore.com/1x2/2701641.htm,2026-10-02T03:30:00Z,
2025-03-29,鹿岛鹿角,神户胜利船,bet365,2.60,3.00,3.00,3.40,3.10,2.25,https://live.nowscore.com/1x2/2701641.htm,2026-10-02T03:30:00Z,
2025-03-29,鹿岛鹿角,神户胜利船,Pinnacle,2.56,2.96,3.01,3.53,3.35,2.21,https://live.nowscore.com/1x2/2701641.htm,2026-10-02T03:30:00Z,
2025-03-29,FC东京,川崎前锋,William Hill,3.70,3.30,1.95,3.60,3.25,2.00,https://live.nowscore.com/1x2/2701640.htm,2026-10-02T03:30:00Z,
2025-03-29,FC东京,川崎前锋,bet365,3.90,3.40,2.00,3.60,3.60,2.00,https://live.nowscore.com/1x2/2701640.htm,2026-10-02T03:30:00Z,
2025-03-29,FC东京,川崎前锋,Pinnacle,3.35,3.42,2.13,3.92,3.53,2.01,https://live.nowscore.com/1x2/2701640.htm,2026-10-02T03:30:00Z,
2025-04-02,新泻天鹅,福冈黄蜂,William Hill,2.30,3.00,3.20,2.50,2.88,3.00,https://live.nowscore.com/1x2/2701647.htm,2026-10-02T03:30:00Z,
2025-04-02,新泻天鹅,福冈黄蜂,bet365,2.30,3.10,3.30,2.45,3.10,3.10,https://live.nowscore.com/1x2/2701647.htm,2026-10-02T03:30:00Z,
2025-04-02,新泻天鹅,福冈黄蜂,Pinnacle,2.33,3.04,3.31,2.55,3.07,3.17,https://live.nowscore.com/1x2/2701647.htm,2026-10-02T03:30:00Z,
2025-04-02,大阪樱花,冈山绿雉,William Hill,2.10,3.25,3.30,2.10,3.30,3.20,https://live.nowscore.com/1x2/2701648.htm,2026-10-02T03:30:00Z,
2025-04-02,大阪樱花,冈山绿雉,bet365,2.15,3.30,3.40,2.10,3.40,3.40,https://live.nowscore.com/1x2/2701648.htm,2026-10-02T03:30:00Z,
2025-04-02,大阪樱花,冈山绿雉,Pinnacle,2.19,3.32,3.30,2.17,3.59,3.41,https://live.nowscore.com/1x2/2701648.htm,2026-10-02T03:30:00Z,
2025-04-02,大阪钢巴,町田泽维亚,William Hill,3.00,2.90,2.40,3.00,2.90,2.45,https://live.nowscore.com/1x2/2701649.htm,2026-10-02T03:30:00Z,
2025-04-02,大阪钢巴,町田泽维亚,bet365,3.10,3.10,2.40,3.20,3.10,2.40,https://live.nowscore.com/1x2/2701649.htm,2026-10-02T03:30:00Z,
2025-04-02,大阪钢巴,町田泽维亚,Pinnacle,3.20,3.01,2.40,3.24,3.12,2.48,https://live.nowscore.com/1x2/2701649.htm,2026-10-02T03:30:00Z,
2025-04-02,川崎前锋,湘南海洋,William Hill,1.91,3.50,3.60,1.75,3.50,4.50,https://live.nowscore.com/1x2/2701650.htm,2026-10-02T03:30:00Z,
2025-04-02,川崎前锋,湘南海洋,bet365,1.90,3.70,3.75,1.75,3.75,4.50,https://live.nowscore.com/1x2/2701650.htm,2026-10-02T03:30:00Z,
2025-04-02,川崎前锋,湘南海洋,Pinnacle,1.91,3.69,3.71,1.79,3.78,4.72,https://live.nowscore.com/1x2/2701650.htm,2026-10-02T03:30:00Z,
2025-04-02,京都不死鸟,柏太阳神,William Hill,2.50,3.10,2.75,2.63,3.00,2.63,https://live.nowscore.com/1x2/2701651.htm,2026-10-02T03:30:00Z,
2025-04-02,京都不死鸟,柏太阳神,bet365,2.63,3.10,2.75,2.75,3.10,2.70,https://live.nowscore.com/1x2/2701651.htm,2026-10-02T03:30:00Z,
2025-04-02,京都不死鸟,柏太阳神,Pinnacle,2.60,3.16,2.79,2.83,3.13,2.77,https://live.nowscore.com/1x2/2701651.htm,2026-10-02T03:30:00Z,
2025-04-02,名古屋鲸八,横滨水手,William Hill,2.50,3.30,2.63,2.30,3.10,3.00,https://live.nowscore.com/1x2/2701652.htm,2026-10-02T03:30:00Z,
2025-04-02,名古屋鲸八,横滨水手,bet365,2.50,3.40,2.70,2.30,3.30,3.10,https://live.nowscore.com/1x2/2701652.htm,2026-10-02T03:30:00Z,
2025-04-02,名古屋鲸八,横滨水手,Pinnacle,2.45,3.31,2.86,2.41,3.37,3.11,https://live.nowscore.com/1x2/2701652.htm,2026-10-02T03:30:00Z,
2025-04-02,广岛三箭,鹿岛鹿角,William Hill,1.83,3.40,4.00,2.00,3.25,3.50,https://live.nowscore.com/1x2/2701653.htm,2026-10-02T03:30:00Z,
2025-04-02,广岛三箭,鹿岛鹿角,bet365,1.83,3.70,4.10,2.05,3.60,3.50,https://live.nowscore.com/1x2/2701653.htm,2026-10-02T03:30:00Z,
2025-04-02,广岛三箭,鹿岛鹿角,Pinnacle,1.81,3.40,4.58,2.08,3.54,3.70,https://live.nowscore.com/1x2/2701653.htm,2026-10-02T03:30:00Z,
2025-04-02,东京绿茵,FC东京,William Hill,2.15,3.00,3.40,2.25,2.88,3.40,https://live.nowscore.com/1x2/2701655.htm,2026-10-02T03:30:00Z,
2025-04-02,东京绿茵,FC东京,bet365,2.20,3.10,3.50,2.25,3.10,3.40,https://live.nowscore.com/1x2/2701655.htm,2026-10-02T03:30:00Z,
2025-04-02,东京绿茵,FC东京,Pinnacle,2.07,3.07,3.97,2.35,3.04,3.58,https://live.nowscore.com/1x2/2701655.htm,2026-10-02T03:30:00Z,
2025-04-02,横滨FC,神户胜利船,William Hill,3.30,3.00,2.20,3.40,2.80,2.25,https://live.nowscore.com/1x2/2701656.htm,2026-10-02T03:30:00Z,
2025-04-02,横滨FC,神户胜利船,bet365,3.50,3.00,2.25,3.70,2.87,2.25,https://live.nowscore.com/1x2/2701656.htm,2026-10-02T03:30:00Z,
2025-04-02,横滨FC,神户胜利船,Pinnacle,3.55,3.08,2.20,3.82,2.98,2.29,https://live.nowscore.com/1x2/2701656.htm,2026-10-02T03:30:00Z,
2025-04-02,浦和红钻,清水鼓动,William Hill,2.05,3.20,3.50,2.05,3.00,3.75,https://live.nowscore.com/1x2/2701654.htm,2026-10-02T03:30:00Z,
2025-04-02,浦和红钻,清水鼓动,bet365,2.10,3.30,3.60,2.05,3.20,3.90,https://live.nowscore.com/1x2/2701654.htm,2026-10-02T03:30:00Z,
2025-04-02,浦和红钻,清水鼓动,Pinnacle,2.06,3.30,3.66,2.12,3.21,3.99,https://live.nowscore.com/1x2/2701654.htm,2026-10-02T03:30:00Z,
2025-04-05,横滨水手,东京绿茵,William Hill,2.00,3.30,3.50,2.70,2.90,2.63,https://live.nowscore.com/1x2/2701666.htm,2026-10-02T03:30:00Z,
2025-04-05,横滨水手,东京绿茵,bet365,2.05,3.50,3.60,2.75,3.00,2.80,https://live.nowscore.com/1x2/2701666.htm,2026-10-02T03:30:00Z,
2025-04-05,横滨水手,东京绿茵,Pinnacle,2.59,3.40,2.83,2.83,3.08,2.82,https://live.nowscore.com/1x2/2701666.htm,2026-10-02T03:30:00Z,
2025-04-06,冈山绿雉,FC东京,William Hill,2.30,3.00,3.10,2.50,2.90,2.90,https://live.nowscore.com/1x2/2701661.htm,2026-10-02T03:30:00Z,
2025-04-06,冈山绿雉,FC东京,bet365,2.30,3.10,3.25,2.55,3.00,2.90,https://live.nowscore.com/1x2/2701661.htm,2026-10-02T03:30:00Z,
2025-04-06,冈山绿雉,FC东京,Pinnacle,2.39,3.13,3.33,2.67,3.07,3.01,https://live.nowscore.com/1x2/2701661.htm,2026-10-02T03:30:00Z,
2025-04-06,福冈黄蜂,浦和红钻,William Hill,2.75,2.90,2.63,2.50,2.90,2.90,https://live.nowscore.com/1x2/2701657.htm,2026-10-02T03:30:00Z,
2025-04-06,福冈黄蜂,浦和红钻,bet365,2.80,3.00,2.70,2.62,3.10,2.90,https://live.nowscore.com/1x2/2701657.htm,2026-10-02T03:30:00Z,
2025-04-06,福冈黄蜂,浦和红钻,Pinnacle,2.80,3.03,2.69,2.68,3.05,3.01,https://live.nowscore.com/1x2/2701657.htm,2026-10-02T03:30:00Z,
2025-04-06,町田泽维亚,川崎前锋,William Hill,2.60,3.10,2.63,2.25,3.00,3.20,https://live.nowscore.com/1x2/2701660.htm,2026-10-02T03:30:00Z,
2025-04-06,町田泽维亚,川崎前锋,bet365,2.70,3.20,2.70,2.30,3.20,3.25,https://live.nowscore.com/1x2/2701660.htm,2026-10-02T03:30:00Z,
2025-04-06,町田泽维亚,川崎前锋,Pinnacle,2.61,3.08,2.84,2.33,3.16,3.47,https://live.nowscore.com/1x2/2701660.htm,2026-10-02T03:30:00Z,
2025-04-06,神户胜利船,新泻天鹅,William Hill,1.91,3.25,4.00,2.10,3.00,3.60,https://live.nowscore.com/1x2/2701664.htm,2026-10-02T03:30:00Z,
2025-04-06,神户胜利船,新泻天鹅,bet365,1.90,3.40,4.33,2.10,3.30,3.60,https://live.nowscore.com/1x2/2701664.htm,2026-10-02T03:30:00Z,
2025-04-06,神户胜利船,新泻天鹅,Pinnacle,1.73,3.57,4.80,2.12,3.17,4.04,https://live.nowscore.com/1x2/2701664.htm,2026-10-02T03:30:00Z,
2025-04-06,横滨FC,清水鼓动,William Hill,2.90,2.80,2.60,2.75,2.80,2.75,https://live.nowscore.com/1x2/2701665.htm,2026-10-02T03:30:00Z,
2025-04-06,横滨FC,清水鼓动,bet365,2.88,2.90,2.70,2.80,2.87,2.75,https://live.nowscore.com/1x2/2701665.htm,2026-10-02T03:30:00Z,
2025-04-06,横滨FC,清水鼓动,Pinnacle,2.82,3.04,2.66,2.92,2.92,2.87,https://live.nowscore.com/1x2/2701665.htm,2026-10-02T03:30:00Z,
2025-04-06,鹿岛鹿角,京都不死鸟,William Hill,2.10,3.25,3.40,2.15,3.25,3.25,https://live.nowscore.com/1x2/2701658.htm,2026-10-02T03:30:00Z,
2025-04-06,鹿岛鹿角,京都不死鸟,bet365,2.15,3.25,3.50,2.20,3.40,3.25,https://live.nowscore.com/1x2/2701658.htm,2026-10-02T03:30:00Z,
2025-04-06,鹿岛鹿角,京都不死鸟,Pinnacle,1.99,3.42,3.75,2.28,3.38,3.35,https://live.nowscore.com/1x2/2701658.htm,2026-10-02T03:30:00Z,
2025-04-06,柏太阳神,大阪钢巴,William Hill,2.15,3.10,3.30,2.50,2.90,2.80,https://live.nowscore.com/1x2/2701659.htm,2026-10-02T03:30:00Z,
2025-04-06,柏太阳神,大阪钢巴,bet365,2.20,3.20,3.40,2.55,3.00,3.00,https://live.nowscore.com/1x2/2701659.htm,2026-10-02T03:30:00Z,
2025-04-06,柏太阳神,大阪钢巴,Pinnacle,2.21,3.17,3.42,2.71,3.07,2.96,https://live.nowscore.com/1x2/2701659.htm,2026-10-02T03:30:00Z,
2025-04-06,广岛三箭,大阪樱花,William Hill,1.60,3.75,5.00,1.67,3.70,4.80,https://live.nowscore.com/1x2/2701662.htm,2026-10-02T03:30:00Z,
2025-04-06,广岛三箭,大阪樱花,bet365,1.62,3.90,5.25,1.65,3.90,5.25,https://live.nowscore.com/1x2/2701662.htm,2026-10-02T03:30:00Z,
2025-04-06,广岛三箭,大阪樱花,Pinnacle,1.60,3.93,5.34,1.66,4.12,5.23,https://live.nowscore.com/1x2/2701662.htm,2026-10-02T03:30:00Z,
2025-04-06,湘南海洋,名古屋鲸八,William Hill,2.30,3.00,3.00,2.25,2.90,3.30,https://live.nowscore.com/1x2/2701663.htm,2026-10-02T03:30:00Z,
2025-04-06,湘南海洋,名古屋鲸八,bet365,2.38,3.25,3.00,2.20,3.25,3.40,https://live.nowscore.com/1x2/2701663.htm,2026-10-02T03:30:00Z,
2025-04-06,湘南海洋,名古屋鲸八,Pinnacle,2.34,3.24,3.08,2.30,3.25,3.43,https://live.nowscore.com/1x2/2701663.htm,2026-10-02T03:30:00Z,
2025-04-09,川崎前锋,横滨水手,William Hill,1.62,4.00,4.60,2.10,3.20,3.30,https://live.nowscore.com/1x2/2701622.htm,2026-10-02T03:30:00Z,
2025-04-09,川崎前锋,横滨水手,bet365,1.70,4.10,4.50,2.15,3.30,3.50,https://live.nowscore.com/1x2/2701622.htm,2026-10-02T03:30:00Z,
2025-04-09,川崎前锋,横滨水手,Pinnacle,1.74,3.95,4.20,2.17,3.46,3.53,https://live.nowscore.com/1x2/2701622.htm,2026-10-02T03:30:00Z,
2025-04-11,FC东京(中),柏太阳神,William Hill,3.00,3.00,2.38,3.25,3.00,2.25,https://live.nowscore.com/1x2/2701670.htm,2026-10-02T04:00:00Z,
2025-04-11,FC东京(中),柏太阳神,bet365,3.20,3.10,2.40,3.40,3.10,2.25,https://live.nowscore.com/1x2/2701670.htm,2026-10-02T04:00:00Z,
2025-04-11,FC东京(中),柏太阳神,Pinnacle,3.20,3.12,2.34,3.47,3.20,2.31,https://live.nowscore.com/1x2/2701670.htm,2026-10-02T04:00:00Z,
2025-04-12,福冈黄蜂(主),横滨水手,William Hill,2.25,3.10,3.10,2.20,3.20,3.10,https://live.nowscore.com/1x2/2701668.htm,2026-10-02T04:00:00Z,
2025-04-12,福冈黄蜂(主),横滨水手,bet365,2.25,3.00,3.50,2.20,3.20,3.40,https://live.nowscore.com/1x2/2701668.htm,2026-10-02T04:00:00Z,
2025-04-12,福冈黄蜂(主),横滨水手,Pinnacle,2.37,3.11,3.15,2.23,3.49,3.35,https://live.nowscore.com/1x2/2701668.htm,2026-10-02T04:00:00Z,
2025-04-12,大阪钢巴(主),名古屋鲸八,William Hill,2.40,2.90,3.00,2.30,3.00,3.20,https://live.nowscore.com/1x2/2701671.htm,2026-10-02T04:00:00Z,
2025-04-12,大阪钢巴(主),名古屋鲸八,bet365,2.45,3.10,3.10,2.30,3.20,3.30,https://live.nowscore.com/1x2/2701671.htm,2026-10-02T04:00:00Z,
2025-04-12,大阪钢巴(主),名古屋鲸八,Pinnacle,2.52,3.05,2.98,2.36,3.20,3.38,https://live.nowscore.com/1x2/2701671.htm,2026-10-02T04:00:00Z,
2025-04-12,广岛三箭(主),冈山绿雉,William Hill,1.57,3.60,5.50,1.75,3.40,4.75,https://live.nowscore.com/1x2/2701674.htm,2026-10-02T04:00:00Z,
2025-04-12,广岛三箭(主),冈山绿雉,bet365,1.60,3.90,5.75,1.75,3.60,4.75,https://live.nowscore.com/1x2/2701674.htm,2026-10-02T04:00:00Z,
2025-04-12,广岛三箭(主),冈山绿雉,Pinnacle,1.53,3.97,6.12,1.79,3.61,5.02,https://live.nowscore.com/1x2/2701674.htm,2026-10-02T04:00:00Z,
2025-04-12,清水鼓动(主),川崎前锋,William Hill,3.25,3.10,2.20,3.00,3.20,2.25,https://live.nowscore.com/1x2/2701675.htm,2026-10-02T04:00:00Z,
2025-04-12,清水鼓动(主),川崎前锋,bet365,3.40,3.30,2.20,3.10,3.30,2.35,https://live.nowscore.com/1x2/2701675.htm,2026-10-02T04:00:00Z,
2025-04-12,清水鼓动(主),川崎前锋,Pinnacle,3.08,3.26,2.33,3.13,3.39,2.39,https://live.nowscore.com/1x2/2701675.htm,2026-10-02T04:00:00Z,
2025-04-12,大阪樱花(主),鹿岛鹿角,William Hill,2.50,3.20,2.70,2.30,3.30,2.88,https://live.nowscore.com/1x2/2701669.htm,2026-10-02T04:00:00Z,
2025-04-12,大阪樱花(主),鹿岛鹿角,bet365,2.55,3.40,2.70,2.30,3.60,2.90,https://live.nowscore.com/1x2/2701669.htm,2026-10-02T04:00:00Z,
2025-04-12,大阪樱花(主),鹿岛鹿角,Pinnacle,2.88,3.21,2.50,2.40,3.70,2.90,https://live.nowscore.com/1x2/2701669.htm,2026-10-02T04:00:00Z,
2025-04-12,东京绿茵(主),神户胜利船,William Hill,3.50,3.00,2.15,3.40,2.80,2.30,https://live.nowscore.com/1x2/2701676.htm,2026-10-02T04:00:00Z,
2025-04-12,东京绿茵(主),神户胜利船,bet365,3.60,3.10,2.20,3.50,2.90,2.37,https://live.nowscore.com/1x2/2701676.htm,2026-10-02T04:00:00Z,
2025-04-12,东京绿茵(主),神户胜利船,Pinnacle,3.25,2.92,2.44,3.70,2.96,2.35,https://live.nowscore.com/1x2/2701676.htm,2026-10-02T04:00:00Z,
2025-04-12,京都不死鸟(主),湘南海洋,William Hill,2.40,3.20,2.80,2.30,3.10,3.00,https://live.nowscore.com/1x2/2701672.htm,2026-10-02T04:00:00Z,
2025-04-12,京都不死鸟(主),湘南海洋,bet365,2.50,3.25,2.88,2.40,3.20,3.10,https://live.nowscore.com/1x2/2701672.htm,2026-10-02T04:00:00Z,
2025-04-12,京都不死鸟(主),湘南海洋,Pinnacle,2.20,3.39,3.22,2.44,3.27,3.14,https://live.nowscore.com/1x2/2701672.htm,2026-10-02T04:00:00Z,
2025-04-13,新泻天鹅(主),横滨FC,William Hill,2.50,2.90,2.88,2.40,2.80,3.20,https://live.nowscore.com/1x2/2701667.htm,2026-10-02T04:00:00Z,
2025-04-13,新泻天鹅(主),横滨FC,bet365,2.63,3.00,2.88,2.35,3.00,3.30,https://live.nowscore.com/1x2/2701667.htm,2026-10-02T04:00:00Z,
2025-04-13,新泻天鹅(主),横滨FC,Pinnacle,2.44,2.96,3.19,2.43,3.01,3.45,https://live.nowscore.com/1x2/2701667.htm,2026-10-02T04:00:00Z,
2025-04-13,町田泽维亚(中),浦和红钻,William Hill,2.20,2.90,3.40,2.38,2.88,3.20,https://live.nowscore.com/1x2/2701673.htm,2026-10-02T04:00:00Z,
2025-04-13,町田泽维亚(中),浦和红钻,bet365,2.25,3.10,3.50,2.40,3.00,3.25,https://live.nowscore.com/1x2/2701673.htm,2026-10-02T04:00:00Z,
2025-04-13,町田泽维亚(中),浦和红钻,Pinnacle,2.27,3.03,3.46,2.45,3.02,3.39,https://live.nowscore.com/1x2/2701673.htm,2026-10-02T04:00:00Z,
2025-04-16,神户胜利船(主),川崎前锋,William Hill,2.25,3.25,3.00,2.45,3.00,2.90,https://live.nowscore.com/1x2/2701695.htm,2026-10-02T04:00:00Z,
2025-04-16,神户胜利船(主),川崎前锋,bet365,2.25,3.30,3.20,2.37,3.20,3.10,https://live.nowscore.com/1x2/2701695.htm,2026-10-02T04:00:00Z,
2025-04-16,神户胜利船(主),川崎前锋,Pinnacle,2.35,3.25,3.06,2.44,3.29,3.13,https://live.nowscore.com/1x2/2701695.htm,2026-10-02T04:00:00Z,
2025-04-16,横滨水手(主),清水鼓动,William Hill,2.50,3.10,2.80,2.30,3.10,3.00,https://live.nowscore.com/1x2/2701696.htm,2026-10-02T04:00:00Z,
2025-04-16,横滨水手(主),清水鼓动,bet365,2.50,3.25,2.80,2.25,3.30,3.20,https://live.nowscore.com/1x2/2701696.htm,2026-10-02T04:00:00Z,
2025-04-16,横滨水手(主),清水鼓动,Pinnacle,2.34,3.38,2.96,2.32,3.30,3.33,https://live.nowscore.com/1x2/2701696.htm,2026-10-02T04:00:00Z,
2025-04-16,浦和红钻(主),京都不死鸟,William Hill,2.15,3.10,3.25,2.25,3.00,3.25,https://live.nowscore.com/1x2/2701773.htm,2026-10-02T04:00:00Z,
2025-04-16,浦和红钻(主),京都不死鸟,bet365,2.20,3.30,3.40,2.25,3.20,3.30,https://live.nowscore.com/1x2/2701773.htm,2026-10-02T04:00:00Z,
2025-04-16,浦和红钻(主),京都不死鸟,Pinnacle,2.12,3.37,3.42,2.36,3.14,3.43,https://live.nowscore.com/1x2/2701773.htm,2026-10-02T04:00:00Z,
2025-04-19,新泻天鹅(主),京都不死鸟,William Hill,2.30,3.25,2.90,2.63,3.00,2.70,https://live.nowscore.com/1x2/2701677.htm,2026-10-02T04:00:00Z,
2025-04-19,新泻天鹅(主),京都不死鸟,bet365,2.38,3.10,3.10,2.75,2.87,2.80,https://live.nowscore.com/1x2/2701677.htm,2026-10-02T04:00:00Z,
2025-04-19,新泻天鹅(主),京都不死鸟,Pinnacle,2.49,3.29,2.82,2.76,3.20,2.79,https://live.nowscore.com/1x2/2701677.htm,2026-10-02T04:00:00Z,
2025-04-20,名古屋鲸八(主),广岛三箭,William Hill,3.90,3.00,2.00,4.20,3.10,1.85,https://live.nowscore.com/1x2/2701680.htm,2026-10-02T04:00:00Z,
2025-04-20,名古屋鲸八(主),广岛三箭,bet365,4.00,3.10,2.00,4.50,3.20,1.85,https://live.nowscore.com/1x2/2701680.htm,2026-10-02T04:00:00Z,
2025-04-20,名古屋鲸八(主),广岛三箭,Pinnacle,4.29,3.26,1.91,4.60,3.37,1.92,https://live.nowscore.com/1x2/2701680.htm,2026-10-02T04:00:00Z,
2025-04-20,冈山绿雉(主),鹿岛鹿角,William Hill,2.80,3.10,2.50,2.50,3.00,2.70,https://live.nowscore.com/1x2/2701681.htm,2026-10-02T04:00:00Z,
2025-04-20,冈山绿雉(主),鹿岛鹿角,bet365,2.90,3.10,2.50,2.60,3.10,2.75,https://live.nowscore.com/1x2/2701681.htm,2026-10-02T04:00:00Z,
2025-04-20,冈山绿雉(主),鹿岛鹿角,Pinnacle,2.79,3.18,2.58,2.67,3.27,2.84,https://live.nowscore.com/1x2/2701681.htm,2026-10-02T04:00:00Z,
2025-04-20,清水鼓动(主),福冈黄蜂,William Hill,3.00,3.10,2.30,2.60,2.90,2.80,https://live.nowscore.com/1x2/2701682.htm,2026-10-02T04:00:00Z,
2025-04-20,清水鼓动(主),福冈黄蜂,bet365,3.10,3.25,2.30,2.55,3.10,2.90,https://live.nowscore.com/1x2/2701682.htm,2026-10-02T04:00:00Z,
2025-04-20,清水鼓动(主),福冈黄蜂,Pinnacle,2.90,2.97,2.64,2.64,3.06,3.05,https://live.nowscore.com/1x2/2701682.htm,2026-10-02T04:00:00Z,
2025-04-20,神户胜利船(主),町田泽维亚,William Hill,2.30,3.00,3.00,2.30,2.80,3.40,https://live.nowscore.com/1x2/2701685.htm,2026-10-02T04:00:00Z,
2025-04-20,神户胜利船(主),町田泽维亚,bet365,2.25,3.25,3.20,2.30,2.90,3.50,https://live.nowscore.com/1x2/2701685.htm,2026-10-02T04:00:00Z,
2025-04-20,神户胜利船(主),町田泽维亚,Pinnacle,2.46,2.94,3.20,2.40,2.98,3.56,https://live.nowscore.com/1x2/2701685.htm,2026-10-02T04:00:00Z,
2025-04-20,横滨FC(主),大阪钢巴,William Hill,2.90,2.88,2.60,2.90,2.90,2.50,https://live.nowscore.com/1x2/2701686.htm,2026-10-02T04:00:00Z,
2025-04-20,横滨FC(主),大阪钢巴,bet365,3.00,2.80,2.63,3.10,2.90,2.55,https://live.nowscore.com/1x2/2701686.htm,2026-10-02T04:00:00Z,
2025-04-20,横滨FC(主),大阪钢巴,Pinnacle,2.80,3.00,2.71,2.86,3.12,2.75,https://live.nowscore.com/1x2/2701686.htm,2026-10-02T04:00:00Z,
2025-04-20,大阪樱花(主),FC东京,William Hill,1.91,3.30,3.80,1.73,3.60,4.40,https://live.nowscore.com/1x2/2701678.htm,2026-10-02T04:00:00Z,
2025-04-20,大阪樱花(主),FC东京,bet365,1.91,3.40,4.00,1.72,3.70,4.75,https://live.nowscore.com/1x2/2701678.htm,2026-10-02T04:00:00Z,
2025-04-20,大阪樱花(主),FC东京,Pinnacle,1.93,3.39,3.97,1.74,4.00,4.77,https://live.nowscore.com/1x2/2701678.htm,2026-10-02T04:00:00Z,
2025-04-20,川崎前锋(主),东京绿茵,William Hill,2.05,3.50,3.30,1.75,3.30,4.60,https://live.nowscore.com/1x2/2701679.htm,2026-10-02T04:00:00Z,
2025-04-20,川崎前锋(主),东京绿茵,bet365,2.10,3.30,3.50,1.75,3.50,4.75,https://live.nowscore.com/1x2/2701679.htm,2026-10-02T04:00:00Z,
2025-04-20,川崎前锋(主),东京绿茵,Pinnacle,1.93,3.38,3.98,1.78,3.68,4.92,https://live.nowscore.com/1x2/2701679.htm,2026-10-02T04:00:00Z,
2025-04-20,湘南海洋(主),柏太阳神,William Hill,2.75,3.00,2.60,3.00,2.90,2.40,https://live.nowscore.com/1x2/2701683.htm,2026-10-02T04:00:00Z,
2025-04-20,湘南海洋(主),柏太阳神,bet365,2.80,3.10,2.60,3.00,3.25,2.37,https://live.nowscore.com/1x2/2701683.htm,2026-10-02T04:00:00Z,
2025-04-20,湘南海洋(主),柏太阳神,Pinnacle,2.91,3.17,2.50,3.12,3.23,2.48,https://live.nowscore.com/1x2/2701683.htm,2026-10-02T04:00:00Z,
2025-04-20,浦和红钻(主),横滨水手,William Hill,2.30,3.30,2.80,2.05,3.30,3.30,https://live.nowscore.com/1x2/2701684.htm,2026-10-02T04:00:00Z,
2025-04-20,浦和红钻(主),横滨水手,bet365,2.38,3.25,3.00,2.05,3.60,3.40,https://live.nowscore.com/1x2/2701684.htm,2026-10-02T04:00:00Z,
2025-04-20,浦和红钻(主),横滨水手,Pinnacle,2.10,3.41,3.42,2.12,3.55,3.58,https://live.nowscore.com/1x2/2701684.htm,2026-10-02T04:00:00Z,
2025-04-25,福冈黄蜂(主),冈山绿雉,William Hill,2.05,3.00,3.70,2.15,2.90,3.60,https://live.nowscore.com/1x2/2701687.htm,2026-10-02T05:00:00Z,
2025-04-25,福冈黄蜂(主),冈山绿雉,bet365,2.10,3.10,3.90,2.20,3.00,3.70,https://live.nowscore.com/1x2/2701687.htm,2026-10-02T05:00:00Z,
2025-04-25,福冈黄蜂(主),冈山绿雉,Pinnacle,2.30,2.95,3.49,2.25,3.02,3.87,https://live.nowscore.com/1x2/2701687.htm,2026-10-02T05:00:00Z,
2025-04-25,鹿岛鹿角(主),名古屋鲸八,William Hill,2.10,3.10,3.60,2.45,2.90,3.00,https://live.nowscore.com/1x2/2701689.htm,2026-10-02T05:00:00Z,
2025-04-25,鹿岛鹿角(主),名古屋鲸八,bet365,2.10,3.10,3.80,2.45,3.00,3.20,https://live.nowscore.com/1x2/2701689.htm,2026-10-02T05:00:00Z,
2025-04-25,鹿岛鹿角(主),名古屋鲸八,Pinnacle,2.20,3.04,3.60,2.54,3.10,3.16,https://live.nowscore.com/1x2/2701689.htm,2026-10-02T05:00:00Z,
2025-04-25,京都不死鸟(主),横滨FC,William Hill,2.15,3.00,3.60,2.30,2.90,3.20,https://live.nowscore.com/1x2/2701691.htm,2026-10-02T05:00:00Z,
2025-04-25,京都不死鸟(主),横滨FC,bet365,2.15,3.10,3.70,2.35,3.00,3.25,https://live.nowscore.com/1x2/2701691.htm,2026-10-02T05:00:00Z,
2025-04-25,京都不死鸟(主),横滨FC,Pinnacle,2.38,3.12,3.13,2.41,3.18,3.30,https://live.nowscore.com/1x2/2701691.htm,2026-10-02T05:00:00Z,
2025-04-25,町田泽维亚(主),湘南海洋,William Hill,2.00,3.10,3.75,1.73,3.25,5.00,https://live.nowscore.com/1x2/2701692.htm,2026-10-02T05:00:00Z,
2025-04-25,町田泽维亚(主),湘南海洋,bet365,2.05,3.25,3.90,1.75,3.40,5.25,https://live.nowscore.com/1x2/2701692.htm,2026-10-02T05:00:00Z,
2025-04-25,町田泽维亚(主),湘南海洋,Pinnacle,2.03,3.23,3.85,1.77,3.36,5.71,https://live.nowscore.com/1x2/2701692.htm,2026-10-02T05:00:00Z,
2025-04-25,东京绿茵(主),大阪樱花,William Hill,2.45,3.10,2.80,2.90,3.10,2.38,https://live.nowscore.com/1x2/2701694.htm,2026-10-02T05:00:00Z,
2025-04-25,东京绿茵(主),大阪樱花,bet365,2.50,3.30,2.88,3.10,3.20,2.40,https://live.nowscore.com/1x2/2701694.htm,2026-10-02T05:00:00Z,
2025-04-25,东京绿茵(主),大阪樱花,Pinnacle,2.37,3.12,3.16,2.98,3.32,2.52,https://live.nowscore.com/1x2/2701694.htm,2026-10-02T05:00:00Z,
2025-04-25,FC东京(中),大阪钢巴,William Hill,3.00,2.90,2.40,3.60,3.40,1.95,https://live.nowscore.com/1x2/2701688.htm,2026-10-02T05:00:00Z,
2025-04-25,FC东京(中),大阪钢巴,bet365,3.10,3.10,2.40,3.75,3.60,1.90,https://live.nowscore.com/1x2/2701688.htm,2026-10-02T05:00:00Z,
2025-04-25,FC东京(中),大阪钢巴,Pinnacle,3.26,3.04,2.36,3.82,3.76,1.97,https://live.nowscore.com/1x2/2701688.htm,2026-10-02T05:00:00Z,
2025-04-25,浦和红钻(主),广岛三箭,William Hill,3.00,3.10,2.30,2.63,2.90,2.70,https://live.nowscore.com/1x2/2701693.htm,2026-10-02T05:00:00Z,
2025-04-25,浦和红钻(主),广岛三箭,bet365,3.00,3.30,2.38,2.75,3.10,2.70,https://live.nowscore.com/1x2/2701693.htm,2026-10-02T05:00:00Z,
2025-04-25,浦和红钻(主),广岛三箭,Pinnacle,3.01,3.31,2.35,2.79,3.22,2.74,https://live.nowscore.com/1x2/2701693.htm,2026-10-02T05:00:00Z,
2025-04-26,柏太阳神(主),新泻天鹅,William Hill,2.20,3.00,3.30,2.25,3.00,3.25,https://live.nowscore.com/1x2/2701690.htm,2026-10-02T05:00:00Z,
2025-04-26,柏太阳神(主),新泻天鹅,bet365,2.25,3.20,3.40,2.15,3.30,3.50,https://live.nowscore.com/1x2/2701690.htm,2026-10-02T05:00:00Z,
2025-04-26,柏太阳神(主),新泻天鹅,Pinnacle,2.43,3.05,3.11,2.31,3.25,3.42,https://live.nowscore.com/1x2/2701690.htm,2026-10-02T05:00:00Z,
2025-04-29,FC东京(主),清水鼓动,William Hill,2.80,3.00,2.50,2.70,3.10,2.50,https://live.nowscore.com/1x2/2701698.htm,2026-10-02T05:00:00Z,
2025-04-29,FC东京(主),清水鼓动,bet365,2.80,3.20,2.50,2.70,3.20,2.62,https://live.nowscore.com/1x2/2701698.htm,2026-10-02T05:00:00Z,
2025-04-29,FC东京(主),清水鼓动,Pinnacle,2.90,3.14,2.52,2.78,3.32,2.69,https://live.nowscore.com/1x2/2701698.htm,2026-10-02T05:00:00Z,
2025-04-29,名古屋鲸八(主),柏太阳神,William Hill,2.80,2.90,2.63,2.50,2.90,2.90,https://live.nowscore.com/1x2/2701701.htm,2026-10-02T05:00:00Z,
2025-04-29,名古屋鲸八(主),柏太阳神,bet365,2.88,3.00,2.63,2.62,3.00,2.90,https://live.nowscore.com/1x2/2701701.htm,2026-10-02T05:00:00Z,
2025-04-29,名古屋鲸八(主),柏太阳神,Pinnacle,2.87,2.90,2.72,2.69,3.04,3.01,https://live.nowscore.com/1x2/2701701.htm,2026-10-02T05:00:00Z,
2025-04-29,冈山绿雉(主),东京绿茵,William Hill,2.50,2.90,2.80,2.63,2.70,3.00,https://live.nowscore.com/1x2/2701702.htm,2026-10-02T05:00:00Z,
2025-04-29,冈山绿雉(主),东京绿茵,bet365,2.60,3.00,2.88,2.62,2.80,3.00,https://live.nowscore.com/1x2/2701702.htm,2026-10-02T05:00:00Z,
2025-04-29,冈山绿雉(主),东京绿茵,Pinnacle,2.65,2.89,2.97,2.79,2.81,3.14,https://live.nowscore.com/1x2/2701702.htm,2026-10-02T05:00:00Z,
2025-04-29,广岛三箭(主),新泻天鹅,William Hill,1.62,3.60,5.00,1.73,3.40,4.80,https://live.nowscore.com/1x2/2701703.htm,2026-10-02T05:00:00Z,
2025-04-29,广岛三箭(主),新泻天鹅,bet365,1.62,3.80,5.25,1.80,3.50,4.75,https://live.nowscore.com/1x2/2701703.htm,2026-10-02T05:00:00Z,
2025-04-29,广岛三箭(主),新泻天鹅,Pinnacle,1.62,3.75,5.48,1.83,3.47,5.01,https://live.nowscore.com/1x2/2701703.htm,2026-10-02T05:00:00Z,
2025-04-29,横滨FC(主),鹿岛鹿角,William Hill,2.80,2.90,2.60,2.38,2.80,3.25,https://live.nowscore.com/1x2/2701705.htm,2026-10-02T05:00:00Z,
2025-04-29,横滨FC(主),鹿岛鹿角,bet365,2.80,3.10,2.60,2.35,3.00,3.30,https://live.nowscore.com/1x2/2701705.htm,2026-10-02T05:00:00Z,
2025-04-29,横滨FC(主),鹿岛鹿角,Pinnacle,3.16,3.03,2.42,2.43,2.99,3.48,https://live.nowscore.com/1x2/2701705.htm,2026-10-02T05:00:00Z,
2025-04-29,大阪樱花(主),町田泽维亚,William Hill,2.45,3.10,2.80,2.80,3.00,2.50,https://live.nowscore.com/1x2/2701697.htm,2026-10-02T05:00:00Z,
2025-04-29,大阪樱花(主),町田泽维亚,bet365,2.70,3.10,2.70,2.87,3.10,2.60,https://live.nowscore.com/1x2/2701697.htm,2026-10-02T05:00:00Z,
2025-04-29,大阪樱花(主),町田泽维亚,Pinnacle,2.31,3.28,3.09,3.06,3.25,2.51,https://live.nowscore.com/1x2/2701697.htm,2026-10-02T05:00:00Z,
2025-04-29,大阪钢巴(主),京都不死鸟,William Hill,2.30,3.10,3.00,2.25,3.10,3.10,https://live.nowscore.com/1x2/2701699.htm,2026-10-02T05:00:00Z,
2025-04-29,大阪钢巴(主),京都不死鸟,bet365,2.30,3.20,3.20,2.20,3.40,3.30,https://live.nowscore.com/1x2/2701699.htm,2026-10-02T05:00:00Z,
2025-04-29,大阪钢巴(主),京都不死鸟,Pinnacle,2.15,3.37,3.34,2.41,3.37,3.12,https://live.nowscore.com/1x2/2701699.htm,2026-10-02T05:00:00Z,
2025-04-29,湘南海洋(主),福冈黄蜂,William Hill,2.75,3.00,2.60,2.80,2.75,2.70,https://live.nowscore.com/1x2/2701704.htm,2026-10-02T05:00:00Z,
2025-04-29,湘南海洋(主),福冈黄蜂,bet365,2.80,3.00,2.70,2.80,2.90,2.75,https://live.nowscore.com/1x2/2701704.htm,2026-10-02T05:00:00Z,
2025-04-29,湘南海洋(主),福冈黄蜂,Pinnacle,2.56,3.01,2.96,3.01,2.95,2.76,https://live.nowscore.com/1x2/2701704.htm,2026-10-02T05:00:00Z,
2025-05-03,广岛三箭(主),福冈黄蜂,William Hill,1.75,3.30,4.80,1.95,3.00,4.20,https://live.nowscore.com/1x2/2701712.htm,2026-10-02T05:00:00Z,
2025-05-03,广岛三箭(主),福冈黄蜂,bet365,1.75,3.50,5.00,1.95,3.20,4.20,https://live.nowscore.com/1x2/2701712.htm,2026-10-02T05:00:00Z,
2025-05-03,广岛三箭(主),福冈黄蜂,Pinnacle,1.80,3.37,4.69,2.05,3.14,4.37,https://live.nowscore.com/1x2/2701712.htm,2026-10-02T05:00:00Z,
2025-05-03,新泻天鹅(主),FC东京,William Hill,2.15,3.10,3.30,2.30,3.10,3.10,https://live.nowscore.com/1x2/2701707.htm,2026-10-02T05:00:00Z,
2025-05-03,新泻天鹅(主),FC东京,bet365,2.15,3.40,3.40,2.30,3.25,3.20,https://live.nowscore.com/1x2/2701707.htm,2026-10-02T05:00:00Z,
2025-05-03,新泻天鹅(主),FC东京,Pinnacle,2.13,3.37,3.39,2.33,3.39,3.24,https://live.nowscore.com/1x2/2701707.htm,2026-10-02T05:00:00Z,
2025-05-03,清水鼓动(中),名古屋鲸八,William Hill,2.25,3.00,3.30,2.60,2.90,2.75,https://live.nowscore.com/1x2/2701713.htm,2026-10-02T05:00:00Z,
2025-05-03,清水鼓动(中),名古屋鲸八,bet365,2.25,3.10,3.50,2.70,2.87,2.87,https://live.nowscore.com/1x2/2701713.htm,2026-10-02T05:00:00Z,
2025-05-03,清水鼓动(中),名古屋鲸八,Pinnacle,2.14,3.11,3.66,2.66,3.24,2.87,https://live.nowscore.com/1x2/2701713.htm,2026-10-02T05:00:00Z,
2025-05-03,大阪钢巴(主),湘南海洋,William Hill,2.20,3.10,3.25,2.10,3.10,3.40,https://live.nowscore.com/1x2/2701708.htm,2026-10-02T05:00:00Z,
2025-05-03,大阪钢巴(主),湘南海洋,bet365,2.20,3.25,3.40,2.10,3.20,3.60,https://live.nowscore.com/1x2/2701708.htm,2026-10-02T05:00:00Z,
2025-05-03,大阪钢巴(主),湘南海洋,Pinnacle,2.18,3.23,3.42,2.15,3.34,3.70,https://live.nowscore.com/1x2/2701708.htm,2026-10-02T05:00:00Z,
2025-05-03,鹿岛鹿角(主),町田泽维亚,William Hill,2.63,2.90,2.75,3.30,2.80,2.30,https://live.nowscore.com/1x2/2701709.htm,2026-10-02T05:00:00Z,
2025-05-03,鹿岛鹿角(主),町田泽维亚,bet365,2.60,3.10,2.80,3.50,2.90,2.30,https://live.nowscore.com/1x2/2701709.htm,2026-10-02T05:00:00Z,
2025-05-03,鹿岛鹿角(主),町田泽维亚,Pinnacle,2.69,3.01,2.81,3.59,3.01,2.37,https://live.nowscore.com/1x2/2701709.htm,2026-10-02T05:00:00Z,
2025-05-03,浦和红钻(主),东京绿茵,William Hill,1.85,3.20,4.20,2.20,2.90,3.40,https://live.nowscore.com/1x2/2701714.htm,2026-10-02T05:00:00Z,
2025-05-03,浦和红钻(主),东京绿茵,bet365,1.85,3.30,4.50,2.20,3.10,3.50,https://live.nowscore.com/1x2/2701714.htm,2026-10-02T05:00:00Z,
2025-05-03,浦和红钻(主),东京绿茵,Pinnacle,1.89,3.24,4.39,2.30,3.07,3.67,https://live.nowscore.com/1x2/2701714.htm,2026-10-02T05:00:00Z,
2025-05-03,神户胜利船(主),冈山绿雉,William Hill,1.70,3.40,5.00,1.75,3.20,4.80,https://live.nowscore.com/1x2/2701715.htm,2026-10-02T05:00:00Z,
2025-05-03,神户胜利船(主),冈山绿雉,bet365,1.70,3.60,5.25,1.72,3.30,5.50,https://live.nowscore.com/1x2/2701715.htm,2026-10-02T05:00:00Z,
2025-05-03,神户胜利船(主),冈山绿雉,Pinnacle,1.71,3.53,5.01,1.77,3.44,5.53,https://live.nowscore.com/1x2/2701715.htm,2026-10-02T05:00:00Z,
2025-05-03,京都不死鸟(主),大阪樱花,William Hill,2.70,3.10,2.50,2.25,3.30,3.00,https://live.nowscore.com/1x2/2701711.htm,2026-10-02T05:00:00Z,
2025-05-03,京都不死鸟(主),大阪樱花,bet365,2.75,3.25,2.63,2.30,3.40,3.00,https://live.nowscore.com/1x2/2701711.htm,2026-10-02T05:00:00Z,
2025-05-03,京都不死鸟(主),大阪樱花,Pinnacle,2.79,3.32,2.50,2.35,3.56,3.05,https://live.nowscore.com/1x2/2701711.htm,2026-10-02T05:00:00Z,
2025-05-06,福冈黄蜂(主),鹿岛鹿角,William Hill,2.40,2.90,3.00,2.63,3.00,2.75,https://live.nowscore.com/1x2/2701717.htm,2026-10-02T05:00:00Z,
2025-05-06,福冈黄蜂(主),鹿岛鹿角,bet365,2.38,3.00,3.10,2.60,3.10,2.80,https://live.nowscore.com/1x2/2701717.htm,2026-10-02T05:00:00Z,
2025-05-06,福冈黄蜂(主),鹿岛鹿角,Pinnacle,2.27,3.12,3.33,2.67,3.23,2.87,https://live.nowscore.com/1x2/2701717.htm,2026-10-02T05:00:00Z,
2025-05-06,浦和红钻(主),大阪钢巴,William Hill,2.05,3.25,3.50,2.25,3.10,3.10,https://live.nowscore.com/1x2/2701723.htm,2026-10-02T05:00:00Z,
2025-05-06,浦和红钻(主),大阪钢巴,bet365,2.05,3.25,3.60,2.25,3.30,3.10,https://live.nowscore.com/1x2/2701723.htm,2026-10-02T05:00:00Z,
2025-05-06,浦和红钻(主),大阪钢巴,Pinnacle,2.25,3.21,3.28,2.36,3.38,3.19,https://live.nowscore.com/1x2/2701723.htm,2026-10-02T05:00:00Z,
2025-05-06,神户胜利船(主),大阪樱花,William Hill,1.85,3.30,3.90,1.70,3.60,4.50,https://live.nowscore.com/1x2/2701725.htm,2026-10-02T05:00:00Z,
2025-05-06,神户胜利船(主),大阪樱花,bet365,1.91,3.40,4.00,1.70,3.90,4.33,https://live.nowscore.com/1x2/2701725.htm,2026-10-02T05:00:00Z,
2025-05-06,神户胜利船(主),大阪樱花,Pinnacle,1.89,3.45,4.10,1.73,4.11,4.66,https://live.nowscore.com/1x2/2701725.htm,2026-10-02T05:00:00Z,
2025-05-06,名古屋鲸八(主),冈山绿雉,William Hill,2.38,2.90,3.10,2.50,2.80,3.00,https://live.nowscore.com/1x2/2701721.htm,2026-10-02T05:00:00Z,
2025-05-06,名古屋鲸八(主),冈山绿雉,bet365,2.35,3.10,3.20,2.40,3.10,3.00,https://live.nowscore.com/1x2/2701721.htm,2026-10-02T05:00:00Z,
2025-05-06,名古屋鲸八(主),冈山绿雉,Pinnacle,2.49,2.97,3.10,2.56,3.08,3.16,https://live.nowscore.com/1x2/2701721.htm,2026-10-02T05:00:00Z,
2025-05-06,柏太阳神(主),清水鼓动,William Hill,2.10,3.00,3.50,2.05,3.00,3.70,https://live.nowscore.com/1x2/2701718.htm,2026-10-02T05:00:00Z,
2025-05-06,柏太阳神(主),清水鼓动,bet365,2.10,3.20,3.50,2.05,3.25,3.60,https://live.nowscore.com/1x2/2701718.htm,2026-10-02T05:00:00Z,
2025-05-06,柏太阳神(主),清水鼓动,Pinnacle,2.14,3.18,3.58,2.12,3.17,4.05,https://live.nowscore.com/1x2/2701718.htm,2026-10-02T05:00:00Z,
2025-05-06,东京绿茵(主),横滨FC,William Hill,2.50,2.70,3.25,3.10,2.63,2.60,https://live.nowscore.com/1x2/2701724.htm,2026-10-02T04:00:00Z,
2025-05-06,东京绿茵(主),横滨FC,bet365,2.45,2.75,3.30,3.10,2.70,2.70,https://live.nowscore.com/1x2/2701724.htm,2026-10-02T04:00:00Z,
2025-05-06,东京绿茵(主),横滨FC,Pinnacle,2.49,2.79,3.33,3.23,2.77,2.76,https://live.nowscore.com/1x2/2701724.htm,2026-10-02T04:00:00Z,
2025-05-07,町田泽维亚(主),京都不死鸟,William Hill,1.95,3.20,3.80,1.95,3.00,4.00,https://live.nowscore.com/1x2/2701720.htm,2026-10-02T04:00:00Z,
2025-05-07,町田泽维亚(主),京都不死鸟,bet365,1.95,3.30,3.80,2.05,3.25,3.80,https://live.nowscore.com/1x2/2701720.htm,2026-10-02T04:00:00Z,
2025-05-07,町田泽维亚(主),京都不死鸟,Pinnacle,1.99,3.40,3.76,1.98,3.33,4.37,https://live.nowscore.com/1x2/2701720.htm,2026-10-02T04:00:00Z,
2025-05-07,湘南海洋(主),广岛三箭,William Hill,4.00,3.30,1.85,3.60,3.10,2.05,https://live.nowscore.com/1x2/2701722.htm,2026-10-02T04:00:00Z,
2025-05-07,湘南海洋(主),广岛三箭,bet365,3.80,3.25,2.00,3.70,3.30,2.05,https://live.nowscore.com/1x2/2701722.htm,2026-10-02T04:00:00Z,
2025-05-07,湘南海洋(主),广岛三箭,Pinnacle,3.69,3.50,1.98,3.91,3.40,2.06,https://live.nowscore.com/1x2/2701722.htm,2026-10-02T04:00:00Z,
2025-05-10,横滨FC(主),福冈黄蜂,William Hill,2.50,2.75,3.00,2.80,2.63,2.90,https://live.nowscore.com/1x2/2701736.htm,2026-10-02T04:00:00Z,
2025-05-10,横滨FC(主),福冈黄蜂,bet365,2.55,2.90,3.10,2.75,2.75,3.00,https://live.nowscore.com/1x2/2701736.htm,2026-10-02T04:00:00Z,
2025-05-10,横滨FC(主),福冈黄蜂,Pinnacle,3.09,2.84,2.60,3.05,2.74,2.94,https://live.nowscore.com/1x2/2701736.htm,2026-10-02T04:00:00Z,
2025-05-10,FC东京(主),神户胜利船,William Hill,3.80,3.25,1.95,4.00,3.20,1.91,https://live.nowscore.com/1x2/2701729.htm,2026-10-02T04:00:00Z,
2025-05-10,FC东京(主),神户胜利船,bet365,4.10,3.40,1.90,4.50,3.50,1.80,https://live.nowscore.com/1x2/2701729.htm,2026-10-02T04:00:00Z,
2025-05-10,FC东京(主),神户胜利船,Pinnacle,3.92,3.40,1.94,4.54,3.57,1.87,https://live.nowscore.com/1x2/2701729.htm,2026-10-02T04:00:00Z,
2025-05-10,柏太阳神(主),冈山绿雉,William Hill,2.05,3.10,3.60,2.10,3.00,3.60,https://live.nowscore.com/1x2/2701732.htm,2026-10-02T04:00:00Z,
2025-05-10,柏太阳神(主),冈山绿雉,bet365,2.00,3.20,3.90,2.15,2.90,3.70,https://live.nowscore.com/1x2/2701732.htm,2026-10-02T04:00:00Z,
2025-05-10,柏太阳神(主),冈山绿雉,Pinnacle,2.05,3.16,3.87,2.19,3.10,3.93,https://live.nowscore.com/1x2/2701732.htm,2026-10-02T04:00:00Z,
2025-05-11,鹿岛鹿角,川崎前锋,William Hill,2.60,3.25,2.50,2.80,3.25,2.40,https://live.nowscore.com/1x2/2701731.htm,2026-10-02T04:15:00Z,
2025-05-11,鹿岛鹿角,川崎前锋,Pinnacle,2.83,3.57,2.51,3.06,3.32,2.31,https://live.nowscore.com/1x2/2701731.htm,2026-10-02T04:15:00Z,
2025-05-11,鹿岛鹿角,川崎前锋,bet365,2.62,3.50,2.50,2.63,3.40,2.55,https://live.nowscore.com/1x2/2701731.htm,2026-10-02T04:15:00Z,
2025-05-11,清水鼓动,町田泽维亚,William Hill,2.88,3.00,2.45,2.80,3.10,2.45,https://live.nowscore.com/1x2/2701734.htm,2026-10-02T04:15:00Z,
2025-05-11,清水鼓动,町田泽维亚,Pinnacle,3.10,2.98,2.67,3.27,2.98,2.39,https://live.nowscore.com/1x2/2701734.htm,2026-10-02T04:15:00Z,
2025-05-11,清水鼓动,町田泽维亚,bet365,2.87,3.25,2.45,2.70,3.40,2.50,https://live.nowscore.com/1x2/2701734.htm,2026-10-02T04:15:00Z,
2025-05-11,京都不死鸟,名古屋鲸八,William Hill,2.90,2.90,2.50,2.30,3.30,2.90,https://live.nowscore.com/1x2/2701733.htm,2026-10-02T04:15:00Z,
2025-05-11,京都不死鸟,名古屋鲸八,Pinnacle,3.22,2.95,2.61,2.36,3.15,3.12,https://live.nowscore.com/1x2/2701733.htm,2026-10-02T04:15:00Z,
2025-05-11,京都不死鸟,名古屋鲸八,bet365,2.90,3.00,2.62,2.30,3.40,3.00,https://live.nowscore.com/1x2/2701733.htm,2026-10-02T04:15:00Z,
2025-05-11,新泻天鹅,浦和红钻,William Hill,3.00,3.00,2.40,2.75,3.00,2.50,https://live.nowscore.com/1x2/2701727.htm,2026-10-02T04:15:00Z,
2025-05-11,新泻天鹅,浦和红钻,Pinnacle,3.18,3.16,2.49,2.88,3.21,2.49,https://live.nowscore.com/1x2/2701727.htm,2026-10-02T04:15:00Z,
2025-05-11,新泻天鹅,浦和红钻,bet365,3.00,3.10,2.50,2.88,3.40,2.38,https://live.nowscore.com/1x2/2701727.htm,2026-10-02T04:15:00Z,
2025-05-11,大阪樱花,横滨水手,William Hill,2.15,3.50,2.90,2.20,3.40,3.00,https://live.nowscore.com/1x2/2701728.htm,2026-10-02T04:15:00Z,
2025-05-11,大阪樱花,横滨水手,Pinnacle,2.27,3.85,3.00,2.08,3.61,3.27,https://live.nowscore.com/1x2/2701728.htm,2026-10-02T04:15:00Z,
2025-05-11,大阪樱花,横滨水手,bet365,2.25,3.50,3.10,2.10,3.40,3.40,https://live.nowscore.com/1x2/2701728.htm,2026-10-02T04:15:00Z,
2025-05-11,大阪钢巴,广岛三箭,William Hill,3.00,3.10,2.30,2.80,3.20,2.40,https://live.nowscore.com/1x2/2701730.htm,2026-10-02T04:15:00Z,
2025-05-11,大阪钢巴,广岛三箭,Pinnacle,3.23,3.28,2.39,3.22,3.19,2.29,https://live.nowscore.com/1x2/2701730.htm,2026-10-02T04:15:00Z,
2025-05-11,大阪钢巴,广岛三箭,bet365,3.20,3.20,2.30,2.80,3.50,2.38,https://live.nowscore.com/1x2/2701730.htm,2026-10-02T04:15:00Z,
2025-05-11,东京绿茵,湘南海洋,William Hill,2.50,2.80,3.00,2.10,3.10,3.40,https://live.nowscore.com/1x2/2701735.htm,2026-10-02T04:15:00Z,
2025-05-11,东京绿茵,湘南海洋,Pinnacle,2.66,2.90,3.21,2.26,3.04,3.46,https://live.nowscore.com/1x2/2701735.htm,2026-10-02T04:15:00Z,
2025-05-11,东京绿茵,湘南海洋,bet365,2.50,3.00,3.10,2.10,3.25,3.60,https://live.nowscore.com/1x2/2701735.htm,2026-10-02T04:15:00Z,
2025-05-14,川崎前锋,横滨FC,William Hill,1.80,3.30,4.50,1.91,3.30,3.90,https://live.nowscore.com/1x2/2701710.htm,2026-10-02T04:15:00Z,
2025-05-14,川崎前锋,横滨FC,Pinnacle,1.85,3.58,4.66,1.94,3.31,4.07,https://live.nowscore.com/1x2/2701710.htm,2026-10-02T04:15:00Z,
2025-05-14,川崎前锋,横滨FC,bet365,1.75,3.60,4.75,1.91,3.40,4.00,https://live.nowscore.com/1x2/2701710.htm,2026-10-02T04:15:00Z,
2025-05-14,横滨水手,柏太阳神,William Hill,3.40,3.50,1.95,2.63,3.00,2.63,https://live.nowscore.com/1x2/2701716.htm,2026-10-02T04:15:00Z,
2025-05-14,横滨水手,柏太阳神,Pinnacle,3.84,3.82,1.95,2.67,3.14,2.72,https://live.nowscore.com/1x2/2701716.htm,2026-10-02T04:15:00Z,
2025-05-14,横滨水手,柏太阳神,bet365,3.50,3.80,1.90,2.63,3.25,2.63,https://live.nowscore.com/1x2/2701716.htm,2026-10-02T04:15:00Z,
2025-05-17,町田泽维亚,柏太阳神,William Hill,2.40,2.88,3.10,2.25,2.90,3.30,https://live.nowscore.com/1x2/2701740.htm,2026-10-02T04:15:00Z,
2025-05-17,町田泽维亚,柏太阳神,Pinnacle,2.39,3.02,3.53,2.17,3.13,3.55,https://live.nowscore.com/1x2/2701740.htm,2026-10-02T04:15:00Z,
2025-05-17,町田泽维亚,柏太阳神,bet365,2.30,3.00,3.40,2.25,3.20,3.40,https://live.nowscore.com/1x2/2701740.htm,2026-10-02T04:15:00Z,
2025-05-17,广岛三箭,东京绿茵,William Hill,1.85,3.10,4.40,1.73,3.30,4.80,https://live.nowscore.com/1x2/2701742.htm,2026-10-02T04:15:00Z,
2025-05-17,广岛三箭,东京绿茵,Pinnacle,1.91,3.24,4.92,1.72,3.45,5.13,https://live.nowscore.com/1x2/2701742.htm,2026-10-02T04:15:00Z,
2025-05-17,广岛三箭,东京绿茵,bet365,1.85,3.30,4.50,1.73,3.60,4.75,https://live.nowscore.com/1x2/2701742.htm,2026-10-02T04:15:00Z,
2025-05-17,神户胜利船,大阪钢巴,William Hill,1.95,3.25,3.80,1.91,3.30,4.00,https://live.nowscore.com/1x2/2701745.htm,2026-10-02T04:15:00Z,
2025-05-17,神户胜利船,大阪钢巴,Pinnacle,1.99,3.45,4.14,1.92,3.33,4.09,https://live.nowscore.com/1x2/2701745.htm,2026-10-02T04:15:00Z,
2025-05-17,神户胜利船,大阪钢巴,bet365,1.95,3.50,3.80,1.85,3.50,4.20,https://live.nowscore.com/1x2/2701745.htm,2026-10-02T04:15:00Z,
2025-05-17,横滨水手,京都不死鸟,William Hill,2.50,3.30,2.63,2.30,3.30,2.90,https://live.nowscore.com/1x2/2701746.htm,2026-10-02T04:15:00Z,
2025-05-17,横滨水手,京都不死鸟,Pinnacle,2.70,3.49,2.66,2.26,3.43,3.07,https://live.nowscore.com/1x2/2701746.htm,2026-10-02T04:15:00Z,
2025-05-17,横滨水手,京都不死鸟,bet365,2.60,3.40,2.60,2.30,3.50,3.00,https://live.nowscore.com/1x2/2701746.htm,2026-10-02T04:15:00Z,
2025-05-17,福冈黄蜂,名古屋鲸八,William Hill,2.90,2.75,2.70,2.40,2.90,3.00,https://live.nowscore.com/1x2/2701737.htm,2026-10-02T04:15:00Z,
2025-05-17,福冈黄蜂,名古屋鲸八,Pinnacle,3.01,2.94,2.78,2.32,2.96,3.43,https://live.nowscore.com/1x2/2701737.htm,2026-10-02T04:15:00Z,
2025-05-17,福冈黄蜂,名古屋鲸八,bet365,2.90,2.80,2.70,2.38,2.90,3.25,https://live.nowscore.com/1x2/2701737.htm,2026-10-02T04:15:00Z,
2025-05-17,鹿岛鹿角,清水鼓动,William Hill,2.75,3.10,2.50,2.00,3.25,3.70,https://live.nowscore.com/1x2/2701738.htm,2026-10-02T04:15:00Z,
2025-05-17,鹿岛鹿角,清水鼓动,Pinnacle,2.80,3.39,2.63,2.26,3.16,3.32,https://live.nowscore.com/1x2/2701738.htm,2026-10-02T04:15:00Z,
2025-05-17,鹿岛鹿角,清水鼓动,bet365,2.80,3.25,2.50,2.00,3.30,3.75,https://live.nowscore.com/1x2/2701738.htm,2026-10-02T04:15:00Z,
2025-05-17,湘南海洋,横滨FC,William Hill,2.50,2.90,2.90,2.70,2.80,2.80,https://live.nowscore.com/1x2/2701743.htm,2026-10-02T04:15:00Z,
2025-05-17,湘南海洋,横滨FC,Pinnacle,2.64,3.04,3.08,2.65,2.90,2.96,https://live.nowscore.com/1x2/2701743.htm,2026-10-02T04:15:00Z,
2025-05-17,湘南海洋,横滨FC,bet365,2.55,3.00,3.00,2.75,2.90,2.88,https://live.nowscore.com/1x2/2701743.htm,2026-10-02T04:15:00Z,
2025-05-17,浦和红钻,FC东京,William Hill,2.00,3.20,3.70,1.91,3.30,4.00,https://live.nowscore.com/1x2/2701744.htm,2026-10-02T04:15:00Z,
2025-05-17,浦和红钻,FC东京,Pinnacle,2.08,3.39,3.85,1.77,3.56,4.56,https://live.nowscore.com/1x2/2701744.htm,2026-10-02T04:15:00Z,
2025-05-17,浦和红钻,FC东京,bet365,2.00,3.30,3.80,1.85,3.50,4.20,https://live.nowscore.com/1x2/2701744.htm,2026-10-02T04:15:00Z,
2025-05-18,川崎前锋,大阪樱花,William Hill,1.70,3.80,4.33,1.80,3.60,4.00,https://live.nowscore.com/1x2/2701739.htm,2026-10-02T04:15:00Z,
2025-05-18,川崎前锋,大阪樱花,Pinnacle,1.70,4.24,4.68,1.95,3.64,3.63,https://live.nowscore.com/1x2/2701739.htm,2026-10-02T04:15:00Z,
2025-05-18,川崎前锋,大阪樱花,bet365,1.70,4.10,4.50,1.80,3.80,4.33,https://live.nowscore.com/1x2/2701739.htm,2026-10-02T04:15:00Z,
2025-05-18,冈山绿雉,新泻天鹅,William Hill,2.50,2.80,3.00,2.50,2.88,3.00,https://live.nowscore.com/1x2/2701741.htm,2026-10-02T04:15:00Z,
2025-05-18,冈山绿雉,新泻天鹅,Pinnacle,2.69,2.84,3.23,2.57,2.96,3.01,https://live.nowscore.com/1x2/2701741.htm,2026-10-02T04:15:00Z,
2025-05-18,冈山绿雉,新泻天鹅,bet365,2.50,2.80,3.25,2.40,3.00,3.00,https://live.nowscore.com/1x2/2701741.htm,2026-10-02T04:15:00Z,
2025-05-21,川崎前锋,浦和红钻,William Hill,2.00,3.30,3.50,2.00,3.40,3.50,https://live.nowscore.com/1x2/2701700.htm,2026-10-02T04:15:00Z,
2025-05-21,川崎前锋,浦和红钻,Pinnacle,2.05,3.59,3.75,2.12,3.37,3.41,https://live.nowscore.com/1x2/2701700.htm,2026-10-02T04:15:00Z,
2025-05-21,川崎前锋,浦和红钻,bet365,1.95,3.50,3.60,2.00,3.70,3.40,https://live.nowscore.com/1x2/2701700.htm,2026-10-02T04:15:00Z,
2025-05-21,横滨水手,神户胜利船,William Hill,5.00,3.90,1.62,3.40,3.30,2.00,https://live.nowscore.com/1x2/2701706.htm,2026-10-02T04:15:00Z,
2025-05-21,横滨水手,神户胜利船,Pinnacle,5.17,4.36,1.63,3.43,3.38,2.11,https://live.nowscore.com/1x2/2701706.htm,2026-10-02T04:15:00Z,
2025-05-21,横滨水手,神户胜利船,bet365,4.75,4.33,1.60,3.40,3.70,2.05,https://live.nowscore.com/1x2/2701706.htm,2026-10-02T04:15:00Z,
2025-05-24,大阪樱花,福冈黄蜂,William Hill,2.20,3.10,3.30,2.25,3.20,3.00,https://live.nowscore.com/1x2/2701748.htm,2026-10-02T04:15:00Z,
2025-05-24,大阪樱花,福冈黄蜂,Pinnacle,2.26,3.31,3.47,2.35,3.20,3.10,https://live.nowscore.com/1x2/2701748.htm,2026-10-02T04:15:00Z,
2025-05-24,大阪樱花,福冈黄蜂,bet365,2.20,3.30,3.30,2.25,3.20,3.10,https://live.nowscore.com/1x2/2701748.htm,2026-10-02T04:15:00Z,
2025-05-24,名古屋鲸八,浦和红钻,William Hill,2.30,2.90,3.10,2.70,3.00,2.63,https://live.nowscore.com/1x2/2701751.htm,2026-10-02T04:15:00Z,
2025-05-24,名古屋鲸八,浦和红钻,Pinnacle,2.38,3.22,3.30,2.62,2.89,3.01,https://live.nowscore.com/1x2/2701751.htm,2026-10-02T04:15:00Z,
2025-05-24,名古屋鲸八,浦和红钻,bet365,2.30,3.10,3.25,2.70,3.10,2.70,https://live.nowscore.com/1x2/2701751.htm,2026-10-02T04:15:00Z,
2025-05-25,冈山绿雉,町田泽维亚,William Hill,3.70,3.00,2.10,3.80,3.00,2.05,https://live.nowscore.com/1x2/2701752.htm,2026-10-02T04:15:00Z,
2025-05-25,冈山绿雉,町田泽维亚,Pinnacle,3.90,3.19,2.16,3.78,2.96,2.18,https://live.nowscore.com/1x2/2701752.htm,2026-10-02T04:15:00Z,
2025-05-25,冈山绿雉,町田泽维亚,bet365,3.75,3.20,2.10,3.80,2.88,2.10,https://live.nowscore.com/1x2/2701752.htm,2026-10-02T04:15:00Z,
2025-05-25,新泻天鹅,湘南海洋,William Hill,2.20,3.20,3.10,2.45,3.10,2.80,https://live.nowscore.com/1x2/2701747.htm,2026-10-02T04:15:00Z,
2025-05-25,新泻天鹅,湘南海洋,Pinnacle,2.25,3.50,3.30,2.42,3.22,2.97,https://live.nowscore.com/1x2/2701747.htm,2026-10-02T04:15:00Z,
2025-05-25,新泻天鹅,湘南海洋,bet365,2.20,3.50,3.20,2.50,3.10,2.80,https://live.nowscore.com/1x2/2701747.htm,2026-10-02T04:15:00Z,
2025-05-25,清水鼓动,神户胜利船,William Hill,3.40,3.10,2.10,3.30,3.10,2.15,https://live.nowscore.com/1x2/2701753.htm,2026-10-02T04:15:00Z,
2025-05-25,清水鼓动,神户胜利船,Pinnacle,3.46,3.47,2.19,3.46,3.15,2.20,https://live.nowscore.com/1x2/2701753.htm,2026-10-02T04:15:00Z,
2025-05-25,清水鼓动,神户胜利船,bet365,3.50,3.20,2.15,3.40,3.20,2.20,https://live.nowscore.com/1x2/2701753.htm,2026-10-02T04:15:00Z,
2025-05-25,横滨FC,柏太阳神,William Hill,3.30,2.90,2.25,2.90,2.90,2.50,https://live.nowscore.com/1x2/2701755.htm,2026-10-02T04:15:00Z,
2025-05-25,横滨FC,柏太阳神,Pinnacle,3.60,3.02,2.36,2.86,2.97,2.68,https://live.nowscore.com/1x2/2701755.htm,2026-10-02T04:15:00Z,
2025-05-25,横滨FC,柏太阳神,bet365,3.40,3.00,2.30,2.90,3.00,2.50,https://live.nowscore.com/1x2/2701755.htm,2026-10-02T04:15:00Z,
2025-05-25,横滨水手,鹿岛鹿角,William Hill,2.50,3.40,2.60,3.20,3.30,2.15,https://live.nowscore.com/1x2/2701756.htm,2026-10-02T04:15:00Z,
2025-05-25,横滨水手,鹿岛鹿角,Pinnacle,2.58,3.66,2.69,2.38,3.40,2.89,https://live.nowscore.com/1x2/2701756.htm,2026-10-02T04:15:00Z,
2025-05-25,横滨水手,鹿岛鹿角,bet365,2.45,3.60,2.62,3.40,3.30,2.15,https://live.nowscore.com/1x2/2701756.htm,2026-10-02T04:15:00Z,
2025-05-25,FC东京,广岛三箭,William Hill,3.90,3.25,1.91,4.20,3.30,1.83,https://live.nowscore.com/1x2/2701749.htm,2026-10-02T04:15:00Z,
2025-05-25,FC东京,广岛三箭,Pinnacle,4.27,3.66,1.89,4.24,3.51,1.84,https://live.nowscore.com/1x2/2701749.htm,2026-10-02T04:15:00Z,
2025-05-25,FC东京,广岛三箭,bet365,4.10,3.60,1.85,4.20,3.50,1.85,https://live.nowscore.com/1x2/2701749.htm,2026-10-02T04:15:00Z,
2025-05-25,东京绿茵,京都不死鸟,William Hill,2.30,2.90,3.20,2.90,2.90,2.50,https://live.nowscore.com/1x2/2701754.htm,2026-10-02T04:15:00Z,
2025-05-25,东京绿茵,京都不死鸟,Pinnacle,2.43,3.07,3.38,2.95,3.03,2.56,https://live.nowscore.com/1x2/2701754.htm,2026-10-02T04:15:00Z,
2025-05-25,东京绿茵,京都不死鸟,bet365,2.35,3.10,3.20,2.75,3.10,2.63,https://live.nowscore.com/1x2/2701754.htm,2026-10-02T04:15:00Z,
2025-05-25,川崎前锋,大阪钢巴,William Hill,2.15,3.25,3.10,1.91,3.30,3.80,https://live.nowscore.com/1x2/2701750.htm,2026-10-02T04:15:00Z,
2025-05-25,川崎前锋,大阪钢巴,Pinnacle,2.25,3.54,3.26,2.05,3.44,3.51,https://live.nowscore.com/1x2/2701750.htm,2026-10-02T04:15:00Z,
2025-05-25,川崎前锋,大阪钢巴,bet365,2.15,3.40,3.25,1.91,3.50,3.90,https://live.nowscore.com/1x2/2701750.htm,2026-10-02T04:15:00Z,
2025-05-28,浦和红钻,大阪樱花,William Hill,2.15,3.40,3.00,2.00,3.30,3.50,https://live.nowscore.com/1x2/2701787.htm,2026-10-02T04:15:00Z,
2025-05-28,浦和红钻,大阪樱花,Pinnacle,2.24,3.68,3.18,2.17,3.36,3.29,https://live.nowscore.com/1x2/2701787.htm,2026-10-02T04:15:00Z,
2025-05-28,浦和红钻,大阪樱花,bet365,2.15,3.60,3.10,2.05,3.40,3.50,https://live.nowscore.com/1x2/2701787.htm,2026-10-02T04:15:00Z,
2025-05-31,福冈黄蜂,东京绿茵,William Hill,2.80,2.63,2.90,2.40,2.80,3.20,https://live.nowscore.com/1x2/2701757.htm,2026-10-02T04:15:00Z,
2025-05-31,福冈黄蜂,东京绿茵,Pinnacle,2.95,2.69,3.10,2.44,2.81,3.39,https://live.nowscore.com/1x2/2701757.htm,2026-10-02T04:15:00Z,
2025-05-31,福冈黄蜂,东京绿茵,bet365,2.80,2.62,3.00,2.45,2.75,3.40,https://live.nowscore.com/1x2/2701757.htm,2026-10-02T04:15:00Z,
2025-05-31,町田泽维亚,横滨水手,William Hill,1.73,3.80,4.00,1.80,3.60,3.90,https://live.nowscore.com/1x2/2701762.htm,2026-10-02T04:15:00Z,
2025-05-31,町田泽维亚,横滨水手,Pinnacle,1.75,4.08,4.56,1.89,3.60,3.87,https://live.nowscore.com/1x2/2701762.htm,2026-10-02T04:15:00Z,
2025-05-31,町田泽维亚,横滨水手,bet365,1.75,4.10,4.00,1.80,4.00,3.90,https://live.nowscore.com/1x2/2701762.htm,2026-10-02T04:15:00Z,
2025-05-31,名古屋鲸八,新泻天鹅,William Hill,2.15,3.00,3.40,2.00,3.00,3.90,https://live.nowscore.com/1x2/2701763.htm,2026-10-02T04:15:00Z,
2025-05-31,名古屋鲸八,新泻天鹅,Pinnacle,2.24,3.20,3.63,2.02,3.11,4.05,https://live.nowscore.com/1x2/2701763.htm,2026-10-02T04:15:00Z,
2025-05-31,名古屋鲸八,新泻天鹅,bet365,2.20,3.25,3.40,2.00,3.20,4.00,https://live.nowscore.com/1x2/2701763.htm,2026-10-02T04:15:00Z,
2025-05-31,柏太阳神,神户胜利船,William Hill,2.60,3.00,2.75,3.10,3.20,2.20,https://live.nowscore.com/1x2/2701760.htm,2026-10-02T04:15:00Z,
2025-05-31,柏太阳神,神户胜利船,Pinnacle,2.70,3.13,2.92,3.03,3.09,2.48,https://live.nowscore.com/1x2/2701760.htm,2026-10-02T04:15:00Z,
2025-05-31,柏太阳神,神户胜利船,bet365,2.62,3.00,2.80,3.25,3.25,2.25,https://live.nowscore.com/1x2/2701760.htm,2026-10-02T04:15:00Z,
2025-05-31,广岛三箭,川崎前锋,William Hill,2.10,3.25,3.30,2.00,3.30,3.50,https://live.nowscore.com/1x2/2701764.htm,2026-10-02T04:15:00Z,
2025-05-31,广岛三箭,川崎前锋,Pinnacle,2.13,3.53,3.55,2.02,3.45,3.62,https://live.nowscore.com/1x2/2701764.htm,2026-10-02T04:15:00Z,
2025-05-31,广岛三箭,川崎前锋,bet365,2.05,3.40,3.50,2.05,3.40,3.60,https://live.nowscore.com/1x2/2701764.htm,2026-10-02T04:15:00Z,
2025-05-31,大阪钢巴,鹿岛鹿角,William Hill,2.38,3.30,2.80,2.40,3.25,2.80,https://live.nowscore.com/1x2/2701759.htm,2026-10-02T04:15:00Z,
2025-05-31,大阪钢巴,鹿岛鹿角,Pinnacle,2.39,3.61,2.95,2.49,3.27,2.83,https://live.nowscore.com/1x2/2701759.htm,2026-10-02T04:15:00Z,
2025-05-31,大阪钢巴,鹿岛鹿角,bet365,2.25,3.30,2.75,2.40,3.40,2.80,https://live.nowscore.com/1x2/2701759.htm,2026-10-02T04:15:00Z,
2025-05-31,京都不死鸟,FC东京,William Hill,2.30,3.10,3.00,2.20,3.20,3.10,https://live.nowscore.com/1x2/2701761.htm,2026-10-02T04:15:00Z,
2025-05-31,京都不死鸟,FC东京,Pinnacle,2.37,3.34,3.20,2.15,3.47,3.26,https://live.nowscore.com/1x2/2701761.htm,2026-10-02T04:15:00Z,
2025-05-31,京都不死鸟,FC东京,bet365,2.30,3.25,3.10,2.25,3.40,3.10,https://live.nowscore.com/1x2/2701761.htm,2026-10-02T04:15:00Z,
2025-06-01,大阪樱花,清水鼓动,William Hill,2.40,3.30,2.70,2.25,3.30,3.00,https://live.nowscore.com/1x2/2701758.htm,2026-10-02T04:15:00Z,
2025-06-01,大阪樱花,清水鼓动,Pinnacle,2.66,3.72,2.57,2.32,3.35,3.02,https://live.nowscore.com/1x2/2701758.htm,2026-10-02T04:15:00Z,
2025-06-01,大阪樱花,清水鼓动,bet365,2.37,3.60,2.70,2.25,3.50,3.10,https://live.nowscore.com/1x2/2701758.htm,2026-10-02T04:15:00Z,
2025-06-01,湘南海洋,冈山绿雉,William Hill,2.45,3.00,2.90,2.40,2.90,3.00,https://live.nowscore.com/1x2/2701765.htm,2026-10-02T04:15:00Z,
2025-06-01,湘南海洋,冈山绿雉,Pinnacle,2.59,3.12,3.06,2.49,2.99,3.09,https://live.nowscore.com/1x2/2701765.htm,2026-10-02T04:15:00Z,
2025-06-01,湘南海洋,冈山绿雉,bet365,2.50,3.00,2.90,2.45,3.00,3.10,https://live.nowscore.com/1x2/2701765.htm,2026-10-02T04:15:00Z,
2025-06-01,浦和红钻,横滨FC,William Hill,2.05,3.00,3.80,2.05,3.10,3.70,https://live.nowscore.com/1x2/2701766.htm,2026-10-02T04:15:00Z,
2025-06-01,浦和红钻,横滨FC,Pinnacle,2.17,3.19,3.84,2.02,3.14,4.02,https://live.nowscore.com/1x2/2701766.htm,2026-10-02T04:15:00Z,
2025-06-01,浦和红钻,横滨FC,bet365,2.15,3.00,3.70,2.05,3.10,4.10,https://live.nowscore.com/1x2/2701766.htm,2026-10-02T04:15:00Z,
2025-06-14,湘南海洋,町田泽维亚,William Hill,3.90,3.10,1.95,3.70,3.10,2.00,https://live.nowscore.com/1x2/2701772.htm,2026-10-02T04:15:00Z,
2025-06-14,湘南海洋,町田泽维亚,Pinnacle,4.13,3.33,2.03,3.78,3.12,2.10,https://live.nowscore.com/1x2/2701772.htm,2026-10-02T04:15:00Z,
2025-06-14,湘南海洋,町田泽维亚,bet365,4.20,3.20,1.95,3.60,3.20,2.10,https://live.nowscore.com/1x2/2701772.htm,2026-10-02T04:15:00Z,
2025-06-14,鹿岛鹿角,广岛三箭,William Hill,2.90,3.10,2.38,3.40,3.20,2.10,https://live.nowscore.com/1x2/2701769.htm,2026-10-02T04:15:00Z,
2025-06-14,鹿岛鹿角,广岛三箭,Pinnacle,3.09,3.41,2.40,3.09,3.20,2.36,https://live.nowscore.com/1x2/2701769.htm,2026-10-02T04:15:00Z,
2025-06-14,鹿岛鹿角,广岛三箭,bet365,3.00,3.25,2.37,3.50,3.20,2.15,https://live.nowscore.com/1x2/2701769.htm,2026-10-02T04:15:00Z,
2025-06-14,横滨FC,川崎前锋,William Hill,3.25,3.10,2.15,3.60,3.20,2.00,https://live.nowscore.com/1x2/2701776.htm,2026-10-02T04:15:00Z,
2025-06-14,横滨FC,川崎前锋,Pinnacle,3.24,3.49,2.28,3.79,3.31,2.01,https://live.nowscore.com/1x2/2701776.htm,2026-10-02T04:15:00Z,
2025-06-14,横滨FC,川崎前锋,bet365,3.20,3.30,2.20,3.75,3.30,2.00,https://live.nowscore.com/1x2/2701776.htm,2026-10-02T04:15:00Z,
2025-06-14,FC东京,大阪樱花,William Hill,2.90,3.40,2.25,2.88,3.25,2.30,https://live.nowscore.com/1x2/2701768.htm,2026-10-02T04:15:00Z,
2025-06-14,FC东京,大阪樱花,Pinnacle,3.07,3.80,2.25,2.91,3.35,2.38,https://live.nowscore.com/1x2/2701768.htm,2026-10-02T04:15:00Z,
2025-06-14,FC东京,大阪樱花,bet365,3.00,3.60,2.20,3.00,3.40,2.30,https://live.nowscore.com/1x2/2701768.htm,2026-10-02T04:15:00Z,
2025-06-15,新泻天鹅,横滨水手,William Hill,2.10,3.40,3.10,2.30,3.60,2.63,https://live.nowscore.com/1x2/2701767.htm,2026-10-02T04:15:00Z,
2025-06-15,新泻天鹅,横滨水手,Pinnacle,2.15,3.67,3.36,2.24,3.61,2.96,https://live.nowscore.com/1x2/2701767.htm,2026-10-02T04:15:00Z,
2025-06-15,新泻天鹅,横滨水手,bet365,2.15,3.50,3.20,2.40,3.50,2.75,https://live.nowscore.com/1x2/2701767.htm,2026-10-02T04:15:00Z,
2025-06-15,冈山绿雉,福冈黄蜂,William Hill,2.50,2.75,3.10,2.50,2.63,3.20,https://live.nowscore.com/1x2/2701770.htm,2026-10-02T04:15:00Z,
2025-06-15,冈山绿雉,福冈黄蜂,Pinnacle,2.58,2.95,3.26,2.65,2.78,3.09,https://live.nowscore.com/1x2/2701770.htm,2026-10-02T04:15:00Z,
2025-06-15,冈山绿雉,福冈黄蜂,bet365,2.55,2.90,3.10,2.55,2.80,3.10,https://live.nowscore.com/1x2/2701770.htm,2026-10-02T04:15:00Z,
2025-06-15,东京绿茵,柏太阳神,William Hill,3.80,2.90,2.05,3.00,2.75,2.50,https://live.nowscore.com/1x2/2701774.htm,2026-10-02T04:15:00Z,
2025-06-15,东京绿茵,柏太阳神,Pinnacle,4.03,3.17,2.13,3.05,2.83,2.65,https://live.nowscore.com/1x2/2701774.htm,2026-10-02T04:15:00Z,
2025-06-15,东京绿茵,柏太阳神,bet365,3.80,3.10,2.05,3.10,3.00,2.40,https://live.nowscore.com/1x2/2701774.htm,2026-10-02T04:15:00Z,
2025-06-15,神户胜利船,名古屋鲸八,William Hill,2.00,3.10,3.80,1.91,3.10,4.00,https://live.nowscore.com/1x2/2701775.htm,2026-10-02T04:15:00Z,
2025-06-15,神户胜利船,名古屋鲸八,Pinnacle,2.07,3.22,4.15,1.95,3.21,4.18,https://live.nowscore.com/1x2/2701775.htm,2026-10-02T04:15:00Z,
2025-06-15,神户胜利船,名古屋鲸八,bet365,2.00,3.20,3.90,1.91,3.25,4.20,https://live.nowscore.com/1x2/2701775.htm,2026-10-02T04:15:00Z,
2025-06-15,清水鼓动,大阪钢巴,William Hill,2.50,3.25,2.63,2.63,3.20,2.60,https://live.nowscore.com/1x2/2701771.htm,2026-10-02T04:15:00Z,
2025-06-15,清水鼓动,大阪钢巴,Pinnacle,2.68,3.43,2.70,2.82,3.23,2.53,https://live.nowscore.com/1x2/2701771.htm,2026-10-02T04:15:00Z,
2025-06-15,清水鼓动,大阪钢巴,bet365,2.60,3.40,2.60,2.60,3.30,2.60,https://live.nowscore.com/1x2/2701771.htm,2026-10-02T04:15:00Z,
2025-06-21,福冈黄蜂,新泻天鹅,William Hill,2.50,2.88,2.90,2.38,2.88,3.20,https://live.nowscore.com/1x2/2701777.htm,2026-10-02T04:15:00Z,
2025-06-21,福冈黄蜂,新泻天鹅,Pinnacle,2.55,3.09,3.15,2.23,3.01,3.59,https://live.nowscore.com/1x2/2701777.htm,2026-10-02T04:15:00Z,
2025-06-21,福冈黄蜂,新泻天鹅,bet365,2.50,3.00,3.10,2.40,3.00,3.25,https://live.nowscore.com/1x2/2701777.htm,2026-10-02T04:15:00Z,
2025-06-21,町田泽维亚,鹿岛鹿角,William Hill,1.95,3.30,3.75,2.10,3.30,3.25,https://live.nowscore.com/1x2/2701782.htm,2026-10-02T04:15:00Z,
2025-06-21,町田泽维亚,鹿岛鹿角,Pinnacle,1.87,3.64,4.47,2.12,3.27,3.57,https://live.nowscore.com/1x2/2701782.htm,2026-10-02T04:15:00Z,
2025-06-21,町田泽维亚,鹿岛鹿角,bet365,1.85,3.70,4.10,2.15,3.50,3.30,https://live.nowscore.com/1x2/2701782.htm,2026-10-02T04:15:00Z,
2025-06-21,大阪樱花,东京绿茵,William Hill,1.95,3.30,3.75,2.15,3.20,3.30,https://live.nowscore.com/1x2/2701778.htm,2026-10-02T04:15:00Z,
2025-06-21,大阪樱花,东京绿茵,Pinnacle,2.01,3.45,4.04,2.04,3.37,3.69,https://live.nowscore.com/1x2/2701778.htm,2026-10-02T04:15:00Z,
2025-06-21,大阪樱花,东京绿茵,bet365,1.95,3.50,3.90,2.15,3.40,3.30,https://live.nowscore.com/1x2/2701778.htm,2026-10-02T04:15:00Z,
2025-06-21,柏太阳神,京都不死鸟,William Hill,1.91,3.30,3.90,2.10,3.30,3.30,https://live.nowscore.com/1x2/2701780.htm,2026-10-02T04:15:00Z,
2025-06-21,柏太阳神,京都不死鸟,Pinnacle,1.98,3.54,4.04,2.20,3.35,3.27,https://live.nowscore.com/1x2/2701780.htm,2026-10-02T04:15:00Z,
2025-06-21,柏太阳神,京都不死鸟,bet365,1.90,3.50,3.90,2.10,3.40,3.30,https://live.nowscore.com/1x2/2701780.htm,2026-10-02T04:15:00Z,
2025-06-21,川崎前锋,神户胜利船,William Hill,2.45,3.25,2.70,2.40,3.25,2.80,https://live.nowscore.com/1x2/2701781.htm,2026-10-02T04:15:00Z,
2025-06-21,川崎前锋,神户胜利船,Pinnacle,2.59,3.48,2.78,2.56,3.26,2.78,https://live.nowscore.com/1x2/2701781.htm,2026-10-02T04:15:00Z,
2025-06-21,川崎前锋,神户胜利船,bet365,2.55,3.30,2.80,2.45,3.30,2.90,https://live.nowscore.com/1x2/2701781.htm,2026-10-02T04:15:00Z,
2025-06-21,名古屋鲸八,清水鼓动,William Hill,2.40,3.00,2.90,2.15,3.20,3.30,https://live.nowscore.com/1x2/2701783.htm,2026-10-02T04:15:00Z,
2025-06-21,名古屋鲸八,清水鼓动,Pinnacle,2.53,3.23,3.04,2.29,3.04,3.40,https://live.nowscore.com/1x2/2701783.htm,2026-10-02T04:15:00Z,
2025-06-21,名古屋鲸八,清水鼓动,bet365,2.45,3.25,2.90,2.15,3.30,3.40,https://live.nowscore.com/1x2/2701783.htm,2026-10-02T04:15:00Z,
2025-06-21,横滨水手,冈山绿雉,William Hill,2.10,3.30,3.25,2.45,3.25,2.75,https://live.nowscore.com/1x2/2701785.htm,2026-10-02T04:15:00Z,
2025-06-21,横滨水手,冈山绿雉,Pinnacle,2.12,3.67,3.44,2.39,3.41,2.89,https://live.nowscore.com/1x2/2701785.htm,2026-10-02T04:15:00Z,
2025-06-21,横滨水手,冈山绿雉,bet365,2.05,3.60,3.50,2.50,3.40,2.80,https://live.nowscore.com/1x2/2701785.htm,2026-10-02T04:15:00Z,
2025-06-22,横滨FC,广岛三箭,William Hill,4.00,3.10,1.95,3.80,3.10,1.95,https://live.nowscore.com/1x2/2701784.htm,2026-10-02T06:45:00Z,
2025-06-22,横滨FC,广岛三箭,bet365,4.20,3.25,1.95,3.80,3.40,1.95,https://live.nowscore.com/1x2/2701784.htm,2026-10-02T06:45:00Z,
2025-06-22,横滨FC,广岛三箭,Pinnacle,4.30,3.24,1.93,3.88,3.45,2.06,https://live.nowscore.com/1x2/2701784.htm,2026-10-02T06:45:00Z,
2025-06-22,大阪钢巴,FC东京,William Hill,1.95,3.25,3.75,1.80,3.40,4.00,https://live.nowscore.com/1x2/2701779.htm,2026-10-02T06:45:00Z,
2025-06-22,大阪钢巴,FC东京,bet365,2.00,3.40,3.90,1.83,3.60,4.33,https://live.nowscore.com/1x2/2701779.htm,2026-10-02T06:45:00Z,
2025-06-22,大阪钢巴,FC东京,Pinnacle,1.95,3.39,3.92,1.84,3.85,4.31,https://live.nowscore.com/1x2/2701779.htm,2026-10-02T06:45:00Z,
2025-06-25,川崎前锋,新泻天鹅,William Hill,1.85,3.50,3.75,1.73,3.60,4.40,https://live.nowscore.com/1x2/2701719.htm,2026-10-02T06:43:57Z,
2025-06-25,川崎前锋,新泻天鹅,bet365,1.91,3.70,3.90,1.72,3.75,4.50,https://live.nowscore.com/1x2/2701719.htm,2026-10-02T06:43:57Z,
2025-06-25,川崎前锋,新泻天鹅,Pinnacle,1.88,3.58,3.98,1.74,3.90,4.91,https://live.nowscore.com/1x2/2701719.htm,2026-10-02T06:43:57Z,
2025-06-25,横滨水手,FC东京,William Hill,2.38,3.30,2.80,2.15,3.40,3.00,https://live.nowscore.com/1x2/2701726.htm,2026-10-02T06:43:57Z,
2025-06-25,横滨水手,FC东京,bet365,2.30,3.60,2.90,2.10,3.75,3.10,https://live.nowscore.com/1x2/2701726.htm,2026-10-02T06:43:57Z,
2025-06-25,横滨水手,FC东京,Pinnacle,2.26,3.51,3.01,2.16,3.85,3.22,https://live.nowscore.com/1x2/2701726.htm,2026-10-02T06:43:57Z,
2025-06-28,鹿岛鹿角,冈山绿雉,William Hill,1.91,3.30,3.80,1.80,3.30,4.40,https://live.nowscore.com/1x2/2701791.htm,2026-10-02T06:48:57Z,
2025-06-28,鹿岛鹿角,冈山绿雉,bet365,1.95,3.40,4.00,1.75,3.60,4.50,https://live.nowscore.com/1x2/2701791.htm,2026-10-02T06:48:57Z,
2025-06-28,鹿岛鹿角,冈山绿雉,Pinnacle,2.00,3.27,3.96,1.82,3.48,5.07,https://live.nowscore.com/1x2/2701791.htm,2026-10-02T06:48:57Z,
2025-06-28,清水鼓动,柏太阳神,William Hill,2.88,3.50,2.25,2.80,3.25,2.40,https://live.nowscore.com/1x2/2701794.htm,2026-10-02T06:48:57Z,
2025-06-28,清水鼓动,柏太阳神,bet365,3.00,3.40,2.30,2.75,3.40,2.50,https://live.nowscore.com/1x2/2701794.htm,2026-10-02T06:48:57Z,
2025-06-28,清水鼓动,柏太阳神,Pinnacle,2.95,3.10,2.52,2.82,3.49,2.55,https://live.nowscore.com/1x2/2701794.htm,2026-10-02T06:48:57Z,
2025-06-28,福冈黄蜂,神户胜利船,William Hill,3.60,3.30,2.00,3.90,3.00,2.00,https://live.nowscore.com/1x2/2701789.htm,2026-10-02T06:48:57Z,
2025-06-28,福冈黄蜂,神户胜利船,bet365,3.70,3.30,2.05,3.90,3.30,1.95,https://live.nowscore.com/1x2/2701789.htm,2026-10-02T06:48:57Z,
2025-06-28,福冈黄蜂,神户胜利船,Pinnacle,4.27,3.14,1.96,4.13,3.19,2.09,https://live.nowscore.com/1x2/2701789.htm,2026-10-02T06:48:57Z,
2025-06-28,FC东京,横滨FC,William Hill,2.30,3.00,3.10,2.25,3.10,3.20,https://live.nowscore.com/1x2/2701790.htm,2026-10-02T06:48:57Z,
2025-06-28,FC东京,横滨FC,bet365,2.50,3.20,2.90,2.20,3.30,3.25,https://live.nowscore.com/1x2/2701790.htm,2026-10-02T06:48:57Z,
2025-06-28,FC东京,横滨FC,Pinnacle,2.73,2.99,2.80,2.26,3.33,3.44,https://live.nowscore.com/1x2/2701790.htm,2026-10-02T06:48:57Z,
2025-06-28,京都不死鸟,大阪钢巴,William Hill,2.50,3.25,2.63,2.70,3.10,2.50,https://live.nowscore.com/1x2/2701792.htm,2026-10-02T06:48:57Z,
2025-06-28,京都不死鸟,大阪钢巴,bet365,2.55,3.30,2.70,2.62,3.30,2.62,https://live.nowscore.com/1x2/2701792.htm,2026-10-02T06:48:57Z,
2025-06-28,京都不死鸟,大阪钢巴,Pinnacle,2.45,3.23,2.94,2.73,3.38,2.68,https://live.nowscore.com/1x2/2701792.htm,2026-10-02T06:48:57Z,
2025-06-28,广岛三箭,名古屋鲸八,William Hill,2.00,3.10,3.75,1.75,3.60,4.20,https://live.nowscore.com/1x2/2701793.htm,2026-10-02T06:48:57Z,
2025-06-28,广岛三箭,名古屋鲸八,bet365,2.00,3.25,3.90,1.75,3.75,4.33,https://live.nowscore.com/1x2/2701793.htm,2026-10-02T06:48:57Z,
2025-06-28,广岛三箭,名古屋鲸八,Pinnacle,1.93,3.24,4.30,1.81,3.76,4.62,https://live.nowscore.com/1x2/2701793.htm,2026-10-02T06:48:57Z,
2025-06-28,湘南海洋,横滨水手,William Hill,2.45,3.30,2.63,2.20,3.40,3.00,https://live.nowscore.com/1x2/2701795.htm,2026-10-02T06:48:57Z,
2025-06-28,湘南海洋,横滨水手,bet365,2.50,3.40,2.75,2.20,3.50,3.10,https://live.nowscore.com/1x2/2701795.htm,2026-10-02T06:48:57Z,
2025-06-28,湘南海洋,横滨水手,Pinnacle,2.23,3.47,3.09,2.24,3.82,3.07,https://live.nowscore.com/1x2/2701795.htm,2026-10-02T06:48:57Z,
2025-06-29,新泻天鹅,町田泽维亚,William Hill,3.50,3.00,2.10,3.80,3.10,2.00,https://live.nowscore.com/1x2/2701788.htm,2026-10-02T06:53:57Z,
2025-06-29,新泻天鹅,町田泽维亚,bet365,3.60,3.20,2.15,3.90,3.25,2.00,https://live.nowscore.com/1x2/2701788.htm,2026-10-02T06:53:57Z,
2025-06-29,新泻天鹅,町田泽维亚,Pinnacle,3.69,3.12,2.14,4.02,3.31,2.07,https://live.nowscore.com/1x2/2701788.htm,2026-10-02T06:53:57Z,
2025-06-29,东京绿茵,川崎前锋,William Hill,3.60,3.20,2.00,3.40,3.00,2.20,https://live.nowscore.com/1x2/2701796.htm,2026-10-02T06:53:57Z,
2025-06-29,东京绿茵,川崎前锋,bet365,3.70,3.30,2.05,3.30,3.20,2.20,https://live.nowscore.com/1x2/2701796.htm,2026-10-02T06:53:57Z,
2025-06-29,东京绿茵,川崎前锋,Pinnacle,3.72,3.30,2.05,3.48,3.22,2.30,https://live.nowscore.com/1x2/2701796.htm,2026-10-02T06:53:57Z,
2025-07-02,神户胜利船,广岛三箭,William Hill,2.40,3.20,2.80,2.45,3.10,2.88,https://live.nowscore.com/1x2/2701625.htm,2026-10-02T06:58:57Z,
2025-07-02,神户胜利船,广岛三箭,bet365,2.40,3.20,3.00,2.55,3.20,2.80,https://live.nowscore.com/1x2/2701625.htm,2026-10-02T06:58:57Z,
2025-07-02,神户胜利船,广岛三箭,Pinnacle,2.42,3.16,3.05,2.60,3.32,2.88,https://live.nowscore.com/1x2/2701625.htm,2026-10-02T06:58:57Z,
2025-07-05,町田泽维亚,清水鼓动,William Hill,1.95,3.25,3.80,1.73,3.60,4.50,https://live.nowscore.com/1x2/2701801.htm,2026-10-02T07:03:57Z,
2025-07-05,町田泽维亚,清水鼓动,bet365,1.91,3.30,4.10,1.72,3.80,4.50,https://live.nowscore.com/1x2/2701801.htm,2026-10-02T07:03:57Z,
2025-07-05,町田泽维亚,清水鼓动,Pinnacle,1.92,3.29,4.22,1.76,3.85,4.69,https://live.nowscore.com/1x2/2701801.htm,2026-10-02T07:03:57Z,
2025-07-05,冈山绿雉,广岛三箭,William Hill,3.30,3.00,2.20,3.90,3.30,1.91,https://live.nowscore.com/1x2/2701803.htm,2026-10-02T07:03:57Z,
2025-07-05,冈山绿雉,广岛三箭,bet365,2.50,3.20,2.80,4.10,3.50,1.85,https://live.nowscore.com/1x2/2701803.htm,2026-10-02T07:03:57Z,
2025-07-05,冈山绿雉,广岛三箭,Pinnacle,4.23,3.24,1.94,4.32,3.44,1.93,https://live.nowscore.com/1x2/2701803.htm,2026-10-02T07:03:57Z,
2025-07-05,大阪樱花,大阪钢巴,William Hill,2.30,3.50,2.75,2.20,3.30,3.10,https://live.nowscore.com/1x2/2701797.htm,2026-10-02T07:03:57Z,
2025-07-05,大阪樱花,大阪钢巴,bet365,2.35,3.50,2.88,2.25,3.40,3.10,https://live.nowscore.com/1x2/2701797.htm,2026-10-02T07:03:57Z,
2025-07-05,大阪樱花,大阪钢巴,Pinnacle,2.38,3.44,2.88,2.27,3.66,3.09,https://live.nowscore.com/1x2/2701797.htm,2026-10-02T07:03:57Z,
2025-07-05,柏太阳神,FC东京,William Hill,1.75,3.60,4.33,1.83,3.60,3.90,https://live.nowscore.com/1x2/2701798.htm,2026-10-02T07:03:57Z,
2025-07-05,柏太阳神,FC东京,bet365,1.70,3.90,4.50,1.83,3.80,3.80,https://live.nowscore.com/1x2/2701798.htm,2026-10-02T07:03:57Z,
2025-07-05,柏太阳神,FC东京,Pinnacle,1.83,3.67,4.12,1.86,3.74,4.24,https://live.nowscore.com/1x2/2701798.htm,2026-10-02T07:03:57Z,
2025-07-05,川崎前锋,鹿岛鹿角,William Hill,2.15,3.40,3.10,2.15,3.40,3.00,https://live.nowscore.com/1x2/2701799.htm,2026-10-02T07:03:57Z,
2025-07-05,川崎前锋,鹿岛鹿角,bet365,2.15,3.60,3.10,2.15,3.60,3.00,https://live.nowscore.com/1x2/2701799.htm,2026-10-02T07:03:57Z,
2025-07-05,川崎前锋,鹿岛鹿角,Pinnacle,2.10,3.64,3.23,2.21,3.71,3.17,https://live.nowscore.com/1x2/2701799.htm,2026-10-02T07:03:57Z,
2025-07-05,京都不死鸟,新泻天鹅,William Hill,2.05,3.20,3.50,1.75,3.60,4.40,https://live.nowscore.com/1x2/2701800.htm,2026-10-02T07:03:57Z,
2025-07-05,京都不死鸟,新泻天鹅,bet365,2.05,3.30,3.60,1.72,3.80,4.50,https://live.nowscore.com/1x2/2701800.htm,2026-10-02T07:03:57Z,
2025-07-05,京都不死鸟,新泻天鹅,Pinnacle,2.21,3.25,3.34,1.78,3.84,4.58,https://live.nowscore.com/1x2/2701800.htm,2026-10-02T07:03:57Z,
2025-07-05,名古屋鲸八,东京绿茵,William Hill,2.15,2.88,3.75,2.25,2.88,3.40,https://live.nowscore.com/1x2/2701802.htm,2026-10-02T07:03:57Z,
2025-07-05,名古屋鲸八,东京绿茵,bet365,2.15,3.00,3.80,2.30,2.90,3.50,https://live.nowscore.com/1x2/2701802.htm,2026-10-02T07:03:57Z,
2025-07-05,名古屋鲸八,东京绿茵,Pinnacle,2.19,2.96,3.79,2.42,2.87,3.62,https://live.nowscore.com/1x2/2701802.htm,2026-10-02T07:03:57Z,
2025-07-05,神户胜利船,湘南海洋,William Hill,1.40,4.20,7.50,1.53,3.80,6.00,https://live.nowscore.com/1x2/2701805.htm,2026-10-02T07:03:57Z,
2025-07-05,神户胜利船,湘南海洋,bet365,1.36,4.50,6.25,1.53,4.20,6.00,https://live.nowscore.com/1x2/2701805.htm,2026-10-02T07:03:57Z,
2025-07-05,神户胜利船,湘南海洋,Pinnacle,1.50,4.16,6.40,1.53,4.16,6.66,https://live.nowscore.com/1x2/2701805.htm,2026-10-02T07:03:57Z,
2025-07-05,横滨FC,横滨水手,William Hill,2.25,3.30,2.90,2.38,3.20,2.88,https://live.nowscore.com/1x2/2701806.htm,2026-10-02T07:03:57Z,
2025-07-05,横滨FC,横滨水手,bet365,2.30,3.30,3.10,2.35,3.25,3.10,https://live.nowscore.com/1x2/2701806.htm,2026-10-02T07:03:57Z,
2025-07-05,横滨FC,横滨水手,Pinnacle,2.35,3.29,3.03,2.38,3.46,3.05,https://live.nowscore.com/1x2/2701806.htm,2026-10-02T07:03:57Z,
2025-07-19,FC东京,浦和红钻,William Hill,2.45,3.25,2.70,2.50,3.10,2.75,https://live.nowscore.com/1x2/2701809.htm,2026-10-02T07:08:57Z,
2025-07-19,FC东京,浦和红钻,bet365,2.45,3.40,2.75,2.50,3.30,2.80,https://live.nowscore.com/1x2/2701809.htm,2026-10-02T07:08:57Z,
2025-07-19,FC东京,浦和红钻,Pinnacle,2.53,3.38,2.73,2.54,3.41,2.89,https://live.nowscore.com/1x2/2701809.htm,2026-10-02T07:08:57Z,
2025-07-19,湘南海洋,大阪樱花,William Hill,2.80,3.40,2.25,4.00,3.60,1.80,https://live.nowscore.com/1x2/2701814.htm,2026-10-02T07:08:57Z,
2025-07-19,湘南海洋,大阪樱花,bet365,2.88,3.60,2.30,4.00,3.90,1.80,https://live.nowscore.com/1x2/2701814.htm,2026-10-02T07:08:57Z,
2025-07-19,湘南海洋,大阪樱花,Pinnacle,3.08,3.41,2.27,4.19,4.00,1.83,https://live.nowscore.com/1x2/2701814.htm,2026-10-02T07:08:57Z,
2025-07-20,鹿岛鹿角,柏太阳神,William Hill,2.50,3.10,2.63,2.50,3.10,2.70,https://live.nowscore.com/1x2/2701811.htm,2026-10-02T07:13:57Z,
2025-07-20,鹿岛鹿角,柏太阳神,bet365,2.63,3.25,2.70,2.70,3.20,2.70,https://live.nowscore.com/1x2/2701811.htm,2026-10-02T07:13:57Z,
2025-07-20,鹿岛鹿角,柏太阳神,Pinnacle,2.58,3.28,2.73,2.71,3.40,2.69,https://live.nowscore.com/1x2/2701811.htm,2026-10-02T07:13:57Z,
2025-07-20,东京绿茵,町田泽维亚,William Hill,3.90,3.00,2.00,4.20,3.00,1.95,https://live.nowscore.com/1x2/2701815.htm,2026-10-02T07:13:57Z,
2025-07-20,东京绿茵,町田泽维亚,bet365,4.10,3.10,2.05,4.50,3.10,1.90,https://live.nowscore.com/1x2/2701815.htm,2026-10-02T07:13:57Z,
2025-07-20,东京绿茵,町田泽维亚,Pinnacle,4.02,3.00,2.09,4.56,3.28,1.96,https://live.nowscore.com/1x2/2701815.htm,2026-10-02T07:13:57Z,
2025-07-20,清水鼓动,横滨FC,William Hill,2.05,3.20,3.50,2.38,3.00,3.00,https://live.nowscore.com/1x2/2701813.htm,2026-10-02T07:13:57Z,
2025-07-20,清水鼓动,横滨FC,bet365,2.05,3.40,3.60,2.30,3.20,3.20,https://live.nowscore.com/1x2/2701813.htm,2026-10-02T07:13:57Z,
2025-07-20,清水鼓动,横滨FC,Pinnacle,2.26,3.29,3.21,2.40,3.15,3.34,https://live.nowscore.com/1x2/2701813.htm,2026-10-02T07:13:57Z,
2025-07-20,新泻天鹅,广岛三箭,William Hill,4.20,3.40,1.80,6.00,3.90,1.53,https://live.nowscore.com/1x2/2701807.htm,2026-10-02T07:13:57Z,
2025-07-20,新泻天鹅,广岛三箭,bet365,4.75,3.75,1.70,5.75,4.10,1.55,https://live.nowscore.com/1x2/2701807.htm,2026-10-02T07:13:57Z,
2025-07-20,新泻天鹅,广岛三箭,Pinnacle,4.86,3.72,1.70,6.23,4.18,1.57,https://live.nowscore.com/1x2/2701807.htm,2026-10-02T07:13:57Z,
2025-07-20,大阪钢巴,川崎前锋,William Hill,2.50,3.25,2.50,2.75,3.30,2.40,https://live.nowscore.com/1x2/2701810.htm,2026-10-02T07:13:57Z,
2025-07-20,大阪钢巴,川崎前锋,bet365,2.60,3.40,2.60,2.62,3.30,2.60,https://live.nowscore.com/1x2/2701810.htm,2026-10-02T07:13:57Z,
2025-07-20,大阪钢巴,川崎前锋,Pinnacle,2.70,3.26,2.63,2.71,3.50,2.63,https://live.nowscore.com/1x2/2701810.htm,2026-10-02T07:13:57Z,
2025-07-20,冈山绿雉,神户胜利船,William Hill,4.75,3.40,1.75,4.75,3.30,1.75,https://live.nowscore.com/1x2/2701812.htm,2026-10-02T07:13:57Z,
2025-07-20,冈山绿雉,神户胜利船,bet365,4.75,3.60,1.73,4.75,3.50,1.72,https://live.nowscore.com/1x2/2701812.htm,2026-10-02T07:13:57Z,
2025-07-20,冈山绿雉,神户胜利船,Pinnacle,4.80,3.53,1.76,5.20,3.56,1.78,https://live.nowscore.com/1x2/2701812.htm,2026-10-02T07:13:57Z,
2025-07-20,横滨水手,名古屋鲸八,William Hill,2.80,3.25,2.40,2.63,3.10,2.50,https://live.nowscore.com/1x2/2701816.htm,2026-10-02T07:13:57Z,
2025-07-20,横滨水手,名古屋鲸八,bet365,2.88,3.25,2.45,2.80,3.10,2.60,https://live.nowscore.com/1x2/2701816.htm,2026-10-02T07:13:57Z,
2025-07-20,横滨水手,名古屋鲸八,Pinnacle,2.86,3.23,2.51,2.85,3.29,2.64,https://live.nowscore.com/1x2/2701816.htm,2026-10-02T07:13:57Z,
2025-07-21,福冈黄蜂,京都不死鸟,William Hill,2.80,2.90,2.50,2.63,2.90,2.75,https://live.nowscore.com/1x2/2701808.htm,2026-10-02T07:18:57Z,
2025-07-21,福冈黄蜂,京都不死鸟,bet365,2.80,3.00,2.70,2.70,3.10,2.80,https://live.nowscore.com/1x2/2701808.htm,2026-10-02T07:18:57Z,
2025-07-21,福冈黄蜂,京都不死鸟,Pinnacle,2.83,2.96,2.73,2.72,3.16,2.86,https://live.nowscore.com/1x2/2701808.htm,2026-10-02T07:18:57Z,
2025-07-23,浦和红钻,湘南海洋,William Hill,1.91,3.30,3.90,1.67,3.60,4.80,https://live.nowscore.com/1x2/2701786.htm,2026-10-02T07:23:57Z,
2025-07-23,浦和红钻,湘南海洋,bet365,1.90,3.40,4.10,1.60,3.80,5.25,https://live.nowscore.com/1x2/2701786.htm,2026-10-02T07:23:57Z,
2025-07-23,浦和红钻,湘南海洋,Pinnacle,2.10,3.37,3.75,1.65,4.01,5.50,https://live.nowscore.com/1x2/2701786.htm,2026-10-02T07:23:57Z,
2025-07-27,浦和红钻,福冈黄蜂,William Hill,2.45,2.90,2.90,1.95,3.10,3.90,https://live.nowscore.com/1x2/2701804.htm,2026-10-02T07:28:57Z,
2025-07-27,浦和红钻,福冈黄蜂,bet365,2.45,3.10,3.00,2.00,3.30,3.80,https://live.nowscore.com/1x2/2701804.htm,2026-10-02T07:28:57Z,
2025-07-27,浦和红钻,福冈黄蜂,Pinnacle,2.48,3.14,2.97,2.01,3.41,4.10,https://live.nowscore.com/1x2/2701804.htm,2026-10-02T07:28:57Z,
2025-08-09,东京绿茵,横滨水手,William Hill,2.40,3.25,2.80,2.30,3.10,3.10,https://live.nowscore.com/1x2/2701825.htm,2026-10-02T07:33:57Z,
2025-08-09,东京绿茵,横滨水手,bet365,2.20,3.20,3.10,2.35,3.10,3.20,https://live.nowscore.com/1x2/2701825.htm,2026-10-02T07:33:57Z,
2025-08-09,东京绿茵,横滨水手,Pinnacle,2.45,3.26,2.92,2.42,3.27,3.19,https://live.nowscore.com/1x2/2701825.htm,2026-10-02T07:33:57Z,
2025-08-09,横滨FC,浦和红钻,William Hill,2.75,3.10,2.50,3.10,3.00,2.30,https://live.nowscore.com/1x2/2701826.htm,2026-10-02T07:33:57Z,
2025-08-09,横滨FC,浦和红钻,bet365,2.50,3.20,2.60,3.10,3.20,2.37,https://live.nowscore.com/1x2/2701826.htm,2026-10-02T07:33:57Z,
2025-08-09,横滨FC,浦和红钻,Pinnacle,2.86,3.16,2.55,3.31,3.19,2.40,https://live.nowscore.com/1x2/2701826.htm,2026-10-02T07:33:57Z,
2025-08-09,川崎前锋,福冈黄蜂,William Hill,1.85,3.30,4.00,1.85,3.40,4.00,https://live.nowscore.com/1x2/2701821.htm,2026-10-02T07:33:57Z,
2025-08-09,川崎前锋,福冈黄蜂,bet365,1.75,3.20,4.75,1.85,3.60,4.10,https://live.nowscore.com/1x2/2701821.htm,2026-10-02T07:33:57Z,
2025-08-09,川崎前锋,福冈黄蜂,Pinnacle,1.98,3.45,3.76,1.89,3.62,4.35,https://live.nowscore.com/1x2/2701821.htm,2026-10-02T07:33:57Z,
2025-08-10,广岛三箭,清水鼓动,William Hill,1.70,3.40,5.00,1.57,3.80,5.00,https://live.nowscore.com/1x2/2701824.htm,2026-10-02T07:38:57Z,
2025-08-10,广岛三箭,清水鼓动,bet365,1.75,3.20,4.75,1.61,3.90,5.25,https://live.nowscore.com/1x2/2701824.htm,2026-10-02T07:38:57Z,
2025-08-10,广岛三箭,清水鼓动,Pinnacle,1.58,3.95,5.63,1.64,4.11,5.51,https://live.nowscore.com/1x2/2701824.htm,2026-10-02T07:38:57Z,
2025-08-10,FC东京,鹿岛鹿角,William Hill,2.63,3.25,2.50,2.38,3.30,2.80,https://live.nowscore.com/1x2/2701818.htm,2026-10-02T07:38:57Z,
2025-08-10,FC东京,鹿岛鹿角,bet365,2.70,3.20,2.45,2.35,3.50,2.90,https://live.nowscore.com/1x2/2701818.htm,2026-10-02T07:38:57Z,
2025-08-10,FC东京,鹿岛鹿角,Pinnacle,2.72,3.23,2.62,2.45,3.49,2.96,https://live.nowscore.com/1x2/2701818.htm,2026-10-02T07:38:57Z,
2025-08-10,大阪钢巴,冈山绿雉,William Hill,1.85,3.30,4.00,1.95,3.30,3.60,https://live.nowscore.com/1x2/2701819.htm,2026-10-02T07:38:57Z,
2025-08-10,大阪钢巴,冈山绿雉,bet365,2.00,3.25,3.40,1.95,3.50,3.80,https://live.nowscore.com/1x2/2701819.htm,2026-10-02T07:38:57Z,
2025-08-10,大阪钢巴,冈山绿雉,Pinnacle,1.88,3.39,4.29,1.99,3.46,4.10,https://live.nowscore.com/1x2/2701819.htm,2026-10-02T07:38:57Z,
2025-08-10,柏太阳神,湘南海洋,William Hill,1.53,3.90,6.00,1.53,4.20,5.00,https://live.nowscore.com/1x2/2701820.htm,2026-10-02T07:38:57Z,
2025-08-10,柏太阳神,湘南海洋,bet365,1.36,4.00,8.50,1.55,4.50,5.00,https://live.nowscore.com/1x2/2701820.htm,2026-10-02T07:38:57Z,
2025-08-10,柏太阳神,湘南海洋,Pinnacle,1.47,4.44,6.35,1.57,4.61,5.48,https://live.nowscore.com/1x2/2701820.htm,2026-10-02T07:38:57Z,
2025-08-10,町田泽维亚,神户胜利船,William Hill,2.75,3.00,2.60,2.40,2.90,3.10,https://live.nowscore.com/1x2/2701822.htm,2026-10-02T07:38:57Z,
2025-08-10,町田泽维亚,神户胜利船,bet365,2.45,3.00,2.88,2.37,3.10,3.10,https://live.nowscore.com/1x2/2701822.htm,2026-10-02T07:38:57Z,
2025-08-10,町田泽维亚,神户胜利船,Pinnacle,2.98,3.15,2.46,2.45,3.18,3.22,https://live.nowscore.com/1x2/2701822.htm,2026-10-02T07:38:57Z,
2025-08-10,名古屋鲸八,京都不死鸟,William Hill,2.45,3.00,2.88,2.63,3.10,2.63,https://live.nowscore.com/1x2/2701823.htm,2026-10-02T07:38:57Z,
2025-08-10,名古屋鲸八,京都不死鸟,bet365,2.60,3.20,2.55,2.62,3.20,2.62,https://live.nowscore.com/1x2/2701823.htm,2026-10-02T07:38:57Z,
2025-08-10,名古屋鲸八,京都不死鸟,Pinnacle,2.44,3.12,3.04,2.73,3.33,2.72,https://live.nowscore.com/1x2/2701823.htm,2026-10-02T07:38:57Z,
2025-08-11,大阪樱花,新泻天鹅,William Hill,1.65,3.80,4.75,1.70,3.80,4.20,https://live.nowscore.com/1x2/2701817.htm,2026-10-02T07:43:57Z,
2025-08-11,大阪樱花,新泻天鹅,bet365,1.70,3.25,5.25,1.75,3.90,4.33,https://live.nowscore.com/1x2/2701817.htm,2026-10-02T07:43:57Z,
2025-08-11,大阪樱花,新泻天鹅,Pinnacle,1.71,3.90,4.53,1.75,4.12,4.50,https://live.nowscore.com/1x2/2701817.htm,2026-10-02T07:43:57Z,
2025-08-16,鹿岛鹿角,福冈黄蜂,William Hill,1.95,3.30,3.60,2.10,3.10,3.40,https://live.nowscore.com/1x2/2701828.htm,2026-10-02T03:55:00Z,
2025-08-16,鹿岛鹿角,福冈黄蜂,bet365,2.00,3.50,3.60,2.05,3.20,3.90,https://live.nowscore.com/1x2/2701828.htm,2026-10-02T03:55:00Z,
2025-08-16,鹿岛鹿角,福冈黄蜂,Pinnacle,2.17,3.10,3.64,2.10,3.34,3.88,https://live.nowscore.com/1x2/2701828.htm,2026-10-02T03:55:00Z,
2025-08-16,清水鼓动,横滨水手,William Hill,2.20,3.25,3.00,2.15,3.40,3.10,https://live.nowscore.com/1x2/2701833.htm,2026-10-02T03:55:00Z,
2025-08-16,清水鼓动,横滨水手,bet365,2.30,3.30,3.10,2.15,3.60,3.20,https://live.nowscore.com/1x2/2701833.htm,2026-10-02T03:55:00Z,
2025-08-16,清水鼓动,横滨水手,Pinnacle,2.14,3.55,3.22,2.18,3.71,3.27,https://live.nowscore.com/1x2/2701833.htm,2026-10-02T03:55:00Z,
2025-08-16,新泻天鹅,川崎前锋,William Hill,3.80,3.30,1.91,4.00,3.60,1.80,https://live.nowscore.com/1x2/2701827.htm,2026-10-02T03:55:00Z,
2025-08-16,新泻天鹅,川崎前锋,bet365,4.75,3.75,1.75,4.33,3.75,1.75,https://live.nowscore.com/1x2/2701827.htm,2026-10-02T03:55:00Z,
2025-08-16,新泻天鹅,川崎前锋,Pinnacle,3.79,3.55,1.94,4.34,3.97,1.81,https://live.nowscore.com/1x2/2701827.htm,2026-10-02T03:55:00Z,
2025-08-16,京都不死鸟,东京绿茵,William Hill,2.10,3.00,3.50,2.20,3.00,3.30,https://live.nowscore.com/1x2/2701829.htm,2026-10-02T03:55:00Z,
2025-08-16,京都不死鸟,东京绿茵,bet365,2.05,3.20,3.90,2.25,3.10,3.30,https://live.nowscore.com/1x2/2701829.htm,2026-10-02T03:55:00Z,
2025-08-16,京都不死鸟,东京绿茵,Pinnacle,2.30,3.06,3.37,2.35,3.24,3.34,https://live.nowscore.com/1x2/2701829.htm,2026-10-02T03:55:00Z,
2025-08-16,町田泽维亚,大阪樱花,William Hill,1.91,3.40,3.80,2.00,3.40,3.40,https://live.nowscore.com/1x2/2701830.htm,2026-10-02T03:55:00Z,
2025-08-16,町田泽维亚,大阪樱花,bet365,1.90,3.60,4.00,2.05,3.50,3.40,https://live.nowscore.com/1x2/2701830.htm,2026-10-02T03:55:00Z,
2025-08-16,町田泽维亚,大阪樱花,Pinnacle,1.91,3.60,3.87,2.11,3.68,3.48,https://live.nowscore.com/1x2/2701830.htm,2026-10-02T03:55:00Z,
2025-08-16,广岛三箭,大阪钢巴,William Hill,1.73,3.60,4.50,1.75,3.60,4.40,https://live.nowscore.com/1x2/2701832.htm,2026-10-02T03:55:00Z,
2025-08-16,广岛三箭,大阪钢巴,bet365,1.70,3.75,4.75,1.70,3.80,4.75,https://live.nowscore.com/1x2/2701832.htm,2026-10-02T03:55:00Z,
2025-08-16,广岛三箭,大阪钢巴,Pinnacle,1.77,3.64,4.50,1.75,3.94,4.76,https://live.nowscore.com/1x2/2701832.htm,2026-10-02T03:55:00Z,
2025-08-16,湘南海洋,FC东京,William Hill,3.00,3.30,2.20,3.40,3.30,2.05,https://live.nowscore.com/1x2/2701834.htm,2026-10-02T03:55:00Z,
2025-08-16,湘南海洋,FC东京,bet365,3.20,3.40,2.20,3.60,3.40,2.00,https://live.nowscore.com/1x2/2701834.htm,2026-10-02T03:55:00Z,
2025-08-16,湘南海洋,FC东京,Pinnacle,2.63,3.24,2.71,3.65,3.54,2.09,https://live.nowscore.com/1x2/2701834.htm,2026-10-02T03:55:00Z,
2025-08-16,浦和红钻,名古屋鲸八,William Hill,2.10,3.25,3.30,2.00,3.20,3.60,https://live.nowscore.com/1x2/2701835.htm,2026-10-02T03:55:00Z,
2025-08-16,浦和红钻,名古屋鲸八,bet365,2.10,3.40,3.40,2.10,3.25,3.60,https://live.nowscore.com/1x2/2701835.htm,2026-10-02T03:55:00Z,
2025-08-16,浦和红钻,名古屋鲸八,Pinnacle,2.31,3.03,3.38,2.13,3.41,3.70,https://live.nowscore.com/1x2/2701835.htm,2026-10-02T03:55:00Z,
2025-08-16,神户胜利船,横滨FC,William Hill,1.62,3.60,5.50,1.36,4.20,8.50,https://live.nowscore.com/1x2/2701836.htm,2026-10-02T03:55:00Z,
2025-08-16,神户胜利船,横滨FC,bet365,1.65,3.60,5.50,1.38,4.33,9.00,https://live.nowscore.com/1x2/2701836.htm,2026-10-02T03:55:00Z,
2025-08-16,神户胜利船,横滨FC,Pinnacle,1.71,3.51,5.15,1.39,4.65,9.81,https://live.nowscore.com/1x2/2701836.htm,2026-10-02T03:55:00Z,
2025-08-17,冈山绿雉,柏太阳神,William Hill,3.50,3.25,2.00,4.20,3.30,1.85,https://live.nowscore.com/1x2/2701831.htm,2026-10-02T03:55:00Z,
2025-08-17,冈山绿雉,柏太阳神,bet365,3.75,3.40,2.00,4.33,3.50,1.80,https://live.nowscore.com/1x2/2701831.htm,2026-10-02T03:55:00Z,
2025-08-17,冈山绿雉,柏太阳神,Pinnacle,3.96,3.30,1.98,4.35,3.59,1.90,https://live.nowscore.com/1x2/2701831.htm,2026-10-02T03:55:00Z,
2025-08-20,町田泽维亚,大阪钢巴,William Hill,1.67,3.60,4.80,1.85,3.30,4.00,https://live.nowscore.com/1x2/2701870.htm,2026-10-02T03:55:00Z,
2025-08-20,町田泽维亚,大阪钢巴,bet365,1.67,3.80,4.75,1.90,3.40,3.90,https://live.nowscore.com/1x2/2701870.htm,2026-10-02T03:55:00Z,
2025-08-20,町田泽维亚,大阪钢巴,Pinnacle,2.01,3.36,3.80,1.97,3.47,4.19,https://live.nowscore.com/1x2/2701870.htm,2026-10-02T03:55:00Z,
2025-08-20,广岛三箭,神户胜利船,William Hill,2.25,3.00,3.10,2.30,2.90,3.10,https://live.nowscore.com/1x2/2701872.htm,2026-10-02T03:55:00Z,
2025-08-20,广岛三箭,神户胜利船,bet365,2.25,3.25,3.20,2.50,3.00,3.00,https://live.nowscore.com/1x2/2701872.htm,2026-10-02T03:55:00Z,
2025-08-20,广岛三箭,神户胜利船,Pinnacle,2.27,3.20,3.27,2.54,3.14,3.11,https://live.nowscore.com/1x2/2701872.htm,2026-10-02T03:55:00Z,
2025-08-22,柏太阳神,浦和红钻,William Hill,2.10,3.25,3.30,1.95,3.40,3.60,https://live.nowscore.com/1x2/2701837.htm,2026-10-02T03:55:00Z,
2025-08-22,柏太阳神,浦和红钻,bet365,2.10,3.30,3.50,1.95,3.60,3.75,https://live.nowscore.com/1x2/2701837.htm,2026-10-02T03:55:00Z,
2025-08-22,柏太阳神,浦和红钻,Pinnacle,2.12,3.30,3.52,1.99,3.63,3.90,https://live.nowscore.com/1x2/2701837.htm,2026-10-02T03:55:00Z,
2025-08-23,福冈黄蜂,清水鼓动,William Hill,2.38,3.00,3.00,2.10,3.10,3.40,https://live.nowscore.com/1x2/2701839.htm,2026-10-02T03:55:00Z,
2025-08-23,福冈黄蜂,清水鼓动,bet365,2.38,3.00,3.30,2.15,3.20,3.60,https://live.nowscore.com/1x2/2701839.htm,2026-10-02T03:55:00Z,
2025-08-23,福冈黄蜂,清水鼓动,Pinnacle,2.69,2.96,2.86,2.17,3.30,3.70,https://live.nowscore.com/1x2/2701839.htm,2026-10-02T03:55:00Z,
2025-08-23,新泻天鹅,鹿岛鹿角,William Hill,3.10,3.40,2.10,3.25,3.30,2.10,https://live.nowscore.com/1x2/2701838.htm,2026-10-02T03:55:00Z,
2025-08-23,新泻天鹅,鹿岛鹿角,bet365,3.30,3.50,2.15,3.30,3.50,2.10,https://live.nowscore.com/1x2/2701838.htm,2026-10-02T03:55:00Z,
2025-08-23,新泻天鹅,鹿岛鹿角,Pinnacle,3.08,3.22,2.36,3.55,3.50,2.15,https://live.nowscore.com/1x2/2701838.htm,2026-10-02T03:55:00Z,
2025-08-23,大阪樱花,神户胜利船,William Hill,2.25,3.10,3.00,3.20,3.10,2.20,https://live.nowscore.com/1x2/2701840.htm,2026-10-02T03:55:00Z,
2025-08-23,大阪樱花,神户胜利船,bet365,2.20,3.30,3.20,3.20,3.25,2.25,https://live.nowscore.com/1x2/2701840.htm,2026-10-02T03:55:00Z,
2025-08-23,大阪樱花,神户胜利船,Pinnacle,3.07,3.46,2.25,3.21,3.47,2.30,https://live.nowscore.com/1x2/2701840.htm,2026-10-02T03:55:00Z,
2025-08-23,大阪钢巴,横滨FC,William Hill,2.10,3.10,3.40,1.91,3.30,3.90,https://live.nowscore.com/1x2/2701842.htm,2026-10-02T03:55:00Z,
2025-08-23,大阪钢巴,横滨FC,bet365,2.10,3.40,3.40,1.90,3.50,3.80,https://live.nowscore.com/1x2/2701842.htm,2026-10-02T03:55:00Z,
2025-08-23,大阪钢巴,横滨FC,Pinnacle,2.06,3.27,3.72,1.97,3.45,4.25,https://live.nowscore.com/1x2/2701842.htm,2026-10-02T03:55:00Z,
2025-08-23,名古屋鲸八,川崎前锋,William Hill,2.75,3.40,2.30,2.40,3.30,2.75,https://live.nowscore.com/1x2/2701843.htm,2026-10-02T03:55:00Z,
2025-08-23,名古屋鲸八,川崎前锋,bet365,2.75,3.30,2.45,2.37,3.50,2.80,https://live.nowscore.com/1x2/2701843.htm,2026-10-02T03:55:00Z,
2025-08-23,名古屋鲸八,川崎前锋,Pinnacle,3.11,3.20,2.36,2.52,3.38,2.94,https://live.nowscore.com/1x2/2701843.htm,2026-10-02T03:55:00Z,
2025-08-23,冈山绿雉,湘南海洋,William Hill,2.15,3.25,3.20,1.91,3.30,3.80,https://live.nowscore.com/1x2/2701844.htm,2026-10-02T03:55:00Z,
2025-08-23,冈山绿雉,湘南海洋,bet365,2.15,3.25,3.40,1.90,3.50,4.00,https://live.nowscore.com/1x2/2701844.htm,2026-10-02T03:55:00Z,
2025-08-23,冈山绿雉,湘南海洋,Pinnacle,2.30,3.21,3.20,1.96,3.61,4.04,https://live.nowscore.com/1x2/2701844.htm,2026-10-02T03:55:00Z,
2025-08-23,东京绿茵,广岛三箭,William Hill,3.00,3.25,2.25,3.60,2.90,2.15,https://live.nowscore.com/1x2/2701845.htm,2026-10-02T06:37:26Z,
2025-08-23,东京绿茵,广岛三箭,bet365,2.50,3.40,2.60,3.60,3.20,2.15,https://live.nowscore.com/1x2/2701845.htm,2026-10-02T06:37:26Z,
2025-08-23,东京绿茵,广岛三箭,Pinnacle,4.80,3.33,1.82,3.89,3.08,2.21,https://live.nowscore.com/1x2/2701845.htm,2026-10-02T03:55:00Z,
2025-08-23,横滨水手,町田泽维亚,William Hill,2.70,3.20,2.50,3.90,3.60,1.83,https://live.nowscore.com/1x2/2701846.htm,2026-10-02T03:55:00Z,
2025-08-23,横滨水手,町田泽维亚,bet365,2.50,3.40,2.60,3.70,3.90,1.85,https://live.nowscore.com/1x2/2701846.htm,2026-10-02T03:55:00Z,
2025-08-23,横滨水手,町田泽维亚,Pinnacle,3.56,3.43,2.05,4.31,3.67,1.88,https://live.nowscore.com/1x2/2701846.htm,2026-10-02T03:55:00Z,
2025-08-24,FC东京,京都不死鸟,William Hill,2.30,3.40,2.75,2.50,3.25,2.63,https://live.nowscore.com/1x2/2701841.htm,2026-10-02T06:40Z,
2025-08-24,FC东京,京都不死鸟,bet365,2.40,3.40,2.80,2.50,3.30,2.75,https://live.nowscore.com/1x2/2701841.htm,2026-10-02T06:40Z,
2025-08-24,FC东京,京都不死鸟,Pinnacle,2.38,3.46,2.86,2.58,3.46,2.80,https://live.nowscore.com/1x2/2701841.htm,2026-10-02T06:40Z,
