season,date_local,kickoff_local,kickoff_utc,home_team,away_team,home_abbr,away_abbr,provider_fixture_id,stable_match_key,official_stage,official_round,venue,venue_city,venue_city_raw,local_timezone,status,row_note,source_url,final_url,retrieved_at,field_locator,source_sha256
2019,2019-03-02,13:00,18:00,Philadelphia Union,Toronto FC,PHI,TOR,532605,mls-2019-PHI-TOR-20190302,Regular Season,,Subaru Park,Chester,"Chester, Pennsylvania",America/New_York,full_time,,https://site.api.espn.com/apis/site/v2/sports/soccer/usa.1/scoreboard?dates=20190302,https://site.api.espn.com/apis/site/v2/sports/soccer/usa.1/scoreboard?dates=20190302,2026-10-02T09:31:26+00:00,scoreboard.events[532605].competitions[0],4cf1984b765eb907
2019,2019-03-02,14:30,19:30,Orlando City SC,New York City FC,ORL,NYC,532604,mls-2019-ORL-NYC-20190302,Regular Season,,Inter&Co Stadium,Orlando,"Orlando, Florida",America/New_York,full_time,,https://site.api.espn.com/apis/site/v2/sports/soccer/usa.1/scoreboard?dates=20190302,https://site.api.espn.com/apis/site/v2/sports/soccer/usa.1/scoreboard?dates=20190302,2026-10-02T09:31:26+00:00,scoreboard.events[532604].competitions[0],4cf1984b765eb907
2019,2019-03-02,16:30,21:30,Columbus Crew,Red Bull New York,CLB,RBNY,532603,mls-2019-CLB-RBNY-20190302,Regular Season,,Historic Crew Stadium,Columbus,"Columbus, Ohio",America/New_York,full_time,,https://site.api.espn.com/apis/site/v2/sports/soccer/usa.1/scoreboard?dates=20190302,https://site.api.espn.com/apis/site/v2/sports/soccer/usa.1/scoreboard?dates=20190302,2026-10-02T09:31:26+00:00,scoreboard.events[532603].competitions[0],4cf1984b765eb907
2019,2019-03-02,15:30,21:30,FC Dallas,New England Revolution,DAL,NE,532602,mls-2019-DAL-NE-20190302,Regular Season,,Toyota Stadium,Frisco,Toyota Stadium,America/Chicago,full_time,,https://site.api.espn.com/apis/site/v2/sports/soccer/usa.1/scoreboard?dates=20190302,https://site.api.espn.com/apis/site/v2/sports/soccer/usa.1/scoreboard?dates=20190302,2026-10-02T09:31:26+00:00,scoreboard.events[532602].competitions[0],4cf1984b765eb907
2019,2019-03-02,16:00,23:00,Colorado Rapids,Portland Timbers,COL,POR,532600,mls-2019-COL-POR-20190302,Regular Season,,Dick's Sporting Goods Park,Commerce City,"Commerce City, Colorado",America/Denver,full_time,,https://site.api.espn.com/apis/site/v2/sports/soccer/usa.1/scoreboard?dates=20190302,https://site.api.espn.com/apis/site/v2/sports/soccer/usa.1/scoreboard?dates=20190302,2026-10-02T09:31:26+00:00,scoreboard.events[532600].competitions[0],4cf1984b765eb907
2019,2019-03-02,17:00,23:00,Houston Dynamo FC,Real Salt Lake,HOU,RSL,532601,mls-2019-HOU-RSL-20190302,Regular Season,,Shell Energy Stadium,Houston,"Houston, Texas",America/Chicago,full_time,,https://site.api.espn.com/apis/site/v2/sports/soccer/usa.1/scoreboard?dates=20190302,https://site.api.espn.com/apis/site/v2/sports/soccer/usa.1/scoreboard?dates=20190302,2026-10-02T09:31:26+00:00,scoreboard.events[532601].competitions[0],4cf1984b765eb907
2019,2019-03-02,15:00,23:00,Vancouver Whitecaps,Minnesota United FC,VAN,MIN,532599,mls-2019-VAN-MIN-20190302,Regular Season,,BC Place,Vancouver,Vancouver,America/Vancouver,full_time,,https://site.api.espn.com/apis/site/v2/sports/soccer/usa.1/scoreboard?dates=20190302,https://site.api.espn.com/apis/site/v2/sports/soccer/usa.1/scoreboard?dates=20190302,2026-10-02T09:31:26+00:00,scoreboard.events[532599].competitions[0],4cf1984b765eb907
2019,2019-03-02,17:00,01:00,LA Galaxy,Chicago Fire FC,LA,CHI,532598,mls-2019-LA-CHI-20190302,Regular Season,,Dignity Health Sports Park,Carson,"Carson, California",America/Los_Angeles,full_time,,https://site.api.espn.com/apis/site/v2/sports/soccer/usa.1/scoreboard?dates=20190302,https://site.api.espn.com/apis/site/v2/sports/soccer/usa.1/scoreboard?dates=20190302,2026-10-02T09:31:26+00:00,scoreboard.events[532598].competitions[0],4cf1984b765eb907
2019,2019-03-02,19:00,03:00,San Jose Earthquakes,CF Montréal,SJ,MTL,532597,mls-2019-SJ-MTL-20190302,Regular Season,,PayPal Park,San Jose,"San Jose, California",America/Los_Angeles,full_time,,https://site.api.espn.com/apis/site/v2/sports/soccer/usa.1/scoreboard?dates=20190302,https://site.api.espn.com/apis/site/v2/sports/soccer/usa.1/scoreboard?dates=20190302,2026-10-02T09:31:26+00:00,scoreboard.events[532597].competitions[0],4cf1984b765eb907
2019,2019-03-02,19:00,03:00,Seattle Sounders FC,FC Cincinnati,SEA,CIN,532596,mls-2019-SEA-CIN-20190302,Regular Season,,Lumen Field,Seattle,"Seattle, Washington",America/Los_Angeles,full_time,,https://site.api.espn.com/apis/site/v2/sports/soccer/usa.1/scoreboard?dates=20190302,https://site.api.espn.com/apis/site/v2/sports/soccer/usa.1/scoreboard?dates=20190302,2026-10-02T09:31:26+00:00,scoreboard.events[532596].competitions[0],4cf1984b765eb907
2019,2019-03-03,18:00,23:00,D.C. United,Atlanta United FC,DC,ATL,532595,mls-2019-DC-ATL-20190303,Regular Season,,Audi Field,Washington,"Washington, District of Columbia",America/New_York,full_time,,https://site.api.espn.com/apis/site/v2/sports/soccer/usa.1/scoreboard?dates=20190303,https://site.api.espn.com/apis/site/v2/sports/soccer/usa.1/scoreboard?dates=20190303,2026-10-02T09:31:26+00:00,scoreboard.events[532595].competitions[0],1a54b04e5949a632
2019,2019-03-03,17:30,01:30,LAFC,Sporting Kansas City,LAFC,SKC,532594,mls-2019-LAFC-SKC-20190303,Regular Season,,BMO Stadium,Los Angeles,"Los Angeles, California",America/Los_Angeles,full_time,,https://site.api.espn.com/apis/site/v2/sports/soccer/usa.1/scoreboard?dates=20190303,https://site.api.espn.com/apis/site/v2/sports/soccer/usa.1/scoreboard?dates=20190303,2026-10-02T09:31:26+00:00,scoreboard.events[532594].competitions[0],1a54b04e5949a632
2019,2019-03-09,12:00,18:00,Chicago Fire FC,Orlando City SC,CHI,ORL,532593,mls-2019-CHI-ORL-20190309,Regular Season,,SeatGeek Stadium,Bridgeview,"Bridgeview, Illinois",America/Chicago,full_time,,https://site.api.espn.com/apis/site/v2/sports/soccer/usa.1/scoreboard?dates=20190309,https://site.api.espn.com/apis/site/v2/sports/soccer/usa.1/scoreboard?dates=20190309,2026-10-02T09:31:28+00:00,scoreboard.events[532593].competitions[0],14d4294ee60d1d30
2019,2019-03-09,14:00,19:00,New England Revolution,Columbus Crew,NE,CLB,532592,mls-2019-NE-CLB-20190309,Regular Season,,Gillette Stadium,Foxborough,"Foxborough, Massachusetts",America/New_York,full_time,,https://site.api.espn.com/apis/site/v2/sports/soccer/usa.1/scoreboard?dates=20190309,https://site.api.espn.com/apis/site/v2/sports/soccer/usa.1/scoreboard?dates=20190309,2026-10-02T09:31:28+00:00,scoreboard.events[532592].competitions[0],14d4294ee60d1d30
2019,2019-03-09,14:30,20:30,FC Dallas,LA Galaxy,DAL,LA,533382,mls-2019-DAL-LA-20190309,Regular Season,,Toyota Stadium,Frisco,Toyota Stadium,America/Chicago,full_time,,https://site.api.espn.com/apis/site/v2/sports/soccer/usa.1/scoreboard?dates=20190309,https://site.api.espn.com/apis/site/v2/sports/soccer/usa.1/scoreboard?dates=20190309,2026-10-02T09:31:28+00:00,scoreboard.events[533382].competitions[0],14d4294ee60d1d30
2019,2019-03-09,16:00,22:00,Houston Dynamo FC,CF Montréal,HOU,MTL,533381,mls-2019-HOU-MTL-20190309,Regular Season,,Shell Energy Stadium,Houston,"Houston, Texas",America/Chicago,full_time,,https://site.api.espn.com/apis/site/v2/sports/soccer/usa.1/scoreboard?dates=20190309,https://site.api.espn.com/apis/site/v2/sports/soccer/usa.1/scoreboard?dates=20190309,2026-10-02T09:31:28+00:00,scoreboard.events[533381].competitions[0],14d4294ee60d1d30
2019,2019-03-09,16:00,23:00,Real Salt Lake,Vancouver Whitecaps,RSL,VAN,532096,mls-2019-RSL-VAN-20190309,Regular Season,,America First Field,Sandy,"Sandy, Utah",America/Denver,full_time,,https://site.api.espn.com/apis/site/v2/sports/soccer/usa.1/scoreboard?dates=20190309,https://site.api.espn.com/apis/site/v2/sports/soccer/usa.1/scoreboard?dates=20190309,2026-10-02T09:31:28+00:00,scoreboard.events[532096].competitions[0],14d4294ee60d1d30
2019,2019-03-09,17:00,01:00,San Jose Earthquakes,Minnesota United FC,SJ,MIN,533380,mls-2019-SJ-MIN-20190309,Regular Season,,PayPal Park,San Jose,"San Jose, California",America/Los_Angeles,full_time,,https://site.api.espn.com/apis/site/v2/sports/soccer/usa.1/scoreboard?dates=20190309,https://site.api.espn.com/apis/site/v2/sports/soccer/usa.1/scoreboard?dates=20190309,2026-10-02T09:31:28+00:00,scoreboard.events[533380].competitions[0],14d4294ee60d1d30
2019,2019-03-09,19:00,03:00,Seattle Sounders FC,Colorado Rapids,SEA,COL,533379,mls-2019-SEA-COL-20190309,Regular Season,,Lumen Field,Seattle,"Seattle, Washington",America/Los_Angeles,full_time,,https://site.api.espn.com/apis/site/v2/sports/soccer/usa.1/scoreboard?dates=20190309,https://site.api.espn.com/apis/site/v2/sports/soccer/usa.1/scoreboard?dates=20190309,2026-10-02T09:31:28+00:00,scoreboard.events[533379].competitions[0],14d4294ee60d1d30
2019,2019-03-10,15:00,19:00,New York City FC,D.C. United,NYC,DC,532590,mls-2019-NYC-DC-20190310,Regular Season,,Yankee Stadium,New York,New York City,America/New_York,full_time,,https://site.api.espn.com/apis/site/v2/sports/soccer/usa.1/scoreboard?dates=20190310,https://site.api.espn.com/apis/site/v2/sports/soccer/usa.1/scoreboard?dates=20190310,2026-10-02T09:31:28+00:00,scoreboard.events[532590].competitions[0],cae8f89e2a59627d
2019,2019-03-10,14:00,19:00,Sporting Kansas City,Philadelphia Union,SKC,PHI,532591,mls-2019-SKC-PHI-20190310,Regular Season,,Children's Mercy Park,Kansas City,"Kansas City, Kansas",America/Chicago,full_time,,https://site.api.espn.com/apis/site/v2/sports/soccer/usa.1/scoreboard?dates=20190310,https://site.api.espn.com/apis/site/v2/sports/soccer/usa.1/scoreboard?dates=20190310,2026-10-02T09:31:28+00:00,scoreboard.events[532591].competitions[0],cae8f89e2a59627d
2019,2019-03-10,17:00,21:00,Atlanta United FC,FC Cincinnati,ATL,CIN,532589,mls-2019-ATL-CIN-20190310,Regular Season,,Mercedes-Benz Stadium,Atlanta,"Atlanta, Georgia",America/New_York,full_time,,https://site.api.espn.com/apis/site/v2/sports/soccer/usa.1/scoreboard?dates=20190310,https://site.api.espn.com/apis/site/v2/sports/soccer/usa.1/scoreboard?dates=20190310,2026-10-02T09:31:28+00:00,scoreboard.events[532589].competitions[0],cae8f89e2a59627d
2019,2019-03-10,16:30,23:30,LAFC,Portland Timbers,LAFC,POR,533378,mls-2019-LAFC-POR-20190310,Regular Season,,BMO Stadium,Los Angeles,"Los Angeles, California",America/Los_Angeles,full_time,,https://site.api.espn.com/apis/site/v2/sports/soccer/usa.1/scoreboard?dates=20190310,https://site.api.espn.com/apis/site/v2/sports/soccer/usa.1/scoreboard?dates=20190310,2026-10-02T09:31:28+00:00,scoreboard.events[533378].competitions[0],cae8f89e2a59627d
2019,2019-03-16,12:00,17:00,Chicago Fire FC,Seattle Sounders FC,CHI,SEA,533377,mls-2019-CHI-SEA-20190316,Regular Season,,SeatGeek Stadium,Bridgeview,"Bridgeview, Illinois",America/Chicago,full_time,,https://site.api.espn.com/apis/site/v2/sports/soccer/usa.1/scoreboard?dates=20190316,https://site.api.espn.com/apis/site/v2/sports/soccer/usa.1/scoreboard?dates=20190316,2026-10-02T09:31:29+00:00,scoreboard.events[533377].competitions[0],4a976448b7017447
2019,2019-03-16,14:00,18:00,Columbus Crew,FC Dallas,CLB,DAL,533376,mls-2019-CLB-DAL-20190316,Regular Season,,Historic Crew Stadium,Columbus,"Columbus, Ohio",America/New_York,full_time,,https://site.api.espn.com/apis/site/v2/sports/soccer/usa.1/scoreboard?dates=20190316,https://site.api.espn.com/apis/site/v2/sports/soccer/usa.1/scoreboard?dates=20190316,2026-10-02T09:31:29+00:00,scoreboard.events[533376].competitions[0],4a976448b7017447
2019,2019-03-16,14:00,19:00,Houston Dynamo FC,Vancouver Whitecaps,HOU,VAN,533375,mls-2019-HOU-VAN-20190316,Regular Season,,Shell Energy Stadium,Houston,"Houston, Texas",America/Chicago,full_time,,https://site.api.espn.com/apis/site/v2/sports/soccer/usa.1/scoreboard?dates=20190316,https://site.api.espn.com/apis/site/v2/sports/soccer/usa.1/scoreboard?dates=20190316,2026-10-02T09:31:29+00:00,scoreboard.events[533375].competitions[0],4a976448b7017447
2019,2019-03-16,15:30,19:30,Red Bull New York,San Jose Earthquakes,RBNY,SJ,532588,mls-2019-RBNY-SJ-20190316,Regular Season,,Sports Illustrated Stadium,Harrison,"Harrison, New Jersey",America/New_York,full_time,,https://site.api.espn.com/apis/site/v2/sports/soccer/usa.1/scoreboard?dates=20190316,https://site.api.espn.com/apis/site/v2/sports/soccer/usa.1/scoreboard?dates=20190316,2026-10-02T09:31:29+00:00,scoreboard.events[532588].competitions[0],4a976448b7017447
2019,2019-03-16,16:00,20:00,Orlando City SC,CF Montréal,ORL,MTL,533374,mls-2019-ORL-MTL-20190316,Regular Season,,Inter&Co Stadium,Orlando,"Orlando, Florida",America/New_York,full_time,,https://site.api.espn.com/apis/site/v2/sports/soccer/usa.1/scoreboard?dates=20190316,https://site.api.espn.com/apis/site/v2/sports/soccer/usa.1/scoreboard?dates=20190316,2026-10-02T09:31:29+00:00,scoreboard.events[533374].competitions[0],4a976448b7017447
2019,2019-03-16,20:00,00:00,D.C. United,Real Salt Lake,DC,RSL,533373,mls-2019-DC-RSL-20190316,Regular Season,,Audi Field,Washington,"Washington, District of Columbia",America/New_York,full_time,,https://site.api.espn.com/apis/site/v2/sports/soccer/usa.1/scoreboard?dates=20190316,https://site.api.espn.com/apis/site/v2/sports/soccer/usa.1/scoreboard?dates=20190316,2026-10-02T09:31:29+00:00,scoreboard.events[533373].competitions[0],4a976448b7017447
2019,2019-03-16,19:30,02:30,LA Galaxy,Minnesota United FC,LA,MIN,533372,mls-2019-LA-MIN-20190316,Regular Season,,Dignity Health Sports Park,Carson,"Carson, California",America/Los_Angeles,full_time,,https://site.api.espn.com/apis/site/v2/sports/soccer/usa.1/scoreboard?dates=20190316,https://site.api.espn.com/apis/site/v2/sports/soccer/usa.1/scoreboard?dates=20190316,2026-10-02T09:31:29+00:00,scoreboard.events[533372].competitions[0],4a976448b7017447
2019,2019-03-17,15:00,19:00,New York City FC,LAFC,NYC,LAFC,533371,mls-2019-NYC-LAFC-20190317,Regular Season,,Yankee Stadium,New York,New York City,America/New_York,full_time,,https://site.api.espn.com/apis/site/v2/sports/soccer/usa.1/scoreboard?dates=20190317,https://site.api.espn.com/apis/site/v2/sports/soccer/usa.1/scoreboard?dates=20190317,2026-10-02T09:31:29+00:00,scoreboard.events[533371].competitions[0],88eaf7c6eb20f90c
2019,2019-03-17,17:00,21:00,FC Cincinnati,Portland Timbers,CIN,POR,532586,mls-2019-CIN-POR-20190317,Regular Season,,Nippert Stadium,Cincinnati,"Cincinnati, Ohio",America/New_York,full_time,,https://site.api.espn.com/apis/site/v2/sports/soccer/usa.1/scoreboard?dates=20190317,https://site.api.espn.com/apis/site/v2/sports/soccer/usa.1/scoreboard?dates=20190317,2026-10-02T09:31:29+00:00,scoreboard.events[532586].competitions[0],88eaf7c6eb20f90c
2019,2019-03-17,19:00,23:00,Atlanta United FC,Philadelphia Union,ATL,PHI,533370,mls-2019-ATL-PHI-20190317,Regular Season,,Mercedes-Benz Stadium,Atlanta,"Atlanta, Georgia",America/New_York,full_time,,https://site.api.espn.com/apis/site/v2/sports/soccer/usa.1/scoreboard?dates=20190317,https://site.api.espn.com/apis/site/v2/sports/soccer/usa.1/scoreboard?dates=20190317,2026-10-02T09:31:29+00:00,scoreboard.events[533370].competitions[0],88eaf7c6eb20f90c
2019,2019-03-17,19:30,23:30,Toronto FC,New England Revolution,TOR,NE,532587,mls-2019-TOR-NE-20190317,Regular Season,,BMO Field,Toronto,Toronto,America/Toronto,full_time,,https://site.api.espn.com/apis/site/v2/sports/soccer/usa.1/scoreboard?dates=20190317,https://site.api.espn.com/apis/site/v2/sports/soccer/usa.1/scoreboard?dates=20190317,2026-10-02T09:31:29+00:00,scoreboard.events[532587].competitions[0],88eaf7c6eb20f90c
2019,2019-03-17,19:00,01:00,Colorado Rapids,Sporting Kansas City,COL,SKC,533369,mls-2019-COL-SKC-20190317,Regular Season,,Dick's Sporting Goods Park,Commerce City,"Commerce City, Colorado",America/Denver,full_time,,https://site.api.espn.com/apis/site/v2/sports/soccer/usa.1/scoreboard?dates=20190317,https://site.api.espn.com/apis/site/v2/sports/soccer/usa.1/scoreboard?dates=20190317,2026-10-02T09:31:29+00:00,scoreboard.events[533369].competitions[0],88eaf7c6eb20f90c
2019,2019-03-23,16:55,21:55,FC Dallas,Colorado Rapids,DAL,COL,533366,mls-2019-DAL-COL-20190323,Regular Season,,Toyota Stadium,Frisco,Toyota Stadium,America/Chicago,full_time,,https://site.api.espn.com/apis/site/v2/sports/soccer/usa.1/scoreboard?dates=20190323,https://site.api.espn.com/apis/site/v2/sports/soccer/usa.1/scoreboard?dates=20190323,2026-10-02T09:31:30+00:00,scoreboard.events[533366].competitions[0],3dd3d53c46c95b91
2019,2019-03-23,19:30,23:30,Philadelphia Union,Columbus Crew,PHI,CLB,533367,mls-2019-PHI-CLB-20190323,Regular Season,,Subaru Park,Chester,"Chester, Pennsylvania",America/New_York,full_time,,https://site.api.espn.com/apis/site/v2/sports/soccer/usa.1/scoreboard?dates=20190323,https://site.api.espn.com/apis/site/v2/sports/soccer/usa.1/scoreboard?dates=20190323,2026-10-02T09:31:30+00:00,scoreboard.events[533367].competitions[0],3dd3d53c46c95b91
2019,2019-03-23,19:30,23:30,Red Bull New York,Orlando City SC,RBNY,ORL,533365,mls-2019-RBNY-ORL-20190323,Regular Season,,Sports Illustrated Stadium,Harrison,"Harrison, New Jersey",America/New_York,full_time,,https://site.api.espn.com/apis/site/v2/sports/soccer/usa.1/scoreboard?dates=20190323,https://site.api.espn.com/apis/site/v2/sports/soccer/usa.1/scoreboard?dates=20190323,2026-10-02T09:31:30+00:00,scoreboard.events[533365].competitions[0],3dd3d53c46c95b91
2019,2019-03-23,19:30,02:30,LAFC,Real Salt Lake,LAFC,RSL,533364,mls-2019-LAFC-RSL-20190323,Regular Season,,BMO Stadium,Los Angeles,"Los Angeles, California",America/Los_Angeles,full_time,,https://site.api.espn.com/apis/site/v2/sports/soccer/usa.1/scoreboard?dates=20190323,https://site.api.espn.com/apis/site/v2/sports/soccer/usa.1/scoreboard?dates=20190323,2026-10-02T09:31:30+00:00,scoreboard.events[533364].competitions[0],3dd3d53c46c95b91
2019,2019-03-24,16:00,20:00,New England Revolution,FC Cincinnati,NE,CIN,533368,mls-2019-NE-CIN-20190324,Regular Season,,Gillette Stadium,Foxborough,"Foxborough, Massachusetts",America/New_York,full_time,,https://site.api.espn.com/apis/site/v2/sports/soccer/usa.1/scoreboard?dates=20190324,https://site.api.espn.com/apis/site/v2/sports/soccer/usa.1/scoreboard?dates=20190324,2026-10-02T09:31:30+00:00,scoreboard.events[533368].competitions[0],669ffa7c233c880c
2019,2019-03-29,20:00,00:00,Toronto FC,New York City FC,TOR,NYC,533363,mls-2019-TOR-NYC-20190329,Regular Season,,BMO Field,Toronto,Toronto,America/Toronto,full_time,,https://site.api.espn.com/apis/site/v2/sports/soccer/usa.1/scoreboard?dates=20190329,https://site.api.espn.com/apis/site/v2/sports/soccer/usa.1/scoreboard?dates=20190329,2026-10-02T09:31:31+00:00,scoreboard.events[533363].competitions[0],f3cdacf279a2ed33
2019,2019-03-30,12:00,17:00,Chicago Fire FC,Red Bull New York,CHI,RBNY,533362,mls-2019-CHI-RBNY-20190330,Regular Season,,SeatGeek Stadium,Bridgeview,"Bridgeview, Illinois",America/Chicago,full_time,,https://site.api.espn.com/apis/site/v2/sports/soccer/usa.1/scoreboard?dates=20190330,https://site.api.espn.com/apis/site/v2/sports/soccer/usa.1/scoreboard?dates=20190330,2026-10-02T09:31:32+00:00,scoreboard.events[533362].competitions[0],3b4f3279a932e8a2
2019,2019-03-30,14:00,18:00,New England Revolution,Minnesota United FC,NE,MIN,533361,mls-2019-NE-MIN-20190330,Regular Season,,Gillette Stadium,Foxborough,"Foxborough, Massachusetts",America/New_York,full_time,,https://site.api.espn.com/apis/site/v2/sports/soccer/usa.1/scoreboard?dates=20190330,https://site.api.espn.com/apis/site/v2/sports/soccer/usa.1/scoreboard?dates=20190330,2026-10-02T09:31:32+00:00,scoreboard.events[533361].competitions[0],3b4f3279a932e8a2
2019,2019-03-30,14:00,19:00,Sporting Kansas City,CF Montréal,SKC,MTL,533360,mls-2019-SKC-MTL-20190330,Regular Season,,Children's Mercy Park,Kansas City,"Kansas City, Kansas",America/Chicago,full_time,,https://site.api.espn.com/apis/site/v2/sports/soccer/usa.1/scoreboard?dates=20190330,https://site.api.espn.com/apis/site/v2/sports/soccer/usa.1/scoreboard?dates=20190330,2026-10-02T09:31:32+00:00,scoreboard.events[533360].competitions[0],3b4f3279a932e8a2
2019,2019-03-30,12:30,19:30,San Jose Earthquakes,LAFC,SJ,LAFC,533359,mls-2019-SJ-LAFC-20190330,Regular Season,,PayPal Park,San Jose,"San Jose, California",America/Los_Angeles,full_time,,https://site.api.espn.com/apis/site/v2/sports/soccer/usa.1/scoreboard?dates=20190330,https://site.api.espn.com/apis/site/v2/sports/soccer/usa.1/scoreboard?dates=20190330,2026-10-02T09:31:32+00:00,scoreboard.events[533359].competitions[0],3b4f3279a932e8a2
2019,2019-03-30,19:30,23:30,Columbus Crew,Atlanta United FC,CLB,ATL,533357,mls-2019-CLB-ATL-20190330,Regular Season,,Historic Crew Stadium,Columbus,"Columbus, Ohio",America/New_York,full_time,,https://site.api.espn.com/apis/site/v2/sports/soccer/usa.1/scoreboard?dates=20190330,https://site.api.espn.com/apis/site/v2/sports/soccer/usa.1/scoreboard?dates=20190330,2026-10-02T09:31:32+00:00,scoreboard.events[533357].competitions[0],3b4f3279a932e8a2
2019,2019-03-30,19:30,23:30,FC Cincinnati,Philadelphia Union,CIN,PHI,533358,mls-2019-CIN-PHI-20190330,Regular Season,,Nippert Stadium,Cincinnati,"Cincinnati, Ohio",America/New_York,full_time,,https://site.api.espn.com/apis/site/v2/sports/soccer/usa.1/scoreboard?dates=20190330,https://site.api.espn.com/apis/site/v2/sports/soccer/usa.1/scoreboard?dates=20190330,2026-10-02T09:31:32+00:00,scoreboard.events[533358].competitions[0],3b4f3279a932e8a2
2019,2019-03-30,19:00,01:00,Colorado Rapids,Houston Dynamo FC,COL,HOU,533356,mls-2019-COL-HOU-20190330,Regular Season,,Dick's Sporting Goods Park,Commerce City,"Commerce City, Colorado",America/Denver,full_time,,https://site.api.espn.com/apis/site/v2/sports/soccer/usa.1/scoreboard?dates=20190330,https://site.api.espn.com/apis/site/v2/sports/soccer/usa.1/scoreboard?dates=20190330,2026-10-02T09:31:32+00:00,scoreboard.events[533356].competitions[0],3b4f3279a932e8a2
2019,2019-03-30,19:00,01:00,Real Salt Lake,FC Dallas,RSL,DAL,533355,mls-2019-RSL-DAL-20190330,Regular Season,,America First Field,Sandy,"Sandy, Utah",America/Denver,full_time,,https://site.api.espn.com/apis/site/v2/sports/soccer/usa.1/scoreboard?dates=20190330,https://site.api.espn.com/apis/site/v2/sports/soccer/usa.1/scoreboard?dates=20190330,2026-10-02T09:31:32+00:00,scoreboard.events[533355].competitions[0],3b4f3279a932e8a2
2019,2019-03-30,19:00,02:00,Vancouver Whitecaps,Seattle Sounders FC,VAN,SEA,533354,mls-2019-VAN-SEA-20190330,Regular Season,,BC Place,Vancouver,Vancouver,America/Vancouver,full_time,,https://site.api.espn.com/apis/site/v2/sports/soccer/usa.1/scoreboard?dates=20190330,https://site.api.espn.com/apis/site/v2/sports/soccer/usa.1/scoreboard?dates=20190330,2026-10-02T09:31:32+00:00,scoreboard.events[533354].competitions[0],3b4f3279a932e8a2
2019,2019-03-31,18:30,22:30,Orlando City SC,D.C. United,ORL,DC,533353,mls-2019-ORL-DC-20190331,Regular Season,,Inter&Co Stadium,Orlando,"Orlando, Florida",America/New_York,full_time,,https://site.api.espn.com/apis/site/v2/sports/soccer/usa.1/scoreboard?dates=20190331,https://site.api.espn.com/apis/site/v2/sports/soccer/usa.1/scoreboard?dates=20190331,2026-10-02T09:31:31+00:00,scoreboard.events[533353].competitions[0],6657a719c2140ff7
2019,2019-03-31,18:00,01:00,LA Galaxy,Portland Timbers,LA,POR,533352,mls-2019-LA-POR-20190331,Regular Season,,Dignity Health Sports Park,Carson,"Carson, California",America/Los_Angeles,full_time,,https://site.api.espn.com/apis/site/v2/sports/soccer/usa.1/scoreboard?dates=20190331,https://site.api.espn.com/apis/site/v2/sports/soccer/usa.1/scoreboard?dates=20190331,2026-10-02T09:31:31+00:00,scoreboard.events[533352].competitions[0],6657a719c2140ff7
2019,2019-04-05,19:00,02:00,Vancouver Whitecaps,LA Galaxy,VAN,LA,533351,mls-2019-VAN-LA-20190405,Regular Season,,BC Place,Vancouver,Vancouver,America/Vancouver,full_time,,https://site.api.espn.com/apis/site/v2/sports/soccer/usa.1/scoreboard?dates=20190405,https://site.api.espn.com/apis/site/v2/sports/soccer/usa.1/scoreboard?dates=20190405,2026-10-02T09:31:32+00:00,scoreboard.events[533351].competitions[0],fa893158d76b0544
2019,2019-04-06,13:00,17:00,New York City FC,CF Montréal,NYC,MTL,533350,mls-2019-NYC-MTL-20190406,Regular Season,,Yankee Stadium,New York,New York City,America/New_York,full_time,,https://site.api.espn.com/apis/site/v2/sports/soccer/usa.1/scoreboard?dates=20190406,https://site.api.espn.com/apis/site/v2/sports/soccer/usa.1/scoreboard?dates=20190406,2026-10-02T09:31:32+00:00,scoreboard.events[533350].competitions[0],1b17b2ba66f57cb0
2019,2019-04-06,15:00,19:00,D.C. United,LAFC,DC,LAFC,533349,mls-2019-DC-LAFC-20190406,Regular Season,,Audi Field,Washington,"Washington, District of Columbia",America/New_York,full_time,,https://site.api.espn.com/apis/site/v2/sports/soccer/usa.1/scoreboard?dates=20190406,https://site.api.espn.com/apis/site/v2/sports/soccer/usa.1/scoreboard?dates=20190406,2026-10-02T09:31:32+00:00,scoreboard.events[533349].competitions[0],1b17b2ba66f57cb0
2019,2019-04-06,15:00,19:00,Toronto FC,Chicago Fire FC,TOR,CHI,533347,mls-2019-TOR-CHI-20190406,Regular Season,,BMO Field,Toronto,Toronto,America/Toronto,full_time,,https://site.api.espn.com/apis/site/v2/sports/soccer/usa.1/scoreboard?dates=20190406,https://site.api.espn.com/apis/site/v2/sports/soccer/usa.1/scoreboard?dates=20190406,2026-10-02T09:31:32+00:00,scoreboard.events[533347].competitions[0],1b17b2ba66f57cb0
2019,2019-04-06,19:00,23:00,Red Bull New York,Minnesota United FC,RBNY,MIN,533346,mls-2019-RBNY-MIN-20190406,Regular Season,,Sports Illustrated Stadium,Harrison,"Harrison, New Jersey",America/New_York,full_time,,https://site.api.espn.com/apis/site/v2/sports/soccer/usa.1/scoreboard?dates=20190406,https://site.api.espn.com/apis/site/v2/sports/soccer/usa.1/scoreboard?dates=20190406,2026-10-02T09:31:32+00:00,scoreboard.events[533346].competitions[0],1b17b2ba66f57cb0
2019,2019-04-06,19:30,23:30,Columbus Crew,New England Revolution,CLB,NE,533341,mls-2019-CLB-NE-20190406,Regular Season,,Historic Crew Stadium,Columbus,"Columbus, Ohio",America/New_York,full_time,,https://site.api.espn.com/apis/site/v2/sports/soccer/usa.1/scoreboard?dates=20190406,https://site.api.espn.com/apis/site/v2/sports/soccer/usa.1/scoreboard?dates=20190406,2026-10-02T09:31:32+00:00,scoreboard.events[533341].competitions[0],1b17b2ba66f57cb0
2019,2019-04-06,19:30,23:30,Orlando City SC,Colorado Rapids,ORL,COL,533344,mls-2019-ORL-COL-20190406,Regular Season,,Inter&Co Stadium,Orlando,"Orlando, Florida",America/New_York,full_time,,https://site.api.espn.com/apis/site/v2/sports/soccer/usa.1/scoreboard?dates=20190406,https://site.api.espn.com/apis/site/v2/sports/soccer/usa.1/scoreboard?dates=20190406,2026-10-02T09:31:32+00:00,scoreboard.events[533344].competitions[0],1b17b2ba66f57cb0
2019,2019-04-06,19:30,23:30,Philadelphia Union,FC Dallas,PHI,DAL,533345,mls-2019-PHI-DAL-20190406,Regular Season,,Subaru Park,Chester,"Chester, Pennsylvania",America/New_York,full_time,,https://site.api.espn.com/apis/site/v2/sports/soccer/usa.1/scoreboard?dates=20190406,https://site.api.espn.com/apis/site/v2/sports/soccer/usa.1/scoreboard?dates=20190406,2026-10-02T09:31:32+00:00,scoreboard.events[533345].competitions[0],1b17b2ba66f57cb0
2019,2019-04-06,17:00,00:00,San Jose Earthquakes,Portland Timbers,SJ,POR,533343,mls-2019-SJ-POR-20190406,Regular Season,,PayPal Park,San Jose,"San Jose, California",America/Los_Angeles,full_time,,https://site.api.espn.com/apis/site/v2/sports/soccer/usa.1/scoreboard?dates=20190406,https://site.api.espn.com/apis/site/v2/sports/soccer/usa.1/scoreboard?dates=20190406,2026-10-02T09:31:32+00:00,scoreboard.events[533343].competitions[0],1b17b2ba66f57cb0
2019,2019-04-06,19:00,02:00,Seattle Sounders FC,Real Salt Lake,SEA,RSL,533342,mls-2019-SEA-RSL-20190406,Regular Season,,Lumen Field,Seattle,"Seattle, Washington",America/Los_Angeles,full_time,,https://site.api.espn.com/apis/site/v2/sports/soccer/usa.1/scoreboard?dates=20190406,https://site.api.espn.com/apis/site/v2/sports/soccer/usa.1/scoreboard?dates=20190406,2026-10-02T09:31:32+00:00,scoreboard.events[533342].competitions[0],1b17b2ba66f57cb0
2019,2019-04-07,15:00,19:00,FC Cincinnati,Sporting Kansas City,CIN,SKC,533348,mls-2019-CIN-SKC-20190407,Regular Season,,Nippert Stadium,Cincinnati,"Cincinnati, Ohio",America/New_York,full_time,,https://site.api.espn.com/apis/site/v2/sports/soccer/usa.1/scoreboard?dates=20190407,https://site.api.espn.com/apis/site/v2/sports/soccer/usa.1/scoreboard?dates=20190407,2026-10-02T09:31:32+00:00,scoreboard.events[533348].competitions[0],c814b0b9bda8a41e
2019,2019-04-09,20:00,00:00,D.C. United,CF Montréal,DC,MTL,533340,mls-2019-DC-MTL-20190409,Regular Season,,Audi Field,Washington,"Washington, District of Columbia",America/New_York,full_time,,https://site.api.espn.com/apis/site/v2/sports/soccer/usa.1/scoreboard?dates=20190409,https://site.api.espn.com/apis/site/v2/sports/soccer/usa.1/scoreboard?dates=20190409,2026-10-02T09:31:33+00:00,scoreboard.events[533340].competitions[0],3d8e367debd4d59a
2019,2019-04-12,19:30,00:30,Chicago Fire FC,Vancouver Whitecaps,CHI,VAN,533338,mls-2019-CHI-VAN-20190412,Regular Season,,SeatGeek Stadium,Bridgeview,"Bridgeview, Illinois",America/Chicago,full_time,,https://site.api.espn.com/apis/site/v2/sports/soccer/usa.1/scoreboard?dates=20190412,https://site.api.espn.com/apis/site/v2/sports/soccer/usa.1/scoreboard?dates=20190412,2026-10-02T09:31:33+00:00,scoreboard.events[533338].competitions[0],84db2b6cf066a8f3
2019,2019-04-13,13:00,17:00,CF Montréal,Columbus Crew,MTL,CLB,532585,mls-2019-MTL-CLB-20190413,Regular Season,,Stade Saputo,Montreal,Montreal,America/Toronto,full_time,,https://site.api.espn.com/apis/site/v2/sports/soccer/usa.1/scoreboard?dates=20190413,https://site.api.espn.com/apis/site/v2/sports/soccer/usa.1/scoreboard?dates=20190413,2026-10-02T09:31:33+00:00,scoreboard.events[532585].competitions[0],c04570c0617b1e82
2019,2019-04-13,14:00,19:00,Houston Dynamo FC,San Jose Earthquakes,HOU,SJ,533337,mls-2019-HOU-SJ-20190413,Regular Season,,Shell Energy Stadium,Houston,"Houston, Texas",America/Chicago,full_time,,https://site.api.espn.com/apis/site/v2/sports/soccer/usa.1/scoreboard?dates=20190413,https://site.api.espn.com/apis/site/v2/sports/soccer/usa.1/scoreboard?dates=20190413,2026-10-02T09:31:33+00:00,scoreboard.events[533337].competitions[0],c04570c0617b1e82
2019,2019-04-13,13:00,20:00,Seattle Sounders FC,Toronto FC,SEA,TOR,533336,mls-2019-SEA-TOR-20190413,Regular Season,,Lumen Field,Seattle,"Seattle, Washington",America/Los_Angeles,full_time,,https://site.api.espn.com/apis/site/v2/sports/soccer/usa.1/scoreboard?dates=20190413,https://site.api.espn.com/apis/site/v2/sports/soccer/usa.1/scoreboard?dates=20190413,2026-10-02T09:31:33+00:00,scoreboard.events[533336].competitions[0],c04570c0617b1e82
2019,2019-04-13,16:00,21:00,Minnesota United FC,New York City FC,MIN,NYC,532584,mls-2019-MIN-NYC-20190413,Regular Season,,Allianz Field,Saint Paul,"Saint Paul, Minnesota",America/Chicago,full_time,,https://site.api.espn.com/apis/site/v2/sports/soccer/usa.1/scoreboard?dates=20190413,https://site.api.espn.com/apis/site/v2/sports/soccer/usa.1/scoreboard?dates=20190413,2026-10-02T09:31:33+00:00,scoreboard.events[532584].competitions[0],c04570c0617b1e82
2019,2019-04-13,19:30,23:30,New England Revolution,Atlanta United FC,NE,ATL,533334,mls-2019-NE-ATL-20190413,Regular Season,,Gillette Stadium,Foxborough,"Foxborough, Massachusetts",America/New_York,full_time,,https://site.api.espn.com/apis/site/v2/sports/soccer/usa.1/scoreboard?dates=20190413,https://site.api.espn.com/apis/site/v2/sports/soccer/usa.1/scoreboard?dates=20190413,2026-10-02T09:31:33+00:00,scoreboard.events[533334].competitions[0],c04570c0617b1e82
2019,2019-04-13,19:00,00:00,FC Dallas,Portland Timbers,DAL,POR,533333,mls-2019-DAL-POR-20190413,Regular Season,,Toyota Stadium,Frisco,Toyota Stadium,America/Chicago,full_time,,https://site.api.espn.com/apis/site/v2/sports/soccer/usa.1/scoreboard?dates=20190413,https://site.api.espn.com/apis/site/v2/sports/soccer/usa.1/scoreboard?dates=20190413,2026-10-02T09:31:33+00:00,scoreboard.events[533333].competitions[0],c04570c0617b1e82
2019,2019-04-13,19:00,01:00,Colorado Rapids,D.C. United,COL,DC,533331,mls-2019-COL-DC-20190413,Regular Season,,Dick's Sporting Goods Park,Commerce City,"Commerce City, Colorado",America/Denver,full_time,,https://site.api.espn.com/apis/site/v2/sports/soccer/usa.1/scoreboard?dates=20190413,https://site.api.espn.com/apis/site/v2/sports/soccer/usa.1/scoreboard?dates=20190413,2026-10-02T09:31:33+00:00,scoreboard.events[533331].competitions[0],c04570c0617b1e82
2019,2019-04-13,19:00,01:00,Real Salt Lake,Orlando City SC,RSL,ORL,533332,mls-2019-RSL-ORL-20190413,Regular Season,,America First Field,Sandy,"Sandy, Utah",America/Denver,full_time,,https://site.api.espn.com/apis/site/v2/sports/soccer/usa.1/scoreboard?dates=20190413,https://site.api.espn.com/apis/site/v2/sports/soccer/usa.1/scoreboard?dates=20190413,2026-10-02T09:31:33+00:00,scoreboard.events[533332].competitions[0],c04570c0617b1e82
2019,2019-04-13,19:30,02:30,LA Galaxy,Philadelphia Union,LA,PHI,533330,mls-2019-LA-PHI-20190413,Regular Season,,Dignity Health Sports Park,Carson,"Carson, California",America/Los_Angeles,full_time,,https://site.api.espn.com/apis/site/v2/sports/soccer/usa.1/scoreboard?dates=20190413,https://site.api.espn.com/apis/site/v2/sports/soccer/usa.1/scoreboard?dates=20190413,2026-10-02T09:31:33+00:00,scoreboard.events[533330].competitions[0],c04570c0617b1e82
2019,2019-04-13,19:30,02:30,LAFC,FC Cincinnati,LAFC,CIN,533329,mls-2019-LAFC-CIN-20190413,Regular Season,,BMO Stadium,Los Angeles,"Los Angeles, California",America/Los_Angeles,full_time,,https://site.api.espn.com/apis/site/v2/sports/soccer/usa.1/scoreboard?dates=20190413,https://site.api.espn.com/apis/site/v2/sports/soccer/usa.1/scoreboard?dates=20190413,2026-10-02T09:31:33+00:00,scoreboard.events[533329].competitions[0],c04570c0617b1e82
2019,2019-04-14,18:00,23:00,Sporting Kansas City,Red Bull New York,SKC,RBNY,533335,mls-2019-SKC-RBNY-20190414,Regular Season,,Children's Mercy Park,Kansas City,"Kansas City, Kansas",America/Chicago,full_time,,https://site.api.espn.com/apis/site/v2/sports/soccer/usa.1/scoreboard?dates=20190414,https://site.api.espn.com/apis/site/v2/sports/soccer/usa.1/scoreboard?dates=20190414,2026-10-02T09:31:34+00:00,scoreboard.events[533335].competitions[0],f1c9380347fc528f
2019,2019-04-17,19:00,02:00,Vancouver Whitecaps,LAFC,VAN,LAFC,533328,mls-2019-VAN-LAFC-20190417,Regular Season,,BC Place,Vancouver,Vancouver,America/Vancouver,full_time,,https://site.api.espn.com/apis/site/v2/sports/soccer/usa.1/scoreboard?dates=20190417,https://site.api.espn.com/apis/site/v2/sports/soccer/usa.1/scoreboard?dates=20190417,2026-10-02T09:31:34+00:00,scoreboard.events[533328].competitions[0],5dc3b779d02dfc7a
2019,2019-04-19,19:30,23:30,FC Cincinnati,Real Salt Lake,CIN,RSL,533327,mls-2019-CIN-RSL-20190419,Regular Season,,Nippert Stadium,Cincinnati,"Cincinnati, Ohio",America/New_York,full_time,,https://site.api.espn.com/apis/site/v2/sports/soccer/usa.1/scoreboard?dates=20190419,https://site.api.espn.com/apis/site/v2/sports/soccer/usa.1/scoreboard?dates=20190419,2026-10-02T09:31:35+00:00,scoreboard.events[533327].competitions[0],853f7621502d6677
2019,2019-04-19,20:00,00:00,Toronto FC,Minnesota United FC,TOR,MIN,533326,mls-2019-TOR-MIN-20190419,Regular Season,,BMO Field,Toronto,Toronto,America/Toronto,full_time,,https://site.api.espn.com/apis/site/v2/sports/soccer/usa.1/scoreboard?dates=20190419,https://site.api.espn.com/apis/site/v2/sports/soccer/usa.1/scoreboard?dates=20190419,2026-10-02T09:31:35+00:00,scoreboard.events[533326].competitions[0],853f7621502d6677
2019,2019-04-19,20:00,03:00,LA Galaxy,Houston Dynamo FC,LA,HOU,533325,mls-2019-LA-HOU-20190419,Regular Season,,Dignity Health Sports Park,Carson,"Carson, California",America/Los_Angeles,full_time,,https://site.api.espn.com/apis/site/v2/sports/soccer/usa.1/scoreboard?dates=20190419,https://site.api.espn.com/apis/site/v2/sports/soccer/usa.1/scoreboard?dates=20190419,2026-10-02T09:31:35+00:00,scoreboard.events[533325].competitions[0],853f7621502d6677
2019,2019-04-20,12:00,17:00,Chicago Fire FC,Colorado Rapids,CHI,COL,533324,mls-2019-CHI-COL-20190420,Regular Season,,SeatGeek Stadium,Bridgeview,"Bridgeview, Illinois",America/Chicago,full_time,,https://site.api.espn.com/apis/site/v2/sports/soccer/usa.1/scoreboard?dates=20190420,https://site.api.espn.com/apis/site/v2/sports/soccer/usa.1/scoreboard?dates=20190420,2026-10-02T09:31:35+00:00,scoreboard.events[533324].competitions[0],4ed526c01f30be13
2019,2019-04-20,13:00,17:00,Philadelphia Union,CF Montréal,PHI,MTL,533319,mls-2019-PHI-MTL-20190420,Regular Season,,Subaru Park,Chester,"Chester, Pennsylvania",America/New_York,full_time,,https://site.api.espn.com/apis/site/v2/sports/soccer/usa.1/scoreboard?dates=20190420,https://site.api.espn.com/apis/site/v2/sports/soccer/usa.1/scoreboard?dates=20190420,2026-10-02T09:31:35+00:00,scoreboard.events[533319].competitions[0],4ed526c01f30be13
2019,2019-04-20,15:00,19:00,Orlando City SC,Vancouver Whitecaps,ORL,VAN,533323,mls-2019-ORL-VAN-20190420,Regular Season,,Inter&Co Stadium,Orlando,"Orlando, Florida",America/New_York,full_time,,https://site.api.espn.com/apis/site/v2/sports/soccer/usa.1/scoreboard?dates=20190420,https://site.api.espn.com/apis/site/v2/sports/soccer/usa.1/scoreboard?dates=20190420,2026-10-02T09:31:35+00:00,scoreboard.events[533323].competitions[0],4ed526c01f30be13
2019,2019-04-20,16:00,20:00,Atlanta United FC,FC Dallas,ATL,DAL,533322,mls-2019-ATL-DAL-20190420,Regular Season,,Mercedes-Benz Stadium,Atlanta,"Atlanta, Georgia",America/New_York,full_time,,https://site.api.espn.com/apis/site/v2/sports/soccer/usa.1/scoreboard?dates=20190420,https://site.api.espn.com/apis/site/v2/sports/soccer/usa.1/scoreboard?dates=20190420,2026-10-02T09:31:35+00:00,scoreboard.events[533322].competitions[0],4ed526c01f30be13
2019,2019-04-20,19:30,23:30,Columbus Crew,Portland Timbers,CLB,POR,533321,mls-2019-CLB-POR-20190420,Regular Season,,Historic Crew Stadium,Columbus,"Columbus, Ohio",America/New_York,full_time,,https://site.api.espn.com/apis/site/v2/sports/soccer/usa.1/scoreboard?dates=20190420,https://site.api.espn.com/apis/site/v2/sports/soccer/usa.1/scoreboard?dates=20190420,2026-10-02T09:31:35+00:00,scoreboard.events[533321].competitions[0],4ed526c01f30be13
2019,2019-04-20,19:30,23:30,New England Revolution,Red Bull New York,NE,RBNY,533320,mls-2019-NE-RBNY-20190420,Regular Season,,Gillette Stadium,Foxborough,"Foxborough, Massachusetts",America/New_York,full_time,,https://site.api.espn.com/apis/site/v2/sports/soccer/usa.1/scoreboard?dates=20190420,https://site.api.espn.com/apis/site/v2/sports/soccer/usa.1/scoreboard?dates=20190420,2026-10-02T09:31:35+00:00,scoreboard.events[533320].competitions[0],4ed526c01f30be13
2019,2019-04-20,19:00,02:00,San Jose Earthquakes,Sporting Kansas City,SJ,SKC,533318,mls-2019-SJ-SKC-20190420,Regular Season,,PayPal Park,San Jose,"San Jose, California",America/Los_Angeles,full_time,,https://site.api.espn.com/apis/site/v2/sports/soccer/usa.1/scoreboard?dates=20190420,https://site.api.espn.com/apis/site/v2/sports/soccer/usa.1/scoreboard?dates=20190420,2026-10-02T09:31:35+00:00,scoreboard.events[533318].competitions[0],4ed526c01f30be13
2019,2019-04-21,16:00,20:00,D.C. United,New York City FC,DC,NYC,533317,mls-2019-DC-NYC-20190421,Regular Season,,Audi Field,Washington,"Washington, District of Columbia",America/New_York,full_time,,https://site.api.espn.com/apis/site/v2/sports/soccer/usa.1/scoreboard?dates=20190421,https://site.api.espn.com/apis/site/v2/sports/soccer/usa.1/scoreboard?dates=20190421,2026-10-02T09:31:35+00:00,scoreboard.events[533317].competitions[0],3561bf9ebf73a214
2019,2019-04-21,16:00,23:00,LAFC,Seattle Sounders FC,LAFC,SEA,533316,mls-2019-LAFC-SEA-20190421,Regular Season,,BMO Stadium,Los Angeles,"Los Angeles, California",America/Los_Angeles,full_time,,https://site.api.espn.com/apis/site/v2/sports/soccer/usa.1/scoreboard?dates=20190421,https://site.api.espn.com/apis/site/v2/sports/soccer/usa.1/scoreboard?dates=20190421,2026-10-02T09:31:35+00:00,scoreboard.events[533316].competitions[0],3561bf9ebf73a214
2019,2019-04-24,19:00,23:00,New York City FC,Chicago Fire FC,NYC,CHI,533315,mls-2019-NYC-CHI-20190424,Regular Season,,Yankee Stadium,New York,New York City,America/New_York,full_time,,https://site.api.espn.com/apis/site/v2/sports/soccer/usa.1/scoreboard?dates=20190424,https://site.api.espn.com/apis/site/v2/sports/soccer/usa.1/scoreboard?dates=20190424,2026-10-02T09:31:35+00:00,scoreboard.events[533315].competitions[0],45b6f6e132cf305c
2019,2019-04-24,19:30,23:30,Columbus Crew,D.C. United,CLB,DC,533313,mls-2019-CLB-DC-20190424,Regular Season,,Historic Crew Stadium,Columbus,"Columbus, Ohio",America/New_York,full_time,,https://site.api.espn.com/apis/site/v2/sports/soccer/usa.1/scoreboard?dates=20190424,https://site.api.espn.com/apis/site/v2/sports/soccer/usa.1/scoreboard?dates=20190424,2026-10-02T09:31:35+00:00,scoreboard.events[533313].competitions[0],45b6f6e132cf305c
2019,2019-04-24,19:30,23:30,New England Revolution,CF Montréal,NE,MTL,533314,mls-2019-NE-MTL-20190424,Regular Season,,Gillette Stadium,Foxborough,"Foxborough, Massachusetts",America/New_York,full_time,,https://site.api.espn.com/apis/site/v2/sports/soccer/usa.1/scoreboard?dates=20190424,https://site.api.espn.com/apis/site/v2/sports/soccer/usa.1/scoreboard?dates=20190424,2026-10-02T09:31:35+00:00,scoreboard.events[533314].competitions[0],45b6f6e132cf305c
2019,2019-04-24,19:00,00:00,Minnesota United FC,LA Galaxy,MIN,LA,533312,mls-2019-MIN-LA-20190424,Regular Season,,Allianz Field,Saint Paul,"Saint Paul, Minnesota",America/Chicago,full_time,,https://site.api.espn.com/apis/site/v2/sports/soccer/usa.1/scoreboard?dates=20190424,https://site.api.espn.com/apis/site/v2/sports/soccer/usa.1/scoreboard?dates=20190424,2026-10-02T09:31:35+00:00,scoreboard.events[533312].competitions[0],45b6f6e132cf305c
2019,2019-04-24,19:30,02:30,Seattle Sounders FC,San Jose Earthquakes,SEA,SJ,533311,mls-2019-SEA-SJ-20190424,Regular Season,,Lumen Field,Seattle,"Seattle, Washington",America/Los_Angeles,full_time,,https://site.api.espn.com/apis/site/v2/sports/soccer/usa.1/scoreboard?dates=20190424,https://site.api.espn.com/apis/site/v2/sports/soccer/usa.1/scoreboard?dates=20190424,2026-10-02T09:31:35+00:00,scoreboard.events[533311].competitions[0],45b6f6e132cf305c
2019,2019-04-27,13:00,17:00,New York City FC,Orlando City SC,NYC,ORL,533310,mls-2019-NYC-ORL-20190427,Regular Season,,Yankee Stadium,New York,New York City,America/New_York,full_time,,https://site.api.espn.com/apis/site/v2/sports/soccer/usa.1/scoreboard?dates=20190427,https://site.api.espn.com/apis/site/v2/sports/soccer/usa.1/scoreboard?dates=20190427,2026-10-02T09:31:36+00:00,scoreboard.events[533310].competitions[0],9a4ede8ae86a4aa1
2019,2019-04-27,15:00,19:00,Toronto FC,Portland Timbers,TOR,POR,533309,mls-2019-TOR-POR-20190427,Regular Season,,BMO Field,Toronto,Toronto,America/Toronto,full_time,,https://site.api.espn.com/apis/site/v2/sports/soccer/usa.1/scoreboard?dates=20190427,https://site.api.espn.com/apis/site/v2/sports/soccer/usa.1/scoreboard?dates=20190427,2026-10-02T09:31:36+00:00,scoreboard.events[533309].competitions[0],9a4ede8ae86a4aa1
2019,2019-04-27,14:30,19:30,FC Dallas,San Jose Earthquakes,DAL,SJ,533308,mls-2019-DAL-SJ-20190427,Regular Season,,Toyota Stadium,Frisco,Toyota Stadium,America/Chicago,full_time,,https://site.api.espn.com/apis/site/v2/sports/soccer/usa.1/scoreboard?dates=20190427,https://site.api.espn.com/apis/site/v2/sports/soccer/usa.1/scoreboard?dates=20190427,2026-10-02T09:31:36+00:00,scoreboard.events[533308].competitions[0],9a4ede8ae86a4aa1
2019,2019-04-27,14:00,21:00,Vancouver Whitecaps,Philadelphia Union,VAN,PHI,533307,mls-2019-VAN-PHI-20190427,Regular Season,,BC Place,Vancouver,Vancouver,America/Vancouver,full_time,,https://site.api.espn.com/apis/site/v2/sports/soccer/usa.1/scoreboard?dates=20190427,https://site.api.espn.com/apis/site/v2/sports/soccer/usa.1/scoreboard?dates=20190427,2026-10-02T09:31:36+00:00,scoreboard.events[533307].competitions[0],9a4ede8ae86a4aa1
2019,2019-04-27,18:00,22:00,Atlanta United FC,Colorado Rapids,ATL,COL,533306,mls-2019-ATL-COL-20190427,Regular Season,,Mercedes-Benz Stadium,Atlanta,"Atlanta, Georgia",America/New_York,full_time,,https://site.api.espn.com/apis/site/v2/sports/soccer/usa.1/scoreboard?dates=20190427,https://site.api.espn.com/apis/site/v2/sports/soccer/usa.1/scoreboard?dates=20190427,2026-10-02T09:31:36+00:00,scoreboard.events[533306].competitions[0],9a4ede8ae86a4aa1
2019,2019-04-27,19:00,23:00,Red Bull New York,FC Cincinnati,RBNY,CIN,533305,mls-2019-RBNY-CIN-20190427,Regular Season,,Sports Illustrated Stadium,Harrison,"Harrison, New Jersey",America/New_York,full_time,,https://site.api.espn.com/apis/site/v2/sports/soccer/usa.1/scoreboard?dates=20190427,https://site.api.espn.com/apis/site/v2/sports/soccer/usa.1/scoreboard?dates=20190427,2026-10-02T09:31:36+00:00,scoreboard.events[533305].competitions[0],9a4ede8ae86a4aa1
2019,2019-04-27,19:30,00:30,Houston Dynamo FC,Columbus Crew,HOU,CLB,533303,mls-2019-HOU-CLB-20190427,Regular Season,,Shell Energy Stadium,Houston,"Houston, Texas",America/Chicago,full_time,,https://site.api.espn.com/apis/site/v2/sports/soccer/usa.1/scoreboard?dates=20190427,https://site.api.espn.com/apis/site/v2/sports/soccer/usa.1/scoreboard?dates=20190427,2026-10-02T09:31:36+00:00,scoreboard.events[533303].competitions[0],9a4ede8ae86a4aa1
2019,2019-04-27,19:30,00:30,Sporting Kansas City,New England Revolution,SKC,NE,533304,mls-2019-SKC-NE-20190427,Regular Season,,Children's Mercy Park,Kansas City,"Kansas City, Kansas",America/Chicago,full_time,,https://site.api.espn.com/apis/site/v2/sports/soccer/usa.1/scoreboard?dates=20190427,https://site.api.espn.com/apis/site/v2/sports/soccer/usa.1/scoreboard?dates=20190427,2026-10-02T09:31:36+00:00,scoreboard.events[533304].competitions[0],9a4ede8ae86a4aa1
2019,2019-04-28,12:30,16:30,CF Montréal,Chicago Fire FC,MTL,CHI,533302,mls-2019-MTL-CHI-20190428,Regular Season,,Stade Saputo,Montreal,Montreal,America/Toronto,full_time,,https://site.api.espn.com/apis/site/v2/sports/soccer/usa.1/scoreboard?dates=20190428,https://site.api.espn.com/apis/site/v2/sports/soccer/usa.1/scoreboard?dates=20190428,2026-10-02T09:31:36+00:00,scoreboard.events[533302].competitions[0],55c7176c8bd57005
2019,2019-04-28,12:30,17:30,Minnesota United FC,D.C. United,MIN,DC,533301,mls-2019-MIN-DC-20190428,Regular Season,,Allianz Field,Saint Paul,"Saint Paul, Minnesota",America/Chicago,full_time,,https://site.api.espn.com/apis/site/v2/sports/soccer/usa.1/scoreboard?dates=20190428,https://site.api.espn.com/apis/site/v2/sports/soccer/usa.1/scoreboard?dates=20190428,2026-10-02T09:31:36+00:00,scoreboard.events[533301].competitions[0],55c7176c8bd57005
2019,2019-04-28,12:30,19:30,Seattle Sounders FC,LAFC,SEA,LAFC,533300,mls-2019-SEA-LAFC-20190428,Regular Season,,Lumen Field,Seattle,"Seattle, Washington",America/Los_Angeles,full_time,,https://site.api.espn.com/apis/site/v2/sports/soccer/usa.1/scoreboard?dates=20190428,https://site.api.espn.com/apis/site/v2/sports/soccer/usa.1/scoreboard?dates=20190428,2026-10-02T09:31:36+00:00,scoreboard.events[533300].competitions[0],55c7176c8bd57005
2019,2019-04-28,17:00,00:00,LA Galaxy,Real Salt Lake,LA,RSL,533299,mls-2019-LA-RSL-20190428,Regular Season,,Dignity Health Sports Park,Carson,"Carson, California",America/Los_Angeles,full_time,,https://site.api.espn.com/apis/site/v2/sports/soccer/usa.1/scoreboard?dates=20190428,https://site.api.espn.com/apis/site/v2/sports/soccer/usa.1/scoreboard?dates=20190428,2026-10-02T09:31:36+00:00,scoreboard.events[533299].competitions[0],55c7176c8bd57005
2019,2019-05-01,19:30,23:30,Philadelphia Union,FC Cincinnati,PHI,CIN,533298,mls-2019-PHI-CIN-20190501,Regular Season,,Subaru Park,Chester,"Chester, Pennsylvania",America/New_York,full_time,,https://site.api.espn.com/apis/site/v2/sports/soccer/usa.1/scoreboard?dates=20190501,https://site.api.espn.com/apis/site/v2/sports/soccer/usa.1/scoreboard?dates=20190501,2026-10-02T09:31:36+00:00,scoreboard.events[533298].competitions[0],1c1894d79773516f
2019,2019-05-03,19:00,01:00,Colorado Rapids,Vancouver Whitecaps,COL,VAN,533297,mls-2019-COL-VAN-20190503,Regular Season,,Dick's Sporting Goods Park,Commerce City,"Commerce City, Colorado",America/Denver,full_time,,https://site.api.espn.com/apis/site/v2/sports/soccer/usa.1/scoreboard?dates=20190503,https://site.api.espn.com/apis/site/v2/sports/soccer/usa.1/scoreboard?dates=20190503,2026-10-02T09:31:36+00:00,scoreboard.events[533297].competitions[0],7a20db8a0e678bed
2019,2019-05-04,14:00,18:00,Red Bull New York,LA Galaxy,RBNY,LA,533295,mls-2019-RBNY-LA-20190504,Regular Season,,Sports Illustrated Stadium,Harrison,"Harrison, New Jersey",America/New_York,full_time,,https://site.api.espn.com/apis/site/v2/sports/soccer/usa.1/scoreboard?dates=20190504,https://site.api.espn.com/apis/site/v2/sports/soccer/usa.1/scoreboard?dates=20190504,2026-10-02T09:31:37+00:00,scoreboard.events[533295].competitions[0],93abb8755f49eae4
2019,2019-05-04,15:00,20:00,Houston Dynamo FC,FC Dallas,HOU,DAL,533293,mls-2019-HOU-DAL-20190504,Regular Season,,Shell Energy Stadium,Houston,"Houston, Texas",America/Chicago,full_time,,https://site.api.espn.com/apis/site/v2/sports/soccer/usa.1/scoreboard?dates=20190504,https://site.api.espn.com/apis/site/v2/sports/soccer/usa.1/scoreboard?dates=20190504,2026-10-02T09:31:37+00:00,scoreboard.events[533293].competitions[0],93abb8755f49eae4
2019,2019-05-04,16:00,20:00,Orlando City SC,Toronto FC,ORL,TOR,533294,mls-2019-ORL-TOR-20190504,Regular Season,,Inter&Co Stadium,Orlando,"Orlando, Florida",America/New_York,full_time,,https://site.api.espn.com/apis/site/v2/sports/soccer/usa.1/scoreboard?dates=20190504,https://site.api.espn.com/apis/site/v2/sports/soccer/usa.1/scoreboard?dates=20190504,2026-10-02T09:31:37+00:00,scoreboard.events[533294].competitions[0],93abb8755f49eae4
2019,2019-05-04,17:00,21:00,CF Montréal,New York City FC,MTL,NYC,533296,mls-2019-MTL-NYC-20190504,Regular Season,,Stade Saputo,Montreal,Montreal,America/Toronto,full_time,,https://site.api.espn.com/apis/site/v2/sports/soccer/usa.1/scoreboard?dates=20190504,https://site.api.espn.com/apis/site/v2/sports/soccer/usa.1/scoreboard?dates=20190504,2026-10-02T09:31:37+00:00,scoreboard.events[533296].competitions[0],93abb8755f49eae4
2019,2019-05-04,19:30,23:30,Philadelphia Union,New England Revolution,PHI,NE,533292,mls-2019-PHI-NE-20190504,Regular Season,,Subaru Park,Chester,"Chester, Pennsylvania",America/New_York,full_time,,https://site.api.espn.com/apis/site/v2/sports/soccer/usa.1/scoreboard?dates=20190504,https://site.api.espn.com/apis/site/v2/sports/soccer/usa.1/scoreboard?dates=20190504,2026-10-02T09:31:37+00:00,scoreboard.events[533292].competitions[0],93abb8755f49eae4
2019,2019-05-04,20:00,00:00,D.C. United,Columbus Crew,DC,CLB,533290,mls-2019-DC-CLB-20190504,Regular Season,,Audi Field,Washington,"Washington, District of Columbia",America/New_York,full_time,,https://site.api.espn.com/apis/site/v2/sports/soccer/usa.1/scoreboard?dates=20190504,https://site.api.espn.com/apis/site/v2/sports/soccer/usa.1/scoreboard?dates=20190504,2026-10-02T09:31:37+00:00,scoreboard.events[533290].competitions[0],93abb8755f49eae4
2019,2019-05-04,19:00,00:00,Minnesota United FC,Seattle Sounders FC,MIN,SEA,533291,mls-2019-MIN-SEA-20190504,Regular Season,,Allianz Field,Saint Paul,"Saint Paul, Minnesota",America/Chicago,full_time,,https://site.api.espn.com/apis/site/v2/sports/soccer/usa.1/scoreboard?dates=20190504,https://site.api.espn.com/apis/site/v2/sports/soccer/usa.1/scoreboard?dates=20190504,2026-10-02T09:31:37+00:00,scoreboard.events[533291].competitions[0],93abb8755f49eae4
2019,2019-05-04,19:00,01:00,Real Salt Lake,Portland Timbers,RSL,POR,533289,mls-2019-RSL-POR-20190504,Regular Season,,America First Field,Sandy,"Sandy, Utah",America/Denver,full_time,,https://site.api.espn.com/apis/site/v2/sports/soccer/usa.1/scoreboard?dates=20190504,https://site.api.espn.com/apis/site/v2/sports/soccer/usa.1/scoreboard?dates=20190504,2026-10-02T09:31:37+00:00,scoreboard.events[533289].competitions[0],93abb8755f49eae4
2019,2019-05-04,19:00,02:00,San Jose Earthquakes,FC Cincinnati,SJ,CIN,533288,mls-2019-SJ-CIN-20190504,Regular Season,,PayPal Park,San Jose,"San Jose, California",America/Los_Angeles,full_time,,https://site.api.espn.com/apis/site/v2/sports/soccer/usa.1/scoreboard?dates=20190504,https://site.api.espn.com/apis/site/v2/sports/soccer/usa.1/scoreboard?dates=20190504,2026-10-02T09:31:37+00:00,scoreboard.events[533288].competitions[0],93abb8755f49eae4
2019,2019-05-04,19:30,02:30,LAFC,Chicago Fire FC,LAFC,CHI,533287,mls-2019-LAFC-CHI-20190504,Regular Season,,BMO Stadium,Los Angeles,"Los Angeles, California",America/Los_Angeles,full_time,,https://site.api.espn.com/apis/site/v2/sports/soccer/usa.1/scoreboard?dates=20190504,https://site.api.espn.com/apis/site/v2/sports/soccer/usa.1/scoreboard?dates=20190504,2026-10-02T09:31:37+00:00,scoreboard.events[533287].competitions[0],93abb8755f49eae4
2019,2019-05-05,20:00,01:00,Sporting Kansas City,Atlanta United FC,SKC,ATL,533286,mls-2019-SKC-ATL-20190505,Regular Season,,Children's Mercy Park,Kansas City,"Kansas City, Kansas",America/Chicago,full_time,,https://site.api.espn.com/apis/site/v2/sports/soccer/usa.1/scoreboard?dates=20190505,https://site.api.espn.com/apis/site/v2/sports/soccer/usa.1/scoreboard?dates=20190505,2026-10-02T09:31:37+00:00,scoreboard.events[533286].competitions[0],6d3a2b2c2a121dfc
2019,2019-05-08,19:00,23:00,Atlanta United FC,Toronto FC,ATL,TOR,533285,mls-2019-ATL-TOR-20190508,Regular Season,,Mercedes-Benz Stadium,Atlanta,"Atlanta, Georgia",America/New_York,full_time,,https://site.api.espn.com/apis/site/v2/sports/soccer/usa.1/scoreboard?dates=20190508,https://site.api.espn.com/apis/site/v2/sports/soccer/usa.1/scoreboard?dates=20190508,2026-10-02T09:31:37+00:00,scoreboard.events[533285].competitions[0],afde419eb0ac2668
2019,2019-05-08,19:30,23:30,Columbus Crew,LA Galaxy,CLB,LA,533284,mls-2019-CLB-LA-20190508,Regular Season,,Historic Crew Stadium,Columbus,"Columbus, Ohio",America/New_York,full_time,,https://site.api.espn.com/apis/site/v2/sports/soccer/usa.1/scoreboard?dates=20190508,https://site.api.espn.com/apis/site/v2/sports/soccer/usa.1/scoreboard?dates=20190508,2026-10-02T09:31:37+00:00,scoreboard.events[533284].competitions[0],afde419eb0ac2668
2019,2019-05-08,19:00,00:00,Chicago Fire FC,New England Revolution,CHI,NE,533283,mls-2019-CHI-NE-20190508,Regular Season,,SeatGeek Stadium,Bridgeview,"Bridgeview, Illinois",America/Chicago,full_time,,https://site.api.espn.com/apis/site/v2/sports/soccer/usa.1/scoreboard?dates=20190508,https://site.api.espn.com/apis/site/v2/sports/soccer/usa.1/scoreboard?dates=20190508,2026-10-02T09:31:37+00:00,scoreboard.events[533283].competitions[0],afde419eb0ac2668
2019,2019-05-08,20:00,00:00,Red Bull New York,CF Montréal,RBNY,MTL,533282,mls-2019-RBNY-MTL-20190508,Regular Season,,Sports Illustrated Stadium,Harrison,"Harrison, New Jersey",America/New_York,full_time,,https://site.api.espn.com/apis/site/v2/sports/soccer/usa.1/scoreboard?dates=20190508,https://site.api.espn.com/apis/site/v2/sports/soccer/usa.1/scoreboard?dates=20190508,2026-10-02T09:31:37+00:00,scoreboard.events[533282].competitions[0],afde419eb0ac2668
2019,2019-05-10,19:00,02:00,Vancouver Whitecaps,Portland Timbers,VAN,POR,533281,mls-2019-VAN-POR-20190510,Regular Season,,BC Place,Vancouver,Vancouver,America/Vancouver,full_time,,https://site.api.espn.com/apis/site/v2/sports/soccer/usa.1/scoreboard?dates=20190510,https://site.api.espn.com/apis/site/v2/sports/soccer/usa.1/scoreboard?dates=20190510,2026-10-02T09:31:38+00:00,scoreboard.events[533281].competitions[0],55bdced393baf257
2019,2019-05-11,13:00,17:00,FC Cincinnati,CF Montréal,CIN,MTL,533276,mls-2019-CIN-MTL-20190511,Regular Season,,Nippert Stadium,Cincinnati,"Cincinnati, Ohio",America/New_York,full_time,,https://site.api.espn.com/apis/site/v2/sports/soccer/usa.1/scoreboard?dates=20190511,https://site.api.espn.com/apis/site/v2/sports/soccer/usa.1/scoreboard?dates=20190511,2026-10-02T09:31:38+00:00,scoreboard.events[533276].competitions[0],3fb90c0e0e5fe547
2019,2019-05-11,13:00,18:00,FC Dallas,Red Bull New York,DAL,RBNY,533280,mls-2019-DAL-RBNY-20190511,Regular Season,,Toyota Stadium,Frisco,Toyota Stadium,America/Chicago,full_time,,https://site.api.espn.com/apis/site/v2/sports/soccer/usa.1/scoreboard?dates=20190511,https://site.api.espn.com/apis/site/v2/sports/soccer/usa.1/scoreboard?dates=20190511,2026-10-02T09:31:38+00:00,scoreboard.events[533280].competitions[0],3fb90c0e0e5fe547
2019,2019-05-11,15:00,19:00,Toronto FC,Philadelphia Union,TOR,PHI,533279,mls-2019-TOR-PHI-20190511,Regular Season,,BMO Field,Toronto,Toronto,America/Toronto,full_time,,https://site.api.espn.com/apis/site/v2/sports/soccer/usa.1/scoreboard?dates=20190511,https://site.api.espn.com/apis/site/v2/sports/soccer/usa.1/scoreboard?dates=20190511,2026-10-02T09:31:38+00:00,scoreboard.events[533279].competitions[0],3fb90c0e0e5fe547
2019,2019-05-11,13:00,20:00,LA Galaxy,New York City FC,LA,NYC,533278,mls-2019-LA-NYC-20190511,Regular Season,,Dignity Health Sports Park,Carson,"Carson, California",America/Los_Angeles,full_time,,https://site.api.espn.com/apis/site/v2/sports/soccer/usa.1/scoreboard?dates=20190511,https://site.api.espn.com/apis/site/v2/sports/soccer/usa.1/scoreboard?dates=20190511,2026-10-02T09:31:38+00:00,scoreboard.events[533278].competitions[0],3fb90c0e0e5fe547
2019,2019-05-11,19:30,23:30,Columbus Crew,LAFC,CLB,LAFC,533275,mls-2019-CLB-LAFC-20190511,Regular Season,,Historic Crew Stadium,Columbus,"Columbus, Ohio",America/New_York,full_time,,https://site.api.espn.com/apis/site/v2/sports/soccer/usa.1/scoreboard?dates=20190511,https://site.api.espn.com/apis/site/v2/sports/soccer/usa.1/scoreboard?dates=20190511,2026-10-02T09:31:38+00:00,scoreboard.events[533275].competitions[0],3fb90c0e0e5fe547
2019,2019-05-11,19:30,23:30,New England Revolution,San Jose Earthquakes,NE,SJ,533277,mls-2019-NE-SJ-20190511,Regular Season,,Gillette Stadium,Foxborough,"Foxborough, Massachusetts",America/New_York,full_time,,https://site.api.espn.com/apis/site/v2/sports/soccer/usa.1/scoreboard?dates=20190511,https://site.api.espn.com/apis/site/v2/sports/soccer/usa.1/scoreboard?dates=20190511,2026-10-02T09:31:38+00:00,scoreboard.events[533277].competitions[0],3fb90c0e0e5fe547
2019,2019-05-11,19:00,00:00,Chicago Fire FC,Minnesota United FC,CHI,MIN,533274,mls-2019-CHI-MIN-20190511,Regular Season,,SeatGeek Stadium,Bridgeview,"Bridgeview, Illinois",America/Chicago,full_time,,https://site.api.espn.com/apis/site/v2/sports/soccer/usa.1/scoreboard?dates=20190511,https://site.api.espn.com/apis/site/v2/sports/soccer/usa.1/scoreboard?dates=20190511,2026-10-02T09:31:38+00:00,scoreboard.events[533274].competitions[0],3fb90c0e0e5fe547
2019,2019-05-11,19:00,01:00,Colorado Rapids,Real Salt Lake,COL,RSL,533273,mls-2019-COL-RSL-20190511,Regular Season,,Dick's Sporting Goods Park,Commerce City,"Commerce City, Colorado",America/Denver,full_time,,https://site.api.espn.com/apis/site/v2/sports/soccer/usa.1/scoreboard?dates=20190511,https://site.api.espn.com/apis/site/v2/sports/soccer/usa.1/scoreboard?dates=20190511,2026-10-02T09:31:38+00:00,scoreboard.events[533273].competitions[0],3fb90c0e0e5fe547
2019,2019-05-11,19:00,02:00,Seattle Sounders FC,Houston Dynamo FC,SEA,HOU,533272,mls-2019-SEA-HOU-20190511,Regular Season,,Lumen Field,Seattle,"Seattle, Washington",America/Los_Angeles,full_time,,https://site.api.espn.com/apis/site/v2/sports/soccer/usa.1/scoreboard?dates=20190511,https://site.api.espn.com/apis/site/v2/sports/soccer/usa.1/scoreboard?dates=20190511,2026-10-02T09:31:38+00:00,scoreboard.events[533272].competitions[0],3fb90c0e0e5fe547
2019,2019-05-12,14:30,18:30,Atlanta United FC,Orlando City SC,ATL,ORL,533271,mls-2019-ATL-ORL-20190512,Regular Season,,Mercedes-Benz Stadium,Atlanta,"Atlanta, Georgia",America/New_York,full_time,,https://site.api.espn.com/apis/site/v2/sports/soccer/usa.1/scoreboard?dates=20190512,https://site.api.espn.com/apis/site/v2/sports/soccer/usa.1/scoreboard?dates=20190512,2026-10-02T09:31:38+00:00,scoreboard.events[533271].competitions[0],1386138f08f3b164
2019,2019-05-12,19:00,23:00,D.C. United,Sporting Kansas City,DC,SKC,533270,mls-2019-DC-SKC-20190512,Regular Season,,Audi Field,Washington,"Washington, District of Columbia",America/New_York,full_time,,https://site.api.espn.com/apis/site/v2/sports/soccer/usa.1/scoreboard?dates=20190512,https://site.api.espn.com/apis/site/v2/sports/soccer/usa.1/scoreboard?dates=20190512,2026-10-02T09:31:38+00:00,scoreboard.events[533270].competitions[0],1386138f08f3b164
2019,2019-05-15,20:00,00:00,Toronto FC,D.C. United,TOR,DC,533269,mls-2019-TOR-DC-20190515,Regular Season,,BMO Field,Toronto,Toronto,America/Toronto,full_time,,https://site.api.espn.com/apis/site/v2/sports/soccer/usa.1/scoreboard?dates=20190515,https://site.api.espn.com/apis/site/v2/sports/soccer/usa.1/scoreboard?dates=20190515,2026-10-02T09:31:39+00:00,scoreboard.events[533269].competitions[0],ef5f63fe231a1cd0
2019,2019-05-15,19:30,00:30,Houston Dynamo FC,Portland Timbers,HOU,POR,533268,mls-2019-HOU-POR-20190515,Regular Season,,Shell Energy Stadium,Houston,"Houston, Texas",America/Chicago,full_time,,https://site.api.espn.com/apis/site/v2/sports/soccer/usa.1/scoreboard?dates=20190515,https://site.api.espn.com/apis/site/v2/sports/soccer/usa.1/scoreboard?dates=20190515,2026-10-02T09:31:39+00:00,scoreboard.events[533268].competitions[0],ef5f63fe231a1cd0
2019,2019-05-15,19:00,02:00,Vancouver Whitecaps,Atlanta United FC,VAN,ATL,533267,mls-2019-VAN-ATL-20190515,Regular Season,,BC Place,Vancouver,Vancouver,America/Vancouver,full_time,,https://site.api.espn.com/apis/site/v2/sports/soccer/usa.1/scoreboard?dates=20190515,https://site.api.espn.com/apis/site/v2/sports/soccer/usa.1/scoreboard?dates=20190515,2026-10-02T09:31:39+00:00,scoreboard.events[533267].competitions[0],ef5f63fe231a1cd0
2019,2019-05-15,19:30,02:30,Seattle Sounders FC,Orlando City SC,SEA,ORL,533266,mls-2019-SEA-ORL-20190515,Regular Season,,Lumen Field,Seattle,"Seattle, Washington",America/Los_Angeles,full_time,,https://site.api.espn.com/apis/site/v2/sports/soccer/usa.1/scoreboard?dates=20190515,https://site.api.espn.com/apis/site/v2/sports/soccer/usa.1/scoreboard?dates=20190515,2026-10-02T09:31:39+00:00,scoreboard.events[533266].competitions[0],ef5f63fe231a1cd0
2019,2019-05-16,19:00,02:00,LAFC,FC Dallas,LAFC,DAL,533265,mls-2019-LAFC-DAL-20190516,Regular Season,,BMO Stadium,Los Angeles,"Los Angeles, California",America/Los_Angeles,full_time,,https://site.api.espn.com/apis/site/v2/sports/soccer/usa.1/scoreboard?dates=20190516,https://site.api.espn.com/apis/site/v2/sports/soccer/usa.1/scoreboard?dates=20190516,2026-10-02T09:31:39+00:00,scoreboard.events[533265].competitions[0],ec24a61f8d91f3ce
2019,2019-05-18,13:00,17:00,CF Montréal,New England Revolution,MTL,NE,533264,mls-2019-MTL-NE-20190518,Regular Season,,Stade Saputo,Montreal,Montreal,America/Toronto,full_time,,https://site.api.espn.com/apis/site/v2/sports/soccer/usa.1/scoreboard?dates=20190518,https://site.api.espn.com/apis/site/v2/sports/soccer/usa.1/scoreboard?dates=20190518,2026-10-02T09:31:39+00:00,scoreboard.events[533264].competitions[0],15ed23e50213b08d
2019,2019-05-18,13:00,19:00,Real Salt Lake,Toronto FC,RSL,TOR,533263,mls-2019-RSL-TOR-20190518,Regular Season,,America First Field,Sandy,"Sandy, Utah",America/Denver,full_time,,https://site.api.espn.com/apis/site/v2/sports/soccer/usa.1/scoreboard?dates=20190518,https://site.api.espn.com/apis/site/v2/sports/soccer/usa.1/scoreboard?dates=20190518,2026-10-02T09:31:39+00:00,scoreboard.events[533263].competitions[0],15ed23e50213b08d
2019,2019-05-18,12:30,19:30,San Jose Earthquakes,Chicago Fire FC,SJ,CHI,533262,mls-2019-SJ-CHI-20190518,Regular Season,,PayPal Park,San Jose,"San Jose, California",America/Los_Angeles,full_time,,https://site.api.espn.com/apis/site/v2/sports/soccer/usa.1/scoreboard?dates=20190518,https://site.api.espn.com/apis/site/v2/sports/soccer/usa.1/scoreboard?dates=20190518,2026-10-02T09:31:39+00:00,scoreboard.events[533262].competitions[0],15ed23e50213b08d
2019,2019-05-18,19:30,23:30,Philadelphia Union,Seattle Sounders FC,PHI,SEA,533261,mls-2019-PHI-SEA-20190518,Regular Season,,Subaru Park,Chester,"Chester, Pennsylvania",America/New_York,full_time,,https://site.api.espn.com/apis/site/v2/sports/soccer/usa.1/scoreboard?dates=20190518,https://site.api.espn.com/apis/site/v2/sports/soccer/usa.1/scoreboard?dates=20190518,2026-10-02T09:31:39+00:00,scoreboard.events[533261].competitions[0],15ed23e50213b08d
2019,2019-05-18,19:00,00:00,Minnesota United FC,Columbus Crew,MIN,CLB,533260,mls-2019-MIN-CLB-20190518,Regular Season,,Allianz Field,Saint Paul,"Saint Paul, Minnesota",America/Chicago,full_time,,https://site.api.espn.com/apis/site/v2/sports/soccer/usa.1/scoreboard?dates=20190518,https://site.api.espn.com/apis/site/v2/sports/soccer/usa.1/scoreboard?dates=20190518,2026-10-02T09:31:39+00:00,scoreboard.events[533260].competitions[0],15ed23e50213b08d
2019,2019-05-18,19:30,00:30,Houston Dynamo FC,D.C. United,HOU,DC,533258,mls-2019-HOU-DC-20190518,Regular Season,,Shell Energy Stadium,Houston,"Houston, Texas",America/Chicago,full_time,,https://site.api.espn.com/apis/site/v2/sports/soccer/usa.1/scoreboard?dates=20190518,https://site.api.espn.com/apis/site/v2/sports/soccer/usa.1/scoreboard?dates=20190518,2026-10-02T09:31:39+00:00,scoreboard.events[533258].competitions[0],15ed23e50213b08d
2019,2019-05-18,19:30,00:30,Sporting Kansas City,Vancouver Whitecaps,SKC,VAN,533259,mls-2019-SKC-VAN-20190518,Regular Season,,Children's Mercy Park,Kansas City,"Kansas City, Kansas",America/Chicago,full_time,,https://site.api.espn.com/apis/site/v2/sports/soccer/usa.1/scoreboard?dates=20190518,https://site.api.espn.com/apis/site/v2/sports/soccer/usa.1/scoreboard?dates=20190518,2026-10-02T09:31:39+00:00,scoreboard.events[533259].competitions[0],15ed23e50213b08d
2019,2019-05-19,15:00,19:00,Orlando City SC,FC Cincinnati,ORL,CIN,533255,mls-2019-ORL-CIN-20190519,Regular Season,,Inter&Co Stadium,Orlando,"Orlando, Florida",America/New_York,full_time,,https://site.api.espn.com/apis/site/v2/sports/soccer/usa.1/scoreboard?dates=20190519,https://site.api.espn.com/apis/site/v2/sports/soccer/usa.1/scoreboard?dates=20190519,2026-10-02T09:31:39+00:00,scoreboard.events[533255].competitions[0],22fc328cae9179ae
2019,2019-05-19,17:00,21:00,Red Bull New York,Atlanta United FC,RBNY,ATL,533257,mls-2019-RBNY-ATL-20190519,Regular Season,,Sports Illustrated Stadium,Harrison,"Harrison, New Jersey",America/New_York,full_time,,https://site.api.espn.com/apis/site/v2/sports/soccer/usa.1/scoreboard?dates=20190519,https://site.api.espn.com/apis/site/v2/sports/soccer/usa.1/scoreboard?dates=20190519,2026-10-02T09:31:39+00:00,scoreboard.events[533257].competitions[0],22fc328cae9179ae
2019,2019-05-19,18:30,23:30,FC Dallas,LAFC,DAL,LAFC,533256,mls-2019-DAL-LAFC-20190519,Regular Season,,Toyota Stadium,Frisco,Toyota Stadium,America/Chicago,full_time,,https://site.api.espn.com/apis/site/v2/sports/soccer/usa.1/scoreboard?dates=20190519,https://site.api.espn.com/apis/site/v2/sports/soccer/usa.1/scoreboard?dates=20190519,2026-10-02T09:31:39+00:00,scoreboard.events[533256].competitions[0],22fc328cae9179ae
2019,2019-05-19,17:00,00:00,LA Galaxy,Colorado Rapids,LA,COL,533254,mls-2019-LA-COL-20190519,Regular Season,,Dignity Health Sports Park,Carson,"Carson, California",America/Los_Angeles,full_time,,https://site.api.espn.com/apis/site/v2/sports/soccer/usa.1/scoreboard?dates=20190519,https://site.api.espn.com/apis/site/v2/sports/soccer/usa.1/scoreboard?dates=20190519,2026-10-02T09:31:39+00:00,scoreboard.events[533254].competitions[0],22fc328cae9179ae
2019,2019-05-22,20:00,00:00,Red Bull New York,Vancouver Whitecaps,RBNY,VAN,533253,mls-2019-RBNY-VAN-20190522,Regular Season,,Sports Illustrated Stadium,Harrison,"Harrison, New Jersey",America/New_York,full_time,,https://site.api.espn.com/apis/site/v2/sports/soccer/usa.1/scoreboard?dates=20190522,https://site.api.espn.com/apis/site/v2/sports/soccer/usa.1/scoreboard?dates=20190522,2026-10-02T09:31:40+00:00,scoreboard.events[533253].competitions[0],1d9639fa3f06329d
2019,2019-05-24,19:00,23:00,Orlando City SC,LA Galaxy,ORL,LA,533252,mls-2019-ORL-LA-20190524,Regular Season,,Inter&Co Stadium,Orlando,"Orlando, Florida",America/New_York,full_time,,https://site.api.espn.com/apis/site/v2/sports/soccer/usa.1/scoreboard?dates=20190524,https://site.api.espn.com/apis/site/v2/sports/soccer/usa.1/scoreboard?dates=20190524,2026-10-02T09:31:40+00:00,scoreboard.events[533252].competitions[0],893bbb493678cca9
2019,2019-05-24,19:00,01:00,Real Salt Lake,Atlanta United FC,RSL,ATL,533251,mls-2019-RSL-ATL-20190524,Regular Season,,America First Field,Sandy,"Sandy, Utah",America/Denver,full_time,,https://site.api.espn.com/apis/site/v2/sports/soccer/usa.1/scoreboard?dates=20190524,https://site.api.espn.com/apis/site/v2/sports/soccer/usa.1/scoreboard?dates=20190524,2026-10-02T09:31:40+00:00,scoreboard.events[533251].competitions[0],893bbb493678cca9
2019,2019-05-24,19:30,02:30,LAFC,CF Montréal,LAFC,MTL,533250,mls-2019-LAFC-MTL-20190524,Regular Season,,BMO Stadium,Los Angeles,"Los Angeles, California",America/Los_Angeles,full_time,,https://site.api.espn.com/apis/site/v2/sports/soccer/usa.1/scoreboard?dates=20190524,https://site.api.espn.com/apis/site/v2/sports/soccer/usa.1/scoreboard?dates=20190524,2026-10-02T09:31:40+00:00,scoreboard.events[533250].competitions[0],893bbb493678cca9
2019,2019-05-25,14:30,19:30,Chicago Fire FC,New York City FC,CHI,NYC,533249,mls-2019-CHI-NYC-20190525,Regular Season,,SeatGeek Stadium,Bridgeview,"Bridgeview, Illinois",America/Chicago,full_time,,https://site.api.espn.com/apis/site/v2/sports/soccer/usa.1/scoreboard?dates=20190525,https://site.api.espn.com/apis/site/v2/sports/soccer/usa.1/scoreboard?dates=20190525,2026-10-02T09:31:40+00:00,scoreboard.events[533249].competitions[0],cafdb707eee51aa3
2019,2019-05-25,16:00,23:00,Vancouver Whitecaps,FC Dallas,VAN,DAL,533248,mls-2019-VAN-DAL-20190525,Regular Season,,BC Place,Vancouver,Vancouver,America/Vancouver,full_time,,https://site.api.espn.com/apis/site/v2/sports/soccer/usa.1/scoreboard?dates=20190525,https://site.api.espn.com/apis/site/v2/sports/soccer/usa.1/scoreboard?dates=20190525,2026-10-02T09:31:40+00:00,scoreboard.events[533248].competitions[0],cafdb707eee51aa3
2019,2019-05-25,19:30,23:30,FC Cincinnati,Red Bull New York,CIN,RBNY,533245,mls-2019-CIN-RBNY-20190525,Regular Season,,Nippert Stadium,Cincinnati,"Cincinnati, Ohio",America/New_York,full_time,,https://site.api.espn.com/apis/site/v2/sports/soccer/usa.1/scoreboard?dates=20190525,https://site.api.espn.com/apis/site/v2/sports/soccer/usa.1/scoreboard?dates=20190525,2026-10-02T09:31:40+00:00,scoreboard.events[533245].competitions[0],cafdb707eee51aa3
2019,2019-05-25,19:30,23:30,New England Revolution,D.C. United,NE,DC,533247,mls-2019-NE-DC-20190525,Regular Season,,Gillette Stadium,Foxborough,"Foxborough, Massachusetts",America/New_York,full_time,,https://site.api.espn.com/apis/site/v2/sports/soccer/usa.1/scoreboard?dates=20190525,https://site.api.espn.com/apis/site/v2/sports/soccer/usa.1/scoreboard?dates=20190525,2026-10-02T09:31:40+00:00,scoreboard.events[533247].competitions[0],cafdb707eee51aa3
2019,2019-05-25,19:30,23:30,Philadelphia Union,Portland Timbers,PHI,POR,533246,mls-2019-PHI-POR-20190525,Regular Season,,Subaru Park,Chester,"Chester, Pennsylvania",America/New_York,full_time,,https://site.api.espn.com/apis/site/v2/sports/soccer/usa.1/scoreboard?dates=20190525,https://site.api.espn.com/apis/site/v2/sports/soccer/usa.1/scoreboard?dates=20190525,2026-10-02T09:31:40+00:00,scoreboard.events[533246].competitions[0],cafdb707eee51aa3
2019,2019-05-25,19:00,00:00,Minnesota United FC,Houston Dynamo FC,MIN,HOU,533244,mls-2019-MIN-HOU-20190525,Regular Season,,Allianz Field,Saint Paul,"Saint Paul, Minnesota",America/Chicago,full_time,,https://site.api.espn.com/apis/site/v2/sports/soccer/usa.1/scoreboard?dates=20190525,https://site.api.espn.com/apis/site/v2/sports/soccer/usa.1/scoreboard?dates=20190525,2026-10-02T09:31:40+00:00,scoreboard.events[533244].competitions[0],cafdb707eee51aa3
2019,2019-05-25,19:00,01:00,Colorado Rapids,Columbus Crew,COL,CLB,533243,mls-2019-COL-CLB-20190525,Regular Season,,Dick's Sporting Goods Park,Commerce City,"Commerce City, Colorado",America/Denver,full_time,,https://site.api.espn.com/apis/site/v2/sports/soccer/usa.1/scoreboard?dates=20190525,https://site.api.espn.com/apis/site/v2/sports/soccer/usa.1/scoreboard?dates=20190525,2026-10-02T09:31:40+00:00,scoreboard.events[533243].competitions[0],cafdb707eee51aa3
2019,2019-05-26,17:00,22:00,Sporting Kansas City,Seattle Sounders FC,SKC,SEA,533242,mls-2019-SKC-SEA-20190526,Regular Season,,Children's Mercy Park,Kansas City,"Kansas City, Kansas",America/Chicago,full_time,,https://site.api.espn.com/apis/site/v2/sports/soccer/usa.1/scoreboard?dates=20190526,https://site.api.espn.com/apis/site/v2/sports/soccer/usa.1/scoreboard?dates=20190526,2026-10-02T09:31:40+00:00,scoreboard.events[533242].competitions[0],acbfedc6db6c50d5
2019,2019-05-26,19:30,23:30,Toronto FC,San Jose Earthquakes,TOR,SJ,533241,mls-2019-TOR-SJ-20190526,Regular Season,,BMO Field,Toronto,Toronto,America/Toronto,full_time,,https://site.api.espn.com/apis/site/v2/sports/soccer/usa.1/scoreboard?dates=20190526,https://site.api.espn.com/apis/site/v2/sports/soccer/usa.1/scoreboard?dates=20190526,2026-10-02T09:31:40+00:00,scoreboard.events[533241].competitions[0],acbfedc6db6c50d5
2019,2019-05-29,19:00,23:00,Atlanta United FC,Minnesota United FC,ATL,MIN,533240,mls-2019-ATL-MIN-20190529,Regular Season,,Mercedes-Benz Stadium,Atlanta,"Atlanta, Georgia",America/New_York,full_time,,https://site.api.espn.com/apis/site/v2/sports/soccer/usa.1/scoreboard?dates=20190529,https://site.api.espn.com/apis/site/v2/sports/soccer/usa.1/scoreboard?dates=20190529,2026-10-02T09:31:41+00:00,scoreboard.events[533240].competitions[0],e5ed036accf975ef
2019,2019-05-29,19:30,23:30,CF Montréal,Real Salt Lake,MTL,RSL,533239,mls-2019-MTL-RSL-20190529,Regular Season,,Stade Saputo,Montreal,Montreal,America/Toronto,full_time,,https://site.api.espn.com/apis/site/v2/sports/soccer/usa.1/scoreboard?dates=20190529,https://site.api.espn.com/apis/site/v2/sports/soccer/usa.1/scoreboard?dates=20190529,2026-10-02T09:31:41+00:00,scoreboard.events[533239].competitions[0],e5ed036accf975ef
2019,2019-05-29,19:30,23:30,Philadelphia Union,Colorado Rapids,PHI,COL,533238,mls-2019-PHI-COL-20190529,Regular Season,,Subaru Park,Chester,"Chester, Pennsylvania",America/New_York,full_time,,https://site.api.espn.com/apis/site/v2/sports/soccer/usa.1/scoreboard?dates=20190529,https://site.api.espn.com/apis/site/v2/sports/soccer/usa.1/scoreboard?dates=20190529,2026-10-02T09:31:41+00:00,scoreboard.events[533238].competitions[0],e5ed036accf975ef
2019,2019-05-29,20:00,00:00,D.C. United,Chicago Fire FC,DC,CHI,533237,mls-2019-DC-CHI-20190529,Regular Season,,Audi Field,Washington,"Washington, District of Columbia",America/New_York,full_time,,https://site.api.espn.com/apis/site/v2/sports/soccer/usa.1/scoreboard?dates=20190529,https://site.api.espn.com/apis/site/v2/sports/soccer/usa.1/scoreboard?dates=20190529,2026-10-02T09:31:41+00:00,scoreboard.events[533237].competitions[0],e5ed036accf975ef
2019,2019-05-29,19:30,00:30,Sporting Kansas City,LA Galaxy,SKC,LA,533236,mls-2019-SKC-LA-20190529,Regular Season,,Children's Mercy Park,Kansas City,"Kansas City, Kansas",America/Chicago,full_time,,https://site.api.espn.com/apis/site/v2/sports/soccer/usa.1/scoreboard?dates=20190529,https://site.api.espn.com/apis/site/v2/sports/soccer/usa.1/scoreboard?dates=20190529,2026-10-02T09:31:41+00:00,scoreboard.events[533236].competitions[0],e5ed036accf975ef
2019,2019-05-31,19:00,02:00,Vancouver Whitecaps,Toronto FC,VAN,TOR,533235,mls-2019-VAN-TOR-20190531,Regular Season,,BC Place,Vancouver,Vancouver,America/Vancouver,full_time,,https://site.api.espn.com/apis/site/v2/sports/soccer/usa.1/scoreboard?dates=20190531,https://site.api.espn.com/apis/site/v2/sports/soccer/usa.1/scoreboard?dates=20190531,2026-10-02T09:31:41+00:00,scoreboard.events[533235].competitions[0],e668620056c73858
2019,2019-06-01,17:00,21:00,CF Montréal,Orlando City SC,MTL,ORL,533234,mls-2019-MTL-ORL-20190601,Regular Season,,Stade Saputo,Montreal,Montreal,America/Toronto,full_time,,https://site.api.espn.com/apis/site/v2/sports/soccer/usa.1/scoreboard?dates=20190601,https://site.api.espn.com/apis/site/v2/sports/soccer/usa.1/scoreboard?dates=20190601,2026-10-02T09:31:41+00:00,scoreboard.events[533234].competitions[0],15822f12b6e1b4f8
2019,2019-06-01,18:00,22:00,Atlanta United FC,Chicago Fire FC,ATL,CHI,533233,mls-2019-ATL-CHI-20190601,Regular Season,,Mercedes-Benz Stadium,Atlanta,"Atlanta, Georgia",America/New_York,full_time,,https://site.api.espn.com/apis/site/v2/sports/soccer/usa.1/scoreboard?dates=20190601,https://site.api.espn.com/apis/site/v2/sports/soccer/usa.1/scoreboard?dates=20190601,2026-10-02T09:31:41+00:00,scoreboard.events[533233].competitions[0],15822f12b6e1b4f8
2019,2019-06-01,19:00,23:00,Red Bull New York,Real Salt Lake,RBNY,RSL,533232,mls-2019-RBNY-RSL-20190601,Regular Season,,Sports Illustrated Stadium,Harrison,"Harrison, New Jersey",America/New_York,full_time,,https://site.api.espn.com/apis/site/v2/sports/soccer/usa.1/scoreboard?dates=20190601,https://site.api.espn.com/apis/site/v2/sports/soccer/usa.1/scoreboard?dates=20190601,2026-10-02T09:31:41+00:00,scoreboard.events[533232].competitions[0],15822f12b6e1b4f8
2019,2019-06-01,19:30,23:30,Columbus Crew,New York City FC,CLB,NYC,533231,mls-2019-CLB-NYC-20190601,Regular Season,,Historic Crew Stadium,Columbus,"Columbus, Ohio",America/New_York,full_time,,https://site.api.espn.com/apis/site/v2/sports/soccer/usa.1/scoreboard?dates=20190601,https://site.api.espn.com/apis/site/v2/sports/soccer/usa.1/scoreboard?dates=20190601,2026-10-02T09:31:41+00:00,scoreboard.events[533231].competitions[0],15822f12b6e1b4f8
2019,2019-06-01,20:00,00:00,D.C. United,San Jose Earthquakes,DC,SJ,533229,mls-2019-DC-SJ-20190601,Regular Season,,Audi Field,Washington,"Washington, District of Columbia",America/New_York,full_time,,https://site.api.espn.com/apis/site/v2/sports/soccer/usa.1/scoreboard?dates=20190601,https://site.api.espn.com/apis/site/v2/sports/soccer/usa.1/scoreboard?dates=20190601,2026-10-02T09:31:41+00:00,scoreboard.events[533229].competitions[0],15822f12b6e1b4f8
2019,2019-06-01,18:30,00:30,Colorado Rapids,FC Cincinnati,COL,CIN,533226,mls-2019-COL-CIN-20190601,Regular Season,,Dick's Sporting Goods Park,Commerce City,"Commerce City, Colorado",America/Denver,full_time,,https://site.api.espn.com/apis/site/v2/sports/soccer/usa.1/scoreboard?dates=20190601,https://site.api.espn.com/apis/site/v2/sports/soccer/usa.1/scoreboard?dates=20190601,2026-10-02T09:31:41+00:00,scoreboard.events[533226].competitions[0],15822f12b6e1b4f8
2019,2019-06-01,19:30,00:30,Houston Dynamo FC,Sporting Kansas City,HOU,SKC,533227,mls-2019-HOU-SKC-20190601,Regular Season,,Shell Energy Stadium,Houston,"Houston, Texas",America/Chicago,full_time,,https://site.api.espn.com/apis/site/v2/sports/soccer/usa.1/scoreboard?dates=20190601,https://site.api.espn.com/apis/site/v2/sports/soccer/usa.1/scoreboard?dates=20190601,2026-10-02T09:31:41+00:00,scoreboard.events[533227].competitions[0],15822f12b6e1b4f8
2019,2019-06-01,20:47,01:47,FC Dallas,Seattle Sounders FC,DAL,SEA,533230,mls-2019-DAL-SEA-20190601,Regular Season,,Toyota Stadium,Frisco,Toyota Stadium,America/Chicago,full_time,,https://site.api.espn.com/apis/site/v2/sports/soccer/usa.1/scoreboard?dates=20190601,https://site.api.espn.com/apis/site/v2/sports/soccer/usa.1/scoreboard?dates=20190601,2026-10-02T09:31:41+00:00,scoreboard.events[533230].competitions[0],15822f12b6e1b4f8
2019,2019-06-01,19:30,02:30,Portland Timbers,LAFC,POR,LAFC,532583,mls-2019-POR-LAFC-20190601,Regular Season,,Providence Park,Portland,"Portland, Oregon",America/Los_Angeles,full_time,,https://site.api.espn.com/apis/site/v2/sports/soccer/usa.1/scoreboard?dates=20190601,https://site.api.espn.com/apis/site/v2/sports/soccer/usa.1/scoreboard?dates=20190601,2026-10-02T09:31:41+00:00,scoreboard.events[532583].competitions[0],15822f12b6e1b4f8
2019,2019-06-02,15:00,20:00,Minnesota United FC,Philadelphia Union,MIN,PHI,533225,mls-2019-MIN-PHI-20190602,Regular Season,,Allianz Field,Saint Paul,"Saint Paul, Minnesota",America/Chicago,full_time,,https://site.api.espn.com/apis/site/v2/sports/soccer/usa.1/scoreboard?dates=20190602,https://site.api.espn.com/apis/site/v2/sports/soccer/usa.1/scoreboard?dates=20190602,2026-10-02T09:31:42+00:00,scoreboard.events[533225].competitions[0],97bba78ab5a60cc5
2019,2019-06-02,19:30,02:30,LA Galaxy,New England Revolution,LA,NE,533228,mls-2019-LA-NE-20190602,Regular Season,,Dignity Health Sports Park,Carson,"Carson, California",America/Los_Angeles,full_time,,https://site.api.espn.com/apis/site/v2/sports/soccer/usa.1/scoreboard?dates=20190602,https://site.api.espn.com/apis/site/v2/sports/soccer/usa.1/scoreboard?dates=20190602,2026-10-02T09:31:42+00:00,scoreboard.events[533228].competitions[0],97bba78ab5a60cc5
2019,2019-06-05,19:30,23:30,CF Montréal,Seattle Sounders FC,MTL,SEA,533224,mls-2019-MTL-SEA-20190605,Regular Season,,Stade Saputo,Montreal,Montreal,America/Toronto,full_time,,https://site.api.espn.com/apis/site/v2/sports/soccer/usa.1/scoreboard?dates=20190605,https://site.api.espn.com/apis/site/v2/sports/soccer/usa.1/scoreboard?dates=20190605,2026-10-02T09:31:42+00:00,scoreboard.events[533224].competitions[0],c18406d634a3cfff
2019,2019-06-06,19:00,23:00,New York City FC,FC Cincinnati,NYC,CIN,533223,mls-2019-NYC-CIN-20190606,Regular Season,,Yankee Stadium,New York,New York City,America/New_York,full_time,,https://site.api.espn.com/apis/site/v2/sports/soccer/usa.1/scoreboard?dates=20190606,https://site.api.espn.com/apis/site/v2/sports/soccer/usa.1/scoreboard?dates=20190606,2026-10-02T09:31:42+00:00,scoreboard.events[533223].competitions[0],c2e9c4a93cc48575
2019,2019-06-07,19:00,23:00,Toronto FC,Sporting Kansas City,TOR,SKC,533222,mls-2019-TOR-SKC-20190607,Regular Season,,BMO Field,Toronto,Toronto,America/Toronto,full_time,,https://site.api.espn.com/apis/site/v2/sports/soccer/usa.1/scoreboard?dates=20190607,https://site.api.espn.com/apis/site/v2/sports/soccer/usa.1/scoreboard?dates=20190607,2026-10-02T09:31:42+00:00,scoreboard.events[533222].competitions[0],41b3e3685ec689a5
2019,2019-06-08,12:30,19:30,San Jose Earthquakes,FC Dallas,SJ,DAL,533221,mls-2019-SJ-DAL-20190608,Regular Season,,PayPal Park,San Jose,"San Jose, California",America/Los_Angeles,full_time,,https://site.api.espn.com/apis/site/v2/sports/soccer/usa.1/scoreboard?dates=20190608,https://site.api.espn.com/apis/site/v2/sports/soccer/usa.1/scoreboard?dates=20190608,2026-10-02T09:31:42+00:00,scoreboard.events[533221].competitions[0],c290cbe91a35d77b
2019,2019-06-08,19:30,23:30,Philadelphia Union,Red Bull New York,PHI,RBNY,533220,mls-2019-PHI-RBNY-20190608,Regular Season,,Subaru Park,Chester,"Chester, Pennsylvania",America/New_York,full_time,,https://site.api.espn.com/apis/site/v2/sports/soccer/usa.1/scoreboard?dates=20190608,https://site.api.espn.com/apis/site/v2/sports/soccer/usa.1/scoreboard?dates=20190608,2026-10-02T09:31:42+00:00,scoreboard.events[533220].competitions[0],c290cbe91a35d77b
2019,2019-06-08,19:00,01:00,Colorado Rapids,Minnesota United FC,COL,MIN,533160,mls-2019-COL-MIN-20190608,Regular Season,,Dick's Sporting Goods Park,Commerce City,"Commerce City, Colorado",America/Denver,full_time,,https://site.api.espn.com/apis/site/v2/sports/soccer/usa.1/scoreboard?dates=20190608,https://site.api.espn.com/apis/site/v2/sports/soccer/usa.1/scoreboard?dates=20190608,2026-10-02T09:31:42+00:00,scoreboard.events[533160].competitions[0],c290cbe91a35d77b
2019,2019-06-22,19:30,23:30,FC Cincinnati,LA Galaxy,CIN,LA,533219,mls-2019-CIN-LA-20190622,Regular Season,,Nippert Stadium,Cincinnati,"Cincinnati, Ohio",America/New_York,full_time,,https://site.api.espn.com/apis/site/v2/sports/soccer/usa.1/scoreboard?dates=20190622,https://site.api.espn.com/apis/site/v2/sports/soccer/usa.1/scoreboard?dates=20190622,2026-10-02T09:31:45+00:00,scoreboard.events[533219].competitions[0],66456b70228ec883
2019,2019-06-22,19:00,00:00,Chicago Fire FC,Real Salt Lake,CHI,RSL,533217,mls-2019-CHI-RSL-20190622,Regular Season,,SeatGeek Stadium,Bridgeview,"Bridgeview, Illinois",America/Chicago,full_time,,https://site.api.espn.com/apis/site/v2/sports/soccer/usa.1/scoreboard?dates=20190622,https://site.api.espn.com/apis/site/v2/sports/soccer/usa.1/scoreboard?dates=20190622,2026-10-02T09:31:45+00:00,scoreboard.events[533217].competitions[0],66456b70228ec883
2019,2019-06-22,19:00,00:00,FC Dallas,Toronto FC,DAL,TOR,533218,mls-2019-DAL-TOR-20190622,Regular Season,,Toyota Stadium,Frisco,Toyota Stadium,America/Chicago,full_time,,https://site.api.espn.com/apis/site/v2/sports/soccer/usa.1/scoreboard?dates=20190622,https://site.api.espn.com/apis/site/v2/sports/soccer/usa.1/scoreboard?dates=20190622,2026-10-02T09:31:45+00:00,scoreboard.events[533218].competitions[0],66456b70228ec883
2019,2019-06-22,19:00,02:00,Vancouver Whitecaps,Colorado Rapids,VAN,COL,533216,mls-2019-VAN-COL-20190622,Regular Season,,BC Place,Vancouver,Vancouver,America/Vancouver,full_time,,https://site.api.espn.com/apis/site/v2/sports/soccer/usa.1/scoreboard?dates=20190622,https://site.api.espn.com/apis/site/v2/sports/soccer/usa.1/scoreboard?dates=20190622,2026-10-02T09:31:45+00:00,scoreboard.events[533216].competitions[0],66456b70228ec883
2019,2019-06-22,20:00,03:00,Portland Timbers,Houston Dynamo FC,POR,HOU,533215,mls-2019-POR-HOU-20190622,Regular Season,,Providence Park,Portland,"Portland, Oregon",America/Los_Angeles,full_time,,https://site.api.espn.com/apis/site/v2/sports/soccer/usa.1/scoreboard?dates=20190622,https://site.api.espn.com/apis/site/v2/sports/soccer/usa.1/scoreboard?dates=20190622,2026-10-02T09:31:45+00:00,scoreboard.events[533215].competitions[0],66456b70228ec883
2019,2019-06-23,17:30,21:30,Columbus Crew,Sporting Kansas City,CLB,SKC,533214,mls-2019-CLB-SKC-20190623,Regular Season,,Historic Crew Stadium,Columbus,"Columbus, Ohio",America/New_York,full_time,,https://site.api.espn.com/apis/site/v2/sports/soccer/usa.1/scoreboard?dates=20190623,https://site.api.espn.com/apis/site/v2/sports/soccer/usa.1/scoreboard?dates=20190623,2026-10-02T09:31:45+00:00,scoreboard.events[533214].competitions[0],a9b303b6a6fdca86
2019,2019-06-26,19:00,23:00,New England Revolution,Philadelphia Union,NE,PHI,533212,mls-2019-NE-PHI-20190626,Regular Season,,Gillette Stadium,Foxborough,"Foxborough, Massachusetts",America/New_York,full_time,,https://site.api.espn.com/apis/site/v2/sports/soccer/usa.1/scoreboard?dates=20190626,https://site.api.espn.com/apis/site/v2/sports/soccer/usa.1/scoreboard?dates=20190626,2026-10-02T09:31:46+00:00,scoreboard.events[533212].competitions[0],83f1ae0b7d45fc3c
2019,2019-06-26,20:00,00:00,D.C. United,Orlando City SC,DC,ORL,533211,mls-2019-DC-ORL-20190626,Regular Season,,Audi Field,Washington,"Washington, District of Columbia",America/New_York,full_time,,https://site.api.espn.com/apis/site/v2/sports/soccer/usa.1/scoreboard?dates=20190626,https://site.api.espn.com/apis/site/v2/sports/soccer/usa.1/scoreboard?dates=20190626,2026-10-02T09:31:46+00:00,scoreboard.events[533211].competitions[0],83f1ae0b7d45fc3c
2019,2019-06-26,20:00,00:00,Toronto FC,Atlanta United FC,TOR,ATL,533210,mls-2019-TOR-ATL-20190626,Regular Season,,BMO Field,Toronto,Toronto,America/Toronto,full_time,,https://site.api.espn.com/apis/site/v2/sports/soccer/usa.1/scoreboard?dates=20190626,https://site.api.espn.com/apis/site/v2/sports/soccer/usa.1/scoreboard?dates=20190626,2026-10-02T09:31:46+00:00,scoreboard.events[533210].competitions[0],83f1ae0b7d45fc3c
2019,2019-06-26,20:15,00:15,CF Montréal,Portland Timbers,MTL,POR,533213,mls-2019-MTL-POR-20190626,Regular Season,,Stade Saputo,Montreal,Montreal,America/Toronto,full_time,,https://site.api.espn.com/apis/site/v2/sports/soccer/usa.1/scoreboard?dates=20190626,https://site.api.espn.com/apis/site/v2/sports/soccer/usa.1/scoreboard?dates=20190626,2026-10-02T09:31:46+00:00,scoreboard.events[533213].competitions[0],83f1ae0b7d45fc3c
2019,2019-06-26,20:00,01:00,FC Dallas,Vancouver Whitecaps,DAL,VAN,533209,mls-2019-DAL-VAN-20190626,Regular Season,,Toyota Stadium,Frisco,Toyota Stadium,America/Chicago,full_time,,https://site.api.espn.com/apis/site/v2/sports/soccer/usa.1/scoreboard?dates=20190626,https://site.api.espn.com/apis/site/v2/sports/soccer/usa.1/scoreboard?dates=20190626,2026-10-02T09:31:46+00:00,scoreboard.events[533209].competitions[0],83f1ae0b7d45fc3c
2019,2019-06-26,19:30,02:30,San Jose Earthquakes,Houston Dynamo FC,SJ,HOU,533208,mls-2019-SJ-HOU-20190626,Regular Season,,PayPal Park,San Jose,"San Jose, California",America/Los_Angeles,full_time,,https://site.api.espn.com/apis/site/v2/sports/soccer/usa.1/scoreboard?dates=20190626,https://site.api.espn.com/apis/site/v2/sports/soccer/usa.1/scoreboard?dates=20190626,2026-10-02T09:31:46+00:00,scoreboard.events[533208].competitions[0],83f1ae0b7d45fc3c
2019,2019-06-28,20:00,00:00,Red Bull New York,Chicago Fire FC,RBNY,CHI,533207,mls-2019-RBNY-CHI-20190628,Regular Season,,Sports Illustrated Stadium,Harrison,"Harrison, New Jersey",America/New_York,full_time,,https://site.api.espn.com/apis/site/v2/sports/soccer/usa.1/scoreboard?dates=20190628,https://site.api.espn.com/apis/site/v2/sports/soccer/usa.1/scoreboard?dates=20190628,2026-10-02T09:31:46+00:00,scoreboard.events[533207].competitions[0],0b97ec7fb9eb9b1f
2019,2019-06-28,20:00,02:00,Colorado Rapids,LAFC,COL,LAFC,533206,mls-2019-COL-LAFC-20190628,Regular Season,,Dick's Sporting Goods Park,Commerce City,"Commerce City, Colorado",America/Denver,full_time,,https://site.api.espn.com/apis/site/v2/sports/soccer/usa.1/scoreboard?dates=20190628,https://site.api.espn.com/apis/site/v2/sports/soccer/usa.1/scoreboard?dates=20190628,2026-10-02T09:31:46+00:00,scoreboard.events[533206].competitions[0],0b97ec7fb9eb9b1f
2019,2019-06-29,15:00,20:00,Minnesota United FC,FC Cincinnati,MIN,CIN,533205,mls-2019-MIN-CIN-20190629,Regular Season,,Allianz Field,Saint Paul,"Saint Paul, Minnesota",America/Chicago,full_time,,https://site.api.espn.com/apis/site/v2/sports/soccer/usa.1/scoreboard?dates=20190629,https://site.api.espn.com/apis/site/v2/sports/soccer/usa.1/scoreboard?dates=20190629,2026-10-02T09:31:46+00:00,scoreboard.events[533205].competitions[0],120a5ade6f513a7a
2019,2019-06-29,18:00,22:00,Atlanta United FC,CF Montréal,ATL,MTL,533204,mls-2019-ATL-MTL-20190629,Regular Season,,Mercedes-Benz Stadium,Atlanta,"Atlanta, Georgia",America/New_York,full_time,,https://site.api.espn.com/apis/site/v2/sports/soccer/usa.1/scoreboard?dates=20190629,https://site.api.espn.com/apis/site/v2/sports/soccer/usa.1/scoreboard?dates=20190629,2026-10-02T09:31:46+00:00,scoreboard.events[533204].competitions[0],120a5ade6f513a7a
2019,2019-06-29,19:00,23:00,New York City FC,Philadelphia Union,NYC,PHI,533203,mls-2019-NYC-PHI-20190629,Regular Season,,Yankee Stadium,New York,New York City,America/New_York,full_time,,https://site.api.espn.com/apis/site/v2/sports/soccer/usa.1/scoreboard?dates=20190629,https://site.api.espn.com/apis/site/v2/sports/soccer/usa.1/scoreboard?dates=20190629,2026-10-02T09:31:46+00:00,scoreboard.events[533203].competitions[0],120a5ade6f513a7a
2019,2019-06-29,19:30,23:30,Columbus Crew,Orlando City SC,CLB,ORL,533202,mls-2019-CLB-ORL-20190629,Regular Season,,Historic Crew Stadium,Columbus,"Columbus, Ohio",America/New_York,full_time,,https://site.api.espn.com/apis/site/v2/sports/soccer/usa.1/scoreboard?dates=20190629,https://site.api.espn.com/apis/site/v2/sports/soccer/usa.1/scoreboard?dates=20190629,2026-10-02T09:31:46+00:00,scoreboard.events[533202].competitions[0],120a5ade6f513a7a
2019,2019-06-29,19:30,23:30,New England Revolution,Houston Dynamo FC,NE,HOU,533201,mls-2019-NE-HOU-20190629,Regular Season,,Gillette Stadium,Foxborough,"Foxborough, Massachusetts",America/New_York,full_time,,https://site.api.espn.com/apis/site/v2/sports/soccer/usa.1/scoreboard?dates=20190629,https://site.api.espn.com/apis/site/v2/sports/soccer/usa.1/scoreboard?dates=20190629,2026-10-02T09:31:46+00:00,scoreboard.events[533201].competitions[0],120a5ade6f513a7a
2019,2019-06-29,20:00,00:00,D.C. United,Toronto FC,DC,TOR,533200,mls-2019-DC-TOR-20190629,Regular Season,,Audi Field,Washington,"Washington, District of Columbia",America/New_York,full_time,,https://site.api.espn.com/apis/site/v2/sports/soccer/usa.1/scoreboard?dates=20190629,https://site.api.espn.com/apis/site/v2/sports/soccer/usa.1/scoreboard?dates=20190629,2026-10-02T09:31:46+00:00,scoreboard.events[533200].competitions[0],120a5ade6f513a7a
2019,2019-06-29,20:00,02:00,Real Salt Lake,Sporting Kansas City,RSL,SKC,533197,mls-2019-RSL-SKC-20190629,Regular Season,,America First Field,Sandy,"Sandy, Utah",America/Denver,full_time,,https://site.api.espn.com/apis/site/v2/sports/soccer/usa.1/scoreboard?dates=20190629,https://site.api.espn.com/apis/site/v2/sports/soccer/usa.1/scoreboard?dates=20190629,2026-10-02T09:31:46+00:00,scoreboard.events[533197].competitions[0],120a5ade6f513a7a
2019,2019-06-29,19:00,02:00,San Jose Earthquakes,LA Galaxy,SJ,LA,533199,mls-2019-SJ-LA-20190629,Regular Season,,Stanford Stadium,Stanford,"Stanford, California",America/Los_Angeles,full_time,venue_override:Stanford Stadium,https://site.api.espn.com/apis/site/v2/sports/soccer/usa.1/scoreboard?dates=20190629,https://site.api.espn.com/apis/site/v2/sports/soccer/usa.1/scoreboard?dates=20190629,2026-10-02T09:31:46+00:00,scoreboard.events[533199].competitions[0],120a5ade6f513a7a
2019,2019-06-29,19:00,02:00,Seattle Sounders FC,Vancouver Whitecaps,SEA,VAN,533198,mls-2019-SEA-VAN-20190629,Regular Season,,Lumen Field,Seattle,"Seattle, Washington",America/Los_Angeles,full_time,,https://site.api.espn.com/apis/site/v2/sports/soccer/usa.1/scoreboard?dates=20190629,https://site.api.espn.com/apis/site/v2/sports/soccer/usa.1/scoreboard?dates=20190629,2026-10-02T09:31:46+00:00,scoreboard.events[533198].competitions[0],120a5ade6f513a7a
2019,2019-06-30,20:00,03:00,Portland Timbers,FC Dallas,POR,DAL,533196,mls-2019-POR-DAL-20190630,Regular Season,,Providence Park,Portland,"Portland, Oregon",America/Los_Angeles,full_time,,https://site.api.espn.com/apis/site/v2/sports/soccer/usa.1/scoreboard?dates=20190630,https://site.api.espn.com/apis/site/v2/sports/soccer/usa.1/scoreboard?dates=20190630,2026-10-02T09:31:46+00:00,scoreboard.events[533196].competitions[0],e7516824ecc42266
2019,2019-07-03,19:00,23:00,New York City FC,Seattle Sounders FC,NYC,SEA,533195,mls-2019-NYC-SEA-20190703,Regular Season,,Yankee Stadium,New York,New York City,America/New_York,full_time,,https://site.api.espn.com/apis/site/v2/sports/soccer/usa.1/scoreboard?dates=20190703,https://site.api.espn.com/apis/site/v2/sports/soccer/usa.1/scoreboard?dates=20190703,2026-10-02T09:31:47+00:00,scoreboard.events[533195].competitions[0],76bcab1bdd0e8d3d
2019,2019-07-03,19:30,23:30,Orlando City SC,Philadelphia Union,ORL,PHI,533194,mls-2019-ORL-PHI-20190703,Regular Season,,Inter&Co Stadium,Orlando,"Orlando, Florida",America/New_York,full_time,,https://site.api.espn.com/apis/site/v2/sports/soccer/usa.1/scoreboard?dates=20190703,https://site.api.espn.com/apis/site/v2/sports/soccer/usa.1/scoreboard?dates=20190703,2026-10-02T09:31:47+00:00,scoreboard.events[533194].competitions[0],76bcab1bdd0e8d3d
2019,2019-07-03,19:00,00:00,Chicago Fire FC,Atlanta United FC,CHI,ATL,533193,mls-2019-CHI-ATL-20190703,Regular Season,,SeatGeek Stadium,Bridgeview,"Bridgeview, Illinois",America/Chicago,full_time,,https://site.api.espn.com/apis/site/v2/sports/soccer/usa.1/scoreboard?dates=20190703,https://site.api.espn.com/apis/site/v2/sports/soccer/usa.1/scoreboard?dates=20190703,2026-10-02T09:31:47+00:00,scoreboard.events[533193].competitions[0],76bcab1bdd0e8d3d
2019,2019-07-03,19:00,00:00,Minnesota United FC,San Jose Earthquakes,MIN,SJ,533192,mls-2019-MIN-SJ-20190703,Regular Season,,Allianz Field,Saint Paul,"Saint Paul, Minnesota",America/Chicago,full_time,,https://site.api.espn.com/apis/site/v2/sports/soccer/usa.1/scoreboard?dates=20190703,https://site.api.espn.com/apis/site/v2/sports/soccer/usa.1/scoreboard?dates=20190703,2026-10-02T09:31:47+00:00,scoreboard.events[533192].competitions[0],76bcab1bdd0e8d3d
2019,2019-07-03,19:30,00:30,Sporting Kansas City,LAFC,SKC,LAFC,533191,mls-2019-SKC-LAFC-20190703,Regular Season,,Children's Mercy Park,Kansas City,"Kansas City, Kansas",America/Chicago,full_time,,https://site.api.espn.com/apis/site/v2/sports/soccer/usa.1/scoreboard?dates=20190703,https://site.api.espn.com/apis/site/v2/sports/soccer/usa.1/scoreboard?dates=20190703,2026-10-02T09:31:47+00:00,scoreboard.events[533191].competitions[0],76bcab1bdd0e8d3d
2019,2019-07-03,20:00,01:00,Houston Dynamo FC,Red Bull New York,HOU,RBNY,533190,mls-2019-HOU-RBNY-20190703,Regular Season,,Shell Energy Stadium,Houston,"Houston, Texas",America/Chicago,full_time,,https://site.api.espn.com/apis/site/v2/sports/soccer/usa.1/scoreboard?dates=20190703,https://site.api.espn.com/apis/site/v2/sports/soccer/usa.1/scoreboard?dates=20190703,2026-10-02T09:31:47+00:00,scoreboard.events[533190].competitions[0],76bcab1bdd0e8d3d
2019,2019-07-03,20:00,02:00,Real Salt Lake,Columbus Crew,RSL,CLB,533189,mls-2019-RSL-CLB-20190703,Regular Season,,America First Field,Sandy,"Sandy, Utah",America/Denver,full_time,,https://site.api.espn.com/apis/site/v2/sports/soccer/usa.1/scoreboard?dates=20190703,https://site.api.espn.com/apis/site/v2/sports/soccer/usa.1/scoreboard?dates=20190703,2026-10-02T09:31:47+00:00,scoreboard.events[533189].competitions[0],76bcab1bdd0e8d3d
2019,2019-07-04,20:00,01:00,FC Dallas,D.C. United,DAL,DC,533188,mls-2019-DAL-DC-20190704,Regular Season,,Toyota Stadium,Frisco,Toyota Stadium,America/Chicago,full_time,,https://site.api.espn.com/apis/site/v2/sports/soccer/usa.1/scoreboard?dates=20190704,https://site.api.espn.com/apis/site/v2/sports/soccer/usa.1/scoreboard?dates=20190704,2026-10-02T09:31:47+00:00,scoreboard.events[533188].competitions[0],7e5c343865fcfbc6
2019,2019-07-04,20:00,02:00,Colorado Rapids,New England Revolution,COL,NE,533187,mls-2019-COL-NE-20190704,Regular Season,,Dick's Sporting Goods Park,Commerce City,"Commerce City, Colorado",America/Denver,full_time,,https://site.api.espn.com/apis/site/v2/sports/soccer/usa.1/scoreboard?dates=20190704,https://site.api.espn.com/apis/site/v2/sports/soccer/usa.1/scoreboard?dates=20190704,2026-10-02T09:31:47+00:00,scoreboard.events[533187].competitions[0],7e5c343865fcfbc6
2019,2019-07-04,19:30,02:30,LA Galaxy,Toronto FC,LA,TOR,533186,mls-2019-LA-TOR-20190704,Regular Season,,Dignity Health Sports Park,Carson,"Carson, California",America/Los_Angeles,full_time,,https://site.api.espn.com/apis/site/v2/sports/soccer/usa.1/scoreboard?dates=20190704,https://site.api.espn.com/apis/site/v2/sports/soccer/usa.1/scoreboard?dates=20190704,2026-10-02T09:31:47+00:00,scoreboard.events[533186].competitions[0],7e5c343865fcfbc6
2019,2019-07-06,19:30,23:30,CF Montréal,Minnesota United FC,MTL,MIN,533183,mls-2019-MTL-MIN-20190706,Regular Season,,Stade Saputo,Montreal,Montreal,America/Toronto,full_time,,https://site.api.espn.com/apis/site/v2/sports/soccer/usa.1/scoreboard?dates=20190706,https://site.api.espn.com/apis/site/v2/sports/soccer/usa.1/scoreboard?dates=20190706,2026-10-02T09:31:47+00:00,scoreboard.events[533183].competitions[0],9d87cd99556fdc57
2019,2019-07-06,19:30,23:30,Columbus Crew,Seattle Sounders FC,CLB,SEA,533184,mls-2019-CLB-SEA-20190706,Regular Season,,Historic Crew Stadium,Columbus,"Columbus, Ohio",America/New_York,full_time,,https://site.api.espn.com/apis/site/v2/sports/soccer/usa.1/scoreboard?dates=20190706,https://site.api.espn.com/apis/site/v2/sports/soccer/usa.1/scoreboard?dates=20190706,2026-10-02T09:31:47+00:00,scoreboard.events[533184].competitions[0],9d87cd99556fdc57
2019,2019-07-06,19:30,23:30,FC Cincinnati,Houston Dynamo FC,CIN,HOU,533182,mls-2019-CIN-HOU-20190706,Regular Season,,Nippert Stadium,Cincinnati,"Cincinnati, Ohio",America/New_York,full_time,,https://site.api.espn.com/apis/site/v2/sports/soccer/usa.1/scoreboard?dates=20190706,https://site.api.espn.com/apis/site/v2/sports/soccer/usa.1/scoreboard?dates=20190706,2026-10-02T09:31:47+00:00,scoreboard.events[533182].competitions[0],9d87cd99556fdc57
2019,2019-07-06,19:30,00:30,Sporting Kansas City,Chicago Fire FC,SKC,CHI,533181,mls-2019-SKC-CHI-20190706,Regular Season,,Children's Mercy Park,Kansas City,"Kansas City, Kansas",America/Chicago,full_time,,https://site.api.espn.com/apis/site/v2/sports/soccer/usa.1/scoreboard?dates=20190706,https://site.api.espn.com/apis/site/v2/sports/soccer/usa.1/scoreboard?dates=20190706,2026-10-02T09:31:47+00:00,scoreboard.events[533181].competitions[0],9d87cd99556fdc57
2019,2019-07-06,19:30,02:30,LAFC,Vancouver Whitecaps,LAFC,VAN,533179,mls-2019-LAFC-VAN-20190706,Regular Season,,BMO Stadium,Los Angeles,"Los Angeles, California",America/Los_Angeles,full_time,,https://site.api.espn.com/apis/site/v2/sports/soccer/usa.1/scoreboard?dates=20190706,https://site.api.espn.com/apis/site/v2/sports/soccer/usa.1/scoreboard?dates=20190706,2026-10-02T09:31:47+00:00,scoreboard.events[533179].competitions[0],9d87cd99556fdc57
2019,2019-07-06,19:30,02:30,San Jose Earthquakes,Real Salt Lake,SJ,RSL,533180,mls-2019-SJ-RSL-20190706,Regular Season,,PayPal Park,San Jose,"San Jose, California",America/Los_Angeles,full_time,,https://site.api.espn.com/apis/site/v2/sports/soccer/usa.1/scoreboard?dates=20190706,https://site.api.espn.com/apis/site/v2/sports/soccer/usa.1/scoreboard?dates=20190706,2026-10-02T09:31:47+00:00,scoreboard.events[533180].competitions[0],9d87cd99556fdc57
2019,2019-07-07,14:00,18:00,Atlanta United FC,Red Bull New York,ATL,RBNY,533178,mls-2019-ATL-RBNY-20190707,Regular Season,,Mercedes-Benz Stadium,Atlanta,"Atlanta, Georgia",America/New_York,full_time,,https://site.api.espn.com/apis/site/v2/sports/soccer/usa.1/scoreboard?dates=20190707,https://site.api.espn.com/apis/site/v2/sports/soccer/usa.1/scoreboard?dates=20190707,2026-10-02T09:31:48+00:00,scoreboard.events[533178].competitions[0],ab0037fd94db0bf4
2019,2019-07-07,16:30,20:30,Philadelphia Union,Orlando City SC,PHI,ORL,533185,mls-2019-PHI-ORL-20190707,Regular Season,,Subaru Park,Chester,"Chester, Pennsylvania",America/New_York,full_time,,https://site.api.espn.com/apis/site/v2/sports/soccer/usa.1/scoreboard?dates=20190707,https://site.api.espn.com/apis/site/v2/sports/soccer/usa.1/scoreboard?dates=20190707,2026-10-02T09:31:48+00:00,scoreboard.events[533185].competitions[0],ab0037fd94db0bf4
2019,2019-07-07,18:30,22:30,New York City FC,Portland Timbers,NYC,POR,533177,mls-2019-NYC-POR-20190707,Regular Season,,Yankee Stadium,New York,New York City,America/New_York,full_time,,https://site.api.espn.com/apis/site/v2/sports/soccer/usa.1/scoreboard?dates=20190707,https://site.api.espn.com/apis/site/v2/sports/soccer/usa.1/scoreboard?dates=20190707,2026-10-02T09:31:48+00:00,scoreboard.events[533177].competitions[0],ab0037fd94db0bf4
2019,2019-07-12,19:00,23:00,D.C. United,New England Revolution,DC,NE,533176,mls-2019-DC-NE-20190712,Regular Season,,Audi Field,Washington,"Washington, District of Columbia",America/New_York,full_time,,https://site.api.espn.com/apis/site/v2/sports/soccer/usa.1/scoreboard?dates=20190712,https://site.api.espn.com/apis/site/v2/sports/soccer/usa.1/scoreboard?dates=20190712,2026-10-02T09:31:48+00:00,scoreboard.events[533176].competitions[0],c4bcd5227250d280
2019,2019-07-12,20:00,01:00,Houston Dynamo FC,LAFC,HOU,LAFC,533175,mls-2019-HOU-LAFC-20190712,Regular Season,,Shell Energy Stadium,Houston,"Houston, Texas",America/Chicago,full_time,,https://site.api.espn.com/apis/site/v2/sports/soccer/usa.1/scoreboard?dates=20190712,https://site.api.espn.com/apis/site/v2/sports/soccer/usa.1/scoreboard?dates=20190712,2026-10-02T09:31:48+00:00,scoreboard.events[533175].competitions[0],c4bcd5227250d280
2019,2019-07-12,20:00,03:00,LA Galaxy,San Jose Earthquakes,LA,SJ,533174,mls-2019-LA-SJ-20190712,Regular Season,,Dignity Health Sports Park,Carson,"Carson, California",America/Los_Angeles,full_time,,https://site.api.espn.com/apis/site/v2/sports/soccer/usa.1/scoreboard?dates=20190712,https://site.api.espn.com/apis/site/v2/sports/soccer/usa.1/scoreboard?dates=20190712,2026-10-02T09:31:48+00:00,scoreboard.events[533174].competitions[0],c4bcd5227250d280
2019,2019-07-13,19:30,23:30,CF Montréal,Toronto FC,MTL,TOR,533173,mls-2019-MTL-TOR-20190713,Regular Season,,Stade Saputo,Montreal,Montreal,America/Toronto,full_time,,https://site.api.espn.com/apis/site/v2/sports/soccer/usa.1/scoreboard?dates=20190713,https://site.api.espn.com/apis/site/v2/sports/soccer/usa.1/scoreboard?dates=20190713,2026-10-02T09:31:48+00:00,scoreboard.events[533173].competitions[0],4fd2cb02b721df97
2019,2019-07-13,19:30,23:30,Orlando City SC,Columbus Crew,ORL,CLB,533172,mls-2019-ORL-CLB-20190713,Regular Season,,Inter&Co Stadium,Orlando,"Orlando, Florida",America/New_York,full_time,,https://site.api.espn.com/apis/site/v2/sports/soccer/usa.1/scoreboard?dates=20190713,https://site.api.espn.com/apis/site/v2/sports/soccer/usa.1/scoreboard?dates=20190713,2026-10-02T09:31:48+00:00,scoreboard.events[533172].competitions[0],4fd2cb02b721df97
2019,2019-07-13,19:00,00:00,Chicago Fire FC,FC Cincinnati,CHI,CIN,533171,mls-2019-CHI-CIN-20190713,Regular Season,,SeatGeek Stadium,Bridgeview,"Bridgeview, Illinois",America/Chicago,full_time,,https://site.api.espn.com/apis/site/v2/sports/soccer/usa.1/scoreboard?dates=20190713,https://site.api.espn.com/apis/site/v2/sports/soccer/usa.1/scoreboard?dates=20190713,2026-10-02T09:31:48+00:00,scoreboard.events[533171].competitions[0],4fd2cb02b721df97
2019,2019-07-13,19:00,00:00,Minnesota United FC,FC Dallas,MIN,DAL,533170,mls-2019-MIN-DAL-20190713,Regular Season,,Allianz Field,Saint Paul,"Saint Paul, Minnesota",America/Chicago,full_time,,https://site.api.espn.com/apis/site/v2/sports/soccer/usa.1/scoreboard?dates=20190713,https://site.api.espn.com/apis/site/v2/sports/soccer/usa.1/scoreboard?dates=20190713,2026-10-02T09:31:48+00:00,scoreboard.events[533170].competitions[0],4fd2cb02b721df97
2019,2019-07-13,20:00,02:00,Real Salt Lake,Philadelphia Union,RSL,PHI,533169,mls-2019-RSL-PHI-20190713,Regular Season,,America First Field,Sandy,"Sandy, Utah",America/Denver,full_time,,https://site.api.espn.com/apis/site/v2/sports/soccer/usa.1/scoreboard?dates=20190713,https://site.api.espn.com/apis/site/v2/sports/soccer/usa.1/scoreboard?dates=20190713,2026-10-02T09:31:48+00:00,scoreboard.events[533169].competitions[0],4fd2cb02b721df97
2019,2019-07-13,19:00,02:00,Vancouver Whitecaps,Sporting Kansas City,VAN,SKC,533168,mls-2019-VAN-SKC-20190713,Regular Season,,BC Place,Vancouver,Vancouver,America/Vancouver,full_time,,https://site.api.espn.com/apis/site/v2/sports/soccer/usa.1/scoreboard?dates=20190713,https://site.api.espn.com/apis/site/v2/sports/soccer/usa.1/scoreboard?dates=20190713,2026-10-02T09:31:48+00:00,scoreboard.events[533168].competitions[0],4fd2cb02b721df97
2019,2019-07-13,20:00,03:00,Portland Timbers,Colorado Rapids,POR,COL,533167,mls-2019-POR-COL-20190713,Regular Season,,Providence Park,Portland,"Portland, Oregon",America/Los_Angeles,full_time,,https://site.api.espn.com/apis/site/v2/sports/soccer/usa.1/scoreboard?dates=20190713,https://site.api.espn.com/apis/site/v2/sports/soccer/usa.1/scoreboard?dates=20190713,2026-10-02T09:31:48+00:00,scoreboard.events[533167].competitions[0],4fd2cb02b721df97
2019,2019-07-14,12:55,19:55,Seattle Sounders FC,Atlanta United FC,SEA,ATL,533166,mls-2019-SEA-ATL-20190714,Regular Season,,Lumen Field,Seattle,"Seattle, Washington",America/Los_Angeles,full_time,,https://site.api.espn.com/apis/site/v2/sports/soccer/usa.1/scoreboard?dates=20190714,https://site.api.espn.com/apis/site/v2/sports/soccer/usa.1/scoreboard?dates=20190714,2026-10-02T09:31:48+00:00,scoreboard.events[533166].competitions[0],40148812f61b4793
2019,2019-07-14,18:30,22:30,Red Bull New York,New York City FC,RBNY,NYC,533165,mls-2019-RBNY-NYC-20190714,Regular Season,,Sports Illustrated Stadium,Harrison,"Harrison, New Jersey",America/New_York,full_time,,https://site.api.espn.com/apis/site/v2/sports/soccer/usa.1/scoreboard?dates=20190714,https://site.api.espn.com/apis/site/v2/sports/soccer/usa.1/scoreboard?dates=20190714,2026-10-02T09:31:48+00:00,scoreboard.events[533165].competitions[0],40148812f61b4793
2019,2019-07-17,19:00,23:00,Atlanta United FC,Houston Dynamo FC,ATL,HOU,533163,mls-2019-ATL-HOU-20190717,Regular Season,,Mercedes-Benz Stadium,Atlanta,"Atlanta, Georgia",America/New_York,full_time,,https://site.api.espn.com/apis/site/v2/sports/soccer/usa.1/scoreboard?dates=20190717,https://site.api.espn.com/apis/site/v2/sports/soccer/usa.1/scoreboard?dates=20190717,2026-10-02T09:31:49+00:00,scoreboard.events[533163].competitions[0],93d9c2a625f1b055
2019,2019-07-17,19:00,23:00,New England Revolution,Vancouver Whitecaps,NE,VAN,533164,mls-2019-NE-VAN-20190717,Regular Season,,Gillette Stadium,Foxborough,"Foxborough, Massachusetts",America/New_York,full_time,,https://site.api.espn.com/apis/site/v2/sports/soccer/usa.1/scoreboard?dates=20190717,https://site.api.espn.com/apis/site/v2/sports/soccer/usa.1/scoreboard?dates=20190717,2026-10-02T09:31:49+00:00,scoreboard.events[533164].competitions[0],93d9c2a625f1b055
2019,2019-07-17,19:00,00:00,Chicago Fire FC,Columbus Crew,CHI,CLB,533161,mls-2019-CHI-CLB-20190717,Regular Season,,SeatGeek Stadium,Bridgeview,"Bridgeview, Illinois",America/Chicago,full_time,,https://site.api.espn.com/apis/site/v2/sports/soccer/usa.1/scoreboard?dates=20190717,https://site.api.espn.com/apis/site/v2/sports/soccer/usa.1/scoreboard?dates=20190717,2026-10-02T09:31:49+00:00,scoreboard.events[533161].competitions[0],93d9c2a625f1b055
2019,2019-07-17,20:00,00:00,Toronto FC,Red Bull New York,TOR,RBNY,533162,mls-2019-TOR-RBNY-20190717,Regular Season,,BMO Field,Toronto,Toronto,America/Toronto,full_time,,https://site.api.espn.com/apis/site/v2/sports/soccer/usa.1/scoreboard?dates=20190717,https://site.api.espn.com/apis/site/v2/sports/soccer/usa.1/scoreboard?dates=20190717,2026-10-02T09:31:49+00:00,scoreboard.events[533162].competitions[0],93d9c2a625f1b055
2019,2019-07-18,20:00,00:00,FC Cincinnati,D.C. United,CIN,DC,533159,mls-2019-CIN-DC-20190718,Regular Season,,Nippert Stadium,Cincinnati,"Cincinnati, Ohio",America/New_York,full_time,,https://site.api.espn.com/apis/site/v2/sports/soccer/usa.1/scoreboard?dates=20190718,https://site.api.espn.com/apis/site/v2/sports/soccer/usa.1/scoreboard?dates=20190718,2026-10-02T09:31:49+00:00,scoreboard.events[533159].competitions[0],d12d8addf41b5ecc
2019,2019-07-18,19:00,02:00,Portland Timbers,Orlando City SC,POR,ORL,533158,mls-2019-POR-ORL-20190718,Regular Season,,Providence Park,Portland,"Portland, Oregon",America/Los_Angeles,full_time,,https://site.api.espn.com/apis/site/v2/sports/soccer/usa.1/scoreboard?dates=20190718,https://site.api.espn.com/apis/site/v2/sports/soccer/usa.1/scoreboard?dates=20190718,2026-10-02T09:31:49+00:00,scoreboard.events[533158].competitions[0],d12d8addf41b5ecc
2019,2019-07-19,19:00,02:00,LA Galaxy,LAFC,LA,LAFC,533157,mls-2019-LA-LAFC-20190719,Regular Season,,Dignity Health Sports Park,Carson,"Carson, California",America/Los_Angeles,full_time,,https://site.api.espn.com/apis/site/v2/sports/soccer/usa.1/scoreboard?dates=20190719,https://site.api.espn.com/apis/site/v2/sports/soccer/usa.1/scoreboard?dates=20190719,2026-10-02T09:31:49+00:00,scoreboard.events[533157].competitions[0],449ff26b1fe97210
2019,2019-07-20,19:30,23:30,Columbus Crew,CF Montréal,CLB,MTL,533156,mls-2019-CLB-MTL-20190720,Regular Season,,Historic Crew Stadium,Columbus,"Columbus, Ohio",America/New_York,full_time,,https://site.api.espn.com/apis/site/v2/sports/soccer/usa.1/scoreboard?dates=20190720,https://site.api.espn.com/apis/site/v2/sports/soccer/usa.1/scoreboard?dates=20190720,2026-10-02T09:31:49+00:00,scoreboard.events[533156].competitions[0],afaa472d1a6c9aeb
2019,2019-07-20,19:30,23:30,Philadelphia Union,Chicago Fire FC,PHI,CHI,533154,mls-2019-PHI-CHI-20190720,Regular Season,,Subaru Park,Chester,"Chester, Pennsylvania",America/New_York,full_time,,https://site.api.espn.com/apis/site/v2/sports/soccer/usa.1/scoreboard?dates=20190720,https://site.api.espn.com/apis/site/v2/sports/soccer/usa.1/scoreboard?dates=20190720,2026-10-02T09:31:49+00:00,scoreboard.events[533154].competitions[0],afaa472d1a6c9aeb
2019,2019-07-20,19:30,23:30,Toronto FC,Houston Dynamo FC,TOR,HOU,533155,mls-2019-TOR-HOU-20190720,Regular Season,,BMO Field,Toronto,Toronto,America/Toronto,full_time,,https://site.api.espn.com/apis/site/v2/sports/soccer/usa.1/scoreboard?dates=20190720,https://site.api.espn.com/apis/site/v2/sports/soccer/usa.1/scoreboard?dates=20190720,2026-10-02T09:31:49+00:00,scoreboard.events[533155].competitions[0],afaa472d1a6c9aeb
2019,2019-07-20,19:30,00:30,Sporting Kansas City,FC Dallas,SKC,DAL,533153,mls-2019-SKC-DAL-20190720,Regular Season,,Children's Mercy Park,Kansas City,"Kansas City, Kansas",America/Chicago,full_time,,https://site.api.espn.com/apis/site/v2/sports/soccer/usa.1/scoreboard?dates=20190720,https://site.api.espn.com/apis/site/v2/sports/soccer/usa.1/scoreboard?dates=20190720,2026-10-02T09:31:49+00:00,scoreboard.events[533153].competitions[0],afaa472d1a6c9aeb
2019,2019-07-20,19:38,01:38,Colorado Rapids,New York City FC,COL,NYC,533152,mls-2019-COL-NYC-20190720,Regular Season,,Dick's Sporting Goods Park,Commerce City,"Commerce City, Colorado",America/Denver,full_time,,https://site.api.espn.com/apis/site/v2/sports/soccer/usa.1/scoreboard?dates=20190720,https://site.api.espn.com/apis/site/v2/sports/soccer/usa.1/scoreboard?dates=20190720,2026-10-02T09:31:49+00:00,scoreboard.events[533152].competitions[0],afaa472d1a6c9aeb
2019,2019-07-20,20:00,02:00,Real Salt Lake,Minnesota United FC,RSL,MIN,533151,mls-2019-RSL-MIN-20190720,Regular Season,,America First Field,Sandy,"Sandy, Utah",America/Denver,full_time,,https://site.api.espn.com/apis/site/v2/sports/soccer/usa.1/scoreboard?dates=20190720,https://site.api.espn.com/apis/site/v2/sports/soccer/usa.1/scoreboard?dates=20190720,2026-10-02T09:31:49+00:00,scoreboard.events[533151].competitions[0],afaa472d1a6c9aeb
2019,2019-07-20,19:00,02:00,Vancouver Whitecaps,San Jose Earthquakes,VAN,SJ,533150,mls-2019-VAN-SJ-20190720,Regular Season,,BC Place,Vancouver,Vancouver,America/Vancouver,full_time,,https://site.api.espn.com/apis/site/v2/sports/soccer/usa.1/scoreboard?dates=20190720,https://site.api.espn.com/apis/site/v2/sports/soccer/usa.1/scoreboard?dates=20190720,2026-10-02T09:31:49+00:00,scoreboard.events[533150].competitions[0],afaa472d1a6c9aeb
2019,2019-07-21,16:00,20:00,Atlanta United FC,D.C. United,ATL,DC,533149,mls-2019-ATL-DC-20190721,Regular Season,,Mercedes-Benz Stadium,Atlanta,"Atlanta, Georgia",America/New_York,full_time,,https://site.api.espn.com/apis/site/v2/sports/soccer/usa.1/scoreboard?dates=20190721,https://site.api.espn.com/apis/site/v2/sports/soccer/usa.1/scoreboard?dates=20190721,2026-10-02T09:31:49+00:00,scoreboard.events[533149].competitions[0],1b77328bf2c3eae7
2019,2019-07-21,18:00,22:00,FC Cincinnati,New England Revolution,CIN,NE,533148,mls-2019-CIN-NE-20190721,Regular Season,,Nippert Stadium,Cincinnati,"Cincinnati, Ohio",America/New_York,full_time,,https://site.api.espn.com/apis/site/v2/sports/soccer/usa.1/scoreboard?dates=20190721,https://site.api.espn.com/apis/site/v2/sports/soccer/usa.1/scoreboard?dates=20190721,2026-10-02T09:31:49+00:00,scoreboard.events[533148].competitions[0],1b77328bf2c3eae7
2019,2019-07-21,19:30,23:30,Orlando City SC,Red Bull New York,ORL,RBNY,533147,mls-2019-ORL-RBNY-20190721,Regular Season,,Inter&Co Stadium,Orlando,"Orlando, Florida",America/New_York,full_time,,https://site.api.espn.com/apis/site/v2/sports/soccer/usa.1/scoreboard?dates=20190721,https://site.api.espn.com/apis/site/v2/sports/soccer/usa.1/scoreboard?dates=20190721,2026-10-02T09:31:49+00:00,scoreboard.events[533147].competitions[0],1b77328bf2c3eae7
2019,2019-07-21,18:30,01:30,Seattle Sounders FC,Portland Timbers,SEA,POR,533146,mls-2019-SEA-POR-20190721,Regular Season,,Lumen Field,Seattle,"Seattle, Washington",America/Los_Angeles,full_time,,https://site.api.espn.com/apis/site/v2/sports/soccer/usa.1/scoreboard?dates=20190721,https://site.api.espn.com/apis/site/v2/sports/soccer/usa.1/scoreboard?dates=20190721,2026-10-02T09:31:49+00:00,scoreboard.events[533146].competitions[0],1b77328bf2c3eae7
2019,2019-07-26,19:30,23:30,New York City FC,Sporting Kansas City,NYC,SKC,533145,mls-2019-NYC-SKC-20190726,Regular Season,,Yankee Stadium,New York,New York City,America/New_York,full_time,,https://site.api.espn.com/apis/site/v2/sports/soccer/usa.1/scoreboard?dates=20190726,https://site.api.espn.com/apis/site/v2/sports/soccer/usa.1/scoreboard?dates=20190726,2026-10-02T09:31:50+00:00,scoreboard.events[533145].competitions[0],f2a1fcd60fdf2a32
2019,2019-07-26,19:00,02:00,LAFC,Atlanta United FC,LAFC,ATL,533136,mls-2019-LAFC-ATL-20190726,Regular Season,,BMO Stadium,Los Angeles,"Los Angeles, California",America/Los_Angeles,full_time,,https://site.api.espn.com/apis/site/v2/sports/soccer/usa.1/scoreboard?dates=20190726,https://site.api.espn.com/apis/site/v2/sports/soccer/usa.1/scoreboard?dates=20190726,2026-10-02T09:31:50+00:00,scoreboard.events[533136].competitions[0],f2a1fcd60fdf2a32
2019,2019-07-27,19:00,23:00,New England Revolution,Orlando City SC,NE,ORL,533140,mls-2019-NE-ORL-20190727,Regular Season,,Gillette Stadium,Foxborough,"Foxborough, Massachusetts",America/New_York,full_time,,https://site.api.espn.com/apis/site/v2/sports/soccer/usa.1/scoreboard?dates=20190727,https://site.api.espn.com/apis/site/v2/sports/soccer/usa.1/scoreboard?dates=20190727,2026-10-02T09:31:51+00:00,scoreboard.events[533140].competitions[0],a89f16cedd748977
2019,2019-07-27,19:30,23:30,Red Bull New York,Columbus Crew,RBNY,CLB,533137,mls-2019-RBNY-CLB-20190727,Regular Season,,Sports Illustrated Stadium,Harrison,"Harrison, New Jersey",America/New_York,full_time,,https://site.api.espn.com/apis/site/v2/sports/soccer/usa.1/scoreboard?dates=20190727,https://site.api.espn.com/apis/site/v2/sports/soccer/usa.1/scoreboard?dates=20190727,2026-10-02T09:31:51+00:00,scoreboard.events[533137].competitions[0],a89f16cedd748977
2019,2019-07-27,20:00,00:00,CF Montréal,Philadelphia Union,MTL,PHI,533141,mls-2019-MTL-PHI-20190727,Regular Season,,Stade Saputo,Montreal,Montreal,America/Toronto,full_time,,https://site.api.espn.com/apis/site/v2/sports/soccer/usa.1/scoreboard?dates=20190727,https://site.api.espn.com/apis/site/v2/sports/soccer/usa.1/scoreboard?dates=20190727,2026-10-02T09:31:51+00:00,scoreboard.events[533141].competitions[0],a89f16cedd748977
2019,2019-07-27,19:00,00:00,Chicago Fire FC,D.C. United,CHI,DC,533138,mls-2019-CHI-DC-20190727,Regular Season,,SeatGeek Stadium,Bridgeview,"Bridgeview, Illinois",America/Chicago,full_time,,https://site.api.espn.com/apis/site/v2/sports/soccer/usa.1/scoreboard?dates=20190727,https://site.api.espn.com/apis/site/v2/sports/soccer/usa.1/scoreboard?dates=20190727,2026-10-02T09:31:51+00:00,scoreboard.events[533138].competitions[0],a89f16cedd748977
2019,2019-07-27,19:00,00:00,FC Dallas,Real Salt Lake,DAL,RSL,533142,mls-2019-DAL-RSL-20190727,Regular Season,,Toyota Stadium,Frisco,Toyota Stadium,America/Chicago,full_time,,https://site.api.espn.com/apis/site/v2/sports/soccer/usa.1/scoreboard?dates=20190727,https://site.api.espn.com/apis/site/v2/sports/soccer/usa.1/scoreboard?dates=20190727,2026-10-02T09:31:51+00:00,scoreboard.events[533142].competitions[0],a89f16cedd748977
2019,2019-07-27,19:00,00:00,Houston Dynamo FC,Seattle Sounders FC,HOU,SEA,533143,mls-2019-HOU-SEA-20190727,Regular Season,,Shell Energy Stadium,Houston,"Houston, Texas",America/Chicago,full_time,,https://site.api.espn.com/apis/site/v2/sports/soccer/usa.1/scoreboard?dates=20190727,https://site.api.espn.com/apis/site/v2/sports/soccer/usa.1/scoreboard?dates=20190727,2026-10-02T09:31:51+00:00,scoreboard.events[533143].competitions[0],a89f16cedd748977
2019,2019-07-27,19:00,00:00,Minnesota United FC,Vancouver Whitecaps,MIN,VAN,533144,mls-2019-MIN-VAN-20190727,Regular Season,,Allianz Field,Saint Paul,"Saint Paul, Minnesota",America/Chicago,full_time,,https://site.api.espn.com/apis/site/v2/sports/soccer/usa.1/scoreboard?dates=20190727,https://site.api.espn.com/apis/site/v2/sports/soccer/usa.1/scoreboard?dates=20190727,2026-10-02T09:31:51+00:00,scoreboard.events[533144].competitions[0],a89f16cedd748977
2019,2019-07-27,20:00,00:00,Toronto FC,FC Cincinnati,TOR,CIN,533139,mls-2019-TOR-CIN-20190727,Regular Season,,BMO Field,Toronto,Toronto,America/Toronto,full_time,,https://site.api.espn.com/apis/site/v2/sports/soccer/usa.1/scoreboard?dates=20190727,https://site.api.espn.com/apis/site/v2/sports/soccer/usa.1/scoreboard?dates=20190727,2026-10-02T09:31:51+00:00,scoreboard.events[533139].competitions[0],a89f16cedd748977
2019,2019-07-27,19:00,02:00,San Jose Earthquakes,Colorado Rapids,SJ,COL,533135,mls-2019-SJ-COL-20190727,Regular Season,,PayPal Park,San Jose,"San Jose, California",America/Los_Angeles,full_time,,https://site.api.espn.com/apis/site/v2/sports/soccer/usa.1/scoreboard?dates=20190727,https://site.api.espn.com/apis/site/v2/sports/soccer/usa.1/scoreboard?dates=20190727,2026-10-02T09:31:51+00:00,scoreboard.events[533135].competitions[0],a89f16cedd748977
2019,2019-07-27,19:30,02:30,Portland Timbers,LA Galaxy,POR,LA,533134,mls-2019-POR-LA-20190727,Regular Season,,Providence Park,Portland,"Portland, Oregon",America/Los_Angeles,full_time,,https://site.api.espn.com/apis/site/v2/sports/soccer/usa.1/scoreboard?dates=20190727,https://site.api.espn.com/apis/site/v2/sports/soccer/usa.1/scoreboard?dates=20190727,2026-10-02T09:31:51+00:00,scoreboard.events[533134].competitions[0],a89f16cedd748977
2019,2019-08-03,17:00,21:00,Atlanta United FC,LA Galaxy,ATL,LA,533133,mls-2019-ATL-LA-20190803,Regular Season,,Mercedes-Benz Stadium,Atlanta,"Atlanta, Georgia",America/New_York,full_time,,https://site.api.espn.com/apis/site/v2/sports/soccer/usa.1/scoreboard?dates=20190803,https://site.api.espn.com/apis/site/v2/sports/soccer/usa.1/scoreboard?dates=20190803,2026-10-02T09:31:52+00:00,scoreboard.events[533133].competitions[0],e363d460e60549a6
2019,2019-08-03,18:00,22:00,Red Bull New York,Toronto FC,RBNY,TOR,533132,mls-2019-RBNY-TOR-20190803,Regular Season,,Sports Illustrated Stadium,Harrison,"Harrison, New Jersey",America/New_York,full_time,,https://site.api.espn.com/apis/site/v2/sports/soccer/usa.1/scoreboard?dates=20190803,https://site.api.espn.com/apis/site/v2/sports/soccer/usa.1/scoreboard?dates=20190803,2026-10-02T09:31:52+00:00,scoreboard.events[533132].competitions[0],e363d460e60549a6
2019,2019-08-03,19:30,23:30,New England Revolution,LAFC,NE,LAFC,533130,mls-2019-NE-LAFC-20190803,Regular Season,,Gillette Stadium,Foxborough,"Foxborough, Massachusetts",America/New_York,full_time,,https://site.api.espn.com/apis/site/v2/sports/soccer/usa.1/scoreboard?dates=20190803,https://site.api.espn.com/apis/site/v2/sports/soccer/usa.1/scoreboard?dates=20190803,2026-10-02T09:31:52+00:00,scoreboard.events[533130].competitions[0],e363d460e60549a6
2019,2019-08-03,19:30,23:30,Orlando City SC,FC Dallas,ORL,DAL,533129,mls-2019-ORL-DAL-20190803,Regular Season,,Inter&Co Stadium,Orlando,"Orlando, Florida",America/New_York,full_time,,https://site.api.espn.com/apis/site/v2/sports/soccer/usa.1/scoreboard?dates=20190803,https://site.api.espn.com/apis/site/v2/sports/soccer/usa.1/scoreboard?dates=20190803,2026-10-02T09:31:52+00:00,scoreboard.events[533129].competitions[0],e363d460e60549a6
2019,2019-08-03,20:00,00:00,FC Cincinnati,Vancouver Whitecaps,CIN,VAN,533131,mls-2019-CIN-VAN-20190803,Regular Season,,Nippert Stadium,Cincinnati,"Cincinnati, Ohio",America/New_York,full_time,,https://site.api.espn.com/apis/site/v2/sports/soccer/usa.1/scoreboard?dates=20190803,https://site.api.espn.com/apis/site/v2/sports/soccer/usa.1/scoreboard?dates=20190803,2026-10-02T09:31:52+00:00,scoreboard.events[533131].competitions[0],e363d460e60549a6
2019,2019-08-03,19:00,01:00,Colorado Rapids,CF Montréal,COL,MTL,533127,mls-2019-COL-MTL-20190803,Regular Season,,Dick's Sporting Goods Park,Commerce City,"Commerce City, Colorado",America/Denver,full_time,,https://site.api.espn.com/apis/site/v2/sports/soccer/usa.1/scoreboard?dates=20190803,https://site.api.espn.com/apis/site/v2/sports/soccer/usa.1/scoreboard?dates=20190803,2026-10-02T09:31:52+00:00,scoreboard.events[533127].competitions[0],e363d460e60549a6
2019,2019-08-03,20:36,01:36,Houston Dynamo FC,Chicago Fire FC,HOU,CHI,533128,mls-2019-HOU-CHI-20190803,Regular Season,,Shell Energy Stadium,Houston,"Houston, Texas",America/Chicago,full_time,,https://site.api.espn.com/apis/site/v2/sports/soccer/usa.1/scoreboard?dates=20190803,https://site.api.espn.com/apis/site/v2/sports/soccer/usa.1/scoreboard?dates=20190803,2026-10-02T09:31:52+00:00,scoreboard.events[533128].competitions[0],e363d460e60549a6
2019,2019-08-03,20:00,02:00,Real Salt Lake,New York City FC,RSL,NYC,533126,mls-2019-RSL-NYC-20190803,Regular Season,,America First Field,Sandy,"Sandy, Utah",America/Denver,full_time,,https://site.api.espn.com/apis/site/v2/sports/soccer/usa.1/scoreboard?dates=20190803,https://site.api.espn.com/apis/site/v2/sports/soccer/usa.1/scoreboard?dates=20190803,2026-10-02T09:31:52+00:00,scoreboard.events[533126].competitions[0],e363d460e60549a6
2019,2019-08-03,19:00,02:00,San Jose Earthquakes,Columbus Crew,SJ,CLB,533125,mls-2019-SJ-CLB-20190803,Regular Season,,PayPal Park,San Jose,"San Jose, California",America/Los_Angeles,full_time,,https://site.api.espn.com/apis/site/v2/sports/soccer/usa.1/scoreboard?dates=20190803,https://site.api.espn.com/apis/site/v2/sports/soccer/usa.1/scoreboard?dates=20190803,2026-10-02T09:31:52+00:00,scoreboard.events[533125].competitions[0],e363d460e60549a6
2019,2019-08-04,15:00,20:00,Minnesota United FC,Portland Timbers,MIN,POR,533124,mls-2019-MIN-POR-20190804,Regular Season,,Allianz Field,Saint Paul,"Saint Paul, Minnesota",America/Chicago,full_time,,https://site.api.espn.com/apis/site/v2/sports/soccer/usa.1/scoreboard?dates=20190804,https://site.api.espn.com/apis/site/v2/sports/soccer/usa.1/scoreboard?dates=20190804,2026-10-02T09:31:52+00:00,scoreboard.events[533124].competitions[0],8fb50c2851260485
2019,2019-08-04,19:30,23:30,D.C. United,Philadelphia Union,DC,PHI,533123,mls-2019-DC-PHI-20190804,Regular Season,,Audi Field,Washington,"Washington, District of Columbia",America/New_York,full_time,,https://site.api.espn.com/apis/site/v2/sports/soccer/usa.1/scoreboard?dates=20190804,https://site.api.espn.com/apis/site/v2/sports/soccer/usa.1/scoreboard?dates=20190804,2026-10-02T09:31:52+00:00,scoreboard.events[533123].competitions[0],8fb50c2851260485
2019,2019-08-04,19:00,02:00,Seattle Sounders FC,Sporting Kansas City,SEA,SKC,533122,mls-2019-SEA-SKC-20190804,Regular Season,,Lumen Field,Seattle,"Seattle, Washington",America/Los_Angeles,full_time,,https://site.api.espn.com/apis/site/v2/sports/soccer/usa.1/scoreboard?dates=20190804,https://site.api.espn.com/apis/site/v2/sports/soccer/usa.1/scoreboard?dates=20190804,2026-10-02T09:31:52+00:00,scoreboard.events[533122].competitions[0],8fb50c2851260485
2019,2019-08-08,19:00,23:00,New York City FC,Houston Dynamo FC,NYC,HOU,533121,mls-2019-NYC-HOU-20190808,Regular Season,,Yankee Stadium,New York,New York City,America/New_York,full_time,,https://site.api.espn.com/apis/site/v2/sports/soccer/usa.1/scoreboard?dates=20190808,https://site.api.espn.com/apis/site/v2/sports/soccer/usa.1/scoreboard?dates=20190808,2026-10-02T09:31:53+00:00,scoreboard.events[533121].competitions[0],d4976185511b00c9
2019,2019-08-10,13:00,20:00,Seattle Sounders FC,New England Revolution,SEA,NE,533120,mls-2019-SEA-NE-20190810,Regular Season,,Lumen Field,Seattle,"Seattle, Washington",America/Los_Angeles,full_time,,https://site.api.espn.com/apis/site/v2/sports/soccer/usa.1/scoreboard?dates=20190810,https://site.api.espn.com/apis/site/v2/sports/soccer/usa.1/scoreboard?dates=20190810,2026-10-02T09:31:53+00:00,scoreboard.events[533120].competitions[0],4a82c50af4f2c04d
2019,2019-08-10,19:30,23:30,Columbus Crew,FC Cincinnati,CLB,CIN,533118,mls-2019-CLB-CIN-20190810,Regular Season,,Historic Crew Stadium,Columbus,"Columbus, Ohio",America/New_York,full_time,,https://site.api.espn.com/apis/site/v2/sports/soccer/usa.1/scoreboard?dates=20190810,https://site.api.espn.com/apis/site/v2/sports/soccer/usa.1/scoreboard?dates=20190810,2026-10-02T09:31:53+00:00,scoreboard.events[533118].competitions[0],4a82c50af4f2c04d
2019,2019-08-10,19:30,23:30,Toronto FC,Orlando City SC,TOR,ORL,533119,mls-2019-TOR-ORL-20190810,Regular Season,,BMO Field,Toronto,Toronto,America/Toronto,full_time,,https://site.api.espn.com/apis/site/v2/sports/soccer/usa.1/scoreboard?dates=20190810,https://site.api.espn.com/apis/site/v2/sports/soccer/usa.1/scoreboard?dates=20190810,2026-10-02T09:31:53+00:00,scoreboard.events[533119].competitions[0],4a82c50af4f2c04d
2019,2019-08-10,19:00,00:00,FC Dallas,Minnesota United FC,DAL,MIN,533117,mls-2019-DAL-MIN-20190810,Regular Season,,Toyota Stadium,Frisco,Toyota Stadium,America/Chicago,full_time,,https://site.api.espn.com/apis/site/v2/sports/soccer/usa.1/scoreboard?dates=20190810,https://site.api.espn.com/apis/site/v2/sports/soccer/usa.1/scoreboard?dates=20190810,2026-10-02T09:31:53+00:00,scoreboard.events[533117].competitions[0],4a82c50af4f2c04d
2019,2019-08-10,19:30,00:30,Sporting Kansas City,Real Salt Lake,SKC,RSL,533116,mls-2019-SKC-RSL-20190810,Regular Season,,Children's Mercy Park,Kansas City,"Kansas City, Kansas",America/Chicago,full_time,,https://site.api.espn.com/apis/site/v2/sports/soccer/usa.1/scoreboard?dates=20190810,https://site.api.espn.com/apis/site/v2/sports/soccer/usa.1/scoreboard?dates=20190810,2026-10-02T09:31:53+00:00,scoreboard.events[533116].competitions[0],4a82c50af4f2c04d
2019,2019-08-10,20:00,01:00,Chicago Fire FC,CF Montréal,CHI,MTL,533114,mls-2019-CHI-MTL-20190810,Regular Season,,SeatGeek Stadium,Bridgeview,"Bridgeview, Illinois",America/Chicago,full_time,,https://site.api.espn.com/apis/site/v2/sports/soccer/usa.1/scoreboard?dates=20190810,https://site.api.espn.com/apis/site/v2/sports/soccer/usa.1/scoreboard?dates=20190810,2026-10-02T09:31:53+00:00,scoreboard.events[533114].competitions[0],4a82c50af4f2c04d
2019,2019-08-10,19:00,01:00,Colorado Rapids,San Jose Earthquakes,COL,SJ,533115,mls-2019-COL-SJ-20190810,Regular Season,,Dick's Sporting Goods Park,Commerce City,"Commerce City, Colorado",America/Denver,full_time,,https://site.api.espn.com/apis/site/v2/sports/soccer/usa.1/scoreboard?dates=20190810,https://site.api.espn.com/apis/site/v2/sports/soccer/usa.1/scoreboard?dates=20190810,2026-10-02T09:31:53+00:00,scoreboard.events[533115].competitions[0],4a82c50af4f2c04d
2019,2019-08-10,20:00,03:00,Portland Timbers,Vancouver Whitecaps,POR,VAN,533113,mls-2019-POR-VAN-20190810,Regular Season,,Providence Park,Portland,"Portland, Oregon",America/Los_Angeles,full_time,,https://site.api.espn.com/apis/site/v2/sports/soccer/usa.1/scoreboard?dates=20190810,https://site.api.espn.com/apis/site/v2/sports/soccer/usa.1/scoreboard?dates=20190810,2026-10-02T09:31:53+00:00,scoreboard.events[533113].competitions[0],4a82c50af4f2c04d
2019,2019-08-11,15:55,19:55,Atlanta United FC,New York City FC,ATL,NYC,533112,mls-2019-ATL-NYC-20190811,Regular Season,,Mercedes-Benz Stadium,Atlanta,"Atlanta, Georgia",America/New_York,full_time,,https://site.api.espn.com/apis/site/v2/sports/soccer/usa.1/scoreboard?dates=20190811,https://site.api.espn.com/apis/site/v2/sports/soccer/usa.1/scoreboard?dates=20190811,2026-10-02T09:31:53+00:00,scoreboard.events[533112].competitions[0],aaefdd0a7e7e8dcb
2019,2019-08-11,18:00,22:00,Philadelphia Union,Houston Dynamo FC,PHI,HOU,533111,mls-2019-PHI-HOU-20190811,Regular Season,,Subaru Park,Chester,"Chester, Pennsylvania",America/New_York,full_time,,https://site.api.espn.com/apis/site/v2/sports/soccer/usa.1/scoreboard?dates=20190811,https://site.api.espn.com/apis/site/v2/sports/soccer/usa.1/scoreboard?dates=20190811,2026-10-02T09:31:53+00:00,scoreboard.events[533111].competitions[0],aaefdd0a7e7e8dcb
2019,2019-08-11,19:30,23:30,D.C. United,LA Galaxy,DC,LA,533110,mls-2019-DC-LA-20190811,Regular Season,,Audi Field,Washington,"Washington, District of Columbia",America/New_York,full_time,,https://site.api.espn.com/apis/site/v2/sports/soccer/usa.1/scoreboard?dates=20190811,https://site.api.espn.com/apis/site/v2/sports/soccer/usa.1/scoreboard?dates=20190811,2026-10-02T09:31:53+00:00,scoreboard.events[533110].competitions[0],aaefdd0a7e7e8dcb
2019,2019-08-11,19:00,02:00,LAFC,Red Bull New York,LAFC,RBNY,533109,mls-2019-LAFC-RBNY-20190811,Regular Season,,BMO Stadium,Los Angeles,"Los Angeles, California",America/Los_Angeles,full_time,,https://site.api.espn.com/apis/site/v2/sports/soccer/usa.1/scoreboard?dates=20190811,https://site.api.espn.com/apis/site/v2/sports/soccer/usa.1/scoreboard?dates=20190811,2026-10-02T09:31:53+00:00,scoreboard.events[533109].competitions[0],aaefdd0a7e7e8dcb
2019,2019-08-14,19:30,23:30,Orlando City SC,Sporting Kansas City,ORL,SKC,533108,mls-2019-ORL-SKC-20190814,Regular Season,,Inter&Co Stadium,Orlando,"Orlando, Florida",America/New_York,full_time,,https://site.api.espn.com/apis/site/v2/sports/soccer/usa.1/scoreboard?dates=20190814,https://site.api.espn.com/apis/site/v2/sports/soccer/usa.1/scoreboard?dates=20190814,2026-10-02T09:31:53+00:00,scoreboard.events[533108].competitions[0],53c04a6b43db3d4c
2019,2019-08-14,19:00,00:00,Minnesota United FC,Colorado Rapids,MIN,COL,533107,mls-2019-MIN-COL-20190814,Regular Season,,Allianz Field,Saint Paul,"Saint Paul, Minnesota",America/Chicago,full_time,,https://site.api.espn.com/apis/site/v2/sports/soccer/usa.1/scoreboard?dates=20190814,https://site.api.espn.com/apis/site/v2/sports/soccer/usa.1/scoreboard?dates=20190814,2026-10-02T09:31:53+00:00,scoreboard.events[533107].competitions[0],53c04a6b43db3d4c
2019,2019-08-14,20:00,02:00,Real Salt Lake,Seattle Sounders FC,RSL,SEA,533106,mls-2019-RSL-SEA-20190814,Regular Season,,America First Field,Sandy,"Sandy, Utah",America/Denver,full_time,,https://site.api.espn.com/apis/site/v2/sports/soccer/usa.1/scoreboard?dates=20190814,https://site.api.espn.com/apis/site/v2/sports/soccer/usa.1/scoreboard?dates=20190814,2026-10-02T09:31:53+00:00,scoreboard.events[533106].competitions[0],53c04a6b43db3d4c
2019,2019-08-14,19:30,02:30,LA Galaxy,FC Dallas,LA,DAL,533105,mls-2019-LA-DAL-20190814,Regular Season,,Dignity Health Sports Park,Carson,"Carson, California",America/Los_Angeles,full_time,,https://site.api.espn.com/apis/site/v2/sports/soccer/usa.1/scoreboard?dates=20190814,https://site.api.espn.com/apis/site/v2/sports/soccer/usa.1/scoreboard?dates=20190814,2026-10-02T09:31:53+00:00,scoreboard.events[533105].competitions[0],53c04a6b43db3d4c
2019,2019-08-14,20:00,03:00,Portland Timbers,Chicago Fire FC,POR,CHI,533104,mls-2019-POR-CHI-20190814,Regular Season,,Providence Park,Portland,"Portland, Oregon",America/Los_Angeles,full_time,,https://site.api.espn.com/apis/site/v2/sports/soccer/usa.1/scoreboard?dates=20190814,https://site.api.espn.com/apis/site/v2/sports/soccer/usa.1/scoreboard?dates=20190814,2026-10-02T09:31:53+00:00,scoreboard.events[533104].competitions[0],53c04a6b43db3d4c
2019,2019-08-17,19:00,23:00,Red Bull New York,New England Revolution,RBNY,NE,533103,mls-2019-RBNY-NE-20190817,Regular Season,,Sports Illustrated Stadium,Harrison,"Harrison, New Jersey",America/New_York,full_time,,https://site.api.espn.com/apis/site/v2/sports/soccer/usa.1/scoreboard?dates=20190817,https://site.api.espn.com/apis/site/v2/sports/soccer/usa.1/scoreboard?dates=20190817,2026-10-02T09:31:54+00:00,scoreboard.events[533103].competitions[0],68f0b343a9a6e728
2019,2019-08-17,19:30,23:30,CF Montréal,FC Dallas,MTL,DAL,533100,mls-2019-MTL-DAL-20190817,Regular Season,,Stade Saputo,Montreal,Montreal,America/Toronto,full_time,,https://site.api.espn.com/apis/site/v2/sports/soccer/usa.1/scoreboard?dates=20190817,https://site.api.espn.com/apis/site/v2/sports/soccer/usa.1/scoreboard?dates=20190817,2026-10-02T09:31:54+00:00,scoreboard.events[533100].competitions[0],68f0b343a9a6e728
2019,2019-08-17,19:30,23:30,Columbus Crew,Toronto FC,CLB,TOR,533102,mls-2019-CLB-TOR-20190817,Regular Season,,Historic Crew Stadium,Columbus,"Columbus, Ohio",America/New_York,full_time,,https://site.api.espn.com/apis/site/v2/sports/soccer/usa.1/scoreboard?dates=20190817,https://site.api.espn.com/apis/site/v2/sports/soccer/usa.1/scoreboard?dates=20190817,2026-10-02T09:31:54+00:00,scoreboard.events[533102].competitions[0],68f0b343a9a6e728
2019,2019-08-17,19:30,23:30,FC Cincinnati,New York City FC,CIN,NYC,533101,mls-2019-CIN-NYC-20190817,Regular Season,,Nippert Stadium,Cincinnati,"Cincinnati, Ohio",America/New_York,full_time,,https://site.api.espn.com/apis/site/v2/sports/soccer/usa.1/scoreboard?dates=20190817,https://site.api.espn.com/apis/site/v2/sports/soccer/usa.1/scoreboard?dates=20190817,2026-10-02T09:31:54+00:00,scoreboard.events[533101].competitions[0],68f0b343a9a6e728
2019,2019-08-17,19:00,00:00,Chicago Fire FC,Philadelphia Union,CHI,PHI,533099,mls-2019-CHI-PHI-20190817,Regular Season,,SeatGeek Stadium,Bridgeview,"Bridgeview, Illinois",America/Chicago,full_time,,https://site.api.espn.com/apis/site/v2/sports/soccer/usa.1/scoreboard?dates=20190817,https://site.api.espn.com/apis/site/v2/sports/soccer/usa.1/scoreboard?dates=20190817,2026-10-02T09:31:54+00:00,scoreboard.events[533099].competitions[0],68f0b343a9a6e728
2019,2019-08-17,19:00,00:00,Minnesota United FC,Orlando City SC,MIN,ORL,533098,mls-2019-MIN-ORL-20190817,Regular Season,,Allianz Field,Saint Paul,"Saint Paul, Minnesota",America/Chicago,full_time,,https://site.api.espn.com/apis/site/v2/sports/soccer/usa.1/scoreboard?dates=20190817,https://site.api.espn.com/apis/site/v2/sports/soccer/usa.1/scoreboard?dates=20190817,2026-10-02T09:31:54+00:00,scoreboard.events[533098].competitions[0],68f0b343a9a6e728
2019,2019-08-17,19:30,00:30,Sporting Kansas City,San Jose Earthquakes,SKC,SJ,533097,mls-2019-SKC-SJ-20190817,Regular Season,,Children's Mercy Park,Kansas City,"Kansas City, Kansas",America/Chicago,full_time,,https://site.api.espn.com/apis/site/v2/sports/soccer/usa.1/scoreboard?dates=20190817,https://site.api.espn.com/apis/site/v2/sports/soccer/usa.1/scoreboard?dates=20190817,2026-10-02T09:31:54+00:00,scoreboard.events[533097].competitions[0],68f0b343a9a6e728
2019,2019-08-17,20:00,01:00,Houston Dynamo FC,Colorado Rapids,HOU,COL,533096,mls-2019-HOU-COL-20190817,Regular Season,,Shell Energy Stadium,Houston,"Houston, Texas",America/Chicago,full_time,,https://site.api.espn.com/apis/site/v2/sports/soccer/usa.1/scoreboard?dates=20190817,https://site.api.espn.com/apis/site/v2/sports/soccer/usa.1/scoreboard?dates=20190817,2026-10-02T09:31:54+00:00,scoreboard.events[533096].competitions[0],68f0b343a9a6e728
2019,2019-08-17,19:00,02:00,LA Galaxy,Seattle Sounders FC,LA,SEA,533095,mls-2019-LA-SEA-20190817,Regular Season,,Dignity Health Sports Park,Carson,"Carson, California",America/Los_Angeles,full_time,,https://site.api.espn.com/apis/site/v2/sports/soccer/usa.1/scoreboard?dates=20190817,https://site.api.espn.com/apis/site/v2/sports/soccer/usa.1/scoreboard?dates=20190817,2026-10-02T09:31:54+00:00,scoreboard.events[533095].competitions[0],68f0b343a9a6e728
2019,2019-08-17,20:00,02:00,Real Salt Lake,LAFC,RSL,LAFC,533094,mls-2019-RSL-LAFC-20190817,Regular Season,,America First Field,Sandy,"Sandy, Utah",America/Denver,full_time,,https://site.api.espn.com/apis/site/v2/sports/soccer/usa.1/scoreboard?dates=20190817,https://site.api.espn.com/apis/site/v2/sports/soccer/usa.1/scoreboard?dates=20190817,2026-10-02T09:31:54+00:00,scoreboard.events[533094].competitions[0],68f0b343a9a6e728
2019,2019-08-17,19:00,02:00,Vancouver Whitecaps,D.C. United,VAN,DC,533093,mls-2019-VAN-DC-20190817,Regular Season,,BC Place,Vancouver,Vancouver,America/Vancouver,full_time,,https://site.api.espn.com/apis/site/v2/sports/soccer/usa.1/scoreboard?dates=20190817,https://site.api.espn.com/apis/site/v2/sports/soccer/usa.1/scoreboard?dates=20190817,2026-10-02T09:31:54+00:00,scoreboard.events[533093].competitions[0],68f0b343a9a6e728
2019,2019-08-18,19:00,02:00,Portland Timbers,Atlanta United FC,POR,ATL,533092,mls-2019-POR-ATL-20190818,Regular Season,,Providence Park,Portland,"Portland, Oregon",America/Los_Angeles,full_time,,https://site.api.espn.com/apis/site/v2/sports/soccer/usa.1/scoreboard?dates=20190818,https://site.api.espn.com/apis/site/v2/sports/soccer/usa.1/scoreboard?dates=20190818,2026-10-02T09:31:54+00:00,scoreboard.events[533092].competitions[0],2039bc77c3a8c302
2019,2019-08-21,19:00,23:00,New York City FC,Columbus Crew,NYC,CLB,533091,mls-2019-NYC-CLB-20190821,Regular Season,,Yankee Stadium,New York,New York City,America/New_York,full_time,,https://site.api.espn.com/apis/site/v2/sports/soccer/usa.1/scoreboard?dates=20190821,https://site.api.espn.com/apis/site/v2/sports/soccer/usa.1/scoreboard?dates=20190821,2026-10-02T09:31:54+00:00,scoreboard.events[533091].competitions[0],0cc5764180eed1f0
2019,2019-08-21,20:00,00:00,D.C. United,Red Bull New York,DC,RBNY,533090,mls-2019-DC-RBNY-20190821,Regular Season,,Audi Field,Washington,"Washington, District of Columbia",America/New_York,full_time,,https://site.api.espn.com/apis/site/v2/sports/soccer/usa.1/scoreboard?dates=20190821,https://site.api.espn.com/apis/site/v2/sports/soccer/usa.1/scoreboard?dates=20190821,2026-10-02T09:31:54+00:00,scoreboard.events[533090].competitions[0],0cc5764180eed1f0
2019,2019-08-21,19:30,02:30,LAFC,San Jose Earthquakes,LAFC,SJ,533089,mls-2019-LAFC-SJ-20190821,Regular Season,,BMO Stadium,Los Angeles,"Los Angeles, California",America/Los_Angeles,full_time,,https://site.api.espn.com/apis/site/v2/sports/soccer/usa.1/scoreboard?dates=20190821,https://site.api.espn.com/apis/site/v2/sports/soccer/usa.1/scoreboard?dates=20190821,2026-10-02T09:31:54+00:00,scoreboard.events[533089].competitions[0],0cc5764180eed1f0
2019,2019-08-22,20:30,01:30,Sporting Kansas City,Minnesota United FC,SKC,MIN,533088,mls-2019-SKC-MIN-20190822,Regular Season,,Children's Mercy Park,Kansas City,"Kansas City, Kansas",America/Chicago,full_time,,https://site.api.espn.com/apis/site/v2/sports/soccer/usa.1/scoreboard?dates=20190822,https://site.api.espn.com/apis/site/v2/sports/soccer/usa.1/scoreboard?dates=20190822,2026-10-02T09:31:55+00:00,scoreboard.events[533088].competitions[0],4e1d40f69fa9f6e2
2019,2019-08-23,20:00,00:00,Orlando City SC,Atlanta United FC,ORL,ATL,533087,mls-2019-ORL-ATL-20190823,Regular Season,,Inter&Co Stadium,Orlando,"Orlando, Florida",America/New_York,full_time,,https://site.api.espn.com/apis/site/v2/sports/soccer/usa.1/scoreboard?dates=20190823,https://site.api.espn.com/apis/site/v2/sports/soccer/usa.1/scoreboard?dates=20190823,2026-10-02T09:31:55+00:00,scoreboard.events[533087].competitions[0],40c134e76a251d8a
2019,2019-08-23,19:00,02:00,Portland Timbers,Seattle Sounders FC,POR,SEA,533086,mls-2019-POR-SEA-20190823,Regular Season,,Providence Park,Portland,"Portland, Oregon",America/Los_Angeles,full_time,,https://site.api.espn.com/apis/site/v2/sports/soccer/usa.1/scoreboard?dates=20190823,https://site.api.espn.com/apis/site/v2/sports/soccer/usa.1/scoreboard?dates=20190823,2026-10-02T09:31:55+00:00,scoreboard.events[533086].competitions[0],40c134e76a251d8a
2019,2019-08-24,19:00,23:00,New York City FC,Red Bull New York,NYC,RBNY,533085,mls-2019-NYC-RBNY-20190824,Regular Season,,Yankee Stadium,New York,New York City,America/New_York,full_time,,https://site.api.espn.com/apis/site/v2/sports/soccer/usa.1/scoreboard?dates=20190824,https://site.api.espn.com/apis/site/v2/sports/soccer/usa.1/scoreboard?dates=20190824,2026-10-02T09:31:55+00:00,scoreboard.events[533085].competitions[0],a29e98ad95478fa7
2019,2019-08-24,19:30,23:30,New England Revolution,Chicago Fire FC,NE,CHI,533082,mls-2019-NE-CHI-20190824,Regular Season,,Gillette Stadium,Foxborough,"Foxborough, Massachusetts",America/New_York,full_time,,https://site.api.espn.com/apis/site/v2/sports/soccer/usa.1/scoreboard?dates=20190824,https://site.api.espn.com/apis/site/v2/sports/soccer/usa.1/scoreboard?dates=20190824,2026-10-02T09:31:55+00:00,scoreboard.events[533082].competitions[0],a29e98ad95478fa7
2019,2019-08-24,19:30,23:30,Philadelphia Union,D.C. United,PHI,DC,533083,mls-2019-PHI-DC-20190824,Regular Season,,Subaru Park,Chester,"Chester, Pennsylvania",America/New_York,full_time,,https://site.api.espn.com/apis/site/v2/sports/soccer/usa.1/scoreboard?dates=20190824,https://site.api.espn.com/apis/site/v2/sports/soccer/usa.1/scoreboard?dates=20190824,2026-10-02T09:31:55+00:00,scoreboard.events[533083].competitions[0],a29e98ad95478fa7
2019,2019-08-24,19:30,23:30,Toronto FC,CF Montréal,TOR,MTL,533084,mls-2019-TOR-MTL-20190824,Regular Season,,BMO Field,Toronto,Toronto,America/Toronto,full_time,,https://site.api.espn.com/apis/site/v2/sports/soccer/usa.1/scoreboard?dates=20190824,https://site.api.espn.com/apis/site/v2/sports/soccer/usa.1/scoreboard?dates=20190824,2026-10-02T09:31:55+00:00,scoreboard.events[533084].competitions[0],a29e98ad95478fa7
2019,2019-08-24,20:00,02:00,Real Salt Lake,Colorado Rapids,RSL,COL,533079,mls-2019-RSL-COL-20190824,Regular Season,,America First Field,Sandy,"Sandy, Utah",America/Denver,full_time,,https://site.api.espn.com/apis/site/v2/sports/soccer/usa.1/scoreboard?dates=20190824,https://site.api.espn.com/apis/site/v2/sports/soccer/usa.1/scoreboard?dates=20190824,2026-10-02T09:31:55+00:00,scoreboard.events[533079].competitions[0],a29e98ad95478fa7
2019,2019-08-24,19:00,02:00,San Jose Earthquakes,Vancouver Whitecaps,SJ,VAN,533080,mls-2019-SJ-VAN-20190824,Regular Season,,PayPal Park,San Jose,"San Jose, California",America/Los_Angeles,full_time,,https://site.api.espn.com/apis/site/v2/sports/soccer/usa.1/scoreboard?dates=20190824,https://site.api.espn.com/apis/site/v2/sports/soccer/usa.1/scoreboard?dates=20190824,2026-10-02T09:31:55+00:00,scoreboard.events[533080].competitions[0],a29e98ad95478fa7
2019,2019-08-25,18:00,22:00,FC Cincinnati,Columbus Crew,CIN,CLB,533078,mls-2019-CIN-CLB-20190825,Regular Season,,Nippert Stadium,Cincinnati,"Cincinnati, Ohio",America/New_York,full_time,,https://site.api.espn.com/apis/site/v2/sports/soccer/usa.1/scoreboard?dates=20190825,https://site.api.espn.com/apis/site/v2/sports/soccer/usa.1/scoreboard?dates=20190825,2026-10-02T09:31:55+00:00,scoreboard.events[533078].competitions[0],b4e9e932bc76b3eb
2019,2019-08-25,19:00,00:00,FC Dallas,Houston Dynamo FC,DAL,HOU,533081,mls-2019-DAL-HOU-20190825,Regular Season,,Toyota Stadium,Frisco,Toyota Stadium,America/Chicago,full_time,,https://site.api.espn.com/apis/site/v2/sports/soccer/usa.1/scoreboard?dates=20190825,https://site.api.espn.com/apis/site/v2/sports/soccer/usa.1/scoreboard?dates=20190825,2026-10-02T09:31:55+00:00,scoreboard.events[533081].competitions[0],b4e9e932bc76b3eb
2019,2019-08-25,19:30,02:30,LAFC,LA Galaxy,LAFC,LA,533077,mls-2019-LAFC-LA-20190825,Regular Season,,BMO Stadium,Los Angeles,"Los Angeles, California",America/Los_Angeles,full_time,,https://site.api.espn.com/apis/site/v2/sports/soccer/usa.1/scoreboard?dates=20190825,https://site.api.espn.com/apis/site/v2/sports/soccer/usa.1/scoreboard?dates=20190825,2026-10-02T09:31:55+00:00,scoreboard.events[533077].competitions[0],b4e9e932bc76b3eb
2019,2019-08-28,20:00,00:00,CF Montréal,Vancouver Whitecaps,MTL,VAN,533076,mls-2019-MTL-VAN-20190828,Regular Season,,Stade Saputo,Montreal,Montreal,America/Toronto,full_time,,https://site.api.espn.com/apis/site/v2/sports/soccer/usa.1/scoreboard?dates=20190828,https://site.api.espn.com/apis/site/v2/sports/soccer/usa.1/scoreboard?dates=20190828,2026-10-02T09:31:55+00:00,scoreboard.events[533076].competitions[0],f84c93917d39bb0f
2019,2019-08-31,19:00,23:00,Red Bull New York,Colorado Rapids,RBNY,COL,533075,mls-2019-RBNY-COL-20190831,Regular Season,,Sports Illustrated Stadium,Harrison,"Harrison, New Jersey",America/New_York,full_time,,https://site.api.espn.com/apis/site/v2/sports/soccer/usa.1/scoreboard?dates=20190831,https://site.api.espn.com/apis/site/v2/sports/soccer/usa.1/scoreboard?dates=20190831,2026-10-02T09:31:56+00:00,scoreboard.events[533075].competitions[0],1c593d998f5302fc
2019,2019-08-31,19:30,23:30,CF Montréal,D.C. United,MTL,DC,533072,mls-2019-MTL-DC-20190831,Regular Season,,Stade Saputo,Montreal,Montreal,America/Toronto,full_time,,https://site.api.espn.com/apis/site/v2/sports/soccer/usa.1/scoreboard?dates=20190831,https://site.api.espn.com/apis/site/v2/sports/soccer/usa.1/scoreboard?dates=20190831,2026-10-02T09:31:56+00:00,scoreboard.events[533072].competitions[0],1c593d998f5302fc
2019,2019-08-31,19:30,23:30,Columbus Crew,Chicago Fire FC,CLB,CHI,533071,mls-2019-CLB-CHI-20190831,Regular Season,,Historic Crew Stadium,Columbus,"Columbus, Ohio",America/New_York,full_time,,https://site.api.espn.com/apis/site/v2/sports/soccer/usa.1/scoreboard?dates=20190831,https://site.api.espn.com/apis/site/v2/sports/soccer/usa.1/scoreboard?dates=20190831,2026-10-02T09:31:56+00:00,scoreboard.events[533071].competitions[0],1c593d998f5302fc
2019,2019-08-31,19:30,23:30,New England Revolution,Toronto FC,NE,TOR,533074,mls-2019-NE-TOR-20190831,Regular Season,,Gillette Stadium,Foxborough,"Foxborough, Massachusetts",America/New_York,full_time,,https://site.api.espn.com/apis/site/v2/sports/soccer/usa.1/scoreboard?dates=20190831,https://site.api.espn.com/apis/site/v2/sports/soccer/usa.1/scoreboard?dates=20190831,2026-10-02T09:31:56+00:00,scoreboard.events[533074].competitions[0],1c593d998f5302fc
2019,2019-08-31,19:30,23:30,Philadelphia Union,Atlanta United FC,PHI,ATL,533070,mls-2019-PHI-ATL-20190831,Regular Season,,Subaru Park,Chester,"Chester, Pennsylvania",America/New_York,full_time,,https://site.api.espn.com/apis/site/v2/sports/soccer/usa.1/scoreboard?dates=20190831,https://site.api.espn.com/apis/site/v2/sports/soccer/usa.1/scoreboard?dates=20190831,2026-10-02T09:31:56+00:00,scoreboard.events[533070].competitions[0],1c593d998f5302fc
2019,2019-08-31,19:00,00:00,FC Dallas,FC Cincinnati,DAL,CIN,533069,mls-2019-DAL-CIN-20190831,Regular Season,,Toyota Stadium,Frisco,Toyota Stadium,America/Chicago,full_time,,https://site.api.espn.com/apis/site/v2/sports/soccer/usa.1/scoreboard?dates=20190831,https://site.api.espn.com/apis/site/v2/sports/soccer/usa.1/scoreboard?dates=20190831,2026-10-02T09:31:56+00:00,scoreboard.events[533069].competitions[0],1c593d998f5302fc
2019,2019-08-31,19:30,00:30,Sporting Kansas City,Houston Dynamo FC,SKC,HOU,533073,mls-2019-SKC-HOU-20190831,Regular Season,,Children's Mercy Park,Kansas City,"Kansas City, Kansas",America/Chicago,full_time,,https://site.api.espn.com/apis/site/v2/sports/soccer/usa.1/scoreboard?dates=20190831,https://site.api.espn.com/apis/site/v2/sports/soccer/usa.1/scoreboard?dates=20190831,2026-10-02T09:31:56+00:00,scoreboard.events[533073].competitions[0],1c593d998f5302fc
2019,2019-08-31,19:00,02:00,Vancouver Whitecaps,New York City FC,VAN,NYC,533068,mls-2019-VAN-NYC-20190831,Regular Season,,BC Place,Vancouver,Vancouver,America/Vancouver,full_time,,https://site.api.espn.com/apis/site/v2/sports/soccer/usa.1/scoreboard?dates=20190831,https://site.api.espn.com/apis/site/v2/sports/soccer/usa.1/scoreboard?dates=20190831,2026-10-02T09:31:56+00:00,scoreboard.events[533068].competitions[0],1c593d998f5302fc
2019,2019-08-31,19:30,02:30,Portland Timbers,Real Salt Lake,POR,RSL,533067,mls-2019-POR-RSL-20190831,Regular Season,,Providence Park,Portland,"Portland, Oregon",America/Los_Angeles,full_time,,https://site.api.espn.com/apis/site/v2/sports/soccer/usa.1/scoreboard?dates=20190831,https://site.api.espn.com/apis/site/v2/sports/soccer/usa.1/scoreboard?dates=20190831,2026-10-02T09:31:56+00:00,scoreboard.events[533067].competitions[0],1c593d998f5302fc
2019,2019-08-31,19:30,02:30,San Jose Earthquakes,Orlando City SC,SJ,ORL,533066,mls-2019-SJ-ORL-20190831,Regular Season,,PayPal Park,San Jose,"San Jose, California",America/Los_Angeles,full_time,,https://site.api.espn.com/apis/site/v2/sports/soccer/usa.1/scoreboard?dates=20190831,https://site.api.espn.com/apis/site/v2/sports/soccer/usa.1/scoreboard?dates=20190831,2026-10-02T09:31:56+00:00,scoreboard.events[533066].competitions[0],1c593d998f5302fc
2019,2019-09-01,15:30,22:30,Seattle Sounders FC,LA Galaxy,SEA,LA,533065,mls-2019-SEA-LA-20190901,Regular Season,,Lumen Field,Seattle,"Seattle, Washington",America/Los_Angeles,full_time,,https://site.api.espn.com/apis/site/v2/sports/soccer/usa.1/scoreboard?dates=20190901,https://site.api.espn.com/apis/site/v2/sports/soccer/usa.1/scoreboard?dates=20190901,2026-10-02T09:31:56+00:00,scoreboard.events[533065].competitions[0],96f4b91cf965e74b
2019,2019-09-01,19:30,02:30,LAFC,Minnesota United FC,LAFC,MIN,533064,mls-2019-LAFC-MIN-20190901,Regular Season,,BMO Stadium,Los Angeles,"Los Angeles, California",America/Los_Angeles,full_time,,https://site.api.espn.com/apis/site/v2/sports/soccer/usa.1/scoreboard?dates=20190901,https://site.api.espn.com/apis/site/v2/sports/soccer/usa.1/scoreboard?dates=20190901,2026-10-02T09:31:56+00:00,scoreboard.events[533064].competitions[0],96f4b91cf965e74b
2019,2019-09-07,15:30,19:30,New York City FC,New England Revolution,NYC,NE,533063,mls-2019-NYC-NE-20190907,Regular Season,,Yankee Stadium,New York,New York City,America/New_York,full_time,,https://site.api.espn.com/apis/site/v2/sports/soccer/usa.1/scoreboard?dates=20190907,https://site.api.espn.com/apis/site/v2/sports/soccer/usa.1/scoreboard?dates=20190907,2026-10-02T09:31:57+00:00,scoreboard.events[533063].competitions[0],47fbf4dc433e0ebf
2019,2019-09-07,19:30,23:30,FC Cincinnati,Toronto FC,CIN,TOR,533062,mls-2019-CIN-TOR-20190907,Regular Season,,Nippert Stadium,Cincinnati,"Cincinnati, Ohio",America/New_York,full_time,,https://site.api.espn.com/apis/site/v2/sports/soccer/usa.1/scoreboard?dates=20190907,https://site.api.espn.com/apis/site/v2/sports/soccer/usa.1/scoreboard?dates=20190907,2026-10-02T09:31:57+00:00,scoreboard.events[533062].competitions[0],47fbf4dc433e0ebf
2019,2019-09-07,19:30,23:30,Orlando City SC,LAFC,ORL,LAFC,533061,mls-2019-ORL-LAFC-20190907,Regular Season,,Inter&Co Stadium,Orlando,"Orlando, Florida",America/New_York,full_time,,https://site.api.espn.com/apis/site/v2/sports/soccer/usa.1/scoreboard?dates=20190907,https://site.api.espn.com/apis/site/v2/sports/soccer/usa.1/scoreboard?dates=20190907,2026-10-02T09:31:57+00:00,scoreboard.events[533061].competitions[0],47fbf4dc433e0ebf
2019,2019-09-07,19:00,01:00,Colorado Rapids,Seattle Sounders FC,COL,SEA,533339,mls-2019-COL-SEA-20190907,Regular Season,,Dick's Sporting Goods Park,Commerce City,"Commerce City, Colorado",America/Denver,full_time,,https://site.api.espn.com/apis/site/v2/sports/soccer/usa.1/scoreboard?dates=20190907,https://site.api.espn.com/apis/site/v2/sports/soccer/usa.1/scoreboard?dates=20190907,2026-10-02T09:31:57+00:00,scoreboard.events[533339].competitions[0],47fbf4dc433e0ebf
2019,2019-09-07,19:30,02:30,Portland Timbers,Sporting Kansas City,POR,SKC,533060,mls-2019-POR-SKC-20190907,Regular Season,,Providence Park,Portland,"Portland, Oregon",America/Los_Angeles,full_time,,https://site.api.espn.com/apis/site/v2/sports/soccer/usa.1/scoreboard?dates=20190907,https://site.api.espn.com/apis/site/v2/sports/soccer/usa.1/scoreboard?dates=20190907,2026-10-02T09:31:57+00:00,scoreboard.events[533060].competitions[0],47fbf4dc433e0ebf
2019,2019-09-11,19:00,23:00,New York City FC,Toronto FC,NYC,TOR,533059,mls-2019-NYC-TOR-20190911,Regular Season,,Yankee Stadium,New York,New York City,America/New_York,full_time,,https://site.api.espn.com/apis/site/v2/sports/soccer/usa.1/scoreboard?dates=20190911,https://site.api.espn.com/apis/site/v2/sports/soccer/usa.1/scoreboard?dates=20190911,2026-10-02T09:31:58+00:00,scoreboard.events[533059].competitions[0],fb50e2542d9bf119
2019,2019-09-11,19:30,00:30,Houston Dynamo FC,Minnesota United FC,HOU,MIN,533058,mls-2019-HOU-MIN-20190911,Regular Season,,Shell Energy Stadium,Houston,"Houston, Texas",America/Chicago,full_time,,https://site.api.espn.com/apis/site/v2/sports/soccer/usa.1/scoreboard?dates=20190911,https://site.api.espn.com/apis/site/v2/sports/soccer/usa.1/scoreboard?dates=20190911,2026-10-02T09:31:58+00:00,scoreboard.events[533058].competitions[0],fb50e2542d9bf119
2019,2019-09-11,19:00,01:00,Colorado Rapids,LA Galaxy,COL,LA,533056,mls-2019-COL-LA-20190911,Regular Season,,Dick's Sporting Goods Park,Commerce City,"Commerce City, Colorado",America/Denver,full_time,,https://site.api.espn.com/apis/site/v2/sports/soccer/usa.1/scoreboard?dates=20190911,https://site.api.espn.com/apis/site/v2/sports/soccer/usa.1/scoreboard?dates=20190911,2026-10-02T09:31:58+00:00,scoreboard.events[533056].competitions[0],fb50e2542d9bf119
2019,2019-09-11,19:30,01:30,Real Salt Lake,San Jose Earthquakes,RSL,SJ,533057,mls-2019-RSL-SJ-20190911,Regular Season,,America First Field,Sandy,"Sandy, Utah",America/Denver,full_time,,https://site.api.espn.com/apis/site/v2/sports/soccer/usa.1/scoreboard?dates=20190911,https://site.api.espn.com/apis/site/v2/sports/soccer/usa.1/scoreboard?dates=20190911,2026-10-02T09:31:58+00:00,scoreboard.events[533057].competitions[0],fb50e2542d9bf119
2019,2019-09-14,12:30,16:30,New York City FC,San Jose Earthquakes,NYC,SJ,533054,mls-2019-NYC-SJ-20190914,Regular Season,,Yankee Stadium,New York,New York City,America/New_York,full_time,,https://site.api.espn.com/apis/site/v2/sports/soccer/usa.1/scoreboard?dates=20190914,https://site.api.espn.com/apis/site/v2/sports/soccer/usa.1/scoreboard?dates=20190914,2026-10-02T09:31:58+00:00,scoreboard.events[533054].competitions[0],a057e54aba86f01a
2019,2019-09-14,14:30,19:30,Chicago Fire FC,FC Dallas,CHI,DAL,533055,mls-2019-CHI-DAL-20190914,Regular Season,,SeatGeek Stadium,Bridgeview,"Bridgeview, Illinois",America/Chicago,full_time,,https://site.api.espn.com/apis/site/v2/sports/soccer/usa.1/scoreboard?dates=20190914,https://site.api.espn.com/apis/site/v2/sports/soccer/usa.1/scoreboard?dates=20190914,2026-10-02T09:31:58+00:00,scoreboard.events[533055].competitions[0],a057e54aba86f01a
2019,2019-09-14,19:00,23:00,Atlanta United FC,Columbus Crew,ATL,CLB,533053,mls-2019-ATL-CLB-20190914,Regular Season,,Mercedes-Benz Stadium,Atlanta,"Atlanta, Georgia",America/New_York,full_time,,https://site.api.espn.com/apis/site/v2/sports/soccer/usa.1/scoreboard?dates=20190914,https://site.api.espn.com/apis/site/v2/sports/soccer/usa.1/scoreboard?dates=20190914,2026-10-02T09:31:58+00:00,scoreboard.events[533053].competitions[0],a057e54aba86f01a
2019,2019-09-14,19:30,23:30,CF Montréal,FC Cincinnati,MTL,CIN,533050,mls-2019-MTL-CIN-20190914,Regular Season,,Stade Saputo,Montreal,Montreal,America/Toronto,full_time,,https://site.api.espn.com/apis/site/v2/sports/soccer/usa.1/scoreboard?dates=20190914,https://site.api.espn.com/apis/site/v2/sports/soccer/usa.1/scoreboard?dates=20190914,2026-10-02T09:31:58+00:00,scoreboard.events[533050].competitions[0],a057e54aba86f01a
2019,2019-09-14,19:30,23:30,Orlando City SC,New England Revolution,ORL,NE,533052,mls-2019-ORL-NE-20190914,Regular Season,,Inter&Co Stadium,Orlando,"Orlando, Florida",America/New_York,full_time,,https://site.api.espn.com/apis/site/v2/sports/soccer/usa.1/scoreboard?dates=20190914,https://site.api.espn.com/apis/site/v2/sports/soccer/usa.1/scoreboard?dates=20190914,2026-10-02T09:31:58+00:00,scoreboard.events[533052].competitions[0],a057e54aba86f01a
2019,2019-09-14,19:30,23:30,Philadelphia Union,LAFC,PHI,LAFC,533051,mls-2019-PHI-LAFC-20190914,Regular Season,,Subaru Park,Chester,"Chester, Pennsylvania",America/New_York,full_time,,https://site.api.espn.com/apis/site/v2/sports/soccer/usa.1/scoreboard?dates=20190914,https://site.api.espn.com/apis/site/v2/sports/soccer/usa.1/scoreboard?dates=20190914,2026-10-02T09:31:58+00:00,scoreboard.events[533051].competitions[0],a057e54aba86f01a
2019,2019-09-14,19:00,02:00,Vancouver Whitecaps,Houston Dynamo FC,VAN,HOU,533049,mls-2019-VAN-HOU-20190914,Regular Season,,BC Place,Vancouver,Vancouver,America/Vancouver,full_time,,https://site.api.espn.com/apis/site/v2/sports/soccer/usa.1/scoreboard?dates=20190914,https://site.api.espn.com/apis/site/v2/sports/soccer/usa.1/scoreboard?dates=20190914,2026-10-02T09:31:58+00:00,scoreboard.events[533049].competitions[0],a057e54aba86f01a
2019,2019-09-15,12:30,19:30,Portland Timbers,D.C. United,POR,DC,533045,mls-2019-POR-DC-20190915,Regular Season,,Providence Park,Portland,"Portland, Oregon",America/Los_Angeles,full_time,,https://site.api.espn.com/apis/site/v2/sports/soccer/usa.1/scoreboard?dates=20190915,https://site.api.espn.com/apis/site/v2/sports/soccer/usa.1/scoreboard?dates=20190915,2026-10-02T09:31:58+00:00,scoreboard.events[533045].competitions[0],6921adc124d02f53
2019,2019-09-15,17:00,21:00,Toronto FC,Colorado Rapids,TOR,COL,533047,mls-2019-TOR-COL-20190915,Regular Season,,BMO Field,Toronto,Toronto,America/Toronto,full_time,,https://site.api.espn.com/apis/site/v2/sports/soccer/usa.1/scoreboard?dates=20190915,https://site.api.espn.com/apis/site/v2/sports/soccer/usa.1/scoreboard?dates=20190915,2026-10-02T09:31:58+00:00,scoreboard.events[533047].competitions[0],6921adc124d02f53
2019,2019-09-15,16:30,21:30,Minnesota United FC,Real Salt Lake,MIN,RSL,533046,mls-2019-MIN-RSL-20190915,Regular Season,,Allianz Field,Saint Paul,"Saint Paul, Minnesota",America/Chicago,full_time,,https://site.api.espn.com/apis/site/v2/sports/soccer/usa.1/scoreboard?dates=20190915,https://site.api.espn.com/apis/site/v2/sports/soccer/usa.1/scoreboard?dates=20190915,2026-10-02T09:31:58+00:00,scoreboard.events[533046].competitions[0],6921adc124d02f53
2019,2019-09-15,15:00,22:00,Seattle Sounders FC,Red Bull New York,SEA,RBNY,533048,mls-2019-SEA-RBNY-20190915,Regular Season,,Lumen Field,Seattle,"Seattle, Washington",America/Los_Angeles,full_time,,https://site.api.espn.com/apis/site/v2/sports/soccer/usa.1/scoreboard?dates=20190915,https://site.api.espn.com/apis/site/v2/sports/soccer/usa.1/scoreboard?dates=20190915,2026-10-02T09:31:58+00:00,scoreboard.events[533048].competitions[0],6921adc124d02f53
2019,2019-09-15,19:00,02:00,LA Galaxy,Sporting Kansas City,LA,SKC,533044,mls-2019-LA-SKC-20190915,Regular Season,,Dignity Health Sports Park,Carson,"Carson, California",America/Los_Angeles,full_time,,https://site.api.espn.com/apis/site/v2/sports/soccer/usa.1/scoreboard?dates=20190915,https://site.api.espn.com/apis/site/v2/sports/soccer/usa.1/scoreboard?dates=20190915,2026-10-02T09:31:58+00:00,scoreboard.events[533044].competitions[0],6921adc124d02f53
2019,2019-09-18,19:30,23:30,FC Cincinnati,Atlanta United FC,CIN,ATL,533043,mls-2019-CIN-ATL-20190918,Regular Season,,Nippert Stadium,Cincinnati,"Cincinnati, Ohio",America/New_York,full_time,,https://site.api.espn.com/apis/site/v2/sports/soccer/usa.1/scoreboard?dates=20190918,https://site.api.espn.com/apis/site/v2/sports/soccer/usa.1/scoreboard?dates=20190918,2026-10-02T09:31:58+00:00,scoreboard.events[533043].competitions[0],d19acca3e8ec9b7a
2019,2019-09-18,19:30,02:30,Portland Timbers,Red Bull New York,POR,RBNY,533042,mls-2019-POR-RBNY-20190918,Regular Season,,Providence Park,Portland,"Portland, Oregon",America/Los_Angeles,full_time,,https://site.api.espn.com/apis/site/v2/sports/soccer/usa.1/scoreboard?dates=20190918,https://site.api.espn.com/apis/site/v2/sports/soccer/usa.1/scoreboard?dates=20190918,2026-10-02T09:31:58+00:00,scoreboard.events[533042].competitions[0],d19acca3e8ec9b7a
2019,2019-09-18,19:30,02:30,Seattle Sounders FC,FC Dallas,SEA,DAL,533041,mls-2019-SEA-DAL-20190918,Regular Season,,Lumen Field,Seattle,"Seattle, Washington",America/Los_Angeles,full_time,,https://site.api.espn.com/apis/site/v2/sports/soccer/usa.1/scoreboard?dates=20190918,https://site.api.espn.com/apis/site/v2/sports/soccer/usa.1/scoreboard?dates=20190918,2026-10-02T09:31:58+00:00,scoreboard.events[533041].competitions[0],d19acca3e8ec9b7a
2019,2019-09-21,15:30,19:30,Atlanta United FC,San Jose Earthquakes,ATL,SJ,533040,mls-2019-ATL-SJ-20190921,Regular Season,,Mercedes-Benz Stadium,Atlanta,"Atlanta, Georgia",America/New_York,full_time,,https://site.api.espn.com/apis/site/v2/sports/soccer/usa.1/scoreboard?dates=20190921,https://site.api.espn.com/apis/site/v2/sports/soccer/usa.1/scoreboard?dates=20190921,2026-10-02T09:31:59+00:00,scoreboard.events[533040].competitions[0],722fae9e01b11cff
2019,2019-09-21,14:00,21:00,Vancouver Whitecaps,Columbus Crew,VAN,CLB,533039,mls-2019-VAN-CLB-20190921,Regular Season,,BC Place,Vancouver,Vancouver,America/Vancouver,full_time,,https://site.api.espn.com/apis/site/v2/sports/soccer/usa.1/scoreboard?dates=20190921,https://site.api.espn.com/apis/site/v2/sports/soccer/usa.1/scoreboard?dates=20190921,2026-10-02T09:31:59+00:00,scoreboard.events[533039].competitions[0],722fae9e01b11cff
2019,2019-09-21,19:30,23:30,FC Cincinnati,Chicago Fire FC,CIN,CHI,533037,mls-2019-CIN-CHI-20190921,Regular Season,,Nippert Stadium,Cincinnati,"Cincinnati, Ohio",America/New_York,full_time,,https://site.api.espn.com/apis/site/v2/sports/soccer/usa.1/scoreboard?dates=20190921,https://site.api.espn.com/apis/site/v2/sports/soccer/usa.1/scoreboard?dates=20190921,2026-10-02T09:31:59+00:00,scoreboard.events[533037].competitions[0],722fae9e01b11cff
2019,2019-09-21,19:30,23:30,New England Revolution,Real Salt Lake,NE,RSL,533038,mls-2019-NE-RSL-20190921,Regular Season,,Gillette Stadium,Foxborough,"Foxborough, Massachusetts",America/New_York,full_time,,https://site.api.espn.com/apis/site/v2/sports/soccer/usa.1/scoreboard?dates=20190921,https://site.api.espn.com/apis/site/v2/sports/soccer/usa.1/scoreboard?dates=20190921,2026-10-02T09:31:59+00:00,scoreboard.events[533038].competitions[0],722fae9e01b11cff
2019,2019-09-21,19:30,00:30,Houston Dynamo FC,Orlando City SC,HOU,ORL,533036,mls-2019-HOU-ORL-20190921,Regular Season,,Shell Energy Stadium,Houston,"Houston, Texas",America/Chicago,full_time,,https://site.api.espn.com/apis/site/v2/sports/soccer/usa.1/scoreboard?dates=20190921,https://site.api.espn.com/apis/site/v2/sports/soccer/usa.1/scoreboard?dates=20190921,2026-10-02T09:31:59+00:00,scoreboard.events[533036].competitions[0],722fae9e01b11cff
2019,2019-09-21,19:30,00:30,Sporting Kansas City,Colorado Rapids,SKC,COL,533035,mls-2019-SKC-COL-20190921,Regular Season,,Children's Mercy Park,Kansas City,"Kansas City, Kansas",America/Chicago,full_time,,https://site.api.espn.com/apis/site/v2/sports/soccer/usa.1/scoreboard?dates=20190921,https://site.api.espn.com/apis/site/v2/sports/soccer/usa.1/scoreboard?dates=20190921,2026-10-02T09:31:59+00:00,scoreboard.events[533035].competitions[0],722fae9e01b11cff
2019,2019-09-21,19:30,02:30,LA Galaxy,CF Montréal,LA,MTL,533033,mls-2019-LA-MTL-20190921,Regular Season,,Dignity Health Sports Park,Carson,"Carson, California",America/Los_Angeles,full_time,,https://site.api.espn.com/apis/site/v2/sports/soccer/usa.1/scoreboard?dates=20190921,https://site.api.espn.com/apis/site/v2/sports/soccer/usa.1/scoreboard?dates=20190921,2026-10-02T09:31:59+00:00,scoreboard.events[533033].competitions[0],722fae9e01b11cff
2019,2019-09-21,19:30,02:30,LAFC,Toronto FC,LAFC,TOR,533034,mls-2019-LAFC-TOR-20190921,Regular Season,,BMO Stadium,Los Angeles,"Los Angeles, California",America/Los_Angeles,full_time,,https://site.api.espn.com/apis/site/v2/sports/soccer/usa.1/scoreboard?dates=20190921,https://site.api.espn.com/apis/site/v2/sports/soccer/usa.1/scoreboard?dates=20190921,2026-10-02T09:31:59+00:00,scoreboard.events[533034].competitions[0],722fae9e01b11cff
2019,2019-09-22,12:55,19:55,Portland Timbers,Minnesota United FC,POR,MIN,533031,mls-2019-POR-MIN-20190922,Regular Season,,Providence Park,Portland,"Portland, Oregon",America/Los_Angeles,full_time,,https://site.api.espn.com/apis/site/v2/sports/soccer/usa.1/scoreboard?dates=20190922,https://site.api.espn.com/apis/site/v2/sports/soccer/usa.1/scoreboard?dates=20190922,2026-10-02T09:31:59+00:00,scoreboard.events[533031].competitions[0],05025e5173441936
2019,2019-09-22,17:00,22:00,FC Dallas,New York City FC,DAL,NYC,533032,mls-2019-DAL-NYC-20190922,Regular Season,,Toyota Stadium,Frisco,Toyota Stadium,America/Chicago,full_time,,https://site.api.espn.com/apis/site/v2/sports/soccer/usa.1/scoreboard?dates=20190922,https://site.api.espn.com/apis/site/v2/sports/soccer/usa.1/scoreboard?dates=20190922,2026-10-02T09:31:59+00:00,scoreboard.events[533032].competitions[0],05025e5173441936
2019,2019-09-22,18:30,22:30,Red Bull New York,Philadelphia Union,RBNY,PHI,533029,mls-2019-RBNY-PHI-20190922,Regular Season,,Sports Illustrated Stadium,Harrison,"Harrison, New Jersey",America/New_York,full_time,,https://site.api.espn.com/apis/site/v2/sports/soccer/usa.1/scoreboard?dates=20190922,https://site.api.espn.com/apis/site/v2/sports/soccer/usa.1/scoreboard?dates=20190922,2026-10-02T09:31:59+00:00,scoreboard.events[533029].competitions[0],05025e5173441936
2019,2019-09-22,20:00,00:00,D.C. United,Seattle Sounders FC,DC,SEA,533030,mls-2019-DC-SEA-20190922,Regular Season,,Audi Field,Washington,"Washington, District of Columbia",America/New_York,full_time,,https://site.api.espn.com/apis/site/v2/sports/soccer/usa.1/scoreboard?dates=20190922,https://site.api.espn.com/apis/site/v2/sports/soccer/usa.1/scoreboard?dates=20190922,2026-10-02T09:31:59+00:00,scoreboard.events[533030].competitions[0],05025e5173441936
2019,2019-09-25,19:00,23:00,New York City FC,Atlanta United FC,NYC,ATL,533028,mls-2019-NYC-ATL-20190925,Regular Season,,Yankee Stadium,New York,New York City,America/New_York,full_time,,https://site.api.espn.com/apis/site/v2/sports/soccer/usa.1/scoreboard?dates=20190925,https://site.api.espn.com/apis/site/v2/sports/soccer/usa.1/scoreboard?dates=20190925,2026-10-02T09:32:00+00:00,scoreboard.events[533028].competitions[0],828447ce4e621bd6
2019,2019-09-25,19:00,00:00,Minnesota United FC,Sporting Kansas City,MIN,SKC,533027,mls-2019-MIN-SKC-20190925,Regular Season,,Allianz Field,Saint Paul,"Saint Paul, Minnesota",America/Chicago,full_time,,https://site.api.espn.com/apis/site/v2/sports/soccer/usa.1/scoreboard?dates=20190925,https://site.api.espn.com/apis/site/v2/sports/soccer/usa.1/scoreboard?dates=20190925,2026-10-02T09:32:00+00:00,scoreboard.events[533027].competitions[0],828447ce4e621bd6
2019,2019-09-25,19:30,01:30,Real Salt Lake,LA Galaxy,RSL,LA,533026,mls-2019-RSL-LA-20190925,Regular Season,,America First Field,Sandy,"Sandy, Utah",America/Denver,full_time,,https://site.api.espn.com/apis/site/v2/sports/soccer/usa.1/scoreboard?dates=20190925,https://site.api.espn.com/apis/site/v2/sports/soccer/usa.1/scoreboard?dates=20190925,2026-10-02T09:32:00+00:00,scoreboard.events[533026].competitions[0],828447ce4e621bd6
2019,2019-09-25,19:30,02:30,LAFC,Houston Dynamo FC,LAFC,HOU,533024,mls-2019-LAFC-HOU-20190925,Regular Season,,BMO Stadium,Los Angeles,"Los Angeles, California",America/Los_Angeles,full_time,,https://site.api.espn.com/apis/site/v2/sports/soccer/usa.1/scoreboard?dates=20190925,https://site.api.espn.com/apis/site/v2/sports/soccer/usa.1/scoreboard?dates=20190925,2026-10-02T09:32:00+00:00,scoreboard.events[533024].competitions[0],828447ce4e621bd6
2019,2019-09-25,19:30,02:30,Portland Timbers,New England Revolution,POR,NE,533025,mls-2019-POR-NE-20190925,Regular Season,,Providence Park,Portland,"Portland, Oregon",America/Los_Angeles,full_time,,https://site.api.espn.com/apis/site/v2/sports/soccer/usa.1/scoreboard?dates=20190925,https://site.api.espn.com/apis/site/v2/sports/soccer/usa.1/scoreboard?dates=20190925,2026-10-02T09:32:00+00:00,scoreboard.events[533025].competitions[0],828447ce4e621bd6
2019,2019-09-25,20:00,03:00,San Jose Earthquakes,Philadelphia Union,SJ,PHI,533023,mls-2019-SJ-PHI-20190925,Regular Season,,PayPal Park,San Jose,"San Jose, California",America/Los_Angeles,full_time,,https://site.api.espn.com/apis/site/v2/sports/soccer/usa.1/scoreboard?dates=20190925,https://site.api.espn.com/apis/site/v2/sports/soccer/usa.1/scoreboard?dates=20190925,2026-10-02T09:32:00+00:00,scoreboard.events[533023].competitions[0],828447ce4e621bd6
2019,2019-09-29,17:00,21:00,CF Montréal,Atlanta United FC,MTL,ATL,533017,mls-2019-MTL-ATL-20190929,Regular Season,,Stade Saputo,Montreal,Montreal,America/Toronto,full_time,,https://site.api.espn.com/apis/site/v2/sports/soccer/usa.1/scoreboard?dates=20190929,https://site.api.espn.com/apis/site/v2/sports/soccer/usa.1/scoreboard?dates=20190929,2026-10-02T09:32:01+00:00,scoreboard.events[533017].competitions[0],5cd177917b8e3216
2019,2019-09-29,16:00,21:00,Chicago Fire FC,Toronto FC,CHI,TOR,533022,mls-2019-CHI-TOR-20190929,Regular Season,,SeatGeek Stadium,Bridgeview,"Bridgeview, Illinois",America/Chicago,full_time,,https://site.api.espn.com/apis/site/v2/sports/soccer/usa.1/scoreboard?dates=20190929,https://site.api.espn.com/apis/site/v2/sports/soccer/usa.1/scoreboard?dates=20190929,2026-10-02T09:32:01+00:00,scoreboard.events[533022].competitions[0],5cd177917b8e3216
2019,2019-09-29,17:00,21:00,Columbus Crew,Philadelphia Union,CLB,PHI,533021,mls-2019-CLB-PHI-20190929,Regular Season,,Historic Crew Stadium,Columbus,"Columbus, Ohio",America/New_York,full_time,,https://site.api.espn.com/apis/site/v2/sports/soccer/usa.1/scoreboard?dates=20190929,https://site.api.espn.com/apis/site/v2/sports/soccer/usa.1/scoreboard?dates=20190929,2026-10-02T09:32:01+00:00,scoreboard.events[533021].competitions[0],5cd177917b8e3216
2019,2019-09-29,17:00,21:00,FC Cincinnati,Orlando City SC,CIN,ORL,533020,mls-2019-CIN-ORL-20190929,Regular Season,,Nippert Stadium,Cincinnati,"Cincinnati, Ohio",America/New_York,full_time,,https://site.api.espn.com/apis/site/v2/sports/soccer/usa.1/scoreboard?dates=20190929,https://site.api.espn.com/apis/site/v2/sports/soccer/usa.1/scoreboard?dates=20190929,2026-10-02T09:32:01+00:00,scoreboard.events[533020].competitions[0],5cd177917b8e3216
2019,2019-09-29,17:00,21:00,New England Revolution,New York City FC,NE,NYC,533019,mls-2019-NE-NYC-20190929,Regular Season,,Gillette Stadium,Foxborough,"Foxborough, Massachusetts",America/New_York,full_time,,https://site.api.espn.com/apis/site/v2/sports/soccer/usa.1/scoreboard?dates=20190929,https://site.api.espn.com/apis/site/v2/sports/soccer/usa.1/scoreboard?dates=20190929,2026-10-02T09:32:01+00:00,scoreboard.events[533019].competitions[0],5cd177917b8e3216
2019,2019-09-29,17:00,21:00,Red Bull New York,D.C. United,RBNY,DC,533018,mls-2019-RBNY-DC-20190929,Regular Season,,Sports Illustrated Stadium,Harrison,"Harrison, New Jersey",America/New_York,full_time,,https://site.api.espn.com/apis/site/v2/sports/soccer/usa.1/scoreboard?dates=20190929,https://site.api.espn.com/apis/site/v2/sports/soccer/usa.1/scoreboard?dates=20190929,2026-10-02T09:32:01+00:00,scoreboard.events[533018].competitions[0],5cd177917b8e3216
2019,2019-09-29,17:30,23:30,Colorado Rapids,FC Dallas,COL,DAL,533011,mls-2019-COL-DAL-20190929,Regular Season,,Dick's Sporting Goods Park,Commerce City,"Commerce City, Colorado",America/Denver,full_time,,https://site.api.espn.com/apis/site/v2/sports/soccer/usa.1/scoreboard?dates=20190929,https://site.api.espn.com/apis/site/v2/sports/soccer/usa.1/scoreboard?dates=20190929,2026-10-02T09:32:01+00:00,scoreboard.events[533011].competitions[0],5cd177917b8e3216
2019,2019-09-29,16:30,23:30,LA Galaxy,Vancouver Whitecaps,LA,VAN,533016,mls-2019-LA-VAN-20190929,Regular Season,,Dignity Health Sports Park,Carson,"Carson, California",America/Los_Angeles,full_time,,https://site.api.espn.com/apis/site/v2/sports/soccer/usa.1/scoreboard?dates=20190929,https://site.api.espn.com/apis/site/v2/sports/soccer/usa.1/scoreboard?dates=20190929,2026-10-02T09:32:01+00:00,scoreboard.events[533016].competitions[0],5cd177917b8e3216
2019,2019-09-29,18:30,23:30,Minnesota United FC,LAFC,MIN,LAFC,533013,mls-2019-MIN-LAFC-20190929,Regular Season,,Allianz Field,Saint Paul,"Saint Paul, Minnesota",America/Chicago,full_time,,https://site.api.espn.com/apis/site/v2/sports/soccer/usa.1/scoreboard?dates=20190929,https://site.api.espn.com/apis/site/v2/sports/soccer/usa.1/scoreboard?dates=20190929,2026-10-02T09:32:01+00:00,scoreboard.events[533013].competitions[0],5cd177917b8e3216
2019,2019-09-29,17:30,23:30,Real Salt Lake,Houston Dynamo FC,RSL,HOU,533012,mls-2019-RSL-HOU-20190929,Regular Season,,America First Field,Sandy,"Sandy, Utah",America/Denver,full_time,,https://site.api.espn.com/apis/site/v2/sports/soccer/usa.1/scoreboard?dates=20190929,https://site.api.espn.com/apis/site/v2/sports/soccer/usa.1/scoreboard?dates=20190929,2026-10-02T09:32:01+00:00,scoreboard.events[533012].competitions[0],5cd177917b8e3216
2019,2019-09-29,16:30,23:30,San Jose Earthquakes,Seattle Sounders FC,SJ,SEA,533015,mls-2019-SJ-SEA-20190929,Regular Season,,PayPal Park,San Jose,"San Jose, California",America/Los_Angeles,full_time,,https://site.api.espn.com/apis/site/v2/sports/soccer/usa.1/scoreboard?dates=20190929,https://site.api.espn.com/apis/site/v2/sports/soccer/usa.1/scoreboard?dates=20190929,2026-10-02T09:32:01+00:00,scoreboard.events[533015].competitions[0],5cd177917b8e3216
2019,2019-09-29,18:30,23:30,Sporting Kansas City,Portland Timbers,SKC,POR,533014,mls-2019-SKC-POR-20190929,Regular Season,,Children's Mercy Park,Kansas City,"Kansas City, Kansas",America/Chicago,full_time,,https://site.api.espn.com/apis/site/v2/sports/soccer/usa.1/scoreboard?dates=20190929,https://site.api.espn.com/apis/site/v2/sports/soccer/usa.1/scoreboard?dates=20190929,2026-10-02T09:32:01+00:00,scoreboard.events[533014].competitions[0],5cd177917b8e3216
2019,2019-10-06,16:00,20:00,Atlanta United FC,New England Revolution,ATL,NE,533005,mls-2019-ATL-NE-20191006,Regular Season,,Mercedes-Benz Stadium,Atlanta,"Atlanta, Georgia",America/New_York,full_time,,https://site.api.espn.com/apis/site/v2/sports/soccer/usa.1/scoreboard?dates=20191006,https://site.api.espn.com/apis/site/v2/sports/soccer/usa.1/scoreboard?dates=20191006,2026-10-02T09:32:02+00:00,scoreboard.events[533005].competitions[0],dc59d749ce6f5e4b
2019,2019-10-06,16:00,20:00,CF Montréal,Red Bull New York,MTL,RBNY,533007,mls-2019-MTL-RBNY-20191006,Regular Season,,Stade Saputo,Montreal,Montreal,America/Toronto,full_time,,https://site.api.espn.com/apis/site/v2/sports/soccer/usa.1/scoreboard?dates=20191006,https://site.api.espn.com/apis/site/v2/sports/soccer/usa.1/scoreboard?dates=20191006,2026-10-02T09:32:02+00:00,scoreboard.events[533007].competitions[0],dc59d749ce6f5e4b
2019,2019-10-06,16:00,20:00,D.C. United,FC Cincinnati,DC,CIN,533002,mls-2019-DC-CIN-20191006,Regular Season,,Audi Field,Washington,"Washington, District of Columbia",America/New_York,full_time,,https://site.api.espn.com/apis/site/v2/sports/soccer/usa.1/scoreboard?dates=20191006,https://site.api.espn.com/apis/site/v2/sports/soccer/usa.1/scoreboard?dates=20191006,2026-10-02T09:32:02+00:00,scoreboard.events[533002].competitions[0],dc59d749ce6f5e4b
2019,2019-10-06,15:00,20:00,FC Dallas,Sporting Kansas City,DAL,SKC,533010,mls-2019-DAL-SKC-20191006,Regular Season,,Toyota Stadium,Frisco,Toyota Stadium,America/Chicago,full_time,,https://site.api.espn.com/apis/site/v2/sports/soccer/usa.1/scoreboard?dates=20191006,https://site.api.espn.com/apis/site/v2/sports/soccer/usa.1/scoreboard?dates=20191006,2026-10-02T09:32:02+00:00,scoreboard.events[533010].competitions[0],dc59d749ce6f5e4b
2019,2019-10-06,15:00,20:00,Houston Dynamo FC,LA Galaxy,HOU,LA,533003,mls-2019-HOU-LA-20191006,Regular Season,,Shell Energy Stadium,Houston,"Houston, Texas",America/Chicago,full_time,,https://site.api.espn.com/apis/site/v2/sports/soccer/usa.1/scoreboard?dates=20191006,https://site.api.espn.com/apis/site/v2/sports/soccer/usa.1/scoreboard?dates=20191006,2026-10-02T09:32:02+00:00,scoreboard.events[533003].competitions[0],dc59d749ce6f5e4b
2019,2019-10-06,13:00,20:00,LAFC,Colorado Rapids,LAFC,COL,533000,mls-2019-LAFC-COL-20191006,Regular Season,,BMO Stadium,Los Angeles,"Los Angeles, California",America/Los_Angeles,full_time,,https://site.api.espn.com/apis/site/v2/sports/soccer/usa.1/scoreboard?dates=20191006,https://site.api.espn.com/apis/site/v2/sports/soccer/usa.1/scoreboard?dates=20191006,2026-10-02T09:32:02+00:00,scoreboard.events[533000].competitions[0],dc59d749ce6f5e4b
2019,2019-10-06,16:00,20:00,Orlando City SC,Chicago Fire FC,ORL,CHI,532999,mls-2019-ORL-CHI-20191006,Regular Season,,Inter&Co Stadium,Orlando,"Orlando, Florida",America/New_York,full_time,,https://site.api.espn.com/apis/site/v2/sports/soccer/usa.1/scoreboard?dates=20191006,https://site.api.espn.com/apis/site/v2/sports/soccer/usa.1/scoreboard?dates=20191006,2026-10-02T09:32:02+00:00,scoreboard.events[532999].competitions[0],dc59d749ce6f5e4b
2019,2019-10-06,16:00,20:00,Philadelphia Union,New York City FC,PHI,NYC,533006,mls-2019-PHI-NYC-20191006,Regular Season,,Subaru Park,Chester,"Chester, Pennsylvania",America/New_York,full_time,,https://site.api.espn.com/apis/site/v2/sports/soccer/usa.1/scoreboard?dates=20191006,https://site.api.espn.com/apis/site/v2/sports/soccer/usa.1/scoreboard?dates=20191006,2026-10-02T09:32:02+00:00,scoreboard.events[533006].competitions[0],dc59d749ce6f5e4b
2019,2019-10-06,13:00,20:00,Portland Timbers,San Jose Earthquakes,POR,SJ,533009,mls-2019-POR-SJ-20191006,Regular Season,,Providence Park,Portland,"Portland, Oregon",America/Los_Angeles,full_time,,https://site.api.espn.com/apis/site/v2/sports/soccer/usa.1/scoreboard?dates=20191006,https://site.api.espn.com/apis/site/v2/sports/soccer/usa.1/scoreboard?dates=20191006,2026-10-02T09:32:02+00:00,scoreboard.events[533009].competitions[0],dc59d749ce6f5e4b
2019,2019-10-06,13:00,20:00,Seattle Sounders FC,Minnesota United FC,SEA,MIN,533004,mls-2019-SEA-MIN-20191006,Regular Season,,Lumen Field,Seattle,"Seattle, Washington",America/Los_Angeles,full_time,,https://site.api.espn.com/apis/site/v2/sports/soccer/usa.1/scoreboard?dates=20191006,https://site.api.espn.com/apis/site/v2/sports/soccer/usa.1/scoreboard?dates=20191006,2026-10-02T09:32:02+00:00,scoreboard.events[533004].competitions[0],dc59d749ce6f5e4b
2019,2019-10-06,16:00,20:00,Toronto FC,Columbus Crew,TOR,CLB,533001,mls-2019-TOR-CLB-20191006,Regular Season,,BMO Field,Toronto,Toronto,America/Toronto,full_time,,https://site.api.espn.com/apis/site/v2/sports/soccer/usa.1/scoreboard?dates=20191006,https://site.api.espn.com/apis/site/v2/sports/soccer/usa.1/scoreboard?dates=20191006,2026-10-02T09:32:02+00:00,scoreboard.events[533001].competitions[0],dc59d749ce6f5e4b
2019,2019-10-06,13:00,20:00,Vancouver Whitecaps,Real Salt Lake,VAN,RSL,533008,mls-2019-VAN-RSL-20191006,Regular Season,,BC Place,Vancouver,Vancouver,America/Vancouver,full_time,,https://site.api.espn.com/apis/site/v2/sports/soccer/usa.1/scoreboard?dates=20191006,https://site.api.espn.com/apis/site/v2/sports/soccer/usa.1/scoreboard?dates=20191006,2026-10-02T09:32:02+00:00,scoreboard.events[533008].competitions[0],dc59d749ce6f5e4b
