season,date_local,kickoff_local,kickoff_utc,home_team,away_team,home_abbr,away_abbr,provider_fixture_id,stable_match_key,official_stage,official_round,venue,venue_city,venue_city_raw,local_timezone,status,row_note,source_url,final_url,retrieved_at,field_locator,source_sha256
2018,2018-03-03,13:00,18:00,Toronto FC,Columbus Crew,TOR,CLB,502745,mls-2018-TOR-CLB-20180303,Regular Season,,BMO Field,Toronto,Toronto,America/Toronto,full_time,,https://site.api.espn.com/apis/site/v2/sports/soccer/usa.1/scoreboard?dates=20180303,https://site.api.espn.com/apis/site/v2/sports/soccer/usa.1/scoreboard?dates=20180303,2026-10-02T09:30:45+00:00,scoreboard.events[502745].competitions[0],ed751602cc2f6107
2018,2018-03-03,14:30,20:30,Houston Dynamo FC,Atlanta United FC,HOU,ATL,502744,mls-2018-HOU-ATL-20180303,Regular Season,,Shell Energy Stadium,Houston,"Houston, Texas",America/Chicago,full_time,,https://site.api.espn.com/apis/site/v2/sports/soccer/usa.1/scoreboard?dates=20180303,https://site.api.espn.com/apis/site/v2/sports/soccer/usa.1/scoreboard?dates=20180303,2026-10-02T09:30:45+00:00,scoreboard.events[502744].competitions[0],ed751602cc2f6107
2018,2018-03-03,19:00,00:00,Philadelphia Union,New England Revolution,PHI,NE,502746,mls-2018-PHI-NE-20180303,Regular Season,,Subaru Park,Chester,"Chester, Pennsylvania",America/New_York,full_time,,https://site.api.espn.com/apis/site/v2/sports/soccer/usa.1/scoreboard?dates=20180303,https://site.api.espn.com/apis/site/v2/sports/soccer/usa.1/scoreboard?dates=20180303,2026-10-02T09:30:45+00:00,scoreboard.events[502746].competitions[0],ed751602cc2f6107
2018,2018-03-03,19:30,00:30,Orlando City SC,D.C. United,ORL,DC,502743,mls-2018-ORL-DC-20180303,Regular Season,,Inter&Co Stadium,Orlando,"Orlando, Florida",America/New_York,full_time,,https://site.api.espn.com/apis/site/v2/sports/soccer/usa.1/scoreboard?dates=20180303,https://site.api.espn.com/apis/site/v2/sports/soccer/usa.1/scoreboard?dates=20180303,2026-10-02T09:30:45+00:00,scoreboard.events[502743].competitions[0],ed751602cc2f6107
2018,2018-03-03,19:00,01:00,FC Dallas,Real Salt Lake,DAL,RSL,502742,mls-2018-DAL-RSL-20180303,Regular Season,,Toyota Stadium,Frisco,Toyota Stadium,America/Chicago,full_time,,https://site.api.espn.com/apis/site/v2/sports/soccer/usa.1/scoreboard?dates=20180303,https://site.api.espn.com/apis/site/v2/sports/soccer/usa.1/scoreboard?dates=20180303,2026-10-02T09:30:45+00:00,scoreboard.events[502742].competitions[0],ed751602cc2f6107
2018,2018-03-03,19:30,03:30,San Jose Earthquakes,Minnesota United FC,SJ,MIN,502741,mls-2018-SJ-MIN-20180303,Regular Season,,PayPal Park,San Jose,"San Jose, California",America/Los_Angeles,full_time,,https://site.api.espn.com/apis/site/v2/sports/soccer/usa.1/scoreboard?dates=20180303,https://site.api.espn.com/apis/site/v2/sports/soccer/usa.1/scoreboard?dates=20180303,2026-10-02T09:30:45+00:00,scoreboard.events[502741].competitions[0],ed751602cc2f6107
2018,2018-03-04,14:00,22:00,Seattle Sounders FC,LAFC,SEA,LAFC,502740,mls-2018-SEA-LAFC-20180304,Regular Season,,Lumen Field,Seattle,"Seattle, Washington",America/Los_Angeles,full_time,,https://site.api.espn.com/apis/site/v2/sports/soccer/usa.1/scoreboard?dates=20180304,https://site.api.espn.com/apis/site/v2/sports/soccer/usa.1/scoreboard?dates=20180304,2026-10-02T09:30:45+00:00,scoreboard.events[502740].competitions[0],01dfe88a0f4df64b
2018,2018-03-04,15:00,23:00,Vancouver Whitecaps,CF Montréal,VAN,MTL,502739,mls-2018-VAN-MTL-20180304,Regular Season,,BC Place,Vancouver,Vancouver,America/Vancouver,full_time,,https://site.api.espn.com/apis/site/v2/sports/soccer/usa.1/scoreboard?dates=20180304,https://site.api.espn.com/apis/site/v2/sports/soccer/usa.1/scoreboard?dates=20180304,2026-10-02T09:30:45+00:00,scoreboard.events[502739].competitions[0],01dfe88a0f4df64b
2018,2018-03-04,18:30,00:30,Sporting Kansas City,New York City FC,SKC,NYC,502738,mls-2018-SKC-NYC-20180304,Regular Season,,Children's Mercy Park,Kansas City,"Kansas City, Kansas",America/Chicago,full_time,,https://site.api.espn.com/apis/site/v2/sports/soccer/usa.1/scoreboard?dates=20180304,https://site.api.espn.com/apis/site/v2/sports/soccer/usa.1/scoreboard?dates=20180304,2026-10-02T09:30:45+00:00,scoreboard.events[502738].competitions[0],01dfe88a0f4df64b
2018,2018-03-04,19:00,03:00,LA Galaxy,Portland Timbers,LA,POR,502737,mls-2018-LA-POR-20180304,Regular Season,,Dignity Health Sports Park,Carson,"Carson, California",America/Los_Angeles,full_time,,https://site.api.espn.com/apis/site/v2/sports/soccer/usa.1/scoreboard?dates=20180304,https://site.api.espn.com/apis/site/v2/sports/soccer/usa.1/scoreboard?dates=20180304,2026-10-02T09:30:45+00:00,scoreboard.events[502737].competitions[0],01dfe88a0f4df64b
2018,2018-03-10,13:00,18:00,Columbus Crew,CF Montréal,CLB,MTL,502736,mls-2018-CLB-MTL-20180310,Regular Season,,Historic Crew Stadium,Columbus,"Columbus, Ohio",America/New_York,full_time,,https://site.api.espn.com/apis/site/v2/sports/soccer/usa.1/scoreboard?dates=20180310,https://site.api.espn.com/apis/site/v2/sports/soccer/usa.1/scoreboard?dates=20180310,2026-10-02T09:30:46+00:00,scoreboard.events[502736].competitions[0],e6204b7164ef3282
2018,2018-03-10,13:30,18:30,New England Revolution,Colorado Rapids,NE,COL,502735,mls-2018-NE-COL-20180310,Regular Season,,Gillette Stadium,Foxborough,"Foxborough, Massachusetts",America/New_York,full_time,,https://site.api.espn.com/apis/site/v2/sports/soccer/usa.1/scoreboard?dates=20180310,https://site.api.espn.com/apis/site/v2/sports/soccer/usa.1/scoreboard?dates=20180310,2026-10-02T09:30:46+00:00,scoreboard.events[502735].competitions[0],e6204b7164ef3282
2018,2018-03-10,13:30,20:30,Real Salt Lake,LAFC,RSL,LAFC,502734,mls-2018-RSL-LAFC-20180310,Regular Season,,America First Field,Sandy,"Sandy, Utah",America/Denver,full_time,,https://site.api.espn.com/apis/site/v2/sports/soccer/usa.1/scoreboard?dates=20180310,https://site.api.espn.com/apis/site/v2/sports/soccer/usa.1/scoreboard?dates=20180310,2026-10-02T09:30:46+00:00,scoreboard.events[502734].competitions[0],e6204b7164ef3282
2018,2018-03-10,17:00,23:00,Chicago Fire FC,Sporting Kansas City,CHI,SKC,502733,mls-2018-CHI-SKC-20180310,Regular Season,,SeatGeek Stadium,Bridgeview,"Bridgeview, Illinois",America/Chicago,full_time,,https://site.api.espn.com/apis/site/v2/sports/soccer/usa.1/scoreboard?dates=20180310,https://site.api.espn.com/apis/site/v2/sports/soccer/usa.1/scoreboard?dates=20180310,2026-10-02T09:30:46+00:00,scoreboard.events[502733].competitions[0],e6204b7164ef3282
2018,2018-03-10,17:00,23:00,Houston Dynamo FC,Vancouver Whitecaps,HOU,VAN,502732,mls-2018-HOU-VAN-20180310,Regular Season,,Shell Energy Stadium,Houston,"Houston, Texas",America/Chicago,full_time,,https://site.api.espn.com/apis/site/v2/sports/soccer/usa.1/scoreboard?dates=20180310,https://site.api.espn.com/apis/site/v2/sports/soccer/usa.1/scoreboard?dates=20180310,2026-10-02T09:30:46+00:00,scoreboard.events[502732].competitions[0],e6204b7164ef3282
2018,2018-03-10,19:00,00:00,Red Bull New York,Portland Timbers,RBNY,POR,502731,mls-2018-RBNY-POR-20180310,Regular Season,,Sports Illustrated Stadium,Harrison,"Harrison, New Jersey",America/New_York,full_time,,https://site.api.espn.com/apis/site/v2/sports/soccer/usa.1/scoreboard?dates=20180310,https://site.api.espn.com/apis/site/v2/sports/soccer/usa.1/scoreboard?dates=20180310,2026-10-02T09:30:46+00:00,scoreboard.events[502731].competitions[0],e6204b7164ef3282
2018,2018-03-10,19:30,00:30,Orlando City SC,Minnesota United FC,ORL,MIN,502730,mls-2018-ORL-MIN-20180310,Regular Season,,Inter&Co Stadium,Orlando,"Orlando, Florida",America/New_York,full_time,,https://site.api.espn.com/apis/site/v2/sports/soccer/usa.1/scoreboard?dates=20180310,https://site.api.espn.com/apis/site/v2/sports/soccer/usa.1/scoreboard?dates=20180310,2026-10-02T09:30:46+00:00,scoreboard.events[502730].competitions[0],e6204b7164ef3282
2018,2018-03-11,15:00,19:00,Atlanta United FC,D.C. United,ATL,DC,502729,mls-2018-ATL-DC-20180311,Regular Season,,Mercedes-Benz Stadium,Atlanta,"Atlanta, Georgia",America/New_York,full_time,,https://site.api.espn.com/apis/site/v2/sports/soccer/usa.1/scoreboard?dates=20180311,https://site.api.espn.com/apis/site/v2/sports/soccer/usa.1/scoreboard?dates=20180311,2026-10-02T09:30:47+00:00,scoreboard.events[502729].competitions[0],55b77b9c91e5fa1a
2018,2018-03-11,17:00,21:00,New York City FC,LA Galaxy,NYC,LA,502728,mls-2018-NYC-LA-20180311,Regular Season,,Yankee Stadium,New York,New York City,America/New_York,full_time,,https://site.api.espn.com/apis/site/v2/sports/soccer/usa.1/scoreboard?dates=20180311,https://site.api.espn.com/apis/site/v2/sports/soccer/usa.1/scoreboard?dates=20180311,2026-10-02T09:30:47+00:00,scoreboard.events[502728].competitions[0],55b77b9c91e5fa1a
2018,2018-03-17,13:30,17:30,D.C. United,Houston Dynamo FC,DC,HOU,502727,mls-2018-DC-HOU-20180317,Regular Season,,Maryland SoccerPlex,Boyds,"Boyds, Maryland",America/New_York,full_time,venue_override:Maryland SoccerPlex,https://site.api.espn.com/apis/site/v2/sports/soccer/usa.1/scoreboard?dates=20180317,https://site.api.espn.com/apis/site/v2/sports/soccer/usa.1/scoreboard?dates=20180317,2026-10-02T09:30:49+00:00,scoreboard.events[502727].competitions[0],983586161d0c23ec
2018,2018-03-17,13:00,18:00,Minnesota United FC,Chicago Fire FC,MIN,CHI,502725,mls-2018-MIN-CHI-20180317,Regular Season,,TCF Bank Stadium,Minneapolis,"Minneapolis, Minnesota",America/Chicago,full_time,,https://site.api.espn.com/apis/site/v2/sports/soccer/usa.1/scoreboard?dates=20180317,https://site.api.espn.com/apis/site/v2/sports/soccer/usa.1/scoreboard?dates=20180317,2026-10-02T09:30:49+00:00,scoreboard.events[502725].competitions[0],983586161d0c23ec
2018,2018-03-17,14:00,18:00,Philadelphia Union,Columbus Crew,PHI,CLB,502726,mls-2018-PHI-CLB-20180317,Regular Season,,Subaru Park,Chester,"Chester, Pennsylvania",America/New_York,full_time,,https://site.api.espn.com/apis/site/v2/sports/soccer/usa.1/scoreboard?dates=20180317,https://site.api.espn.com/apis/site/v2/sports/soccer/usa.1/scoreboard?dates=20180317,2026-10-02T09:30:49+00:00,scoreboard.events[502726].competitions[0],983586161d0c23ec
2018,2018-03-17,15:00,19:00,CF Montréal,Toronto FC,MTL,TOR,502724,mls-2018-MTL-TOR-20180317,Regular Season,,Stade Olympique (Montreal),Montreal,Montreal,America/Toronto,full_time,,https://site.api.espn.com/apis/site/v2/sports/soccer/usa.1/scoreboard?dates=20180317,https://site.api.espn.com/apis/site/v2/sports/soccer/usa.1/scoreboard?dates=20180317,2026-10-02T09:30:49+00:00,scoreboard.events[502724].competitions[0],983586161d0c23ec
2018,2018-03-17,15:30,19:30,New York City FC,Orlando City SC,NYC,ORL,502723,mls-2018-NYC-ORL-20180317,Regular Season,,Yankee Stadium,New York,New York City,America/New_York,full_time,,https://site.api.espn.com/apis/site/v2/sports/soccer/usa.1/scoreboard?dates=20180317,https://site.api.espn.com/apis/site/v2/sports/soccer/usa.1/scoreboard?dates=20180317,2026-10-02T09:30:49+00:00,scoreboard.events[502723].competitions[0],983586161d0c23ec
2018,2018-03-17,19:30,23:30,Atlanta United FC,Vancouver Whitecaps,ATL,VAN,502722,mls-2018-ATL-VAN-20180317,Regular Season,,Mercedes-Benz Stadium,Atlanta,"Atlanta, Georgia",America/New_York,full_time,,https://site.api.espn.com/apis/site/v2/sports/soccer/usa.1/scoreboard?dates=20180317,https://site.api.espn.com/apis/site/v2/sports/soccer/usa.1/scoreboard?dates=20180317,2026-10-02T09:30:49+00:00,scoreboard.events[502722].competitions[0],983586161d0c23ec
2018,2018-03-17,19:30,00:30,Sporting Kansas City,San Jose Earthquakes,SKC,SJ,502721,mls-2018-SKC-SJ-20180317,Regular Season,,Children's Mercy Park,Kansas City,"Kansas City, Kansas",America/Chicago,full_time,,https://site.api.espn.com/apis/site/v2/sports/soccer/usa.1/scoreboard?dates=20180317,https://site.api.espn.com/apis/site/v2/sports/soccer/usa.1/scoreboard?dates=20180317,2026-10-02T09:30:49+00:00,scoreboard.events[502721].competitions[0],983586161d0c23ec
2018,2018-03-17,19:00,01:00,Real Salt Lake,Red Bull New York,RSL,RBNY,502720,mls-2018-RSL-RBNY-20180317,Regular Season,,America First Field,Sandy,"Sandy, Utah",America/Denver,full_time,,https://site.api.espn.com/apis/site/v2/sports/soccer/usa.1/scoreboard?dates=20180317,https://site.api.espn.com/apis/site/v2/sports/soccer/usa.1/scoreboard?dates=20180317,2026-10-02T09:30:49+00:00,scoreboard.events[502720].competitions[0],983586161d0c23ec
2018,2018-03-18,16:00,21:00,FC Dallas,Seattle Sounders FC,DAL,SEA,502719,mls-2018-DAL-SEA-20180318,Regular Season,,Toyota Stadium,Frisco,Toyota Stadium,America/Chicago,full_time,,https://site.api.espn.com/apis/site/v2/sports/soccer/usa.1/scoreboard?dates=20180318,https://site.api.espn.com/apis/site/v2/sports/soccer/usa.1/scoreboard?dates=20180318,2026-10-02T09:30:49+00:00,scoreboard.events[502719].competitions[0],191f6e97c0957474
2018,2018-03-24,13:30,17:30,New England Revolution,New York City FC,NE,NYC,502718,mls-2018-NE-NYC-20180324,Regular Season,,Gillette Stadium,Foxborough,"Foxborough, Massachusetts",America/New_York,full_time,,https://site.api.espn.com/apis/site/v2/sports/soccer/usa.1/scoreboard?dates=20180324,https://site.api.espn.com/apis/site/v2/sports/soccer/usa.1/scoreboard?dates=20180324,2026-10-02T09:30:49+00:00,scoreboard.events[502718].competitions[0],eeb80ebe9ca1539a
2018,2018-03-24,14:30,19:30,FC Dallas,Portland Timbers,DAL,POR,502717,mls-2018-DAL-POR-20180324,Regular Season,,Toyota Stadium,Frisco,Toyota Stadium,America/Chicago,full_time,,https://site.api.espn.com/apis/site/v2/sports/soccer/usa.1/scoreboard?dates=20180324,https://site.api.espn.com/apis/site/v2/sports/soccer/usa.1/scoreboard?dates=20180324,2026-10-02T09:30:49+00:00,scoreboard.events[502717].competitions[0],eeb80ebe9ca1539a
2018,2018-03-24,18:00,22:00,Columbus Crew,D.C. United,CLB,DC,502716,mls-2018-CLB-DC-20180324,Regular Season,,Historic Crew Stadium,Columbus,"Columbus, Ohio",America/New_York,full_time,,https://site.api.espn.com/apis/site/v2/sports/soccer/usa.1/scoreboard?dates=20180324,https://site.api.espn.com/apis/site/v2/sports/soccer/usa.1/scoreboard?dates=20180324,2026-10-02T09:30:49+00:00,scoreboard.events[502716].competitions[0],eeb80ebe9ca1539a
2018,2018-03-24,19:00,23:00,Red Bull New York,Minnesota United FC,RBNY,MIN,502715,mls-2018-RBNY-MIN-20180324,Regular Season,,Sports Illustrated Stadium,Harrison,"Harrison, New Jersey",America/New_York,full_time,,https://site.api.espn.com/apis/site/v2/sports/soccer/usa.1/scoreboard?dates=20180324,https://site.api.espn.com/apis/site/v2/sports/soccer/usa.1/scoreboard?dates=20180324,2026-10-02T09:30:49+00:00,scoreboard.events[502715].competitions[0],eeb80ebe9ca1539a
2018,2018-03-24,19:00,01:00,Colorado Rapids,Sporting Kansas City,COL,SKC,502714,mls-2018-COL-SKC-20180324,Regular Season,,Dick's Sporting Goods Park,Commerce City,"Commerce City, Colorado",America/Denver,full_time,,https://site.api.espn.com/apis/site/v2/sports/soccer/usa.1/scoreboard?dates=20180324,https://site.api.espn.com/apis/site/v2/sports/soccer/usa.1/scoreboard?dates=20180324,2026-10-02T09:30:49+00:00,scoreboard.events[502714].competitions[0],eeb80ebe9ca1539a
2018,2018-03-24,19:00,02:00,Vancouver Whitecaps,LA Galaxy,VAN,LA,502713,mls-2018-VAN-LA-20180324,Regular Season,,BC Place,Vancouver,Vancouver,America/Vancouver,full_time,,https://site.api.espn.com/apis/site/v2/sports/soccer/usa.1/scoreboard?dates=20180324,https://site.api.espn.com/apis/site/v2/sports/soccer/usa.1/scoreboard?dates=20180324,2026-10-02T09:30:49+00:00,scoreboard.events[502713].competitions[0],eeb80ebe9ca1539a
2018,2018-03-30,20:00,00:00,Toronto FC,Real Salt Lake,TOR,RSL,502712,mls-2018-TOR-RSL-20180330,Regular Season,,BMO Field,Toronto,Toronto,America/Toronto,full_time,,https://site.api.espn.com/apis/site/v2/sports/soccer/usa.1/scoreboard?dates=20180330,https://site.api.espn.com/apis/site/v2/sports/soccer/usa.1/scoreboard?dates=20180330,2026-10-02T09:30:50+00:00,scoreboard.events[502712].competitions[0],1d25a3f7c848b551
2018,2018-03-31,13:00,17:00,Orlando City SC,Red Bull New York,ORL,RBNY,502709,mls-2018-ORL-RBNY-20180331,Regular Season,,Inter&Co Stadium,Orlando,"Orlando, Florida",America/New_York,full_time,,https://site.api.espn.com/apis/site/v2/sports/soccer/usa.1/scoreboard?dates=20180331,https://site.api.espn.com/apis/site/v2/sports/soccer/usa.1/scoreboard?dates=20180331,2026-10-02T09:30:51+00:00,scoreboard.events[502709].competitions[0],48197c1bb77a4879
2018,2018-03-31,15:00,19:00,Columbus Crew,Vancouver Whitecaps,CLB,VAN,502711,mls-2018-CLB-VAN-20180331,Regular Season,,Historic Crew Stadium,Columbus,"Columbus, Ohio",America/New_York,full_time,,https://site.api.espn.com/apis/site/v2/sports/soccer/usa.1/scoreboard?dates=20180331,https://site.api.espn.com/apis/site/v2/sports/soccer/usa.1/scoreboard?dates=20180331,2026-10-02T09:30:51+00:00,scoreboard.events[502711].competitions[0],48197c1bb77a4879
2018,2018-03-31,12:00,19:00,LA Galaxy,LAFC,LA,LAFC,502710,mls-2018-LA-LAFC-20180331,Regular Season,,Dignity Health Sports Park,Carson,"Carson, California",America/Los_Angeles,full_time,,https://site.api.espn.com/apis/site/v2/sports/soccer/usa.1/scoreboard?dates=20180331,https://site.api.espn.com/apis/site/v2/sports/soccer/usa.1/scoreboard?dates=20180331,2026-10-02T09:30:51+00:00,scoreboard.events[502710].competitions[0],48197c1bb77a4879
2018,2018-03-31,17:00,22:00,Chicago Fire FC,Portland Timbers,CHI,POR,502708,mls-2018-CHI-POR-20180331,Regular Season,,SeatGeek Stadium,Bridgeview,"Bridgeview, Illinois",America/Chicago,full_time,,https://site.api.espn.com/apis/site/v2/sports/soccer/usa.1/scoreboard?dates=20180331,https://site.api.espn.com/apis/site/v2/sports/soccer/usa.1/scoreboard?dates=20180331,2026-10-02T09:30:51+00:00,scoreboard.events[502708].competitions[0],48197c1bb77a4879
2018,2018-03-31,19:00,00:00,Minnesota United FC,Atlanta United FC,MIN,ATL,502702,mls-2018-MIN-ATL-20180331,Regular Season,,TCF Bank Stadium,Minneapolis,"Minneapolis, Minnesota",America/Chicago,full_time,,https://site.api.espn.com/apis/site/v2/sports/soccer/usa.1/scoreboard?dates=20180331,https://site.api.espn.com/apis/site/v2/sports/soccer/usa.1/scoreboard?dates=20180331,2026-10-02T09:30:51+00:00,scoreboard.events[502702].competitions[0],48197c1bb77a4879
2018,2018-03-31,17:00,00:00,San Jose Earthquakes,New York City FC,SJ,NYC,502704,mls-2018-SJ-NYC-20180331,Regular Season,,PayPal Park,San Jose,"San Jose, California",America/Los_Angeles,full_time,,https://site.api.espn.com/apis/site/v2/sports/soccer/usa.1/scoreboard?dates=20180331,https://site.api.espn.com/apis/site/v2/sports/soccer/usa.1/scoreboard?dates=20180331,2026-10-02T09:30:51+00:00,scoreboard.events[502704].competitions[0],48197c1bb77a4879
2018,2018-03-31,19:30,00:30,Houston Dynamo FC,New England Revolution,HOU,NE,502707,mls-2018-HOU-NE-20180331,Regular Season,,Shell Energy Stadium,Houston,"Houston, Texas",America/Chicago,full_time,,https://site.api.espn.com/apis/site/v2/sports/soccer/usa.1/scoreboard?dates=20180331,https://site.api.espn.com/apis/site/v2/sports/soccer/usa.1/scoreboard?dates=20180331,2026-10-02T09:30:51+00:00,scoreboard.events[502707].competitions[0],48197c1bb77a4879
2018,2018-03-31,19:30,00:30,Sporting Kansas City,D.C. United,SKC,DC,502706,mls-2018-SKC-DC-20180331,Regular Season,,Children's Mercy Park,Kansas City,"Kansas City, Kansas",America/Chicago,full_time,,https://site.api.espn.com/apis/site/v2/sports/soccer/usa.1/scoreboard?dates=20180331,https://site.api.espn.com/apis/site/v2/sports/soccer/usa.1/scoreboard?dates=20180331,2026-10-02T09:30:51+00:00,scoreboard.events[502706].competitions[0],48197c1bb77a4879
2018,2018-03-31,19:00,01:00,Colorado Rapids,Philadelphia Union,COL,PHI,502705,mls-2018-COL-PHI-20180331,Regular Season,,Dick's Sporting Goods Park,Commerce City,"Commerce City, Colorado",America/Denver,full_time,,https://site.api.espn.com/apis/site/v2/sports/soccer/usa.1/scoreboard?dates=20180331,https://site.api.espn.com/apis/site/v2/sports/soccer/usa.1/scoreboard?dates=20180331,2026-10-02T09:30:51+00:00,scoreboard.events[502705].competitions[0],48197c1bb77a4879
2018,2018-03-31,19:00,02:00,Seattle Sounders FC,CF Montréal,SEA,MTL,502703,mls-2018-SEA-MTL-20180331,Regular Season,,Lumen Field,Seattle,"Seattle, Washington",America/Los_Angeles,full_time,,https://site.api.espn.com/apis/site/v2/sports/soccer/usa.1/scoreboard?dates=20180331,https://site.api.espn.com/apis/site/v2/sports/soccer/usa.1/scoreboard?dates=20180331,2026-10-02T09:30:51+00:00,scoreboard.events[502703].competitions[0],48197c1bb77a4879
2018,2018-04-06,19:30,23:30,New England Revolution,CF Montréal,NE,MTL,502701,mls-2018-NE-MTL-20180406,Regular Season,,Gillette Stadium,Foxborough,"Foxborough, Massachusetts",America/New_York,full_time,,https://site.api.espn.com/apis/site/v2/sports/soccer/usa.1/scoreboard?dates=20180406,https://site.api.espn.com/apis/site/v2/sports/soccer/usa.1/scoreboard?dates=20180406,2026-10-02T09:30:52+00:00,scoreboard.events[502701].competitions[0],434b93ca63ff95bd
2018,2018-04-07,17:00,21:00,Atlanta United FC,LAFC,ATL,LAFC,502698,mls-2018-ATL-LAFC-20180407,Regular Season,,Mercedes-Benz Stadium,Atlanta,"Atlanta, Georgia",America/New_York,full_time,,https://site.api.espn.com/apis/site/v2/sports/soccer/usa.1/scoreboard?dates=20180407,https://site.api.espn.com/apis/site/v2/sports/soccer/usa.1/scoreboard?dates=20180407,2026-10-02T09:30:52+00:00,scoreboard.events[502698].competitions[0],e3fe0aea942fbcaf
2018,2018-04-07,19:00,23:00,Philadelphia Union,San Jose Earthquakes,PHI,SJ,502700,mls-2018-PHI-SJ-20180407,Regular Season,,Subaru Park,Chester,"Chester, Pennsylvania",America/New_York,full_time,,https://site.api.espn.com/apis/site/v2/sports/soccer/usa.1/scoreboard?dates=20180407,https://site.api.espn.com/apis/site/v2/sports/soccer/usa.1/scoreboard?dates=20180407,2026-10-02T09:30:52+00:00,scoreboard.events[502700].competitions[0],e3fe0aea942fbcaf
2018,2018-04-07,19:00,00:00,FC Dallas,Colorado Rapids,DAL,COL,502696,mls-2018-DAL-COL-20180407,Regular Season,,Toyota Stadium,Frisco,Toyota Stadium,America/Chicago,full_time,,https://site.api.espn.com/apis/site/v2/sports/soccer/usa.1/scoreboard?dates=20180407,https://site.api.espn.com/apis/site/v2/sports/soccer/usa.1/scoreboard?dates=20180407,2026-10-02T09:30:52+00:00,scoreboard.events[502696].competitions[0],e3fe0aea942fbcaf
2018,2018-04-07,19:30,00:30,Chicago Fire FC,Columbus Crew,CHI,CLB,502695,mls-2018-CHI-CLB-20180407,Regular Season,,SeatGeek Stadium,Bridgeview,"Bridgeview, Illinois",America/Chicago,full_time,,https://site.api.espn.com/apis/site/v2/sports/soccer/usa.1/scoreboard?dates=20180407,https://site.api.espn.com/apis/site/v2/sports/soccer/usa.1/scoreboard?dates=20180407,2026-10-02T09:30:52+00:00,scoreboard.events[502695].competitions[0],e3fe0aea942fbcaf
2018,2018-04-07,19:30,01:30,Real Salt Lake,Vancouver Whitecaps,RSL,VAN,502694,mls-2018-RSL-VAN-20180407,Regular Season,,America First Field,Sandy,"Sandy, Utah",America/Denver,full_time,,https://site.api.espn.com/apis/site/v2/sports/soccer/usa.1/scoreboard?dates=20180407,https://site.api.espn.com/apis/site/v2/sports/soccer/usa.1/scoreboard?dates=20180407,2026-10-02T09:30:52+00:00,scoreboard.events[502694].competitions[0],e3fe0aea942fbcaf
2018,2018-04-08,16:00,20:00,Orlando City SC,Portland Timbers,ORL,POR,502693,mls-2018-ORL-POR-20180408,Regular Season,,Inter&Co Stadium,Orlando,"Orlando, Florida",America/New_York,full_time,,https://site.api.espn.com/apis/site/v2/sports/soccer/usa.1/scoreboard?dates=20180408,https://site.api.espn.com/apis/site/v2/sports/soccer/usa.1/scoreboard?dates=20180408,2026-10-02T09:30:52+00:00,scoreboard.events[502693].competitions[0],1552b64eaeaf41e9
2018,2018-04-08,18:00,01:00,LA Galaxy,Sporting Kansas City,LA,SKC,502692,mls-2018-LA-SKC-20180408,Regular Season,,Dignity Health Sports Park,Carson,"Carson, California",America/Los_Angeles,full_time,,https://site.api.espn.com/apis/site/v2/sports/soccer/usa.1/scoreboard?dates=20180408,https://site.api.espn.com/apis/site/v2/sports/soccer/usa.1/scoreboard?dates=20180408,2026-10-02T09:30:52+00:00,scoreboard.events[502692].competitions[0],1552b64eaeaf41e9
2018,2018-04-11,19:00,23:00,New York City FC,Real Salt Lake,NYC,RSL,502691,mls-2018-NYC-RSL-20180411,Regular Season,,Yankee Stadium,New York,New York City,America/New_York,full_time,,https://site.api.espn.com/apis/site/v2/sports/soccer/usa.1/scoreboard?dates=20180411,https://site.api.espn.com/apis/site/v2/sports/soccer/usa.1/scoreboard?dates=20180411,2026-10-02T09:30:53+00:00,scoreboard.events[502691].competitions[0],70f1746130dc465e
2018,2018-04-13,20:00,00:00,Philadelphia Union,Orlando City SC,PHI,ORL,502690,mls-2018-PHI-ORL-20180413,Regular Season,,Subaru Park,Chester,"Chester, Pennsylvania",America/New_York,full_time,,https://site.api.espn.com/apis/site/v2/sports/soccer/usa.1/scoreboard?dates=20180413,https://site.api.espn.com/apis/site/v2/sports/soccer/usa.1/scoreboard?dates=20180413,2026-10-02T09:30:53+00:00,scoreboard.events[502690].competitions[0],3fcbcf3cc225168f
2018,2018-04-13,19:00,02:00,Vancouver Whitecaps,LAFC,VAN,LAFC,502689,mls-2018-VAN-LAFC-20180413,Regular Season,,BC Place,Vancouver,Vancouver,America/Vancouver,full_time,,https://site.api.espn.com/apis/site/v2/sports/soccer/usa.1/scoreboard?dates=20180413,https://site.api.espn.com/apis/site/v2/sports/soccer/usa.1/scoreboard?dates=20180413,2026-10-02T09:30:53+00:00,scoreboard.events[502689].competitions[0],3fcbcf3cc225168f
2018,2018-04-14,13:00,17:00,Red Bull New York,CF Montréal,RBNY,MTL,502688,mls-2018-RBNY-MTL-20180414,Regular Season,,Sports Illustrated Stadium,Harrison,"Harrison, New Jersey",America/New_York,full_time,,https://site.api.espn.com/apis/site/v2/sports/soccer/usa.1/scoreboard?dates=20180414,https://site.api.espn.com/apis/site/v2/sports/soccer/usa.1/scoreboard?dates=20180414,2026-10-02T09:30:54+00:00,scoreboard.events[502688].competitions[0],f6e9e3dcfbd70b5b
2018,2018-04-14,13:00,19:00,Colorado Rapids,Toronto FC,COL,TOR,502687,mls-2018-COL-TOR-20180414,Regular Season,,Dick's Sporting Goods Park,Commerce City,"Commerce City, Colorado",America/Denver,full_time,,https://site.api.espn.com/apis/site/v2/sports/soccer/usa.1/scoreboard?dates=20180414,https://site.api.espn.com/apis/site/v2/sports/soccer/usa.1/scoreboard?dates=20180414,2026-10-02T09:30:54+00:00,scoreboard.events[502687].competitions[0],f6e9e3dcfbd70b5b
2018,2018-04-14,14:30,19:30,Chicago Fire FC,LA Galaxy,CHI,LA,502686,mls-2018-CHI-LA-20180414,Regular Season,,SeatGeek Stadium,Bridgeview,"Bridgeview, Illinois",America/Chicago,full_time,,https://site.api.espn.com/apis/site/v2/sports/soccer/usa.1/scoreboard?dates=20180414,https://site.api.espn.com/apis/site/v2/sports/soccer/usa.1/scoreboard?dates=20180414,2026-10-02T09:30:54+00:00,scoreboard.events[502686].competitions[0],f6e9e3dcfbd70b5b
2018,2018-04-14,19:00,23:00,D.C. United,Columbus Crew,DC,CLB,502685,mls-2018-DC-CLB-20180414,Regular Season,,Navy-Marine Corps Memorial Stadium,Annapolis,"Annapolis, Maryland",America/New_York,full_time,venue_override:Navy-Marine Corps Memorial Stadium,https://site.api.espn.com/apis/site/v2/sports/soccer/usa.1/scoreboard?dates=20180414,https://site.api.espn.com/apis/site/v2/sports/soccer/usa.1/scoreboard?dates=20180414,2026-10-02T09:30:54+00:00,scoreboard.events[502685].competitions[0],f6e9e3dcfbd70b5b
2018,2018-04-14,19:30,23:30,New England Revolution,FC Dallas,NE,DAL,502684,mls-2018-NE-DAL-20180414,Regular Season,,Gillette Stadium,Foxborough,"Foxborough, Massachusetts",America/New_York,full_time,,https://site.api.espn.com/apis/site/v2/sports/soccer/usa.1/scoreboard?dates=20180414,https://site.api.espn.com/apis/site/v2/sports/soccer/usa.1/scoreboard?dates=20180414,2026-10-02T09:30:54+00:00,scoreboard.events[502684].competitions[0],f6e9e3dcfbd70b5b
2018,2018-04-14,19:30,02:30,Portland Timbers,Minnesota United FC,POR,MIN,502683,mls-2018-POR-MIN-20180414,Regular Season,,Providence Park,Portland,"Portland, Oregon",America/Los_Angeles,full_time,,https://site.api.espn.com/apis/site/v2/sports/soccer/usa.1/scoreboard?dates=20180414,https://site.api.espn.com/apis/site/v2/sports/soccer/usa.1/scoreboard?dates=20180414,2026-10-02T09:30:54+00:00,scoreboard.events[502683].competitions[0],f6e9e3dcfbd70b5b
2018,2018-04-14,19:30,02:30,San Jose Earthquakes,Houston Dynamo FC,SJ,HOU,502682,mls-2018-SJ-HOU-20180414,Regular Season,,PayPal Park,San Jose,"San Jose, California",America/Los_Angeles,full_time,,https://site.api.espn.com/apis/site/v2/sports/soccer/usa.1/scoreboard?dates=20180414,https://site.api.espn.com/apis/site/v2/sports/soccer/usa.1/scoreboard?dates=20180414,2026-10-02T09:30:54+00:00,scoreboard.events[502682].competitions[0],f6e9e3dcfbd70b5b
2018,2018-04-15,15:00,20:00,Sporting Kansas City,Seattle Sounders FC,SKC,SEA,502681,mls-2018-SKC-SEA-20180415,Regular Season,,Children's Mercy Park,Kansas City,"Kansas City, Kansas",America/Chicago,full_time,,https://site.api.espn.com/apis/site/v2/sports/soccer/usa.1/scoreboard?dates=20180415,https://site.api.espn.com/apis/site/v2/sports/soccer/usa.1/scoreboard?dates=20180415,2026-10-02T09:30:53+00:00,scoreboard.events[502681].competitions[0],d137d8a796d6b429
2018,2018-04-15,18:00,22:00,Atlanta United FC,New York City FC,ATL,NYC,502680,mls-2018-ATL-NYC-20180415,Regular Season,,Mercedes-Benz Stadium,Atlanta,"Atlanta, Georgia",America/New_York,full_time,,https://site.api.espn.com/apis/site/v2/sports/soccer/usa.1/scoreboard?dates=20180415,https://site.api.espn.com/apis/site/v2/sports/soccer/usa.1/scoreboard?dates=20180415,2026-10-02T09:30:53+00:00,scoreboard.events[502680].competitions[0],d137d8a796d6b429
2018,2018-04-20,20:00,01:00,Sporting Kansas City,Vancouver Whitecaps,SKC,VAN,502679,mls-2018-SKC-VAN-20180420,Regular Season,,Children's Mercy Park,Kansas City,"Kansas City, Kansas",America/Chicago,full_time,,https://site.api.espn.com/apis/site/v2/sports/soccer/usa.1/scoreboard?dates=20180420,https://site.api.espn.com/apis/site/v2/sports/soccer/usa.1/scoreboard?dates=20180420,2026-10-02T09:30:55+00:00,scoreboard.events[502679].competitions[0],eb03898905a6e650
2018,2018-04-21,13:00,17:00,CF Montréal,LAFC,MTL,LAFC,502678,mls-2018-MTL-LAFC-20180421,Regular Season,,Stade Saputo,Montreal,Montreal,America/Toronto,full_time,,https://site.api.espn.com/apis/site/v2/sports/soccer/usa.1/scoreboard?dates=20180421,https://site.api.espn.com/apis/site/v2/sports/soccer/usa.1/scoreboard?dates=20180421,2026-10-02T09:30:55+00:00,scoreboard.events[502678].competitions[0],5a643888333ea157
2018,2018-04-21,14:00,19:00,Houston Dynamo FC,Toronto FC,HOU,TOR,502676,mls-2018-HOU-TOR-20180421,Regular Season,,Shell Energy Stadium,Houston,"Houston, Texas",America/Chicago,full_time,,https://site.api.espn.com/apis/site/v2/sports/soccer/usa.1/scoreboard?dates=20180421,https://site.api.espn.com/apis/site/v2/sports/soccer/usa.1/scoreboard?dates=20180421,2026-10-02T09:30:55+00:00,scoreboard.events[502676].competitions[0],5a643888333ea157
2018,2018-04-21,15:30,19:30,Red Bull New York,Chicago Fire FC,RBNY,CHI,502677,mls-2018-RBNY-CHI-20180421,Regular Season,,Sports Illustrated Stadium,Harrison,"Harrison, New Jersey",America/New_York,full_time,,https://site.api.espn.com/apis/site/v2/sports/soccer/usa.1/scoreboard?dates=20180421,https://site.api.espn.com/apis/site/v2/sports/soccer/usa.1/scoreboard?dates=20180421,2026-10-02T09:30:55+00:00,scoreboard.events[502677].competitions[0],5a643888333ea157
2018,2018-04-21,19:30,23:30,Columbus Crew,New England Revolution,CLB,NE,502674,mls-2018-CLB-NE-20180421,Regular Season,,Historic Crew Stadium,Columbus,"Columbus, Ohio",America/New_York,full_time,,https://site.api.espn.com/apis/site/v2/sports/soccer/usa.1/scoreboard?dates=20180421,https://site.api.espn.com/apis/site/v2/sports/soccer/usa.1/scoreboard?dates=20180421,2026-10-02T09:30:55+00:00,scoreboard.events[502674].competitions[0],5a643888333ea157
2018,2018-04-21,19:30,23:30,Orlando City SC,San Jose Earthquakes,ORL,SJ,502675,mls-2018-ORL-SJ-20180421,Regular Season,,Inter&Co Stadium,Orlando,"Orlando, Florida",America/New_York,full_time,,https://site.api.espn.com/apis/site/v2/sports/soccer/usa.1/scoreboard?dates=20180421,https://site.api.espn.com/apis/site/v2/sports/soccer/usa.1/scoreboard?dates=20180421,2026-10-02T09:30:55+00:00,scoreboard.events[502675].competitions[0],5a643888333ea157
2018,2018-04-21,19:00,00:00,FC Dallas,Philadelphia Union,DAL,PHI,502673,mls-2018-DAL-PHI-20180421,Regular Season,,Toyota Stadium,Frisco,Toyota Stadium,America/Chicago,full_time,,https://site.api.espn.com/apis/site/v2/sports/soccer/usa.1/scoreboard?dates=20180421,https://site.api.espn.com/apis/site/v2/sports/soccer/usa.1/scoreboard?dates=20180421,2026-10-02T09:30:55+00:00,scoreboard.events[502673].competitions[0],5a643888333ea157
2018,2018-04-21,19:00,01:00,Real Salt Lake,Colorado Rapids,RSL,COL,502672,mls-2018-RSL-COL-20180421,Regular Season,,America First Field,Sandy,"Sandy, Utah",America/Denver,full_time,,https://site.api.espn.com/apis/site/v2/sports/soccer/usa.1/scoreboard?dates=20180421,https://site.api.espn.com/apis/site/v2/sports/soccer/usa.1/scoreboard?dates=20180421,2026-10-02T09:30:55+00:00,scoreboard.events[502672].competitions[0],5a643888333ea157
2018,2018-04-21,19:30,02:30,LA Galaxy,Atlanta United FC,LA,ATL,502671,mls-2018-LA-ATL-20180421,Regular Season,,Dignity Health Sports Park,Carson,"Carson, California",America/Los_Angeles,full_time,,https://site.api.espn.com/apis/site/v2/sports/soccer/usa.1/scoreboard?dates=20180421,https://site.api.espn.com/apis/site/v2/sports/soccer/usa.1/scoreboard?dates=20180421,2026-10-02T09:30:55+00:00,scoreboard.events[502671].competitions[0],5a643888333ea157
2018,2018-04-22,13:00,20:00,Seattle Sounders FC,Minnesota United FC,SEA,MIN,502670,mls-2018-SEA-MIN-20180422,Regular Season,,Lumen Field,Seattle,"Seattle, Washington",America/Los_Angeles,full_time,,https://site.api.espn.com/apis/site/v2/sports/soccer/usa.1/scoreboard?dates=20180422,https://site.api.espn.com/apis/site/v2/sports/soccer/usa.1/scoreboard?dates=20180422,2026-10-02T09:30:55+00:00,scoreboard.events[502670].competitions[0],7d6bdb66b99d51a4
2018,2018-04-22,15:00,22:00,Portland Timbers,New York City FC,POR,NYC,502669,mls-2018-POR-NYC-20180422,Regular Season,,Providence Park,Portland,"Portland, Oregon",America/Los_Angeles,full_time,,https://site.api.espn.com/apis/site/v2/sports/soccer/usa.1/scoreboard?dates=20180422,https://site.api.espn.com/apis/site/v2/sports/soccer/usa.1/scoreboard?dates=20180422,2026-10-02T09:30:55+00:00,scoreboard.events[502669].competitions[0],7d6bdb66b99d51a4
2018,2018-04-27,19:30,02:30,Vancouver Whitecaps,Real Salt Lake,VAN,RSL,502668,mls-2018-VAN-RSL-20180427,Regular Season,,BC Place,Vancouver,Vancouver,America/Vancouver,full_time,,https://site.api.espn.com/apis/site/v2/sports/soccer/usa.1/scoreboard?dates=20180427,https://site.api.espn.com/apis/site/v2/sports/soccer/usa.1/scoreboard?dates=20180427,2026-10-02T09:30:56+00:00,scoreboard.events[502668].competitions[0],ff73f324a69a791c
2018,2018-04-28,13:00,17:00,Atlanta United FC,CF Montréal,ATL,MTL,502667,mls-2018-ATL-MTL-20180428,Regular Season,,Mercedes-Benz Stadium,Atlanta,"Atlanta, Georgia",America/New_York,full_time,,https://site.api.espn.com/apis/site/v2/sports/soccer/usa.1/scoreboard?dates=20180428,https://site.api.espn.com/apis/site/v2/sports/soccer/usa.1/scoreboard?dates=20180428,2026-10-02T09:30:56+00:00,scoreboard.events[502667].competitions[0],7e587ec7e4488d48
2018,2018-04-28,15:00,19:00,Toronto FC,Chicago Fire FC,TOR,CHI,502666,mls-2018-TOR-CHI-20180428,Regular Season,,BMO Field,Toronto,Toronto,America/Toronto,full_time,,https://site.api.espn.com/apis/site/v2/sports/soccer/usa.1/scoreboard?dates=20180428,https://site.api.espn.com/apis/site/v2/sports/soccer/usa.1/scoreboard?dates=20180428,2026-10-02T09:30:56+00:00,scoreboard.events[502666].competitions[0],7e587ec7e4488d48
2018,2018-04-28,15:30,19:30,Philadelphia Union,D.C. United,PHI,DC,502665,mls-2018-PHI-DC-20180428,Regular Season,,Subaru Park,Chester,"Chester, Pennsylvania",America/New_York,full_time,,https://site.api.espn.com/apis/site/v2/sports/soccer/usa.1/scoreboard?dates=20180428,https://site.api.espn.com/apis/site/v2/sports/soccer/usa.1/scoreboard?dates=20180428,2026-10-02T09:30:56+00:00,scoreboard.events[502665].competitions[0],7e587ec7e4488d48
2018,2018-04-28,19:30,23:30,Columbus Crew,San Jose Earthquakes,CLB,SJ,502663,mls-2018-CLB-SJ-20180428,Regular Season,,Historic Crew Stadium,Columbus,"Columbus, Ohio",America/New_York,full_time,,https://site.api.espn.com/apis/site/v2/sports/soccer/usa.1/scoreboard?dates=20180428,https://site.api.espn.com/apis/site/v2/sports/soccer/usa.1/scoreboard?dates=20180428,2026-10-02T09:30:56+00:00,scoreboard.events[502663].competitions[0],7e587ec7e4488d48
2018,2018-04-28,19:30,23:30,New England Revolution,Sporting Kansas City,NE,SKC,502664,mls-2018-NE-SKC-20180428,Regular Season,,Gillette Stadium,Foxborough,"Foxborough, Massachusetts",America/New_York,full_time,,https://site.api.espn.com/apis/site/v2/sports/soccer/usa.1/scoreboard?dates=20180428,https://site.api.espn.com/apis/site/v2/sports/soccer/usa.1/scoreboard?dates=20180428,2026-10-02T09:30:56+00:00,scoreboard.events[502664].competitions[0],7e587ec7e4488d48
2018,2018-04-28,19:00,00:00,Minnesota United FC,Houston Dynamo FC,MIN,HOU,502662,mls-2018-MIN-HOU-20180428,Regular Season,,TCF Bank Stadium,Minneapolis,"Minneapolis, Minnesota",America/Chicago,full_time,,https://site.api.espn.com/apis/site/v2/sports/soccer/usa.1/scoreboard?dates=20180428,https://site.api.espn.com/apis/site/v2/sports/soccer/usa.1/scoreboard?dates=20180428,2026-10-02T09:30:56+00:00,scoreboard.events[502662].competitions[0],7e587ec7e4488d48
2018,2018-04-28,19:30,02:30,LA Galaxy,Red Bull New York,LA,RBNY,502661,mls-2018-LA-RBNY-20180428,Regular Season,,Dignity Health Sports Park,Carson,"Carson, California",America/Los_Angeles,full_time,,https://site.api.espn.com/apis/site/v2/sports/soccer/usa.1/scoreboard?dates=20180428,https://site.api.espn.com/apis/site/v2/sports/soccer/usa.1/scoreboard?dates=20180428,2026-10-02T09:30:56+00:00,scoreboard.events[502661].competitions[0],7e587ec7e4488d48
2018,2018-04-29,14:00,20:00,Colorado Rapids,Orlando City SC,COL,ORL,502660,mls-2018-COL-ORL-20180429,Regular Season,,Dick's Sporting Goods Park,Commerce City,"Commerce City, Colorado",America/Denver,full_time,,https://site.api.espn.com/apis/site/v2/sports/soccer/usa.1/scoreboard?dates=20180429,https://site.api.espn.com/apis/site/v2/sports/soccer/usa.1/scoreboard?dates=20180429,2026-10-02T09:30:56+00:00,scoreboard.events[502660].competitions[0],d43aee3c24730e07
2018,2018-04-29,18:30,22:30,New York City FC,FC Dallas,NYC,DAL,502659,mls-2018-NYC-DAL-20180429,Regular Season,,Yankee Stadium,New York,New York City,America/New_York,full_time,,https://site.api.espn.com/apis/site/v2/sports/soccer/usa.1/scoreboard?dates=20180429,https://site.api.espn.com/apis/site/v2/sports/soccer/usa.1/scoreboard?dates=20180429,2026-10-02T09:30:56+00:00,scoreboard.events[502659].competitions[0],d43aee3c24730e07
2018,2018-04-29,18:00,01:00,LAFC,Seattle Sounders FC,LAFC,SEA,502658,mls-2018-LAFC-SEA-20180429,Regular Season,,BMO Stadium,Los Angeles,"Los Angeles, California",America/Los_Angeles,full_time,,https://site.api.espn.com/apis/site/v2/sports/soccer/usa.1/scoreboard?dates=20180429,https://site.api.espn.com/apis/site/v2/sports/soccer/usa.1/scoreboard?dates=20180429,2026-10-02T09:30:56+00:00,scoreboard.events[502658].competitions[0],d43aee3c24730e07
2018,2018-05-04,20:00,00:00,Toronto FC,Philadelphia Union,TOR,PHI,502657,mls-2018-TOR-PHI-20180504,Regular Season,,BMO Field,Toronto,Toronto,America/Toronto,full_time,,https://site.api.espn.com/apis/site/v2/sports/soccer/usa.1/scoreboard?dates=20180504,https://site.api.espn.com/apis/site/v2/sports/soccer/usa.1/scoreboard?dates=20180504,2026-10-02T09:30:57+00:00,scoreboard.events[502657].competitions[0],3699dc3af89690b7
2018,2018-05-05,13:00,17:00,CF Montréal,New England Revolution,MTL,NE,502656,mls-2018-MTL-NE-20180505,Regular Season,,Stade Saputo,Montreal,Montreal,America/Toronto,full_time,,https://site.api.espn.com/apis/site/v2/sports/soccer/usa.1/scoreboard?dates=20180505,https://site.api.espn.com/apis/site/v2/sports/soccer/usa.1/scoreboard?dates=20180505,2026-10-02T09:30:57+00:00,scoreboard.events[502656].competitions[0],220320b422b5e390
2018,2018-05-05,13:55,17:55,Red Bull New York,New York City FC,RBNY,NYC,502654,mls-2018-RBNY-NYC-20180505,Regular Season,,Sports Illustrated Stadium,Harrison,"Harrison, New Jersey",America/New_York,full_time,,https://site.api.espn.com/apis/site/v2/sports/soccer/usa.1/scoreboard?dates=20180505,https://site.api.espn.com/apis/site/v2/sports/soccer/usa.1/scoreboard?dates=20180505,2026-10-02T09:30:57+00:00,scoreboard.events[502654].competitions[0],220320b422b5e390
2018,2018-05-05,13:00,18:00,Minnesota United FC,Vancouver Whitecaps,MIN,VAN,502655,mls-2018-MIN-VAN-20180505,Regular Season,,TCF Bank Stadium,Minneapolis,"Minneapolis, Minnesota",America/Chicago,full_time,,https://site.api.espn.com/apis/site/v2/sports/soccer/usa.1/scoreboard?dates=20180505,https://site.api.espn.com/apis/site/v2/sports/soccer/usa.1/scoreboard?dates=20180505,2026-10-02T09:30:57+00:00,scoreboard.events[502655].competitions[0],220320b422b5e390
2018,2018-05-05,12:55,19:55,LAFC,FC Dallas,LAFC,DAL,502653,mls-2018-LAFC-DAL-20180505,Regular Season,,BMO Stadium,Los Angeles,"Los Angeles, California",America/Los_Angeles,full_time,,https://site.api.espn.com/apis/site/v2/sports/soccer/usa.1/scoreboard?dates=20180505,https://site.api.espn.com/apis/site/v2/sports/soccer/usa.1/scoreboard?dates=20180505,2026-10-02T09:30:57+00:00,scoreboard.events[502653].competitions[0],220320b422b5e390
2018,2018-05-05,13:00,20:00,Seattle Sounders FC,Columbus Crew,SEA,CLB,502652,mls-2018-SEA-CLB-20180505,Regular Season,,Lumen Field,Seattle,"Seattle, Washington",America/Los_Angeles,full_time,,https://site.api.espn.com/apis/site/v2/sports/soccer/usa.1/scoreboard?dates=20180505,https://site.api.espn.com/apis/site/v2/sports/soccer/usa.1/scoreboard?dates=20180505,2026-10-02T09:30:57+00:00,scoreboard.events[502652].competitions[0],220320b422b5e390
2018,2018-05-05,19:30,00:30,Chicago Fire FC,Atlanta United FC,CHI,ATL,502651,mls-2018-CHI-ATL-20180505,Regular Season,,SeatGeek Stadium,Bridgeview,"Bridgeview, Illinois",America/Chicago,full_time,,https://site.api.espn.com/apis/site/v2/sports/soccer/usa.1/scoreboard?dates=20180505,https://site.api.espn.com/apis/site/v2/sports/soccer/usa.1/scoreboard?dates=20180505,2026-10-02T09:30:57+00:00,scoreboard.events[502651].competitions[0],220320b422b5e390
2018,2018-05-05,19:30,00:30,Houston Dynamo FC,LA Galaxy,HOU,LA,502650,mls-2018-HOU-LA-20180505,Regular Season,,Shell Energy Stadium,Houston,"Houston, Texas",America/Chicago,full_time,,https://site.api.espn.com/apis/site/v2/sports/soccer/usa.1/scoreboard?dates=20180505,https://site.api.espn.com/apis/site/v2/sports/soccer/usa.1/scoreboard?dates=20180505,2026-10-02T09:30:57+00:00,scoreboard.events[502650].competitions[0],220320b422b5e390
2018,2018-05-05,19:30,00:30,Sporting Kansas City,Colorado Rapids,SKC,COL,502649,mls-2018-SKC-COL-20180505,Regular Season,,Children's Mercy Park,Kansas City,"Kansas City, Kansas",America/Chicago,full_time,,https://site.api.espn.com/apis/site/v2/sports/soccer/usa.1/scoreboard?dates=20180505,https://site.api.espn.com/apis/site/v2/sports/soccer/usa.1/scoreboard?dates=20180505,2026-10-02T09:30:57+00:00,scoreboard.events[502649].competitions[0],220320b422b5e390
2018,2018-05-05,19:30,02:30,San Jose Earthquakes,Portland Timbers,SJ,POR,502648,mls-2018-SJ-POR-20180505,Regular Season,,PayPal Park,San Jose,"San Jose, California",America/Los_Angeles,full_time,,https://site.api.espn.com/apis/site/v2/sports/soccer/usa.1/scoreboard?dates=20180505,https://site.api.espn.com/apis/site/v2/sports/soccer/usa.1/scoreboard?dates=20180505,2026-10-02T09:30:57+00:00,scoreboard.events[502648].competitions[0],220320b422b5e390
2018,2018-05-06,17:00,21:00,Orlando City SC,Real Salt Lake,ORL,RSL,502647,mls-2018-ORL-RSL-20180506,Regular Season,,Inter&Co Stadium,Orlando,"Orlando, Florida",America/New_York,full_time,,https://site.api.espn.com/apis/site/v2/sports/soccer/usa.1/scoreboard?dates=20180506,https://site.api.espn.com/apis/site/v2/sports/soccer/usa.1/scoreboard?dates=20180506,2026-10-02T09:30:57+00:00,scoreboard.events[502647].competitions[0],6ec526207bed4649
2018,2018-05-09,19:30,23:30,Atlanta United FC,Sporting Kansas City,ATL,SKC,502646,mls-2018-ATL-SKC-20180509,Regular Season,,Mercedes-Benz Stadium,Atlanta,"Atlanta, Georgia",America/New_York,full_time,,https://site.api.espn.com/apis/site/v2/sports/soccer/usa.1/scoreboard?dates=20180509,https://site.api.espn.com/apis/site/v2/sports/soccer/usa.1/scoreboard?dates=20180509,2026-10-02T09:30:58+00:00,scoreboard.events[502646].competitions[0],80931ebae12428c4
2018,2018-05-09,19:30,23:30,Columbus Crew,Philadelphia Union,CLB,PHI,502644,mls-2018-CLB-PHI-20180509,Regular Season,,Historic Crew Stadium,Columbus,"Columbus, Ohio",America/New_York,full_time,,https://site.api.espn.com/apis/site/v2/sports/soccer/usa.1/scoreboard?dates=20180509,https://site.api.espn.com/apis/site/v2/sports/soccer/usa.1/scoreboard?dates=20180509,2026-10-02T09:30:58+00:00,scoreboard.events[502644].competitions[0],80931ebae12428c4
2018,2018-05-09,19:30,23:30,Toronto FC,Seattle Sounders FC,TOR,SEA,502645,mls-2018-TOR-SEA-20180509,Regular Season,,BMO Field,Toronto,Toronto,America/Toronto,full_time,,https://site.api.espn.com/apis/site/v2/sports/soccer/usa.1/scoreboard?dates=20180509,https://site.api.espn.com/apis/site/v2/sports/soccer/usa.1/scoreboard?dates=20180509,2026-10-02T09:30:58+00:00,scoreboard.events[502645].competitions[0],80931ebae12428c4
2018,2018-05-09,19:30,00:30,Chicago Fire FC,CF Montréal,CHI,MTL,502643,mls-2018-CHI-MTL-20180509,Regular Season,,SeatGeek Stadium,Bridgeview,"Bridgeview, Illinois",America/Chicago,full_time,,https://site.api.espn.com/apis/site/v2/sports/soccer/usa.1/scoreboard?dates=20180509,https://site.api.espn.com/apis/site/v2/sports/soccer/usa.1/scoreboard?dates=20180509,2026-10-02T09:30:58+00:00,scoreboard.events[502643].competitions[0],80931ebae12428c4
2018,2018-05-09,19:00,02:00,LAFC,Minnesota United FC,LAFC,MIN,502642,mls-2018-LAFC-MIN-20180509,Regular Season,,BMO Stadium,Los Angeles,"Los Angeles, California",America/Los_Angeles,full_time,,https://site.api.espn.com/apis/site/v2/sports/soccer/usa.1/scoreboard?dates=20180509,https://site.api.espn.com/apis/site/v2/sports/soccer/usa.1/scoreboard?dates=20180509,2026-10-02T09:30:58+00:00,scoreboard.events[502642].competitions[0],80931ebae12428c4
2018,2018-05-11,19:30,02:30,Vancouver Whitecaps,Houston Dynamo FC,VAN,HOU,502641,mls-2018-VAN-HOU-20180511,Regular Season,,BC Place,Vancouver,Vancouver,America/Vancouver,full_time,,https://site.api.espn.com/apis/site/v2/sports/soccer/usa.1/scoreboard?dates=20180511,https://site.api.espn.com/apis/site/v2/sports/soccer/usa.1/scoreboard?dates=20180511,2026-10-02T09:30:58+00:00,scoreboard.events[502641].competitions[0],1c470fac4d448611
2018,2018-05-12,13:00,18:00,Minnesota United FC,San Jose Earthquakes,MIN,SJ,502640,mls-2018-MIN-SJ-20180512,Regular Season,,TCF Bank Stadium,Minneapolis,"Minneapolis, Minnesota",America/Chicago,full_time,,https://site.api.espn.com/apis/site/v2/sports/soccer/usa.1/scoreboard?dates=20180512,https://site.api.espn.com/apis/site/v2/sports/soccer/usa.1/scoreboard?dates=20180512,2026-10-02T09:30:58+00:00,scoreboard.events[502640].competitions[0],b3a816367b922a15
2018,2018-05-12,15:00,19:00,CF Montréal,Philadelphia Union,MTL,PHI,502639,mls-2018-MTL-PHI-20180512,Regular Season,,Stade Saputo,Montreal,Montreal,America/Toronto,full_time,,https://site.api.espn.com/apis/site/v2/sports/soccer/usa.1/scoreboard?dates=20180512,https://site.api.espn.com/apis/site/v2/sports/soccer/usa.1/scoreboard?dates=20180512,2026-10-02T09:30:58+00:00,scoreboard.events[502639].competitions[0],b3a816367b922a15
2018,2018-05-12,14:30,19:30,FC Dallas,LA Galaxy,DAL,LA,502638,mls-2018-DAL-LA-20180512,Regular Season,,Toyota Stadium,Frisco,Toyota Stadium,America/Chicago,full_time,,https://site.api.espn.com/apis/site/v2/sports/soccer/usa.1/scoreboard?dates=20180512,https://site.api.espn.com/apis/site/v2/sports/soccer/usa.1/scoreboard?dates=20180512,2026-10-02T09:30:58+00:00,scoreboard.events[502638].competitions[0],b3a816367b922a15
2018,2018-05-12,19:30,23:30,Columbus Crew,Chicago Fire FC,CLB,CHI,502636,mls-2018-CLB-CHI-20180512,Regular Season,,Historic Crew Stadium,Columbus,"Columbus, Ohio",America/New_York,full_time,,https://site.api.espn.com/apis/site/v2/sports/soccer/usa.1/scoreboard?dates=20180512,https://site.api.espn.com/apis/site/v2/sports/soccer/usa.1/scoreboard?dates=20180512,2026-10-02T09:30:58+00:00,scoreboard.events[502636].competitions[0],b3a816367b922a15
2018,2018-05-12,19:30,23:30,New England Revolution,Toronto FC,NE,TOR,502637,mls-2018-NE-TOR-20180512,Regular Season,,Gillette Stadium,Foxborough,"Foxborough, Massachusetts",America/New_York,full_time,,https://site.api.espn.com/apis/site/v2/sports/soccer/usa.1/scoreboard?dates=20180512,https://site.api.espn.com/apis/site/v2/sports/soccer/usa.1/scoreboard?dates=20180512,2026-10-02T09:30:58+00:00,scoreboard.events[502637].competitions[0],b3a816367b922a15
2018,2018-05-12,19:00,01:00,Colorado Rapids,Red Bull New York,COL,RBNY,502635,mls-2018-COL-RBNY-20180512,Regular Season,,Dick's Sporting Goods Park,Commerce City,"Commerce City, Colorado",America/Denver,full_time,,https://site.api.espn.com/apis/site/v2/sports/soccer/usa.1/scoreboard?dates=20180512,https://site.api.espn.com/apis/site/v2/sports/soccer/usa.1/scoreboard?dates=20180512,2026-10-02T09:30:58+00:00,scoreboard.events[502635].competitions[0],b3a816367b922a15
2018,2018-05-12,19:00,01:00,Real Salt Lake,D.C. United,RSL,DC,502634,mls-2018-RSL-DC-20180512,Regular Season,,America First Field,Sandy,"Sandy, Utah",America/Denver,full_time,,https://site.api.espn.com/apis/site/v2/sports/soccer/usa.1/scoreboard?dates=20180512,https://site.api.espn.com/apis/site/v2/sports/soccer/usa.1/scoreboard?dates=20180512,2026-10-02T09:30:58+00:00,scoreboard.events[502634].competitions[0],b3a816367b922a15
2018,2018-05-13,13:00,20:00,Portland Timbers,Seattle Sounders FC,POR,SEA,502633,mls-2018-POR-SEA-20180513,Regular Season,,Providence Park,Portland,"Portland, Oregon",America/Los_Angeles,full_time,,https://site.api.espn.com/apis/site/v2/sports/soccer/usa.1/scoreboard?dates=20180513,https://site.api.espn.com/apis/site/v2/sports/soccer/usa.1/scoreboard?dates=20180513,2026-10-02T09:30:59+00:00,scoreboard.events[502633].competitions[0],9fe9b7cd2812e031
2018,2018-05-13,18:00,22:00,Orlando City SC,Atlanta United FC,ORL,ATL,502632,mls-2018-ORL-ATL-20180513,Regular Season,,Inter&Co Stadium,Orlando,"Orlando, Florida",America/New_York,full_time,,https://site.api.espn.com/apis/site/v2/sports/soccer/usa.1/scoreboard?dates=20180513,https://site.api.espn.com/apis/site/v2/sports/soccer/usa.1/scoreboard?dates=20180513,2026-10-02T09:30:59+00:00,scoreboard.events[502632].competitions[0],9fe9b7cd2812e031
2018,2018-05-13,17:30,00:30,LAFC,New York City FC,LAFC,NYC,502631,mls-2018-LAFC-NYC-20180513,Regular Season,,BMO Stadium,Los Angeles,"Los Angeles, California",America/Los_Angeles,full_time,,https://site.api.espn.com/apis/site/v2/sports/soccer/usa.1/scoreboard?dates=20180513,https://site.api.espn.com/apis/site/v2/sports/soccer/usa.1/scoreboard?dates=20180513,2026-10-02T09:30:59+00:00,scoreboard.events[502631].competitions[0],9fe9b7cd2812e031
2018,2018-05-16,19:30,02:30,Vancouver Whitecaps,San Jose Earthquakes,VAN,SJ,502630,mls-2018-VAN-SJ-20180516,Regular Season,,BC Place,Vancouver,Vancouver,America/Vancouver,full_time,,https://site.api.espn.com/apis/site/v2/sports/soccer/usa.1/scoreboard?dates=20180516,https://site.api.espn.com/apis/site/v2/sports/soccer/usa.1/scoreboard?dates=20180516,2026-10-02T09:30:59+00:00,scoreboard.events[502630].competitions[0],925e61983c24db05
2018,2018-05-18,20:00,00:00,Toronto FC,Orlando City SC,TOR,ORL,502629,mls-2018-TOR-ORL-20180518,Regular Season,,BMO Field,Toronto,Toronto,America/Toronto,full_time,,https://site.api.espn.com/apis/site/v2/sports/soccer/usa.1/scoreboard?dates=20180518,https://site.api.espn.com/apis/site/v2/sports/soccer/usa.1/scoreboard?dates=20180518,2026-10-02T09:30:59+00:00,scoreboard.events[502629].competitions[0],e9d31e9b4be50bdc
2018,2018-05-19,13:00,17:00,New York City FC,Colorado Rapids,NYC,COL,502627,mls-2018-NYC-COL-20180519,Regular Season,,Yankee Stadium,New York,New York City,America/New_York,full_time,,https://site.api.espn.com/apis/site/v2/sports/soccer/usa.1/scoreboard?dates=20180519,https://site.api.espn.com/apis/site/v2/sports/soccer/usa.1/scoreboard?dates=20180519,2026-10-02T09:31:00+00:00,scoreboard.events[502627].competitions[0],5395129bdcd432c4
2018,2018-05-19,12:00,19:00,Portland Timbers,LAFC,POR,LAFC,502626,mls-2018-POR-LAFC-20180519,Regular Season,,Providence Park,Portland,"Portland, Oregon",America/Los_Angeles,full_time,,https://site.api.espn.com/apis/site/v2/sports/soccer/usa.1/scoreboard?dates=20180519,https://site.api.espn.com/apis/site/v2/sports/soccer/usa.1/scoreboard?dates=20180519,2026-10-02T09:31:00+00:00,scoreboard.events[502626].competitions[0],5395129bdcd432c4
2018,2018-05-19,15:00,20:00,FC Dallas,Vancouver Whitecaps,DAL,VAN,502625,mls-2018-DAL-VAN-20180519,Regular Season,,Toyota Stadium,Frisco,Toyota Stadium,America/Chicago,full_time,,https://site.api.espn.com/apis/site/v2/sports/soccer/usa.1/scoreboard?dates=20180519,https://site.api.espn.com/apis/site/v2/sports/soccer/usa.1/scoreboard?dates=20180519,2026-10-02T09:31:00+00:00,scoreboard.events[502625].competitions[0],5395129bdcd432c4
2018,2018-05-19,19:30,23:30,New England Revolution,Columbus Crew,NE,CLB,502624,mls-2018-NE-CLB-20180519,Regular Season,,Gillette Stadium,Foxborough,"Foxborough, Massachusetts",America/New_York,full_time,,https://site.api.espn.com/apis/site/v2/sports/soccer/usa.1/scoreboard?dates=20180519,https://site.api.espn.com/apis/site/v2/sports/soccer/usa.1/scoreboard?dates=20180519,2026-10-02T09:31:00+00:00,scoreboard.events[502624].competitions[0],5395129bdcd432c4
2018,2018-05-19,19:30,23:30,Philadelphia Union,Real Salt Lake,PHI,RSL,502628,mls-2018-PHI-RSL-20180519,Regular Season,,Subaru Park,Chester,"Chester, Pennsylvania",America/New_York,full_time,,https://site.api.espn.com/apis/site/v2/sports/soccer/usa.1/scoreboard?dates=20180519,https://site.api.espn.com/apis/site/v2/sports/soccer/usa.1/scoreboard?dates=20180519,2026-10-02T09:31:00+00:00,scoreboard.events[502628].competitions[0],5395129bdcd432c4
2018,2018-05-19,19:30,02:30,San Jose Earthquakes,D.C. United,SJ,DC,502623,mls-2018-SJ-DC-20180519,Regular Season,,PayPal Park,San Jose,"San Jose, California",America/Los_Angeles,full_time,,https://site.api.espn.com/apis/site/v2/sports/soccer/usa.1/scoreboard?dates=20180519,https://site.api.espn.com/apis/site/v2/sports/soccer/usa.1/scoreboard?dates=20180519,2026-10-02T09:31:00+00:00,scoreboard.events[502623].competitions[0],5395129bdcd432c4
2018,2018-05-20,13:00,18:00,Minnesota United FC,Sporting Kansas City,MIN,SKC,502622,mls-2018-MIN-SKC-20180520,Regular Season,,TCF Bank Stadium,Minneapolis,"Minneapolis, Minnesota",America/Chicago,full_time,,https://site.api.espn.com/apis/site/v2/sports/soccer/usa.1/scoreboard?dates=20180520,https://site.api.espn.com/apis/site/v2/sports/soccer/usa.1/scoreboard?dates=20180520,2026-10-02T09:30:59+00:00,scoreboard.events[502622].competitions[0],ee8e6cd675a11e8f
2018,2018-05-20,15:00,20:00,Chicago Fire FC,Houston Dynamo FC,CHI,HOU,502621,mls-2018-CHI-HOU-20180520,Regular Season,,SeatGeek Stadium,Bridgeview,"Bridgeview, Illinois",America/Chicago,full_time,,https://site.api.espn.com/apis/site/v2/sports/soccer/usa.1/scoreboard?dates=20180520,https://site.api.espn.com/apis/site/v2/sports/soccer/usa.1/scoreboard?dates=20180520,2026-10-02T09:30:59+00:00,scoreboard.events[502621].competitions[0],ee8e6cd675a11e8f
2018,2018-05-20,19:00,23:00,Atlanta United FC,Red Bull New York,ATL,RBNY,502620,mls-2018-ATL-RBNY-20180520,Regular Season,,Mercedes-Benz Stadium,Atlanta,"Atlanta, Georgia",America/New_York,full_time,,https://site.api.espn.com/apis/site/v2/sports/soccer/usa.1/scoreboard?dates=20180520,https://site.api.espn.com/apis/site/v2/sports/soccer/usa.1/scoreboard?dates=20180520,2026-10-02T09:30:59+00:00,scoreboard.events[502620].competitions[0],ee8e6cd675a11e8f
2018,2018-05-21,15:00,19:00,CF Montréal,LA Galaxy,MTL,LA,502619,mls-2018-MTL-LA-20180521,Regular Season,,Stade Saputo,Montreal,Montreal,America/Toronto,full_time,,https://site.api.espn.com/apis/site/v2/sports/soccer/usa.1/scoreboard?dates=20180521,https://site.api.espn.com/apis/site/v2/sports/soccer/usa.1/scoreboard?dates=20180521,2026-10-02T09:31:00+00:00,scoreboard.events[502619].competitions[0],f3c0704a97e6d50c
2018,2018-05-25,20:00,00:00,Toronto FC,FC Dallas,TOR,DAL,502618,mls-2018-TOR-DAL-20180525,Regular Season,,BMO Field,Toronto,Toronto,America/Toronto,full_time,,https://site.api.espn.com/apis/site/v2/sports/soccer/usa.1/scoreboard?dates=20180525,https://site.api.espn.com/apis/site/v2/sports/soccer/usa.1/scoreboard?dates=20180525,2026-10-02T09:31:00+00:00,scoreboard.events[502618].competitions[0],f75fa1b76cd99ae7
2018,2018-05-25,19:55,00:55,Houston Dynamo FC,New York City FC,HOU,NYC,502617,mls-2018-HOU-NYC-20180525,Regular Season,,Shell Energy Stadium,Houston,"Houston, Texas",America/Chicago,full_time,,https://site.api.espn.com/apis/site/v2/sports/soccer/usa.1/scoreboard?dates=20180525,https://site.api.espn.com/apis/site/v2/sports/soccer/usa.1/scoreboard?dates=20180525,2026-10-02T09:31:00+00:00,scoreboard.events[502617].competitions[0],f75fa1b76cd99ae7
2018,2018-05-25,20:00,03:00,LA Galaxy,San Jose Earthquakes,LA,SJ,502616,mls-2018-LA-SJ-20180525,Regular Season,,Dignity Health Sports Park,Carson,"Carson, California",America/Los_Angeles,full_time,,https://site.api.espn.com/apis/site/v2/sports/soccer/usa.1/scoreboard?dates=20180525,https://site.api.espn.com/apis/site/v2/sports/soccer/usa.1/scoreboard?dates=20180525,2026-10-02T09:31:00+00:00,scoreboard.events[502616].competitions[0],f75fa1b76cd99ae7
2018,2018-05-26,14:00,21:00,Seattle Sounders FC,Real Salt Lake,SEA,RSL,502615,mls-2018-SEA-RSL-20180526,Regular Season,,Lumen Field,Seattle,"Seattle, Washington",America/Los_Angeles,full_time,,https://site.api.espn.com/apis/site/v2/sports/soccer/usa.1/scoreboard?dates=20180526,https://site.api.espn.com/apis/site/v2/sports/soccer/usa.1/scoreboard?dates=20180526,2026-10-02T09:31:01+00:00,scoreboard.events[502615].competitions[0],5c607f88812ede6f
2018,2018-05-26,14:30,21:30,Vancouver Whitecaps,New England Revolution,VAN,NE,502614,mls-2018-VAN-NE-20180526,Regular Season,,BC Place,Vancouver,Vancouver,America/Vancouver,full_time,,https://site.api.espn.com/apis/site/v2/sports/soccer/usa.1/scoreboard?dates=20180526,https://site.api.espn.com/apis/site/v2/sports/soccer/usa.1/scoreboard?dates=20180526,2026-10-02T09:31:01+00:00,scoreboard.events[502614].competitions[0],5c607f88812ede6f
2018,2018-05-26,19:00,23:00,Red Bull New York,Philadelphia Union,RBNY,PHI,502613,mls-2018-RBNY-PHI-20180526,Regular Season,,Sports Illustrated Stadium,Harrison,"Harrison, New Jersey",America/New_York,full_time,,https://site.api.espn.com/apis/site/v2/sports/soccer/usa.1/scoreboard?dates=20180526,https://site.api.espn.com/apis/site/v2/sports/soccer/usa.1/scoreboard?dates=20180526,2026-10-02T09:31:01+00:00,scoreboard.events[502613].competitions[0],5c607f88812ede6f
2018,2018-05-26,19:30,23:30,Orlando City SC,Chicago Fire FC,ORL,CHI,502612,mls-2018-ORL-CHI-20180526,Regular Season,,Inter&Co Stadium,Orlando,"Orlando, Florida",America/New_York,full_time,,https://site.api.espn.com/apis/site/v2/sports/soccer/usa.1/scoreboard?dates=20180526,https://site.api.espn.com/apis/site/v2/sports/soccer/usa.1/scoreboard?dates=20180526,2026-10-02T09:31:01+00:00,scoreboard.events[502612].competitions[0],5c607f88812ede6f
2018,2018-05-26,19:00,00:00,Minnesota United FC,CF Montréal,MIN,MTL,502611,mls-2018-MIN-MTL-20180526,Regular Season,,TCF Bank Stadium,Minneapolis,"Minneapolis, Minnesota",America/Chicago,full_time,,https://site.api.espn.com/apis/site/v2/sports/soccer/usa.1/scoreboard?dates=20180526,https://site.api.espn.com/apis/site/v2/sports/soccer/usa.1/scoreboard?dates=20180526,2026-10-02T09:31:01+00:00,scoreboard.events[502611].competitions[0],5c607f88812ede6f
2018,2018-05-26,19:00,01:00,Colorado Rapids,Portland Timbers,COL,POR,502610,mls-2018-COL-POR-20180526,Regular Season,,Dick's Sporting Goods Park,Commerce City,"Commerce City, Colorado",America/Denver,full_time,,https://site.api.espn.com/apis/site/v2/sports/soccer/usa.1/scoreboard?dates=20180526,https://site.api.espn.com/apis/site/v2/sports/soccer/usa.1/scoreboard?dates=20180526,2026-10-02T09:31:01+00:00,scoreboard.events[502610].competitions[0],5c607f88812ede6f
2018,2018-05-26,19:00,02:00,LAFC,D.C. United,LAFC,DC,502608,mls-2018-LAFC-DC-20180526,Regular Season,,BMO Stadium,Los Angeles,"Los Angeles, California",America/Los_Angeles,full_time,,https://site.api.espn.com/apis/site/v2/sports/soccer/usa.1/scoreboard?dates=20180526,https://site.api.espn.com/apis/site/v2/sports/soccer/usa.1/scoreboard?dates=20180526,2026-10-02T09:31:01+00:00,scoreboard.events[502608].competitions[0],5c607f88812ede6f
2018,2018-05-27,17:00,22:00,Sporting Kansas City,Columbus Crew,SKC,CLB,502609,mls-2018-SKC-CLB-20180527,Regular Season,,Children's Mercy Park,Kansas City,"Kansas City, Kansas",America/Chicago,full_time,,https://site.api.espn.com/apis/site/v2/sports/soccer/usa.1/scoreboard?dates=20180527,https://site.api.espn.com/apis/site/v2/sports/soccer/usa.1/scoreboard?dates=20180527,2026-10-02T09:31:00+00:00,scoreboard.events[502609].competitions[0],8051fc650cd63dac
2018,2018-05-30,19:30,23:30,New England Revolution,Atlanta United FC,NE,ATL,502606,mls-2018-NE-ATL-20180530,Regular Season,,Gillette Stadium,Foxborough,"Foxborough, Massachusetts",America/New_York,full_time,,https://site.api.espn.com/apis/site/v2/sports/soccer/usa.1/scoreboard?dates=20180530,https://site.api.espn.com/apis/site/v2/sports/soccer/usa.1/scoreboard?dates=20180530,2026-10-02T09:31:01+00:00,scoreboard.events[502606].competitions[0],20e49f42d72c893d
2018,2018-05-30,19:30,23:30,Philadelphia Union,Chicago Fire FC,PHI,CHI,502607,mls-2018-PHI-CHI-20180530,Regular Season,,Subaru Park,Chester,"Chester, Pennsylvania",America/New_York,full_time,,https://site.api.espn.com/apis/site/v2/sports/soccer/usa.1/scoreboard?dates=20180530,https://site.api.espn.com/apis/site/v2/sports/soccer/usa.1/scoreboard?dates=20180530,2026-10-02T09:31:01+00:00,scoreboard.events[502607].competitions[0],20e49f42d72c893d
2018,2018-05-30,19:30,01:30,Real Salt Lake,Houston Dynamo FC,RSL,HOU,502605,mls-2018-RSL-HOU-20180530,Regular Season,,America First Field,Sandy,"Sandy, Utah",America/Denver,full_time,,https://site.api.espn.com/apis/site/v2/sports/soccer/usa.1/scoreboard?dates=20180530,https://site.api.espn.com/apis/site/v2/sports/soccer/usa.1/scoreboard?dates=20180530,2026-10-02T09:31:01+00:00,scoreboard.events[502605].competitions[0],20e49f42d72c893d
2018,2018-05-30,19:30,02:30,LA Galaxy,FC Dallas,LA,DAL,502604,mls-2018-LA-DAL-20180530,Regular Season,,Dignity Health Sports Park,Carson,"Carson, California",America/Los_Angeles,full_time,,https://site.api.espn.com/apis/site/v2/sports/soccer/usa.1/scoreboard?dates=20180530,https://site.api.espn.com/apis/site/v2/sports/soccer/usa.1/scoreboard?dates=20180530,2026-10-02T09:31:01+00:00,scoreboard.events[502604].competitions[0],20e49f42d72c893d
2018,2018-06-01,19:00,01:00,Colorado Rapids,Vancouver Whitecaps,COL,VAN,502603,mls-2018-COL-VAN-20180601,Regular Season,,Dick's Sporting Goods Park,Commerce City,"Commerce City, Colorado",America/Denver,full_time,,https://site.api.espn.com/apis/site/v2/sports/soccer/usa.1/scoreboard?dates=20180601,https://site.api.espn.com/apis/site/v2/sports/soccer/usa.1/scoreboard?dates=20180601,2026-10-02T09:31:02+00:00,scoreboard.events[502603].competitions[0],d9c72a45b1719bb4
2018,2018-06-02,14:00,21:00,Portland Timbers,LA Galaxy,POR,LA,502601,mls-2018-POR-LA-20180602,Regular Season,,Providence Park,Portland,"Portland, Oregon",America/Los_Angeles,full_time,,https://site.api.espn.com/apis/site/v2/sports/soccer/usa.1/scoreboard?dates=20180602,https://site.api.espn.com/apis/site/v2/sports/soccer/usa.1/scoreboard?dates=20180602,2026-10-02T09:31:02+00:00,scoreboard.events[502601].competitions[0],ac0663d4612452e6
2018,2018-06-02,19:30,23:30,Atlanta United FC,Philadelphia Union,ATL,PHI,502600,mls-2018-ATL-PHI-20180602,Regular Season,,Mercedes-Benz Stadium,Atlanta,"Atlanta, Georgia",America/New_York,full_time,,https://site.api.espn.com/apis/site/v2/sports/soccer/usa.1/scoreboard?dates=20180602,https://site.api.espn.com/apis/site/v2/sports/soccer/usa.1/scoreboard?dates=20180602,2026-10-02T09:31:02+00:00,scoreboard.events[502600].competitions[0],ac0663d4612452e6
2018,2018-06-02,19:30,23:30,CF Montréal,Houston Dynamo FC,MTL,HOU,502596,mls-2018-MTL-HOU-20180602,Regular Season,,Stade Saputo,Montreal,Montreal,America/Toronto,full_time,,https://site.api.espn.com/apis/site/v2/sports/soccer/usa.1/scoreboard?dates=20180602,https://site.api.espn.com/apis/site/v2/sports/soccer/usa.1/scoreboard?dates=20180602,2026-10-02T09:31:02+00:00,scoreboard.events[502596].competitions[0],ac0663d4612452e6
2018,2018-06-02,19:30,23:30,Columbus Crew,Toronto FC,CLB,TOR,502599,mls-2018-CLB-TOR-20180602,Regular Season,,Historic Crew Stadium,Columbus,"Columbus, Ohio",America/New_York,full_time,,https://site.api.espn.com/apis/site/v2/sports/soccer/usa.1/scoreboard?dates=20180602,https://site.api.espn.com/apis/site/v2/sports/soccer/usa.1/scoreboard?dates=20180602,2026-10-02T09:31:02+00:00,scoreboard.events[502599].competitions[0],ac0663d4612452e6
2018,2018-06-02,19:30,23:30,New England Revolution,Red Bull New York,NE,RBNY,502597,mls-2018-NE-RBNY-20180602,Regular Season,,Gillette Stadium,Foxborough,"Foxborough, Massachusetts",America/New_York,full_time,,https://site.api.espn.com/apis/site/v2/sports/soccer/usa.1/scoreboard?dates=20180602,https://site.api.espn.com/apis/site/v2/sports/soccer/usa.1/scoreboard?dates=20180602,2026-10-02T09:31:02+00:00,scoreboard.events[502597].competitions[0],ac0663d4612452e6
2018,2018-06-02,19:30,23:30,New York City FC,Orlando City SC,NYC,ORL,502598,mls-2018-NYC-ORL-20180602,Regular Season,,Yankee Stadium,New York,New York City,America/New_York,full_time,,https://site.api.espn.com/apis/site/v2/sports/soccer/usa.1/scoreboard?dates=20180602,https://site.api.espn.com/apis/site/v2/sports/soccer/usa.1/scoreboard?dates=20180602,2026-10-02T09:31:02+00:00,scoreboard.events[502598].competitions[0],ac0663d4612452e6
2018,2018-06-02,19:00,00:00,FC Dallas,LAFC,DAL,LAFC,502595,mls-2018-DAL-LAFC-20180602,Regular Season,,Toyota Stadium,Frisco,Toyota Stadium,America/Chicago,full_time,,https://site.api.espn.com/apis/site/v2/sports/soccer/usa.1/scoreboard?dates=20180602,https://site.api.espn.com/apis/site/v2/sports/soccer/usa.1/scoreboard?dates=20180602,2026-10-02T09:31:02+00:00,scoreboard.events[502595].competitions[0],ac0663d4612452e6
2018,2018-06-02,19:30,00:30,Chicago Fire FC,San Jose Earthquakes,CHI,SJ,502602,mls-2018-CHI-SJ-20180602,Regular Season,,SeatGeek Stadium,Bridgeview,"Bridgeview, Illinois",America/Chicago,full_time,,https://site.api.espn.com/apis/site/v2/sports/soccer/usa.1/scoreboard?dates=20180602,https://site.api.espn.com/apis/site/v2/sports/soccer/usa.1/scoreboard?dates=20180602,2026-10-02T09:31:02+00:00,scoreboard.events[502602].competitions[0],ac0663d4612452e6
2018,2018-06-02,19:30,01:30,Real Salt Lake,Seattle Sounders FC,RSL,SEA,502594,mls-2018-RSL-SEA-20180602,Regular Season,,America First Field,Sandy,"Sandy, Utah",America/Denver,full_time,,https://site.api.espn.com/apis/site/v2/sports/soccer/usa.1/scoreboard?dates=20180602,https://site.api.espn.com/apis/site/v2/sports/soccer/usa.1/scoreboard?dates=20180602,2026-10-02T09:31:02+00:00,scoreboard.events[502594].competitions[0],ac0663d4612452e6
2018,2018-06-03,19:30,00:30,Sporting Kansas City,Minnesota United FC,SKC,MIN,502593,mls-2018-SKC-MIN-20180603,Regular Season,,Children's Mercy Park,Kansas City,"Kansas City, Kansas",America/Chicago,full_time,,https://site.api.espn.com/apis/site/v2/sports/soccer/usa.1/scoreboard?dates=20180603,https://site.api.espn.com/apis/site/v2/sports/soccer/usa.1/scoreboard?dates=20180603,2026-10-02T09:31:02+00:00,scoreboard.events[502593].competitions[0],f6b29a2cf2716f3e
2018,2018-06-08,20:00,00:00,Philadelphia Union,Toronto FC,PHI,TOR,502592,mls-2018-PHI-TOR-20180608,Regular Season,,Subaru Park,Chester,"Chester, Pennsylvania",America/New_York,full_time,,https://site.api.espn.com/apis/site/v2/sports/soccer/usa.1/scoreboard?dates=20180608,https://site.api.espn.com/apis/site/v2/sports/soccer/usa.1/scoreboard?dates=20180608,2026-10-02T09:31:03+00:00,scoreboard.events[502592].competitions[0],c03b497024f2b14f
2018,2018-06-09,12:30,16:30,New York City FC,Atlanta United FC,NYC,ATL,502591,mls-2018-NYC-ATL-20180609,Regular Season,,Yankee Stadium,New York,New York City,America/New_York,full_time,,https://site.api.espn.com/apis/site/v2/sports/soccer/usa.1/scoreboard?dates=20180609,https://site.api.espn.com/apis/site/v2/sports/soccer/usa.1/scoreboard?dates=20180609,2026-10-02T09:31:03+00:00,scoreboard.events[502591].competitions[0],a9a40b8c5d392f98
2018,2018-06-09,17:00,21:00,Columbus Crew,Red Bull New York,CLB,RBNY,502590,mls-2018-CLB-RBNY-20180609,Regular Season,,Historic Crew Stadium,Columbus,"Columbus, Ohio",America/New_York,full_time,,https://site.api.espn.com/apis/site/v2/sports/soccer/usa.1/scoreboard?dates=20180609,https://site.api.espn.com/apis/site/v2/sports/soccer/usa.1/scoreboard?dates=20180609,2026-10-02T09:31:03+00:00,scoreboard.events[502590].competitions[0],a9a40b8c5d392f98
2018,2018-06-09,16:00,23:00,Vancouver Whitecaps,Orlando City SC,VAN,ORL,502586,mls-2018-VAN-ORL-20180609,Regular Season,,BC Place,Vancouver,Vancouver,America/Vancouver,full_time,,https://site.api.espn.com/apis/site/v2/sports/soccer/usa.1/scoreboard?dates=20180609,https://site.api.espn.com/apis/site/v2/sports/soccer/usa.1/scoreboard?dates=20180609,2026-10-02T09:31:03+00:00,scoreboard.events[502586].competitions[0],a9a40b8c5d392f98
2018,2018-06-09,19:00,00:00,FC Dallas,CF Montréal,DAL,MTL,502589,mls-2018-DAL-MTL-20180609,Regular Season,,Toyota Stadium,Frisco,Toyota Stadium,America/Chicago,full_time,,https://site.api.espn.com/apis/site/v2/sports/soccer/usa.1/scoreboard?dates=20180609,https://site.api.espn.com/apis/site/v2/sports/soccer/usa.1/scoreboard?dates=20180609,2026-10-02T09:31:03+00:00,scoreboard.events[502589].competitions[0],a9a40b8c5d392f98
2018,2018-06-09,19:30,00:30,Chicago Fire FC,New England Revolution,CHI,NE,502588,mls-2018-CHI-NE-20180609,Regular Season,,SeatGeek Stadium,Bridgeview,"Bridgeview, Illinois",America/Chicago,full_time,,https://site.api.espn.com/apis/site/v2/sports/soccer/usa.1/scoreboard?dates=20180609,https://site.api.espn.com/apis/site/v2/sports/soccer/usa.1/scoreboard?dates=20180609,2026-10-02T09:31:03+00:00,scoreboard.events[502588].competitions[0],a9a40b8c5d392f98
2018,2018-06-09,20:00,01:00,Houston Dynamo FC,Colorado Rapids,HOU,COL,502587,mls-2018-HOU-COL-20180609,Regular Season,,Shell Energy Stadium,Houston,"Houston, Texas",America/Chicago,full_time,,https://site.api.espn.com/apis/site/v2/sports/soccer/usa.1/scoreboard?dates=20180609,https://site.api.espn.com/apis/site/v2/sports/soccer/usa.1/scoreboard?dates=20180609,2026-10-02T09:31:03+00:00,scoreboard.events[502587].competitions[0],a9a40b8c5d392f98
2018,2018-06-09,19:00,02:00,Seattle Sounders FC,D.C. United,SEA,DC,502585,mls-2018-SEA-DC-20180609,Regular Season,,Lumen Field,Seattle,"Seattle, Washington",America/Los_Angeles,full_time,,https://site.api.espn.com/apis/site/v2/sports/soccer/usa.1/scoreboard?dates=20180609,https://site.api.espn.com/apis/site/v2/sports/soccer/usa.1/scoreboard?dates=20180609,2026-10-02T09:31:03+00:00,scoreboard.events[502585].competitions[0],a9a40b8c5d392f98
2018,2018-06-09,19:30,02:30,LA Galaxy,Real Salt Lake,LA,RSL,502583,mls-2018-LA-RSL-20180609,Regular Season,,Dignity Health Sports Park,Carson,"Carson, California",America/Los_Angeles,full_time,,https://site.api.espn.com/apis/site/v2/sports/soccer/usa.1/scoreboard?dates=20180609,https://site.api.espn.com/apis/site/v2/sports/soccer/usa.1/scoreboard?dates=20180609,2026-10-02T09:31:03+00:00,scoreboard.events[502583].competitions[0],a9a40b8c5d392f98
2018,2018-06-09,19:30,02:30,Portland Timbers,Sporting Kansas City,POR,SKC,502584,mls-2018-POR-SKC-20180609,Regular Season,,Providence Park,Portland,"Portland, Oregon",America/Los_Angeles,full_time,,https://site.api.espn.com/apis/site/v2/sports/soccer/usa.1/scoreboard?dates=20180609,https://site.api.espn.com/apis/site/v2/sports/soccer/usa.1/scoreboard?dates=20180609,2026-10-02T09:31:03+00:00,scoreboard.events[502584].competitions[0],a9a40b8c5d392f98
2018,2018-06-09,19:30,02:30,San Jose Earthquakes,LAFC,SJ,LAFC,502582,mls-2018-SJ-LAFC-20180609,Regular Season,,PayPal Park,San Jose,"San Jose, California",America/Los_Angeles,full_time,,https://site.api.espn.com/apis/site/v2/sports/soccer/usa.1/scoreboard?dates=20180609,https://site.api.espn.com/apis/site/v2/sports/soccer/usa.1/scoreboard?dates=20180609,2026-10-02T09:31:03+00:00,scoreboard.events[502582].competitions[0],a9a40b8c5d392f98
2018,2018-06-13,19:30,23:30,CF Montréal,Orlando City SC,MTL,ORL,502581,mls-2018-MTL-ORL-20180613,Regular Season,,Stade Saputo,Montreal,Montreal,America/Toronto,full_time,,https://site.api.espn.com/apis/site/v2/sports/soccer/usa.1/scoreboard?dates=20180613,https://site.api.espn.com/apis/site/v2/sports/soccer/usa.1/scoreboard?dates=20180613,2026-10-02T09:31:04+00:00,scoreboard.events[502581].competitions[0],2cec020325f9fab8
2018,2018-06-13,19:30,23:30,Columbus Crew,Atlanta United FC,CLB,ATL,502580,mls-2018-CLB-ATL-20180613,Regular Season,,Historic Crew Stadium,Columbus,"Columbus, Ohio",America/New_York,full_time,,https://site.api.espn.com/apis/site/v2/sports/soccer/usa.1/scoreboard?dates=20180613,https://site.api.espn.com/apis/site/v2/sports/soccer/usa.1/scoreboard?dates=20180613,2026-10-02T09:31:04+00:00,scoreboard.events[502580].competitions[0],2cec020325f9fab8
2018,2018-06-13,20:00,00:00,Red Bull New York,Seattle Sounders FC,RBNY,SEA,502579,mls-2018-RBNY-SEA-20180613,Regular Season,,Sports Illustrated Stadium,Harrison,"Harrison, New Jersey",America/New_York,full_time,,https://site.api.espn.com/apis/site/v2/sports/soccer/usa.1/scoreboard?dates=20180613,https://site.api.espn.com/apis/site/v2/sports/soccer/usa.1/scoreboard?dates=20180613,2026-10-02T09:31:04+00:00,scoreboard.events[502579].competitions[0],2cec020325f9fab8
2018,2018-06-13,20:00,00:00,Toronto FC,D.C. United,TOR,DC,502697,mls-2018-TOR-DC-20180613,Regular Season,,BMO Field,Toronto,Toronto,America/Toronto,full_time,,https://site.api.espn.com/apis/site/v2/sports/soccer/usa.1/scoreboard?dates=20180613,https://site.api.espn.com/apis/site/v2/sports/soccer/usa.1/scoreboard?dates=20180613,2026-10-02T09:31:04+00:00,scoreboard.events[502697].competitions[0],2cec020325f9fab8
2018,2018-06-13,19:00,01:00,Colorado Rapids,Chicago Fire FC,COL,CHI,502578,mls-2018-COL-CHI-20180613,Regular Season,,Dick's Sporting Goods Park,Commerce City,"Commerce City, Colorado",America/Denver,full_time,,https://site.api.espn.com/apis/site/v2/sports/soccer/usa.1/scoreboard?dates=20180613,https://site.api.espn.com/apis/site/v2/sports/soccer/usa.1/scoreboard?dates=20180613,2026-10-02T09:31:04+00:00,scoreboard.events[502578].competitions[0],2cec020325f9fab8
2018,2018-06-13,19:30,02:30,San Jose Earthquakes,New England Revolution,SJ,NE,502577,mls-2018-SJ-NE-20180613,Regular Season,,PayPal Park,San Jose,"San Jose, California",America/Los_Angeles,full_time,,https://site.api.espn.com/apis/site/v2/sports/soccer/usa.1/scoreboard?dates=20180613,https://site.api.espn.com/apis/site/v2/sports/soccer/usa.1/scoreboard?dates=20180613,2026-10-02T09:31:04+00:00,scoreboard.events[502577].competitions[0],2cec020325f9fab8
2018,2018-06-23,17:00,21:00,Philadelphia Union,Vancouver Whitecaps,PHI,VAN,502576,mls-2018-PHI-VAN-20180623,Regular Season,,Subaru Park,Chester,"Chester, Pennsylvania",America/New_York,full_time,,https://site.api.espn.com/apis/site/v2/sports/soccer/usa.1/scoreboard?dates=20180623,https://site.api.espn.com/apis/site/v2/sports/soccer/usa.1/scoreboard?dates=20180623,2026-10-02T09:31:05+00:00,scoreboard.events[502576].competitions[0],2b47031f37005022
2018,2018-06-23,18:00,22:00,Red Bull New York,FC Dallas,RBNY,DAL,502575,mls-2018-RBNY-DAL-20180623,Regular Season,,Sports Illustrated Stadium,Harrison,"Harrison, New Jersey",America/New_York,full_time,,https://site.api.espn.com/apis/site/v2/sports/soccer/usa.1/scoreboard?dates=20180623,https://site.api.espn.com/apis/site/v2/sports/soccer/usa.1/scoreboard?dates=20180623,2026-10-02T09:31:05+00:00,scoreboard.events[502575].competitions[0],2b47031f37005022
2018,2018-06-23,19:30,23:30,Orlando City SC,CF Montréal,ORL,MTL,502574,mls-2018-ORL-MTL-20180623,Regular Season,,Inter&Co Stadium,Orlando,"Orlando, Florida",America/New_York,full_time,,https://site.api.espn.com/apis/site/v2/sports/soccer/usa.1/scoreboard?dates=20180623,https://site.api.espn.com/apis/site/v2/sports/soccer/usa.1/scoreboard?dates=20180623,2026-10-02T09:31:05+00:00,scoreboard.events[502574].competitions[0],2b47031f37005022
2018,2018-06-23,19:30,00:30,Sporting Kansas City,Houston Dynamo FC,SKC,HOU,502573,mls-2018-SKC-HOU-20180623,Regular Season,,Children's Mercy Park,Kansas City,"Kansas City, Kansas",America/Chicago,full_time,,https://site.api.espn.com/apis/site/v2/sports/soccer/usa.1/scoreboard?dates=20180623,https://site.api.espn.com/apis/site/v2/sports/soccer/usa.1/scoreboard?dates=20180623,2026-10-02T09:31:05+00:00,scoreboard.events[502573].competitions[0],2b47031f37005022
2018,2018-06-23,19:00,01:00,Colorado Rapids,Minnesota United FC,COL,MIN,502572,mls-2018-COL-MIN-20180623,Regular Season,,Dick's Sporting Goods Park,Commerce City,"Commerce City, Colorado",America/Denver,full_time,,https://site.api.espn.com/apis/site/v2/sports/soccer/usa.1/scoreboard?dates=20180623,https://site.api.espn.com/apis/site/v2/sports/soccer/usa.1/scoreboard?dates=20180623,2026-10-02T09:31:05+00:00,scoreboard.events[502572].competitions[0],2b47031f37005022
2018,2018-06-23,20:00,02:00,Real Salt Lake,San Jose Earthquakes,RSL,SJ,502571,mls-2018-RSL-SJ-20180623,Regular Season,,America First Field,Sandy,"Sandy, Utah",America/Denver,full_time,,https://site.api.espn.com/apis/site/v2/sports/soccer/usa.1/scoreboard?dates=20180623,https://site.api.espn.com/apis/site/v2/sports/soccer/usa.1/scoreboard?dates=20180623,2026-10-02T09:31:05+00:00,scoreboard.events[502571].competitions[0],2b47031f37005022
2018,2018-06-23,19:00,02:00,Seattle Sounders FC,Chicago Fire FC,SEA,CHI,502570,mls-2018-SEA-CHI-20180623,Regular Season,,Lumen Field,Seattle,"Seattle, Washington",America/Los_Angeles,full_time,,https://site.api.espn.com/apis/site/v2/sports/soccer/usa.1/scoreboard?dates=20180623,https://site.api.espn.com/apis/site/v2/sports/soccer/usa.1/scoreboard?dates=20180623,2026-10-02T09:31:05+00:00,scoreboard.events[502570].competitions[0],2b47031f37005022
2018,2018-06-23,19:30,02:30,LAFC,Columbus Crew,LAFC,CLB,502569,mls-2018-LAFC-CLB-20180623,Regular Season,,BMO Stadium,Los Angeles,"Los Angeles, California",America/Los_Angeles,full_time,,https://site.api.espn.com/apis/site/v2/sports/soccer/usa.1/scoreboard?dates=20180623,https://site.api.espn.com/apis/site/v2/sports/soccer/usa.1/scoreboard?dates=20180623,2026-10-02T09:31:05+00:00,scoreboard.events[502569].competitions[0],2b47031f37005022
2018,2018-06-24,16:30,20:30,Atlanta United FC,Portland Timbers,ATL,POR,502567,mls-2018-ATL-POR-20180624,Regular Season,,Mercedes-Benz Stadium,Atlanta,"Atlanta, Georgia",America/New_York,full_time,,https://site.api.espn.com/apis/site/v2/sports/soccer/usa.1/scoreboard?dates=20180624,https://site.api.espn.com/apis/site/v2/sports/soccer/usa.1/scoreboard?dates=20180624,2026-10-02T09:31:05+00:00,scoreboard.events[502567].competitions[0],361598913f3f58db
2018,2018-06-24,17:00,21:00,New York City FC,Toronto FC,NYC,TOR,502568,mls-2018-NYC-TOR-20180624,Regular Season,,Yankee Stadium,New York,New York City,America/New_York,full_time,,https://site.api.espn.com/apis/site/v2/sports/soccer/usa.1/scoreboard?dates=20180624,https://site.api.espn.com/apis/site/v2/sports/soccer/usa.1/scoreboard?dates=20180624,2026-10-02T09:31:05+00:00,scoreboard.events[502568].competitions[0],361598913f3f58db
2018,2018-06-29,19:00,00:00,Minnesota United FC,FC Dallas,MIN,DAL,502566,mls-2018-MIN-DAL-20180629,Regular Season,,TCF Bank Stadium,Minneapolis,"Minneapolis, Minnesota",America/Chicago,full_time,,https://site.api.espn.com/apis/site/v2/sports/soccer/usa.1/scoreboard?dates=20180629,https://site.api.espn.com/apis/site/v2/sports/soccer/usa.1/scoreboard?dates=20180629,2026-10-02T09:31:06+00:00,scoreboard.events[502566].competitions[0],8c992ac8860f557e
2018,2018-06-30,13:30,20:30,Seattle Sounders FC,Portland Timbers,SEA,POR,502565,mls-2018-SEA-POR-20180630,Regular Season,,Lumen Field,Seattle,"Seattle, Washington",America/Los_Angeles,full_time,,https://site.api.espn.com/apis/site/v2/sports/soccer/usa.1/scoreboard?dates=20180630,https://site.api.espn.com/apis/site/v2/sports/soccer/usa.1/scoreboard?dates=20180630,2026-10-02T09:31:06+00:00,scoreboard.events[502565].competitions[0],693106e3bab46deb
2018,2018-06-30,19:00,23:00,Atlanta United FC,Orlando City SC,ATL,ORL,502563,mls-2018-ATL-ORL-20180630,Regular Season,,Mercedes-Benz Stadium,Atlanta,"Atlanta, Georgia",America/New_York,full_time,,https://site.api.espn.com/apis/site/v2/sports/soccer/usa.1/scoreboard?dates=20180630,https://site.api.espn.com/apis/site/v2/sports/soccer/usa.1/scoreboard?dates=20180630,2026-10-02T09:31:06+00:00,scoreboard.events[502563].competitions[0],693106e3bab46deb
2018,2018-06-30,19:00,23:00,CF Montréal,Sporting Kansas City,MTL,SKC,502564,mls-2018-MTL-SKC-20180630,Regular Season,,Stade Saputo,Montreal,Montreal,America/Toronto,full_time,,https://site.api.espn.com/apis/site/v2/sports/soccer/usa.1/scoreboard?dates=20180630,https://site.api.espn.com/apis/site/v2/sports/soccer/usa.1/scoreboard?dates=20180630,2026-10-02T09:31:06+00:00,scoreboard.events[502564].competitions[0],693106e3bab46deb
2018,2018-06-30,19:30,23:30,Columbus Crew,Real Salt Lake,CLB,RSL,502562,mls-2018-CLB-RSL-20180630,Regular Season,,Historic Crew Stadium,Columbus,"Columbus, Ohio",America/New_York,full_time,,https://site.api.espn.com/apis/site/v2/sports/soccer/usa.1/scoreboard?dates=20180630,https://site.api.espn.com/apis/site/v2/sports/soccer/usa.1/scoreboard?dates=20180630,2026-10-02T09:31:06+00:00,scoreboard.events[502562].competitions[0],693106e3bab46deb
2018,2018-06-30,19:30,23:30,New England Revolution,D.C. United,NE,DC,502561,mls-2018-NE-DC-20180630,Regular Season,,Gillette Stadium,Foxborough,"Foxborough, Massachusetts",America/New_York,full_time,,https://site.api.espn.com/apis/site/v2/sports/soccer/usa.1/scoreboard?dates=20180630,https://site.api.espn.com/apis/site/v2/sports/soccer/usa.1/scoreboard?dates=20180630,2026-10-02T09:31:06+00:00,scoreboard.events[502561].competitions[0],693106e3bab46deb
2018,2018-06-30,19:00,00:00,Chicago Fire FC,New York City FC,CHI,NYC,502560,mls-2018-CHI-NYC-20180630,Regular Season,,SeatGeek Stadium,Bridgeview,"Bridgeview, Illinois",America/Chicago,full_time,,https://site.api.espn.com/apis/site/v2/sports/soccer/usa.1/scoreboard?dates=20180630,https://site.api.espn.com/apis/site/v2/sports/soccer/usa.1/scoreboard?dates=20180630,2026-10-02T09:31:06+00:00,scoreboard.events[502560].competitions[0],693106e3bab46deb
2018,2018-06-30,17:00,00:00,LAFC,Philadelphia Union,LAFC,PHI,502558,mls-2018-LAFC-PHI-20180630,Regular Season,,BMO Stadium,Los Angeles,"Los Angeles, California",America/Los_Angeles,full_time,,https://site.api.espn.com/apis/site/v2/sports/soccer/usa.1/scoreboard?dates=20180630,https://site.api.espn.com/apis/site/v2/sports/soccer/usa.1/scoreboard?dates=20180630,2026-10-02T09:31:06+00:00,scoreboard.events[502558].competitions[0],693106e3bab46deb
2018,2018-06-30,19:00,02:00,San Jose Earthquakes,LA Galaxy,SJ,LA,502559,mls-2018-SJ-LA-20180630,Regular Season,,Stanford Stadium,Stanford,"Stanford, California",America/Los_Angeles,full_time,venue_override:Stanford Stadium,https://site.api.espn.com/apis/site/v2/sports/soccer/usa.1/scoreboard?dates=20180630,https://site.api.espn.com/apis/site/v2/sports/soccer/usa.1/scoreboard?dates=20180630,2026-10-02T09:31:06+00:00,scoreboard.events[502559].competitions[0],693106e3bab46deb
2018,2018-07-01,16:30,20:30,Toronto FC,Red Bull New York,TOR,RBNY,502557,mls-2018-TOR-RBNY-20180701,Regular Season,,BMO Field,Toronto,Toronto,America/Toronto,full_time,,https://site.api.espn.com/apis/site/v2/sports/soccer/usa.1/scoreboard?dates=20180701,https://site.api.espn.com/apis/site/v2/sports/soccer/usa.1/scoreboard?dates=20180701,2026-10-02T09:31:06+00:00,scoreboard.events[502557].competitions[0],0cfd31d51f567232
2018,2018-07-01,16:00,23:00,Vancouver Whitecaps,Colorado Rapids,VAN,COL,502556,mls-2018-VAN-COL-20180701,Regular Season,,BC Place,Vancouver,Vancouver,America/Vancouver,full_time,,https://site.api.espn.com/apis/site/v2/sports/soccer/usa.1/scoreboard?dates=20180701,https://site.api.espn.com/apis/site/v2/sports/soccer/usa.1/scoreboard?dates=20180701,2026-10-02T09:31:06+00:00,scoreboard.events[502556].competitions[0],0cfd31d51f567232
2018,2018-07-03,21:30,02:30,Houston Dynamo FC,LAFC,HOU,LAFC,502555,mls-2018-HOU-LAFC-20180703,Regular Season,,Shell Energy Stadium,Houston,"Houston, Texas",America/Chicago,full_time,,https://site.api.espn.com/apis/site/v2/sports/soccer/usa.1/scoreboard?dates=20180703,https://site.api.espn.com/apis/site/v2/sports/soccer/usa.1/scoreboard?dates=20180703,2026-10-02T09:31:07+00:00,scoreboard.events[502555].competitions[0],9604bfc1e24ebe6a
2018,2018-07-04,18:00,23:00,Minnesota United FC,Toronto FC,MIN,TOR,502554,mls-2018-MIN-TOR-20180704,Regular Season,,TCF Bank Stadium,Minneapolis,"Minneapolis, Minnesota",America/Chicago,full_time,,https://site.api.espn.com/apis/site/v2/sports/soccer/usa.1/scoreboard?dates=20180704,https://site.api.espn.com/apis/site/v2/sports/soccer/usa.1/scoreboard?dates=20180704,2026-10-02T09:31:07+00:00,scoreboard.events[502554].competitions[0],21728a21d2aec9ac
2018,2018-07-04,19:00,00:00,FC Dallas,Atlanta United FC,DAL,ATL,502553,mls-2018-DAL-ATL-20180704,Regular Season,,Toyota Stadium,Frisco,Toyota Stadium,America/Chicago,full_time,,https://site.api.espn.com/apis/site/v2/sports/soccer/usa.1/scoreboard?dates=20180704,https://site.api.espn.com/apis/site/v2/sports/soccer/usa.1/scoreboard?dates=20180704,2026-10-02T09:31:07+00:00,scoreboard.events[502553].competitions[0],21728a21d2aec9ac
2018,2018-07-04,19:00,01:00,Colorado Rapids,Seattle Sounders FC,COL,SEA,502552,mls-2018-COL-SEA-20180704,Regular Season,,Dick's Sporting Goods Park,Commerce City,"Commerce City, Colorado",America/Denver,full_time,,https://site.api.espn.com/apis/site/v2/sports/soccer/usa.1/scoreboard?dates=20180704,https://site.api.espn.com/apis/site/v2/sports/soccer/usa.1/scoreboard?dates=20180704,2026-10-02T09:31:07+00:00,scoreboard.events[502552].competitions[0],21728a21d2aec9ac
2018,2018-07-04,20:00,02:00,Real Salt Lake,Sporting Kansas City,RSL,SKC,502551,mls-2018-RSL-SKC-20180704,Regular Season,,America First Field,Sandy,"Sandy, Utah",America/Denver,full_time,,https://site.api.espn.com/apis/site/v2/sports/soccer/usa.1/scoreboard?dates=20180704,https://site.api.espn.com/apis/site/v2/sports/soccer/usa.1/scoreboard?dates=20180704,2026-10-02T09:31:07+00:00,scoreboard.events[502551].competitions[0],21728a21d2aec9ac
2018,2018-07-04,19:30,02:30,LA Galaxy,D.C. United,LA,DC,502550,mls-2018-LA-DC-20180704,Regular Season,,Dignity Health Sports Park,Carson,"Carson, California",America/Los_Angeles,full_time,,https://site.api.espn.com/apis/site/v2/sports/soccer/usa.1/scoreboard?dates=20180704,https://site.api.espn.com/apis/site/v2/sports/soccer/usa.1/scoreboard?dates=20180704,2026-10-02T09:31:07+00:00,scoreboard.events[502550].competitions[0],21728a21d2aec9ac
2018,2018-07-07,19:00,23:00,Philadelphia Union,Atlanta United FC,PHI,ATL,502549,mls-2018-PHI-ATL-20180707,Regular Season,,Subaru Park,Chester,"Chester, Pennsylvania",America/New_York,full_time,,https://site.api.espn.com/apis/site/v2/sports/soccer/usa.1/scoreboard?dates=20180707,https://site.api.espn.com/apis/site/v2/sports/soccer/usa.1/scoreboard?dates=20180707,2026-10-02T09:31:07+00:00,scoreboard.events[502549].competitions[0],a50e9770005a7f1d
2018,2018-07-07,19:30,23:30,CF Montréal,Colorado Rapids,MTL,COL,502545,mls-2018-MTL-COL-20180707,Regular Season,,Stade Saputo,Montreal,Montreal,America/Toronto,full_time,,https://site.api.espn.com/apis/site/v2/sports/soccer/usa.1/scoreboard?dates=20180707,https://site.api.espn.com/apis/site/v2/sports/soccer/usa.1/scoreboard?dates=20180707,2026-10-02T09:31:07+00:00,scoreboard.events[502545].competitions[0],a50e9770005a7f1d
2018,2018-07-07,19:30,23:30,New England Revolution,Seattle Sounders FC,NE,SEA,502546,mls-2018-NE-SEA-20180707,Regular Season,,Gillette Stadium,Foxborough,"Foxborough, Massachusetts",America/New_York,full_time,,https://site.api.espn.com/apis/site/v2/sports/soccer/usa.1/scoreboard?dates=20180707,https://site.api.espn.com/apis/site/v2/sports/soccer/usa.1/scoreboard?dates=20180707,2026-10-02T09:31:07+00:00,scoreboard.events[502546].competitions[0],a50e9770005a7f1d
2018,2018-07-07,19:30,00:30,Sporting Kansas City,Toronto FC,SKC,TOR,502544,mls-2018-SKC-TOR-20180707,Regular Season,,Children's Mercy Park,Kansas City,"Kansas City, Kansas",America/Chicago,full_time,,https://site.api.espn.com/apis/site/v2/sports/soccer/usa.1/scoreboard?dates=20180707,https://site.api.espn.com/apis/site/v2/sports/soccer/usa.1/scoreboard?dates=20180707,2026-10-02T09:31:07+00:00,scoreboard.events[502544].competitions[0],a50e9770005a7f1d
2018,2018-07-07,20:00,01:00,Houston Dynamo FC,Minnesota United FC,HOU,MIN,502543,mls-2018-HOU-MIN-20180707,Regular Season,,Shell Energy Stadium,Houston,"Houston, Texas",America/Chicago,full_time,,https://site.api.espn.com/apis/site/v2/sports/soccer/usa.1/scoreboard?dates=20180707,https://site.api.espn.com/apis/site/v2/sports/soccer/usa.1/scoreboard?dates=20180707,2026-10-02T09:31:07+00:00,scoreboard.events[502543].competitions[0],a50e9770005a7f1d
2018,2018-07-07,20:00,02:00,Real Salt Lake,FC Dallas,RSL,DAL,502542,mls-2018-RSL-DAL-20180707,Regular Season,,America First Field,Sandy,"Sandy, Utah",America/Denver,full_time,,https://site.api.espn.com/apis/site/v2/sports/soccer/usa.1/scoreboard?dates=20180707,https://site.api.espn.com/apis/site/v2/sports/soccer/usa.1/scoreboard?dates=20180707,2026-10-02T09:31:07+00:00,scoreboard.events[502542].competitions[0],a50e9770005a7f1d
2018,2018-07-07,19:30,02:30,LA Galaxy,Columbus Crew,LA,CLB,502541,mls-2018-LA-CLB-20180707,Regular Season,,Dignity Health Sports Park,Carson,"Carson, California",America/Los_Angeles,full_time,,https://site.api.espn.com/apis/site/v2/sports/soccer/usa.1/scoreboard?dates=20180707,https://site.api.espn.com/apis/site/v2/sports/soccer/usa.1/scoreboard?dates=20180707,2026-10-02T09:31:07+00:00,scoreboard.events[502541].competitions[0],a50e9770005a7f1d
2018,2018-07-07,19:30,02:30,Vancouver Whitecaps,Chicago Fire FC,VAN,CHI,502547,mls-2018-VAN-CHI-20180707,Regular Season,,BC Place,Vancouver,Vancouver,America/Vancouver,full_time,,https://site.api.espn.com/apis/site/v2/sports/soccer/usa.1/scoreboard?dates=20180707,https://site.api.espn.com/apis/site/v2/sports/soccer/usa.1/scoreboard?dates=20180707,2026-10-02T09:31:07+00:00,scoreboard.events[502547].competitions[0],a50e9770005a7f1d
2018,2018-07-07,20:00,03:00,LAFC,Orlando City SC,LAFC,ORL,502548,mls-2018-LAFC-ORL-20180707,Regular Season,,BMO Stadium,Los Angeles,"Los Angeles, California",America/Los_Angeles,full_time,,https://site.api.espn.com/apis/site/v2/sports/soccer/usa.1/scoreboard?dates=20180707,https://site.api.espn.com/apis/site/v2/sports/soccer/usa.1/scoreboard?dates=20180707,2026-10-02T09:31:07+00:00,scoreboard.events[502548].competitions[0],a50e9770005a7f1d
2018,2018-07-07,20:00,03:00,Portland Timbers,San Jose Earthquakes,POR,SJ,502540,mls-2018-POR-SJ-20180707,Regular Season,,Providence Park,Portland,"Portland, Oregon",America/Los_Angeles,full_time,,https://site.api.espn.com/apis/site/v2/sports/soccer/usa.1/scoreboard?dates=20180707,https://site.api.espn.com/apis/site/v2/sports/soccer/usa.1/scoreboard?dates=20180707,2026-10-02T09:31:07+00:00,scoreboard.events[502540].competitions[0],a50e9770005a7f1d
2018,2018-07-08,19:00,23:00,New York City FC,Red Bull New York,NYC,RBNY,502539,mls-2018-NYC-RBNY-20180708,Regular Season,,Yankee Stadium,New York,New York City,America/New_York,full_time,,https://site.api.espn.com/apis/site/v2/sports/soccer/usa.1/scoreboard?dates=20180708,https://site.api.espn.com/apis/site/v2/sports/soccer/usa.1/scoreboard?dates=20180708,2026-10-02T09:31:08+00:00,scoreboard.events[502539].competitions[0],1c6a2cc3e5462f0c
2018,2018-07-11,19:00,23:00,New York City FC,CF Montréal,NYC,MTL,502538,mls-2018-NYC-MTL-20180711,Regular Season,,Yankee Stadium,New York,New York City,America/New_York,full_time,,https://site.api.espn.com/apis/site/v2/sports/soccer/usa.1/scoreboard?dates=20180711,https://site.api.espn.com/apis/site/v2/sports/soccer/usa.1/scoreboard?dates=20180711,2026-10-02T09:31:08+00:00,scoreboard.events[502538].competitions[0],d4b0b8420027226e
2018,2018-07-11,19:30,00:30,Chicago Fire FC,Philadelphia Union,CHI,PHI,502537,mls-2018-CHI-PHI-20180711,Regular Season,,SeatGeek Stadium,Bridgeview,"Bridgeview, Illinois",America/Chicago,full_time,,https://site.api.espn.com/apis/site/v2/sports/soccer/usa.1/scoreboard?dates=20180711,https://site.api.espn.com/apis/site/v2/sports/soccer/usa.1/scoreboard?dates=20180711,2026-10-02T09:31:08+00:00,scoreboard.events[502537].competitions[0],d4b0b8420027226e
2018,2018-07-14,19:00,23:00,New York City FC,Columbus Crew,NYC,CLB,502534,mls-2018-NYC-CLB-20180714,Regular Season,,Yankee Stadium,New York,New York City,America/New_York,full_time,,https://site.api.espn.com/apis/site/v2/sports/soccer/usa.1/scoreboard?dates=20180714,https://site.api.espn.com/apis/site/v2/sports/soccer/usa.1/scoreboard?dates=20180714,2026-10-02T09:31:09+00:00,scoreboard.events[502534].competitions[0],6211e504b4a1dc25
2018,2018-07-14,19:00,23:00,Red Bull New York,Sporting Kansas City,RBNY,SKC,502535,mls-2018-RBNY-SKC-20180714,Regular Season,,Sports Illustrated Stadium,Harrison,"Harrison, New Jersey",America/New_York,full_time,,https://site.api.espn.com/apis/site/v2/sports/soccer/usa.1/scoreboard?dates=20180714,https://site.api.espn.com/apis/site/v2/sports/soccer/usa.1/scoreboard?dates=20180714,2026-10-02T09:31:09+00:00,scoreboard.events[502535].competitions[0],6211e504b4a1dc25
2018,2018-07-14,19:30,23:30,CF Montréal,San Jose Earthquakes,MTL,SJ,502532,mls-2018-MTL-SJ-20180714,Regular Season,,Stade Saputo,Montreal,Montreal,America/Toronto,full_time,,https://site.api.espn.com/apis/site/v2/sports/soccer/usa.1/scoreboard?dates=20180714,https://site.api.espn.com/apis/site/v2/sports/soccer/usa.1/scoreboard?dates=20180714,2026-10-02T09:31:09+00:00,scoreboard.events[502532].competitions[0],6211e504b4a1dc25
2018,2018-07-14,19:30,23:30,New England Revolution,LA Galaxy,NE,LA,502531,mls-2018-NE-LA-20180714,Regular Season,,Gillette Stadium,Foxborough,"Foxborough, Massachusetts",America/New_York,full_time,,https://site.api.espn.com/apis/site/v2/sports/soccer/usa.1/scoreboard?dates=20180714,https://site.api.espn.com/apis/site/v2/sports/soccer/usa.1/scoreboard?dates=20180714,2026-10-02T09:31:09+00:00,scoreboard.events[502531].competitions[0],6211e504b4a1dc25
2018,2018-07-14,20:00,00:00,D.C. United,Vancouver Whitecaps,DC,VAN,502536,mls-2018-DC-VAN-20180714,Regular Season,,Audi Field,Washington,"Washington, District of Columbia",America/New_York,full_time,,https://site.api.espn.com/apis/site/v2/sports/soccer/usa.1/scoreboard?dates=20180714,https://site.api.espn.com/apis/site/v2/sports/soccer/usa.1/scoreboard?dates=20180714,2026-10-02T09:31:09+00:00,scoreboard.events[502536].competitions[0],6211e504b4a1dc25
2018,2018-07-14,19:00,00:00,FC Dallas,Chicago Fire FC,DAL,CHI,502529,mls-2018-DAL-CHI-20180714,Regular Season,,Toyota Stadium,Frisco,Toyota Stadium,America/Chicago,full_time,,https://site.api.espn.com/apis/site/v2/sports/soccer/usa.1/scoreboard?dates=20180714,https://site.api.espn.com/apis/site/v2/sports/soccer/usa.1/scoreboard?dates=20180714,2026-10-02T09:31:09+00:00,scoreboard.events[502529].competitions[0],6211e504b4a1dc25
2018,2018-07-14,19:00,00:00,Minnesota United FC,Real Salt Lake,MIN,RSL,502530,mls-2018-MIN-RSL-20180714,Regular Season,,TCF Bank Stadium,Minneapolis,"Minneapolis, Minnesota",America/Chicago,full_time,,https://site.api.espn.com/apis/site/v2/sports/soccer/usa.1/scoreboard?dates=20180714,https://site.api.espn.com/apis/site/v2/sports/soccer/usa.1/scoreboard?dates=20180714,2026-10-02T09:31:09+00:00,scoreboard.events[502530].competitions[0],6211e504b4a1dc25
2018,2018-07-14,20:00,00:00,Orlando City SC,Toronto FC,ORL,TOR,502533,mls-2018-ORL-TOR-20180714,Regular Season,,Inter&Co Stadium,Orlando,"Orlando, Florida",America/New_York,full_time,,https://site.api.espn.com/apis/site/v2/sports/soccer/usa.1/scoreboard?dates=20180714,https://site.api.espn.com/apis/site/v2/sports/soccer/usa.1/scoreboard?dates=20180714,2026-10-02T09:31:09+00:00,scoreboard.events[502533].competitions[0],6211e504b4a1dc25
2018,2018-07-14,19:00,01:00,Colorado Rapids,Houston Dynamo FC,COL,HOU,502528,mls-2018-COL-HOU-20180714,Regular Season,,Dick's Sporting Goods Park,Commerce City,"Commerce City, Colorado",America/Denver,full_time,,https://site.api.espn.com/apis/site/v2/sports/soccer/usa.1/scoreboard?dates=20180714,https://site.api.espn.com/apis/site/v2/sports/soccer/usa.1/scoreboard?dates=20180714,2026-10-02T09:31:09+00:00,scoreboard.events[502528].competitions[0],6211e504b4a1dc25
2018,2018-07-15,14:00,18:00,Atlanta United FC,Seattle Sounders FC,ATL,SEA,502527,mls-2018-ATL-SEA-20180715,Regular Season,,Mercedes-Benz Stadium,Atlanta,"Atlanta, Georgia",America/New_York,full_time,,https://site.api.espn.com/apis/site/v2/sports/soccer/usa.1/scoreboard?dates=20180715,https://site.api.espn.com/apis/site/v2/sports/soccer/usa.1/scoreboard?dates=20180715,2026-10-02T09:31:08+00:00,scoreboard.events[502527].competitions[0],48af2c7dec9c1903
2018,2018-07-15,15:00,22:00,LAFC,Portland Timbers,LAFC,POR,502526,mls-2018-LAFC-POR-20180715,Regular Season,,BMO Stadium,Los Angeles,"Los Angeles, California",America/Los_Angeles,full_time,,https://site.api.espn.com/apis/site/v2/sports/soccer/usa.1/scoreboard?dates=20180715,https://site.api.espn.com/apis/site/v2/sports/soccer/usa.1/scoreboard?dates=20180715,2026-10-02T09:31:08+00:00,scoreboard.events[502526].competitions[0],48af2c7dec9c1903
2018,2018-07-18,19:00,00:00,Minnesota United FC,New England Revolution,MIN,NE,502525,mls-2018-MIN-NE-20180718,Regular Season,,TCF Bank Stadium,Minneapolis,"Minneapolis, Minnesota",America/Chicago,full_time,,https://site.api.espn.com/apis/site/v2/sports/soccer/usa.1/scoreboard?dates=20180718,https://site.api.espn.com/apis/site/v2/sports/soccer/usa.1/scoreboard?dates=20180718,2026-10-02T09:31:09+00:00,scoreboard.events[502525].competitions[0],4a2bd5cda53d4ece
2018,2018-07-21,15:30,19:30,Atlanta United FC,D.C. United,ATL,DC,502523,mls-2018-ATL-DC-20180721,Regular Season,,Mercedes-Benz Stadium,Atlanta,"Atlanta, Georgia",America/New_York,full_time,,https://site.api.espn.com/apis/site/v2/sports/soccer/usa.1/scoreboard?dates=20180721,https://site.api.espn.com/apis/site/v2/sports/soccer/usa.1/scoreboard?dates=20180721,2026-10-02T09:31:10+00:00,scoreboard.events[502523].competitions[0],7706a0433f3b9faf
2018,2018-07-21,13:00,20:00,Seattle Sounders FC,Vancouver Whitecaps,SEA,VAN,502522,mls-2018-SEA-VAN-20180721,Regular Season,,Lumen Field,Seattle,"Seattle, Washington",America/Los_Angeles,full_time,,https://site.api.espn.com/apis/site/v2/sports/soccer/usa.1/scoreboard?dates=20180721,https://site.api.espn.com/apis/site/v2/sports/soccer/usa.1/scoreboard?dates=20180721,2026-10-02T09:31:10+00:00,scoreboard.events[502522].competitions[0],7706a0433f3b9faf
2018,2018-07-21,18:00,23:00,Chicago Fire FC,Toronto FC,CHI,TOR,502519,mls-2018-CHI-TOR-20180721,Regular Season,,SeatGeek Stadium,Bridgeview,"Bridgeview, Illinois",America/Chicago,full_time,,https://site.api.espn.com/apis/site/v2/sports/soccer/usa.1/scoreboard?dates=20180721,https://site.api.espn.com/apis/site/v2/sports/soccer/usa.1/scoreboard?dates=20180721,2026-10-02T09:31:10+00:00,scoreboard.events[502519].competitions[0],7706a0433f3b9faf
2018,2018-07-21,19:00,23:00,Philadelphia Union,LA Galaxy,PHI,LA,502524,mls-2018-PHI-LA-20180721,Regular Season,,Subaru Park,Chester,"Chester, Pennsylvania",America/New_York,full_time,,https://site.api.espn.com/apis/site/v2/sports/soccer/usa.1/scoreboard?dates=20180721,https://site.api.espn.com/apis/site/v2/sports/soccer/usa.1/scoreboard?dates=20180721,2026-10-02T09:31:10+00:00,scoreboard.events[502524].competitions[0],7706a0433f3b9faf
2018,2018-07-21,19:00,23:00,Red Bull New York,New England Revolution,RBNY,NE,502521,mls-2018-RBNY-NE-20180721,Regular Season,,Sports Illustrated Stadium,Harrison,"Harrison, New Jersey",America/New_York,full_time,,https://site.api.espn.com/apis/site/v2/sports/soccer/usa.1/scoreboard?dates=20180721,https://site.api.espn.com/apis/site/v2/sports/soccer/usa.1/scoreboard?dates=20180721,2026-10-02T09:31:10+00:00,scoreboard.events[502521].competitions[0],7706a0433f3b9faf
2018,2018-07-21,19:30,23:30,Columbus Crew,Orlando City SC,CLB,ORL,502520,mls-2018-CLB-ORL-20180721,Regular Season,,Historic Crew Stadium,Columbus,"Columbus, Ohio",America/New_York,full_time,,https://site.api.espn.com/apis/site/v2/sports/soccer/usa.1/scoreboard?dates=20180721,https://site.api.espn.com/apis/site/v2/sports/soccer/usa.1/scoreboard?dates=20180721,2026-10-02T09:31:10+00:00,scoreboard.events[502520].competitions[0],7706a0433f3b9faf
2018,2018-07-21,20:00,01:00,Houston Dynamo FC,FC Dallas,HOU,DAL,502518,mls-2018-HOU-DAL-20180721,Regular Season,,Shell Energy Stadium,Houston,"Houston, Texas",America/Chicago,full_time,,https://site.api.espn.com/apis/site/v2/sports/soccer/usa.1/scoreboard?dates=20180721,https://site.api.espn.com/apis/site/v2/sports/soccer/usa.1/scoreboard?dates=20180721,2026-10-02T09:31:10+00:00,scoreboard.events[502518].competitions[0],7706a0433f3b9faf
2018,2018-07-21,20:00,02:00,Real Salt Lake,Colorado Rapids,RSL,COL,502517,mls-2018-RSL-COL-20180721,Regular Season,,America First Field,Sandy,"Sandy, Utah",America/Denver,full_time,,https://site.api.espn.com/apis/site/v2/sports/soccer/usa.1/scoreboard?dates=20180721,https://site.api.espn.com/apis/site/v2/sports/soccer/usa.1/scoreboard?dates=20180721,2026-10-02T09:31:10+00:00,scoreboard.events[502517].competitions[0],7706a0433f3b9faf
2018,2018-07-21,20:00,03:00,Portland Timbers,CF Montréal,POR,MTL,502516,mls-2018-POR-MTL-20180721,Regular Season,,Providence Park,Portland,"Portland, Oregon",America/Los_Angeles,full_time,,https://site.api.espn.com/apis/site/v2/sports/soccer/usa.1/scoreboard?dates=20180721,https://site.api.espn.com/apis/site/v2/sports/soccer/usa.1/scoreboard?dates=20180721,2026-10-02T09:31:10+00:00,scoreboard.events[502516].competitions[0],7706a0433f3b9faf
2018,2018-07-22,18:00,23:00,Minnesota United FC,LAFC,MIN,LAFC,502515,mls-2018-MIN-LAFC-20180722,Regular Season,,TCF Bank Stadium,Minneapolis,"Minneapolis, Minnesota",America/Chicago,full_time,,https://site.api.espn.com/apis/site/v2/sports/soccer/usa.1/scoreboard?dates=20180722,https://site.api.espn.com/apis/site/v2/sports/soccer/usa.1/scoreboard?dates=20180722,2026-10-02T09:31:10+00:00,scoreboard.events[502515].competitions[0],7d47ea9906626f0f
2018,2018-07-25,20:00,01:00,Houston Dynamo FC,Philadelphia Union,HOU,PHI,502513,mls-2018-HOU-PHI-20180725,Regular Season,,Shell Energy Stadium,Houston,"Houston, Texas",America/Chicago,full_time,,https://site.api.espn.com/apis/site/v2/sports/soccer/usa.1/scoreboard?dates=20180725,https://site.api.espn.com/apis/site/v2/sports/soccer/usa.1/scoreboard?dates=20180725,2026-10-02T09:31:10+00:00,scoreboard.events[502513].competitions[0],b5a8b5bc7c0ea108
2018,2018-07-25,21:27,01:27,D.C. United,Red Bull New York,DC,RBNY,502514,mls-2018-DC-RBNY-20180725,Regular Season,,Audi Field,Washington,"Washington, District of Columbia",America/New_York,full_time,,https://site.api.espn.com/apis/site/v2/sports/soccer/usa.1/scoreboard?dates=20180725,https://site.api.espn.com/apis/site/v2/sports/soccer/usa.1/scoreboard?dates=20180725,2026-10-02T09:31:10+00:00,scoreboard.events[502514].competitions[0],b5a8b5bc7c0ea108
2018,2018-07-25,19:30,02:30,San Jose Earthquakes,Seattle Sounders FC,SJ,SEA,502512,mls-2018-SJ-SEA-20180725,Regular Season,,PayPal Park,San Jose,"San Jose, California",America/Los_Angeles,full_time,,https://site.api.espn.com/apis/site/v2/sports/soccer/usa.1/scoreboard?dates=20180725,https://site.api.espn.com/apis/site/v2/sports/soccer/usa.1/scoreboard?dates=20180725,2026-10-02T09:31:10+00:00,scoreboard.events[502512].competitions[0],b5a8b5bc7c0ea108
2018,2018-07-26,20:00,00:00,Orlando City SC,New York City FC,ORL,NYC,502511,mls-2018-ORL-NYC-20180726,Regular Season,,Inter&Co Stadium,Orlando,"Orlando, Florida",America/New_York,full_time,,https://site.api.espn.com/apis/site/v2/sports/soccer/usa.1/scoreboard?dates=20180726,https://site.api.espn.com/apis/site/v2/sports/soccer/usa.1/scoreboard?dates=20180726,2026-10-02T09:31:10+00:00,scoreboard.events[502511].competitions[0],698bf1c503c6b3d7
2018,2018-07-26,19:30,02:30,LAFC,LA Galaxy,LAFC,LA,502510,mls-2018-LAFC-LA-20180726,Regular Season,,BMO Stadium,Los Angeles,"Los Angeles, California",America/Los_Angeles,full_time,,https://site.api.espn.com/apis/site/v2/sports/soccer/usa.1/scoreboard?dates=20180726,https://site.api.espn.com/apis/site/v2/sports/soccer/usa.1/scoreboard?dates=20180726,2026-10-02T09:31:10+00:00,scoreboard.events[502510].competitions[0],698bf1c503c6b3d7
2018,2018-07-28,19:00,23:00,CF Montréal,Atlanta United FC,MTL,ATL,502506,mls-2018-MTL-ATL-20180728,Regular Season,,Stade Saputo,Montreal,Montreal,America/Toronto,full_time,,https://site.api.espn.com/apis/site/v2/sports/soccer/usa.1/scoreboard?dates=20180728,https://site.api.espn.com/apis/site/v2/sports/soccer/usa.1/scoreboard?dates=20180728,2026-10-02T09:31:11+00:00,scoreboard.events[502506].competitions[0],c14fcf7363878e53
2018,2018-07-28,19:00,23:00,Red Bull New York,Columbus Crew,RBNY,CLB,502509,mls-2018-RBNY-CLB-20180728,Regular Season,,Sports Illustrated Stadium,Harrison,"Harrison, New Jersey",America/New_York,full_time,,https://site.api.espn.com/apis/site/v2/sports/soccer/usa.1/scoreboard?dates=20180728,https://site.api.espn.com/apis/site/v2/sports/soccer/usa.1/scoreboard?dates=20180728,2026-10-02T09:31:11+00:00,scoreboard.events[502509].competitions[0],c14fcf7363878e53
2018,2018-07-28,19:00,23:00,Toronto FC,Chicago Fire FC,TOR,CHI,502507,mls-2018-TOR-CHI-20180728,Regular Season,,BMO Field,Toronto,Toronto,America/Toronto,full_time,,https://site.api.espn.com/apis/site/v2/sports/soccer/usa.1/scoreboard?dates=20180728,https://site.api.espn.com/apis/site/v2/sports/soccer/usa.1/scoreboard?dates=20180728,2026-10-02T09:31:11+00:00,scoreboard.events[502507].competitions[0],c14fcf7363878e53
2018,2018-07-28,20:00,00:00,D.C. United,Colorado Rapids,DC,COL,502508,mls-2018-DC-COL-20180728,Regular Season,,Audi Field,Washington,"Washington, District of Columbia",America/New_York,full_time,,https://site.api.espn.com/apis/site/v2/sports/soccer/usa.1/scoreboard?dates=20180728,https://site.api.espn.com/apis/site/v2/sports/soccer/usa.1/scoreboard?dates=20180728,2026-10-02T09:31:11+00:00,scoreboard.events[502508].competitions[0],c14fcf7363878e53
2018,2018-07-28,20:00,01:00,Sporting Kansas City,FC Dallas,SKC,DAL,502505,mls-2018-SKC-DAL-20180728,Regular Season,,Children's Mercy Park,Kansas City,"Kansas City, Kansas",America/Chicago,full_time,,https://site.api.espn.com/apis/site/v2/sports/soccer/usa.1/scoreboard?dates=20180728,https://site.api.espn.com/apis/site/v2/sports/soccer/usa.1/scoreboard?dates=20180728,2026-10-02T09:31:11+00:00,scoreboard.events[502505].competitions[0],c14fcf7363878e53
2018,2018-07-28,19:00,02:00,Vancouver Whitecaps,Minnesota United FC,VAN,MIN,502503,mls-2018-VAN-MIN-20180728,Regular Season,,BC Place,Vancouver,Vancouver,America/Vancouver,full_time,,https://site.api.espn.com/apis/site/v2/sports/soccer/usa.1/scoreboard?dates=20180728,https://site.api.espn.com/apis/site/v2/sports/soccer/usa.1/scoreboard?dates=20180728,2026-10-02T09:31:11+00:00,scoreboard.events[502503].competitions[0],c14fcf7363878e53
2018,2018-07-28,19:30,02:30,San Jose Earthquakes,Real Salt Lake,SJ,RSL,502502,mls-2018-SJ-RSL-20180728,Regular Season,,PayPal Park,San Jose,"San Jose, California",America/Los_Angeles,full_time,,https://site.api.espn.com/apis/site/v2/sports/soccer/usa.1/scoreboard?dates=20180728,https://site.api.espn.com/apis/site/v2/sports/soccer/usa.1/scoreboard?dates=20180728,2026-10-02T09:31:11+00:00,scoreboard.events[502502].competitions[0],c14fcf7363878e53
2018,2018-07-28,20:00,03:00,Portland Timbers,Houston Dynamo FC,POR,HOU,502504,mls-2018-POR-HOU-20180728,Regular Season,,Providence Park,Portland,"Portland, Oregon",America/Los_Angeles,full_time,,https://site.api.espn.com/apis/site/v2/sports/soccer/usa.1/scoreboard?dates=20180728,https://site.api.espn.com/apis/site/v2/sports/soccer/usa.1/scoreboard?dates=20180728,2026-10-02T09:31:11+00:00,scoreboard.events[502504].competitions[0],c14fcf7363878e53
2018,2018-07-29,14:00,21:00,Seattle Sounders FC,New York City FC,SEA,NYC,502501,mls-2018-SEA-NYC-20180729,Regular Season,,Lumen Field,Seattle,"Seattle, Washington",America/Los_Angeles,full_time,,https://site.api.espn.com/apis/site/v2/sports/soccer/usa.1/scoreboard?dates=20180729,https://site.api.espn.com/apis/site/v2/sports/soccer/usa.1/scoreboard?dates=20180729,2026-10-02T09:31:11+00:00,scoreboard.events[502501].competitions[0],ea52d4644005c8e4
2018,2018-07-29,18:30,01:30,LA Galaxy,Orlando City SC,LA,ORL,502500,mls-2018-LA-ORL-20180729,Regular Season,,Dignity Health Sports Park,Carson,"Carson, California",America/Los_Angeles,full_time,,https://site.api.espn.com/apis/site/v2/sports/soccer/usa.1/scoreboard?dates=20180729,https://site.api.espn.com/apis/site/v2/sports/soccer/usa.1/scoreboard?dates=20180729,2026-10-02T09:31:11+00:00,scoreboard.events[502500].competitions[0],ea52d4644005c8e4
2018,2018-08-04,16:00,20:00,Atlanta United FC,Toronto FC,ATL,TOR,502499,mls-2018-ATL-TOR-20180804,Regular Season,,Mercedes-Benz Stadium,Atlanta,"Atlanta, Georgia",America/New_York,full_time,,https://site.api.espn.com/apis/site/v2/sports/soccer/usa.1/scoreboard?dates=20180804,https://site.api.espn.com/apis/site/v2/sports/soccer/usa.1/scoreboard?dates=20180804,2026-10-02T09:31:12+00:00,scoreboard.events[502499].competitions[0],84288ebbcf1d5cc9
2018,2018-08-04,19:30,23:30,CF Montréal,D.C. United,MTL,DC,502497,mls-2018-MTL-DC-20180804,Regular Season,,Stade Saputo,Montreal,Montreal,America/Toronto,full_time,,https://site.api.espn.com/apis/site/v2/sports/soccer/usa.1/scoreboard?dates=20180804,https://site.api.espn.com/apis/site/v2/sports/soccer/usa.1/scoreboard?dates=20180804,2026-10-02T09:31:12+00:00,scoreboard.events[502497].competitions[0],84288ebbcf1d5cc9
2018,2018-08-04,19:30,23:30,Orlando City SC,New England Revolution,ORL,NE,502498,mls-2018-ORL-NE-20180804,Regular Season,,Inter&Co Stadium,Orlando,"Orlando, Florida",America/New_York,full_time,,https://site.api.espn.com/apis/site/v2/sports/soccer/usa.1/scoreboard?dates=20180804,https://site.api.espn.com/apis/site/v2/sports/soccer/usa.1/scoreboard?dates=20180804,2026-10-02T09:31:12+00:00,scoreboard.events[502498].competitions[0],84288ebbcf1d5cc9
2018,2018-08-04,19:00,00:00,FC Dallas,San Jose Earthquakes,DAL,SJ,502494,mls-2018-DAL-SJ-20180804,Regular Season,,Toyota Stadium,Frisco,Toyota Stadium,America/Chicago,full_time,,https://site.api.espn.com/apis/site/v2/sports/soccer/usa.1/scoreboard?dates=20180804,https://site.api.espn.com/apis/site/v2/sports/soccer/usa.1/scoreboard?dates=20180804,2026-10-02T09:31:12+00:00,scoreboard.events[502494].competitions[0],84288ebbcf1d5cc9
2018,2018-08-04,19:00,00:00,Minnesota United FC,Seattle Sounders FC,MIN,SEA,502495,mls-2018-MIN-SEA-20180804,Regular Season,,TCF Bank Stadium,Minneapolis,"Minneapolis, Minnesota",America/Chicago,full_time,,https://site.api.espn.com/apis/site/v2/sports/soccer/usa.1/scoreboard?dates=20180804,https://site.api.espn.com/apis/site/v2/sports/soccer/usa.1/scoreboard?dates=20180804,2026-10-02T09:31:12+00:00,scoreboard.events[502495].competitions[0],84288ebbcf1d5cc9
2018,2018-08-04,20:00,00:00,New York City FC,Vancouver Whitecaps,NYC,VAN,502496,mls-2018-NYC-VAN-20180804,Regular Season,,Yankee Stadium,New York,New York City,America/New_York,full_time,,https://site.api.espn.com/apis/site/v2/sports/soccer/usa.1/scoreboard?dates=20180804,https://site.api.espn.com/apis/site/v2/sports/soccer/usa.1/scoreboard?dates=20180804,2026-10-02T09:31:12+00:00,scoreboard.events[502496].competitions[0],84288ebbcf1d5cc9
2018,2018-08-04,19:00,01:00,Colorado Rapids,LA Galaxy,COL,LA,502492,mls-2018-COL-LA-20180804,Regular Season,,Dick's Sporting Goods Park,Commerce City,"Commerce City, Colorado",America/Denver,full_time,,https://site.api.espn.com/apis/site/v2/sports/soccer/usa.1/scoreboard?dates=20180804,https://site.api.espn.com/apis/site/v2/sports/soccer/usa.1/scoreboard?dates=20180804,2026-10-02T09:31:12+00:00,scoreboard.events[502492].competitions[0],84288ebbcf1d5cc9
2018,2018-08-04,20:00,01:00,Houston Dynamo FC,Sporting Kansas City,HOU,SKC,502493,mls-2018-HOU-SKC-20180804,Regular Season,,Shell Energy Stadium,Houston,"Houston, Texas",America/Chicago,full_time,,https://site.api.espn.com/apis/site/v2/sports/soccer/usa.1/scoreboard?dates=20180804,https://site.api.espn.com/apis/site/v2/sports/soccer/usa.1/scoreboard?dates=20180804,2026-10-02T09:31:12+00:00,scoreboard.events[502493].competitions[0],84288ebbcf1d5cc9
2018,2018-08-04,20:00,02:00,Real Salt Lake,Chicago Fire FC,RSL,CHI,502491,mls-2018-RSL-CHI-20180804,Regular Season,,America First Field,Sandy,"Sandy, Utah",America/Denver,full_time,,https://site.api.espn.com/apis/site/v2/sports/soccer/usa.1/scoreboard?dates=20180804,https://site.api.espn.com/apis/site/v2/sports/soccer/usa.1/scoreboard?dates=20180804,2026-10-02T09:31:12+00:00,scoreboard.events[502491].competitions[0],84288ebbcf1d5cc9
2018,2018-08-04,20:00,03:00,Portland Timbers,Philadelphia Union,POR,PHI,502490,mls-2018-POR-PHI-20180804,Regular Season,,Providence Park,Portland,"Portland, Oregon",America/Los_Angeles,full_time,,https://site.api.espn.com/apis/site/v2/sports/soccer/usa.1/scoreboard?dates=20180804,https://site.api.espn.com/apis/site/v2/sports/soccer/usa.1/scoreboard?dates=20180804,2026-10-02T09:31:12+00:00,scoreboard.events[502490].competitions[0],84288ebbcf1d5cc9
2018,2018-08-05,18:00,22:00,Red Bull New York,LAFC,RBNY,LAFC,502489,mls-2018-RBNY-LAFC-20180805,Regular Season,,Sports Illustrated Stadium,Harrison,"Harrison, New Jersey",America/New_York,full_time,,https://site.api.espn.com/apis/site/v2/sports/soccer/usa.1/scoreboard?dates=20180805,https://site.api.espn.com/apis/site/v2/sports/soccer/usa.1/scoreboard?dates=20180805,2026-10-02T09:31:12+00:00,scoreboard.events[502489].competitions[0],94fae52999bcb83d
2018,2018-08-11,19:30,23:30,Columbus Crew,Houston Dynamo FC,CLB,HOU,502487,mls-2018-CLB-HOU-20180811,Regular Season,,Historic Crew Stadium,Columbus,"Columbus, Ohio",America/New_York,full_time,,https://site.api.espn.com/apis/site/v2/sports/soccer/usa.1/scoreboard?dates=20180811,https://site.api.espn.com/apis/site/v2/sports/soccer/usa.1/scoreboard?dates=20180811,2026-10-02T09:31:13+00:00,scoreboard.events[502487].competitions[0],b40dc839cb26dfaf
2018,2018-08-11,19:30,23:30,New England Revolution,Philadelphia Union,NE,PHI,502488,mls-2018-NE-PHI-20180811,Regular Season,,Gillette Stadium,Foxborough,"Foxborough, Massachusetts",America/New_York,full_time,,https://site.api.espn.com/apis/site/v2/sports/soccer/usa.1/scoreboard?dates=20180811,https://site.api.espn.com/apis/site/v2/sports/soccer/usa.1/scoreboard?dates=20180811,2026-10-02T09:31:13+00:00,scoreboard.events[502488].competitions[0],b40dc839cb26dfaf
2018,2018-08-11,19:30,00:30,Chicago Fire FC,Red Bull New York,CHI,RBNY,502486,mls-2018-CHI-RBNY-20180811,Regular Season,,SeatGeek Stadium,Bridgeview,"Bridgeview, Illinois",America/Chicago,full_time,,https://site.api.espn.com/apis/site/v2/sports/soccer/usa.1/scoreboard?dates=20180811,https://site.api.espn.com/apis/site/v2/sports/soccer/usa.1/scoreboard?dates=20180811,2026-10-02T09:31:13+00:00,scoreboard.events[502486].competitions[0],b40dc839cb26dfaf
2018,2018-08-11,19:00,01:00,Colorado Rapids,San Jose Earthquakes,COL,SJ,502485,mls-2018-COL-SJ-20180811,Regular Season,,Dick's Sporting Goods Park,Commerce City,"Commerce City, Colorado",America/Denver,full_time,,https://site.api.espn.com/apis/site/v2/sports/soccer/usa.1/scoreboard?dates=20180811,https://site.api.espn.com/apis/site/v2/sports/soccer/usa.1/scoreboard?dates=20180811,2026-10-02T09:31:13+00:00,scoreboard.events[502485].competitions[0],b40dc839cb26dfaf
2018,2018-08-11,20:00,02:00,Real Salt Lake,CF Montréal,RSL,MTL,502484,mls-2018-RSL-MTL-20180811,Regular Season,,America First Field,Sandy,"Sandy, Utah",America/Denver,full_time,,https://site.api.espn.com/apis/site/v2/sports/soccer/usa.1/scoreboard?dates=20180811,https://site.api.espn.com/apis/site/v2/sports/soccer/usa.1/scoreboard?dates=20180811,2026-10-02T09:31:13+00:00,scoreboard.events[502484].competitions[0],b40dc839cb26dfaf
2018,2018-08-11,19:30,02:30,LA Galaxy,Minnesota United FC,LA,MIN,502481,mls-2018-LA-MIN-20180811,Regular Season,,Dignity Health Sports Park,Carson,"Carson, California",America/Los_Angeles,full_time,,https://site.api.espn.com/apis/site/v2/sports/soccer/usa.1/scoreboard?dates=20180811,https://site.api.espn.com/apis/site/v2/sports/soccer/usa.1/scoreboard?dates=20180811,2026-10-02T09:31:13+00:00,scoreboard.events[502481].competitions[0],b40dc839cb26dfaf
2018,2018-08-11,19:30,02:30,LAFC,Sporting Kansas City,LAFC,SKC,502482,mls-2018-LAFC-SKC-20180811,Regular Season,,BMO Stadium,Los Angeles,"Los Angeles, California",America/Los_Angeles,full_time,,https://site.api.espn.com/apis/site/v2/sports/soccer/usa.1/scoreboard?dates=20180811,https://site.api.espn.com/apis/site/v2/sports/soccer/usa.1/scoreboard?dates=20180811,2026-10-02T09:31:13+00:00,scoreboard.events[502482].competitions[0],b40dc839cb26dfaf
2018,2018-08-11,20:00,03:00,Portland Timbers,Vancouver Whitecaps,POR,VAN,502483,mls-2018-POR-VAN-20180811,Regular Season,,Providence Park,Portland,"Portland, Oregon",America/Los_Angeles,full_time,,https://site.api.espn.com/apis/site/v2/sports/soccer/usa.1/scoreboard?dates=20180811,https://site.api.espn.com/apis/site/v2/sports/soccer/usa.1/scoreboard?dates=20180811,2026-10-02T09:31:13+00:00,scoreboard.events[502483].competitions[0],b40dc839cb26dfaf
2018,2018-08-12,16:00,20:00,Toronto FC,New York City FC,TOR,NYC,502480,mls-2018-TOR-NYC-20180812,Regular Season,,BMO Field,Toronto,Toronto,America/Toronto,full_time,,https://site.api.espn.com/apis/site/v2/sports/soccer/usa.1/scoreboard?dates=20180812,https://site.api.espn.com/apis/site/v2/sports/soccer/usa.1/scoreboard?dates=20180812,2026-10-02T09:31:13+00:00,scoreboard.events[502480].competitions[0],af7afc34779dd4a6
2018,2018-08-12,20:00,00:00,D.C. United,Orlando City SC,DC,ORL,502479,mls-2018-DC-ORL-20180812,Regular Season,,Audi Field,Washington,"Washington, District of Columbia",America/New_York,full_time,,https://site.api.espn.com/apis/site/v2/sports/soccer/usa.1/scoreboard?dates=20180812,https://site.api.espn.com/apis/site/v2/sports/soccer/usa.1/scoreboard?dates=20180812,2026-10-02T09:31:13+00:00,scoreboard.events[502479].competitions[0],af7afc34779dd4a6
2018,2018-08-12,19:00,02:00,Seattle Sounders FC,FC Dallas,SEA,DAL,502478,mls-2018-SEA-DAL-20180812,Regular Season,,Lumen Field,Seattle,"Seattle, Washington",America/Los_Angeles,full_time,,https://site.api.espn.com/apis/site/v2/sports/soccer/usa.1/scoreboard?dates=20180812,https://site.api.espn.com/apis/site/v2/sports/soccer/usa.1/scoreboard?dates=20180812,2026-10-02T09:31:13+00:00,scoreboard.events[502478].competitions[0],af7afc34779dd4a6
2018,2018-08-14,19:30,02:30,LA Galaxy,Colorado Rapids,LA,COL,502449,mls-2018-LA-COL-20180814,Regular Season,,Dignity Health Sports Park,Carson,"Carson, California",America/Los_Angeles,full_time,,https://site.api.espn.com/apis/site/v2/sports/soccer/usa.1/scoreboard?dates=20180814,https://site.api.espn.com/apis/site/v2/sports/soccer/usa.1/scoreboard?dates=20180814,2026-10-02T09:31:14+00:00,scoreboard.events[502449].competitions[0],ab1a7cff714f126e
2018,2018-08-15,20:00,00:00,D.C. United,Portland Timbers,DC,POR,502477,mls-2018-DC-POR-20180815,Regular Season,,Audi Field,Washington,"Washington, District of Columbia",America/New_York,full_time,,https://site.api.espn.com/apis/site/v2/sports/soccer/usa.1/scoreboard?dates=20180815,https://site.api.espn.com/apis/site/v2/sports/soccer/usa.1/scoreboard?dates=20180815,2026-10-02T09:31:13+00:00,scoreboard.events[502477].competitions[0],53962274f12a00fb
2018,2018-08-15,19:00,02:00,LAFC,Real Salt Lake,LAFC,RSL,502476,mls-2018-LAFC-RSL-20180815,Regular Season,,BMO Stadium,Los Angeles,"Los Angeles, California",America/Los_Angeles,full_time,,https://site.api.espn.com/apis/site/v2/sports/soccer/usa.1/scoreboard?dates=20180815,https://site.api.espn.com/apis/site/v2/sports/soccer/usa.1/scoreboard?dates=20180815,2026-10-02T09:31:13+00:00,scoreboard.events[502476].competitions[0],53962274f12a00fb
2018,2018-08-18,13:00,20:00,Seattle Sounders FC,LA Galaxy,SEA,LA,502474,mls-2018-SEA-LA-20180818,Regular Season,,Lumen Field,Seattle,"Seattle, Washington",America/Los_Angeles,full_time,,https://site.api.espn.com/apis/site/v2/sports/soccer/usa.1/scoreboard?dates=20180818,https://site.api.espn.com/apis/site/v2/sports/soccer/usa.1/scoreboard?dates=20180818,2026-10-02T09:31:14+00:00,scoreboard.events[502474].competitions[0],537bcf1b2a920a47
2018,2018-08-18,19:00,23:00,Philadelphia Union,New York City FC,PHI,NYC,502475,mls-2018-PHI-NYC-20180818,Regular Season,,Subaru Park,Chester,"Chester, Pennsylvania",America/New_York,full_time,,https://site.api.espn.com/apis/site/v2/sports/soccer/usa.1/scoreboard?dates=20180818,https://site.api.espn.com/apis/site/v2/sports/soccer/usa.1/scoreboard?dates=20180818,2026-10-02T09:31:14+00:00,scoreboard.events[502475].competitions[0],537bcf1b2a920a47
2018,2018-08-18,16:00,23:00,Vancouver Whitecaps,Red Bull New York,VAN,RBNY,502473,mls-2018-VAN-RBNY-20180818,Regular Season,,BC Place,Vancouver,Vancouver,America/Vancouver,full_time,,https://site.api.espn.com/apis/site/v2/sports/soccer/usa.1/scoreboard?dates=20180818,https://site.api.espn.com/apis/site/v2/sports/soccer/usa.1/scoreboard?dates=20180818,2026-10-02T09:31:14+00:00,scoreboard.events[502473].competitions[0],537bcf1b2a920a47
2018,2018-08-18,19:30,23:30,CF Montréal,Chicago Fire FC,MTL,CHI,502472,mls-2018-MTL-CHI-20180818,Regular Season,,Stade Saputo,Montreal,Montreal,America/Toronto,full_time,,https://site.api.espn.com/apis/site/v2/sports/soccer/usa.1/scoreboard?dates=20180818,https://site.api.espn.com/apis/site/v2/sports/soccer/usa.1/scoreboard?dates=20180818,2026-10-02T09:31:14+00:00,scoreboard.events[502472].competitions[0],537bcf1b2a920a47
2018,2018-08-18,19:30,00:30,Sporting Kansas City,Portland Timbers,SKC,POR,502470,mls-2018-SKC-POR-20180818,Regular Season,,Children's Mercy Park,Kansas City,"Kansas City, Kansas",America/Chicago,full_time,,https://site.api.espn.com/apis/site/v2/sports/soccer/usa.1/scoreboard?dates=20180818,https://site.api.espn.com/apis/site/v2/sports/soccer/usa.1/scoreboard?dates=20180818,2026-10-02T09:31:14+00:00,scoreboard.events[502470].competitions[0],537bcf1b2a920a47
2018,2018-08-18,20:00,01:00,Houston Dynamo FC,Real Salt Lake,HOU,RSL,502469,mls-2018-HOU-RSL-20180818,Regular Season,,Shell Energy Stadium,Houston,"Houston, Texas",America/Chicago,full_time,,https://site.api.espn.com/apis/site/v2/sports/soccer/usa.1/scoreboard?dates=20180818,https://site.api.espn.com/apis/site/v2/sports/soccer/usa.1/scoreboard?dates=20180818,2026-10-02T09:31:14+00:00,scoreboard.events[502469].competitions[0],537bcf1b2a920a47
2018,2018-08-18,19:00,02:00,San Jose Earthquakes,Toronto FC,SJ,TOR,502468,mls-2018-SJ-TOR-20180818,Regular Season,,PayPal Park,San Jose,"San Jose, California",America/Los_Angeles,full_time,,https://site.api.espn.com/apis/site/v2/sports/soccer/usa.1/scoreboard?dates=20180818,https://site.api.espn.com/apis/site/v2/sports/soccer/usa.1/scoreboard?dates=20180818,2026-10-02T09:31:14+00:00,scoreboard.events[502468].competitions[0],537bcf1b2a920a47
2018,2018-08-18,21:40,02:40,FC Dallas,Minnesota United FC,DAL,MIN,502471,mls-2018-DAL-MIN-20180818,Regular Season,,Toyota Stadium,Frisco,Toyota Stadium,America/Chicago,full_time,,https://site.api.espn.com/apis/site/v2/sports/soccer/usa.1/scoreboard?dates=20180818,https://site.api.espn.com/apis/site/v2/sports/soccer/usa.1/scoreboard?dates=20180818,2026-10-02T09:31:14+00:00,scoreboard.events[502471].competitions[0],537bcf1b2a920a47
2018,2018-08-19,16:00,20:00,Atlanta United FC,Columbus Crew,ATL,CLB,502466,mls-2018-ATL-CLB-20180819,Regular Season,,Mercedes-Benz Stadium,Atlanta,"Atlanta, Georgia",America/New_York,full_time,,https://site.api.espn.com/apis/site/v2/sports/soccer/usa.1/scoreboard?dates=20180819,https://site.api.espn.com/apis/site/v2/sports/soccer/usa.1/scoreboard?dates=20180819,2026-10-02T09:31:14+00:00,scoreboard.events[502466].competitions[0],60d36bbd6a6e4c13
2018,2018-08-19,19:30,23:30,D.C. United,New England Revolution,DC,NE,502465,mls-2018-DC-NE-20180819,Regular Season,,Audi Field,Washington,"Washington, District of Columbia",America/New_York,full_time,,https://site.api.espn.com/apis/site/v2/sports/soccer/usa.1/scoreboard?dates=20180819,https://site.api.espn.com/apis/site/v2/sports/soccer/usa.1/scoreboard?dates=20180819,2026-10-02T09:31:14+00:00,scoreboard.events[502465].competitions[0],60d36bbd6a6e4c13
2018,2018-08-19,19:00,02:00,LAFC,Colorado Rapids,LAFC,COL,502467,mls-2018-LAFC-COL-20180819,Regular Season,,BMO Stadium,Los Angeles,"Los Angeles, California",America/Los_Angeles,full_time,,https://site.api.espn.com/apis/site/v2/sports/soccer/usa.1/scoreboard?dates=20180819,https://site.api.espn.com/apis/site/v2/sports/soccer/usa.1/scoreboard?dates=20180819,2026-10-02T09:31:14+00:00,scoreboard.events[502467].competitions[0],60d36bbd6a6e4c13
2018,2018-08-22,19:00,23:00,New York City FC,Red Bull New York,NYC,RBNY,502464,mls-2018-NYC-RBNY-20180822,Regular Season,,Yankee Stadium,New York,New York City,America/New_York,full_time,,https://site.api.espn.com/apis/site/v2/sports/soccer/usa.1/scoreboard?dates=20180822,https://site.api.espn.com/apis/site/v2/sports/soccer/usa.1/scoreboard?dates=20180822,2026-10-02T09:31:15+00:00,scoreboard.events[502464].competitions[0],fb6a1023896dfe94
2018,2018-08-23,18:00,23:00,Chicago Fire FC,Columbus Crew,CHI,CLB,502457,mls-2018-CHI-CLB-20180823,Regular Season,,SeatGeek Stadium,Bridgeview,"Bridgeview, Illinois",America/Chicago,full_time,,https://site.api.espn.com/apis/site/v2/sports/soccer/usa.1/scoreboard?dates=20180823,https://site.api.espn.com/apis/site/v2/sports/soccer/usa.1/scoreboard?dates=20180823,2026-10-02T09:31:15+00:00,scoreboard.events[502457].competitions[0],1aafcc7a32e1e588
2018,2018-08-23,20:00,01:00,Houston Dynamo FC,FC Dallas,HOU,DAL,502463,mls-2018-HOU-DAL-20180823,Regular Season,,Shell Energy Stadium,Houston,"Houston, Texas",America/Chicago,full_time,,https://site.api.espn.com/apis/site/v2/sports/soccer/usa.1/scoreboard?dates=20180823,https://site.api.espn.com/apis/site/v2/sports/soccer/usa.1/scoreboard?dates=20180823,2026-10-02T09:31:15+00:00,scoreboard.events[502463].competitions[0],1aafcc7a32e1e588
2018,2018-08-24,20:00,00:00,Orlando City SC,Atlanta United FC,ORL,ATL,502462,mls-2018-ORL-ATL-20180824,Regular Season,,Inter&Co Stadium,Orlando,"Orlando, Florida",America/New_York,full_time,,https://site.api.espn.com/apis/site/v2/sports/soccer/usa.1/scoreboard?dates=20180824,https://site.api.espn.com/apis/site/v2/sports/soccer/usa.1/scoreboard?dates=20180824,2026-10-02T09:31:15+00:00,scoreboard.events[502462].competitions[0],28d8673a1051f6b2
2018,2018-08-24,19:30,02:30,LA Galaxy,LAFC,LA,LAFC,502461,mls-2018-LA-LAFC-20180824,Regular Season,,Dignity Health Sports Park,Carson,"Carson, California",America/Los_Angeles,full_time,,https://site.api.espn.com/apis/site/v2/sports/soccer/usa.1/scoreboard?dates=20180824,https://site.api.espn.com/apis/site/v2/sports/soccer/usa.1/scoreboard?dates=20180824,2026-10-02T09:31:15+00:00,scoreboard.events[502461].competitions[0],28d8673a1051f6b2
2018,2018-08-25,19:00,23:00,Philadelphia Union,New England Revolution,PHI,NE,502460,mls-2018-PHI-NE-20180825,Regular Season,,Subaru Park,Chester,"Chester, Pennsylvania",America/New_York,full_time,,https://site.api.espn.com/apis/site/v2/sports/soccer/usa.1/scoreboard?dates=20180825,https://site.api.espn.com/apis/site/v2/sports/soccer/usa.1/scoreboard?dates=20180825,2026-10-02T09:31:15+00:00,scoreboard.events[502460].competitions[0],8e82bfb5b3b0e3e0
2018,2018-08-25,20:00,00:00,Toronto FC,CF Montréal,TOR,MTL,502459,mls-2018-TOR-MTL-20180825,Regular Season,,BMO Field,Toronto,Toronto,America/Toronto,full_time,,https://site.api.espn.com/apis/site/v2/sports/soccer/usa.1/scoreboard?dates=20180825,https://site.api.espn.com/apis/site/v2/sports/soccer/usa.1/scoreboard?dates=20180825,2026-10-02T09:31:15+00:00,scoreboard.events[502459].competitions[0],8e82bfb5b3b0e3e0
2018,2018-08-25,19:30,00:30,Sporting Kansas City,Minnesota United FC,SKC,MIN,502458,mls-2018-SKC-MIN-20180825,Regular Season,,Children's Mercy Park,Kansas City,"Kansas City, Kansas",America/Chicago,full_time,,https://site.api.espn.com/apis/site/v2/sports/soccer/usa.1/scoreboard?dates=20180825,https://site.api.espn.com/apis/site/v2/sports/soccer/usa.1/scoreboard?dates=20180825,2026-10-02T09:31:15+00:00,scoreboard.events[502458].competitions[0],8e82bfb5b3b0e3e0
2018,2018-08-25,19:00,01:00,Colorado Rapids,Real Salt Lake,COL,RSL,502456,mls-2018-COL-RSL-20180825,Regular Season,,Dick's Sporting Goods Park,Commerce City,"Commerce City, Colorado",America/Denver,full_time,,https://site.api.espn.com/apis/site/v2/sports/soccer/usa.1/scoreboard?dates=20180825,https://site.api.espn.com/apis/site/v2/sports/soccer/usa.1/scoreboard?dates=20180825,2026-10-02T09:31:15+00:00,scoreboard.events[502456].competitions[0],8e82bfb5b3b0e3e0
2018,2018-08-25,19:00,02:00,San Jose Earthquakes,Vancouver Whitecaps,SJ,VAN,502455,mls-2018-SJ-VAN-20180825,Regular Season,,PayPal Park,San Jose,"San Jose, California",America/Los_Angeles,full_time,,https://site.api.espn.com/apis/site/v2/sports/soccer/usa.1/scoreboard?dates=20180825,https://site.api.espn.com/apis/site/v2/sports/soccer/usa.1/scoreboard?dates=20180825,2026-10-02T09:31:15+00:00,scoreboard.events[502455].competitions[0],8e82bfb5b3b0e3e0
2018,2018-08-26,19:00,23:00,Red Bull New York,D.C. United,RBNY,DC,502454,mls-2018-RBNY-DC-20180826,Regular Season,,Sports Illustrated Stadium,Harrison,"Harrison, New Jersey",America/New_York,full_time,,https://site.api.espn.com/apis/site/v2/sports/soccer/usa.1/scoreboard?dates=20180826,https://site.api.espn.com/apis/site/v2/sports/soccer/usa.1/scoreboard?dates=20180826,2026-10-02T09:31:15+00:00,scoreboard.events[502454].competitions[0],1eda0bb843793c71
2018,2018-08-26,18:30,01:30,Portland Timbers,Seattle Sounders FC,POR,SEA,502453,mls-2018-POR-SEA-20180826,Regular Season,,Providence Park,Portland,"Portland, Oregon",America/Los_Angeles,full_time,,https://site.api.espn.com/apis/site/v2/sports/soccer/usa.1/scoreboard?dates=20180826,https://site.api.espn.com/apis/site/v2/sports/soccer/usa.1/scoreboard?dates=20180826,2026-10-02T09:31:15+00:00,scoreboard.events[502453].competitions[0],1eda0bb843793c71
2018,2018-08-29,20:00,00:00,D.C. United,Philadelphia Union,DC,PHI,502452,mls-2018-DC-PHI-20180829,Regular Season,,Audi Field,Washington,"Washington, District of Columbia",America/New_York,full_time,,https://site.api.espn.com/apis/site/v2/sports/soccer/usa.1/scoreboard?dates=20180829,https://site.api.espn.com/apis/site/v2/sports/soccer/usa.1/scoreboard?dates=20180829,2026-10-02T09:31:16+00:00,scoreboard.events[502452].competitions[0],ade839289bca53fc
2018,2018-08-29,20:00,00:00,Red Bull New York,Houston Dynamo FC,RBNY,HOU,502699,mls-2018-RBNY-HOU-20180829,Regular Season,,Sports Illustrated Stadium,Harrison,"Harrison, New Jersey",America/New_York,full_time,,https://site.api.espn.com/apis/site/v2/sports/soccer/usa.1/scoreboard?dates=20180829,https://site.api.espn.com/apis/site/v2/sports/soccer/usa.1/scoreboard?dates=20180829,2026-10-02T09:31:16+00:00,scoreboard.events[502699].competitions[0],ade839289bca53fc
2018,2018-08-29,19:30,02:30,Portland Timbers,Toronto FC,POR,TOR,502451,mls-2018-POR-TOR-20180829,Regular Season,,Providence Park,Portland,"Portland, Oregon",America/Los_Angeles,full_time,,https://site.api.espn.com/apis/site/v2/sports/soccer/usa.1/scoreboard?dates=20180829,https://site.api.espn.com/apis/site/v2/sports/soccer/usa.1/scoreboard?dates=20180829,2026-10-02T09:31:16+00:00,scoreboard.events[502451].competitions[0],ade839289bca53fc
2018,2018-08-29,19:30,02:30,San Jose Earthquakes,FC Dallas,SJ,DAL,502450,mls-2018-SJ-DAL-20180829,Regular Season,,PayPal Park,San Jose,"San Jose, California",America/Los_Angeles,full_time,,https://site.api.espn.com/apis/site/v2/sports/soccer/usa.1/scoreboard?dates=20180829,https://site.api.espn.com/apis/site/v2/sports/soccer/usa.1/scoreboard?dates=20180829,2026-10-02T09:31:16+00:00,scoreboard.events[502450].competitions[0],ade839289bca53fc
2018,2018-09-01,13:00,20:00,Seattle Sounders FC,Sporting Kansas City,SEA,SKC,502448,mls-2018-SEA-SKC-20180901,Regular Season,,Lumen Field,Seattle,"Seattle, Washington",America/Los_Angeles,full_time,,https://site.api.espn.com/apis/site/v2/sports/soccer/usa.1/scoreboard?dates=20180901,https://site.api.espn.com/apis/site/v2/sports/soccer/usa.1/scoreboard?dates=20180901,2026-10-02T09:31:16+00:00,scoreboard.events[502448].competitions[0],3771444a86624909
2018,2018-09-01,19:30,23:30,CF Montréal,Red Bull New York,MTL,RBNY,502445,mls-2018-MTL-RBNY-20180901,Regular Season,,Stade Saputo,Montreal,Montreal,America/Toronto,full_time,,https://site.api.espn.com/apis/site/v2/sports/soccer/usa.1/scoreboard?dates=20180901,https://site.api.espn.com/apis/site/v2/sports/soccer/usa.1/scoreboard?dates=20180901,2026-10-02T09:31:16+00:00,scoreboard.events[502445].competitions[0],3771444a86624909
2018,2018-09-01,19:30,23:30,New England Revolution,Portland Timbers,NE,POR,502447,mls-2018-NE-POR-20180901,Regular Season,,Gillette Stadium,Foxborough,"Foxborough, Massachusetts",America/New_York,full_time,,https://site.api.espn.com/apis/site/v2/sports/soccer/usa.1/scoreboard?dates=20180901,https://site.api.espn.com/apis/site/v2/sports/soccer/usa.1/scoreboard?dates=20180901,2026-10-02T09:31:16+00:00,scoreboard.events[502447].competitions[0],3771444a86624909
2018,2018-09-01,19:30,23:30,Orlando City SC,Philadelphia Union,ORL,PHI,502446,mls-2018-ORL-PHI-20180901,Regular Season,,Inter&Co Stadium,Orlando,"Orlando, Florida",America/New_York,full_time,,https://site.api.espn.com/apis/site/v2/sports/soccer/usa.1/scoreboard?dates=20180901,https://site.api.espn.com/apis/site/v2/sports/soccer/usa.1/scoreboard?dates=20180901,2026-10-02T09:31:16+00:00,scoreboard.events[502446].competitions[0],3771444a86624909
2018,2018-09-01,20:00,00:00,Columbus Crew,New York City FC,CLB,NYC,502444,mls-2018-CLB-NYC-20180901,Regular Season,,Historic Crew Stadium,Columbus,"Columbus, Ohio",America/New_York,full_time,,https://site.api.espn.com/apis/site/v2/sports/soccer/usa.1/scoreboard?dates=20180901,https://site.api.espn.com/apis/site/v2/sports/soccer/usa.1/scoreboard?dates=20180901,2026-10-02T09:31:16+00:00,scoreboard.events[502444].competitions[0],3771444a86624909
2018,2018-09-01,19:00,00:00,FC Dallas,Houston Dynamo FC,DAL,HOU,502442,mls-2018-DAL-HOU-20180901,Regular Season,,Toyota Stadium,Frisco,Toyota Stadium,America/Chicago,full_time,,https://site.api.espn.com/apis/site/v2/sports/soccer/usa.1/scoreboard?dates=20180901,https://site.api.espn.com/apis/site/v2/sports/soccer/usa.1/scoreboard?dates=20180901,2026-10-02T09:31:16+00:00,scoreboard.events[502442].competitions[0],3771444a86624909
2018,2018-09-01,20:00,00:00,Toronto FC,LAFC,TOR,LAFC,502443,mls-2018-TOR-LAFC-20180901,Regular Season,,BMO Field,Toronto,Toronto,America/Toronto,full_time,,https://site.api.espn.com/apis/site/v2/sports/soccer/usa.1/scoreboard?dates=20180901,https://site.api.espn.com/apis/site/v2/sports/soccer/usa.1/scoreboard?dates=20180901,2026-10-02T09:31:16+00:00,scoreboard.events[502443].competitions[0],3771444a86624909
2018,2018-09-01,20:00,02:00,Real Salt Lake,LA Galaxy,RSL,LA,502440,mls-2018-RSL-LA-20180901,Regular Season,,America First Field,Sandy,"Sandy, Utah",America/Denver,full_time,,https://site.api.espn.com/apis/site/v2/sports/soccer/usa.1/scoreboard?dates=20180901,https://site.api.espn.com/apis/site/v2/sports/soccer/usa.1/scoreboard?dates=20180901,2026-10-02T09:31:16+00:00,scoreboard.events[502440].competitions[0],3771444a86624909
2018,2018-09-01,19:00,02:00,Vancouver Whitecaps,San Jose Earthquakes,VAN,SJ,502441,mls-2018-VAN-SJ-20180901,Regular Season,,BC Place,Vancouver,Vancouver,America/Vancouver,full_time,,https://site.api.espn.com/apis/site/v2/sports/soccer/usa.1/scoreboard?dates=20180901,https://site.api.espn.com/apis/site/v2/sports/soccer/usa.1/scoreboard?dates=20180901,2026-10-02T09:31:16+00:00,scoreboard.events[502441].competitions[0],3771444a86624909
2018,2018-09-02,19:30,23:30,D.C. United,Atlanta United FC,DC,ATL,502439,mls-2018-DC-ATL-20180902,Regular Season,,Audi Field,Washington,"Washington, District of Columbia",America/New_York,full_time,,https://site.api.espn.com/apis/site/v2/sports/soccer/usa.1/scoreboard?dates=20180902,https://site.api.espn.com/apis/site/v2/sports/soccer/usa.1/scoreboard?dates=20180902,2026-10-02T09:31:17+00:00,scoreboard.events[502439].competitions[0],e9acaa1f2208b524
2018,2018-09-05,19:00,23:00,New York City FC,New England Revolution,NYC,NE,502438,mls-2018-NYC-NE-20180905,Regular Season,,Yankee Stadium,New York,New York City,America/New_York,full_time,,https://site.api.espn.com/apis/site/v2/sports/soccer/usa.1/scoreboard?dates=20180905,https://site.api.espn.com/apis/site/v2/sports/soccer/usa.1/scoreboard?dates=20180905,2026-10-02T09:31:16+00:00,scoreboard.events[502438].competitions[0],8e713a0d3472db9c
2018,2018-09-08,16:55,20:55,New York City FC,D.C. United,NYC,DC,502437,mls-2018-NYC-DC-20180908,Regular Season,,Yankee Stadium,New York,New York City,America/New_York,full_time,,https://site.api.espn.com/apis/site/v2/sports/soccer/usa.1/scoreboard?dates=20180908,https://site.api.espn.com/apis/site/v2/sports/soccer/usa.1/scoreboard?dates=20180908,2026-10-02T09:31:17+00:00,scoreboard.events[502437].competitions[0],d3a1e459ad7e7833
2018,2018-09-08,19:30,00:30,Sporting Kansas City,Orlando City SC,SKC,ORL,502436,mls-2018-SKC-ORL-20180908,Regular Season,,Children's Mercy Park,Kansas City,"Kansas City, Kansas",America/Chicago,full_time,,https://site.api.espn.com/apis/site/v2/sports/soccer/usa.1/scoreboard?dates=20180908,https://site.api.espn.com/apis/site/v2/sports/soccer/usa.1/scoreboard?dates=20180908,2026-10-02T09:31:17+00:00,scoreboard.events[502436].competitions[0],d3a1e459ad7e7833
2018,2018-09-08,19:30,02:30,Portland Timbers,Colorado Rapids,POR,COL,502435,mls-2018-POR-COL-20180908,Regular Season,,Providence Park,Portland,"Portland, Oregon",America/Los_Angeles,full_time,,https://site.api.espn.com/apis/site/v2/sports/soccer/usa.1/scoreboard?dates=20180908,https://site.api.espn.com/apis/site/v2/sports/soccer/usa.1/scoreboard?dates=20180908,2026-10-02T09:31:17+00:00,scoreboard.events[502435].competitions[0],d3a1e459ad7e7833
2018,2018-09-12,19:30,23:30,D.C. United,Minnesota United FC,DC,MIN,502434,mls-2018-DC-MIN-20180912,Regular Season,,Audi Field,Washington,"Washington, District of Columbia",America/New_York,full_time,,https://site.api.espn.com/apis/site/v2/sports/soccer/usa.1/scoreboard?dates=20180912,https://site.api.espn.com/apis/site/v2/sports/soccer/usa.1/scoreboard?dates=20180912,2026-10-02T09:31:18+00:00,scoreboard.events[502434].competitions[0],73ca5f7c89ae3cc8
2018,2018-09-15,13:30,19:30,Colorado Rapids,Atlanta United FC,COL,ATL,502432,mls-2018-COL-ATL-20180915,Regular Season,,Dick's Sporting Goods Park,Commerce City,"Commerce City, Colorado",America/Denver,full_time,,https://site.api.espn.com/apis/site/v2/sports/soccer/usa.1/scoreboard?dates=20180915,https://site.api.espn.com/apis/site/v2/sports/soccer/usa.1/scoreboard?dates=20180915,2026-10-02T09:31:18+00:00,scoreboard.events[502432].competitions[0],a22851105cedb036
2018,2018-09-15,19:30,23:30,Philadelphia Union,CF Montréal,PHI,MTL,502433,mls-2018-PHI-MTL-20180915,Regular Season,,Subaru Park,Chester,"Chester, Pennsylvania",America/New_York,full_time,,https://site.api.espn.com/apis/site/v2/sports/soccer/usa.1/scoreboard?dates=20180915,https://site.api.espn.com/apis/site/v2/sports/soccer/usa.1/scoreboard?dates=20180915,2026-10-02T09:31:18+00:00,scoreboard.events[502433].competitions[0],a22851105cedb036
2018,2018-09-15,19:30,23:30,Toronto FC,LA Galaxy,TOR,LA,502431,mls-2018-TOR-LA-20180915,Regular Season,,BMO Field,Toronto,Toronto,America/Toronto,full_time,,https://site.api.espn.com/apis/site/v2/sports/soccer/usa.1/scoreboard?dates=20180915,https://site.api.espn.com/apis/site/v2/sports/soccer/usa.1/scoreboard?dates=20180915,2026-10-02T09:31:18+00:00,scoreboard.events[502431].competitions[0],a22851105cedb036
2018,2018-09-15,19:00,00:00,FC Dallas,Columbus Crew,DAL,CLB,502430,mls-2018-DAL-CLB-20180915,Regular Season,,Toyota Stadium,Frisco,Toyota Stadium,America/Chicago,full_time,,https://site.api.espn.com/apis/site/v2/sports/soccer/usa.1/scoreboard?dates=20180915,https://site.api.espn.com/apis/site/v2/sports/soccer/usa.1/scoreboard?dates=20180915,2026-10-02T09:31:18+00:00,scoreboard.events[502430].competitions[0],a22851105cedb036
2018,2018-09-15,19:30,00:30,Houston Dynamo FC,Portland Timbers,HOU,POR,502429,mls-2018-HOU-POR-20180915,Regular Season,,Shell Energy Stadium,Houston,"Houston, Texas",America/Chicago,full_time,,https://site.api.espn.com/apis/site/v2/sports/soccer/usa.1/scoreboard?dates=20180915,https://site.api.espn.com/apis/site/v2/sports/soccer/usa.1/scoreboard?dates=20180915,2026-10-02T09:31:18+00:00,scoreboard.events[502429].competitions[0],a22851105cedb036
2018,2018-09-15,19:30,01:30,Real Salt Lake,Minnesota United FC,RSL,MIN,502428,mls-2018-RSL-MIN-20180915,Regular Season,,America First Field,Sandy,"Sandy, Utah",America/Denver,full_time,,https://site.api.espn.com/apis/site/v2/sports/soccer/usa.1/scoreboard?dates=20180915,https://site.api.espn.com/apis/site/v2/sports/soccer/usa.1/scoreboard?dates=20180915,2026-10-02T09:31:18+00:00,scoreboard.events[502428].competitions[0],a22851105cedb036
2018,2018-09-15,19:00,02:00,Vancouver Whitecaps,Seattle Sounders FC,VAN,SEA,502427,mls-2018-VAN-SEA-20180915,Regular Season,,BC Place,Vancouver,Vancouver,America/Vancouver,full_time,,https://site.api.espn.com/apis/site/v2/sports/soccer/usa.1/scoreboard?dates=20180915,https://site.api.espn.com/apis/site/v2/sports/soccer/usa.1/scoreboard?dates=20180915,2026-10-02T09:31:18+00:00,scoreboard.events[502427].competitions[0],a22851105cedb036
2018,2018-09-15,19:30,02:30,LAFC,New England Revolution,LAFC,NE,502425,mls-2018-LAFC-NE-20180915,Regular Season,,BMO Stadium,Los Angeles,"Los Angeles, California",America/Los_Angeles,full_time,,https://site.api.espn.com/apis/site/v2/sports/soccer/usa.1/scoreboard?dates=20180915,https://site.api.espn.com/apis/site/v2/sports/soccer/usa.1/scoreboard?dates=20180915,2026-10-02T09:31:18+00:00,scoreboard.events[502425].competitions[0],a22851105cedb036
2018,2018-09-15,19:30,02:30,San Jose Earthquakes,Sporting Kansas City,SJ,SKC,502426,mls-2018-SJ-SKC-20180915,Regular Season,,PayPal Park,San Jose,"San Jose, California",America/Los_Angeles,full_time,,https://site.api.espn.com/apis/site/v2/sports/soccer/usa.1/scoreboard?dates=20180915,https://site.api.espn.com/apis/site/v2/sports/soccer/usa.1/scoreboard?dates=20180915,2026-10-02T09:31:18+00:00,scoreboard.events[502426].competitions[0],a22851105cedb036
2018,2018-09-16,13:00,17:00,D.C. United,Red Bull New York,DC,RBNY,502424,mls-2018-DC-RBNY-20180916,Regular Season,,Audi Field,Washington,"Washington, District of Columbia",America/New_York,full_time,,https://site.api.espn.com/apis/site/v2/sports/soccer/usa.1/scoreboard?dates=20180916,https://site.api.espn.com/apis/site/v2/sports/soccer/usa.1/scoreboard?dates=20180916,2026-10-02T09:31:18+00:00,scoreboard.events[502424].competitions[0],de494f16cd06589c
2018,2018-09-16,16:00,21:00,Chicago Fire FC,Orlando City SC,CHI,ORL,502423,mls-2018-CHI-ORL-20180916,Regular Season,,SeatGeek Stadium,Bridgeview,"Bridgeview, Illinois",America/Chicago,full_time,,https://site.api.espn.com/apis/site/v2/sports/soccer/usa.1/scoreboard?dates=20180916,https://site.api.espn.com/apis/site/v2/sports/soccer/usa.1/scoreboard?dates=20180916,2026-10-02T09:31:18+00:00,scoreboard.events[502423].competitions[0],de494f16cd06589c
2018,2018-09-19,19:30,02:30,Portland Timbers,Columbus Crew,POR,CLB,502421,mls-2018-POR-CLB-20180919,Regular Season,,Providence Park,Portland,"Portland, Oregon",America/Los_Angeles,full_time,,https://site.api.espn.com/apis/site/v2/sports/soccer/usa.1/scoreboard?dates=20180919,https://site.api.espn.com/apis/site/v2/sports/soccer/usa.1/scoreboard?dates=20180919,2026-10-02T09:31:19+00:00,scoreboard.events[502421].competitions[0],29eb8e549c0a6558
2018,2018-09-19,20:00,03:00,San Jose Earthquakes,Atlanta United FC,SJ,ATL,502420,mls-2018-SJ-ATL-20180919,Regular Season,,PayPal Park,San Jose,"San Jose, California",America/Los_Angeles,full_time,,https://site.api.espn.com/apis/site/v2/sports/soccer/usa.1/scoreboard?dates=20180919,https://site.api.espn.com/apis/site/v2/sports/soccer/usa.1/scoreboard?dates=20180919,2026-10-02T09:31:19+00:00,scoreboard.events[502420].competitions[0],29eb8e549c0a6558
2018,2018-09-19,20:00,03:00,Seattle Sounders FC,Philadelphia Union,SEA,PHI,502422,mls-2018-SEA-PHI-20180919,Regular Season,,Lumen Field,Seattle,"Seattle, Washington",America/Los_Angeles,full_time,,https://site.api.espn.com/apis/site/v2/sports/soccer/usa.1/scoreboard?dates=20180919,https://site.api.espn.com/apis/site/v2/sports/soccer/usa.1/scoreboard?dates=20180919,2026-10-02T09:31:19+00:00,scoreboard.events[502422].competitions[0],29eb8e549c0a6558
2018,2018-09-22,12:30,19:30,LAFC,San Jose Earthquakes,LAFC,SJ,502419,mls-2018-LAFC-SJ-20180922,Regular Season,,BMO Stadium,Los Angeles,"Los Angeles, California",America/Los_Angeles,full_time,,https://site.api.espn.com/apis/site/v2/sports/soccer/usa.1/scoreboard?dates=20180922,https://site.api.espn.com/apis/site/v2/sports/soccer/usa.1/scoreboard?dates=20180922,2026-10-02T09:31:19+00:00,scoreboard.events[502419].competitions[0],592c64da1f8d6484
2018,2018-09-22,17:00,21:00,Red Bull New York,Toronto FC,RBNY,TOR,502418,mls-2018-RBNY-TOR-20180922,Regular Season,,Sports Illustrated Stadium,Harrison,"Harrison, New Jersey",America/New_York,full_time,,https://site.api.espn.com/apis/site/v2/sports/soccer/usa.1/scoreboard?dates=20180922,https://site.api.espn.com/apis/site/v2/sports/soccer/usa.1/scoreboard?dates=20180922,2026-10-02T09:31:19+00:00,scoreboard.events[502418].competitions[0],592c64da1f8d6484
2018,2018-09-22,19:00,23:00,Atlanta United FC,Real Salt Lake,ATL,RSL,502417,mls-2018-ATL-RSL-20180922,Regular Season,,Mercedes-Benz Stadium,Atlanta,"Atlanta, Georgia",America/New_York,full_time,,https://site.api.espn.com/apis/site/v2/sports/soccer/usa.1/scoreboard?dates=20180922,https://site.api.espn.com/apis/site/v2/sports/soccer/usa.1/scoreboard?dates=20180922,2026-10-02T09:31:19+00:00,scoreboard.events[502417].competitions[0],592c64da1f8d6484
2018,2018-09-22,19:30,23:30,CF Montréal,New York City FC,MTL,NYC,502416,mls-2018-MTL-NYC-20180922,Regular Season,,Stade Saputo,Montreal,Montreal,America/Toronto,full_time,,https://site.api.espn.com/apis/site/v2/sports/soccer/usa.1/scoreboard?dates=20180922,https://site.api.espn.com/apis/site/v2/sports/soccer/usa.1/scoreboard?dates=20180922,2026-10-02T09:31:19+00:00,scoreboard.events[502416].competitions[0],592c64da1f8d6484
2018,2018-09-22,19:30,23:30,Columbus Crew,Colorado Rapids,CLB,COL,502414,mls-2018-CLB-COL-20180922,Regular Season,,Historic Crew Stadium,Columbus,"Columbus, Ohio",America/New_York,full_time,,https://site.api.espn.com/apis/site/v2/sports/soccer/usa.1/scoreboard?dates=20180922,https://site.api.espn.com/apis/site/v2/sports/soccer/usa.1/scoreboard?dates=20180922,2026-10-02T09:31:19+00:00,scoreboard.events[502414].competitions[0],592c64da1f8d6484
2018,2018-09-22,19:30,23:30,New England Revolution,Chicago Fire FC,NE,CHI,502413,mls-2018-NE-CHI-20180922,Regular Season,,Gillette Stadium,Foxborough,"Foxborough, Massachusetts",America/New_York,full_time,,https://site.api.espn.com/apis/site/v2/sports/soccer/usa.1/scoreboard?dates=20180922,https://site.api.espn.com/apis/site/v2/sports/soccer/usa.1/scoreboard?dates=20180922,2026-10-02T09:31:19+00:00,scoreboard.events[502413].competitions[0],592c64da1f8d6484
2018,2018-09-22,19:30,23:30,Orlando City SC,Houston Dynamo FC,ORL,HOU,502415,mls-2018-ORL-HOU-20180922,Regular Season,,Inter&Co Stadium,Orlando,"Orlando, Florida",America/New_York,full_time,,https://site.api.espn.com/apis/site/v2/sports/soccer/usa.1/scoreboard?dates=20180922,https://site.api.espn.com/apis/site/v2/sports/soccer/usa.1/scoreboard?dates=20180922,2026-10-02T09:31:19+00:00,scoreboard.events[502415].competitions[0],592c64da1f8d6484
2018,2018-09-22,19:00,00:00,Minnesota United FC,Portland Timbers,MIN,POR,502412,mls-2018-MIN-POR-20180922,Regular Season,,TCF Bank Stadium,Minneapolis,"Minneapolis, Minnesota",America/Chicago,full_time,,https://site.api.espn.com/apis/site/v2/sports/soccer/usa.1/scoreboard?dates=20180922,https://site.api.espn.com/apis/site/v2/sports/soccer/usa.1/scoreboard?dates=20180922,2026-10-02T09:31:19+00:00,scoreboard.events[502412].competitions[0],592c64da1f8d6484
2018,2018-09-23,13:00,17:00,Philadelphia Union,Sporting Kansas City,PHI,SKC,502411,mls-2018-PHI-SKC-20180923,Regular Season,,Subaru Park,Chester,"Chester, Pennsylvania",America/New_York,full_time,,https://site.api.espn.com/apis/site/v2/sports/soccer/usa.1/scoreboard?dates=20180923,https://site.api.espn.com/apis/site/v2/sports/soccer/usa.1/scoreboard?dates=20180923,2026-10-02T09:31:20+00:00,scoreboard.events[502411].competitions[0],7dfe42833aad9933
2018,2018-09-23,16:00,23:00,LA Galaxy,Seattle Sounders FC,LA,SEA,502410,mls-2018-LA-SEA-20180923,Regular Season,,Dignity Health Sports Park,Carson,"Carson, California",America/Los_Angeles,full_time,,https://site.api.espn.com/apis/site/v2/sports/soccer/usa.1/scoreboard?dates=20180923,https://site.api.espn.com/apis/site/v2/sports/soccer/usa.1/scoreboard?dates=20180923,2026-10-02T09:31:20+00:00,scoreboard.events[502410].competitions[0],7dfe42833aad9933
2018,2018-09-23,16:00,23:00,Vancouver Whitecaps,FC Dallas,VAN,DAL,502409,mls-2018-VAN-DAL-20180923,Regular Season,,BC Place,Vancouver,Vancouver,America/Vancouver,full_time,,https://site.api.espn.com/apis/site/v2/sports/soccer/usa.1/scoreboard?dates=20180923,https://site.api.espn.com/apis/site/v2/sports/soccer/usa.1/scoreboard?dates=20180923,2026-10-02T09:31:20+00:00,scoreboard.events[502409].competitions[0],7dfe42833aad9933
2018,2018-09-26,19:00,23:00,New York City FC,Chicago Fire FC,NYC,CHI,502408,mls-2018-NYC-CHI-20180926,Regular Season,,Yankee Stadium,New York,New York City,America/New_York,full_time,,https://site.api.espn.com/apis/site/v2/sports/soccer/usa.1/scoreboard?dates=20180926,https://site.api.espn.com/apis/site/v2/sports/soccer/usa.1/scoreboard?dates=20180926,2026-10-02T09:31:20+00:00,scoreboard.events[502408].competitions[0],4428ac0671498205
2018,2018-09-29,14:30,19:30,Chicago Fire FC,LAFC,CHI,LAFC,502407,mls-2018-CHI-LAFC-20180929,Regular Season,,SeatGeek Stadium,Bridgeview,"Bridgeview, Illinois",America/Chicago,full_time,,https://site.api.espn.com/apis/site/v2/sports/soccer/usa.1/scoreboard?dates=20180929,https://site.api.espn.com/apis/site/v2/sports/soccer/usa.1/scoreboard?dates=20180929,2026-10-02T09:31:20+00:00,scoreboard.events[502407].competitions[0],16fb257ed0e4fc6f
2018,2018-09-29,13:00,20:00,Seattle Sounders FC,Colorado Rapids,SEA,COL,502406,mls-2018-SEA-COL-20180929,Regular Season,,Lumen Field,Seattle,"Seattle, Washington",America/Los_Angeles,full_time,,https://site.api.espn.com/apis/site/v2/sports/soccer/usa.1/scoreboard?dates=20180929,https://site.api.espn.com/apis/site/v2/sports/soccer/usa.1/scoreboard?dates=20180929,2026-10-02T09:31:20+00:00,scoreboard.events[502406].competitions[0],16fb257ed0e4fc6f
2018,2018-09-29,19:00,23:00,D.C. United,CF Montréal,DC,MTL,502405,mls-2018-DC-MTL-20180929,Regular Season,,Audi Field,Washington,"Washington, District of Columbia",America/New_York,full_time,,https://site.api.espn.com/apis/site/v2/sports/soccer/usa.1/scoreboard?dates=20180929,https://site.api.espn.com/apis/site/v2/sports/soccer/usa.1/scoreboard?dates=20180929,2026-10-02T09:31:20+00:00,scoreboard.events[502405].competitions[0],16fb257ed0e4fc6f
2018,2018-09-29,19:30,23:30,Columbus Crew,Philadelphia Union,CLB,PHI,502404,mls-2018-CLB-PHI-20180929,Regular Season,,Historic Crew Stadium,Columbus,"Columbus, Ohio",America/New_York,full_time,,https://site.api.espn.com/apis/site/v2/sports/soccer/usa.1/scoreboard?dates=20180929,https://site.api.espn.com/apis/site/v2/sports/soccer/usa.1/scoreboard?dates=20180929,2026-10-02T09:31:20+00:00,scoreboard.events[502404].competitions[0],16fb257ed0e4fc6f
2018,2018-09-29,19:30,23:30,Toronto FC,New England Revolution,TOR,NE,502403,mls-2018-TOR-NE-20180929,Regular Season,,BMO Field,Toronto,Toronto,America/Toronto,full_time,,https://site.api.espn.com/apis/site/v2/sports/soccer/usa.1/scoreboard?dates=20180929,https://site.api.espn.com/apis/site/v2/sports/soccer/usa.1/scoreboard?dates=20180929,2026-10-02T09:31:20+00:00,scoreboard.events[502403].competitions[0],16fb257ed0e4fc6f
2018,2018-09-29,19:00,00:00,Minnesota United FC,New York City FC,MIN,NYC,502402,mls-2018-MIN-NYC-20180929,Regular Season,,TCF Bank Stadium,Minneapolis,"Minneapolis, Minnesota",America/Chicago,full_time,,https://site.api.espn.com/apis/site/v2/sports/soccer/usa.1/scoreboard?dates=20180929,https://site.api.espn.com/apis/site/v2/sports/soccer/usa.1/scoreboard?dates=20180929,2026-10-02T09:31:20+00:00,scoreboard.events[502402].competitions[0],16fb257ed0e4fc6f
2018,2018-09-29,19:30,00:30,Houston Dynamo FC,San Jose Earthquakes,HOU,SJ,502401,mls-2018-HOU-SJ-20180929,Regular Season,,Shell Energy Stadium,Houston,"Houston, Texas",America/Chicago,full_time,,https://site.api.espn.com/apis/site/v2/sports/soccer/usa.1/scoreboard?dates=20180929,https://site.api.espn.com/apis/site/v2/sports/soccer/usa.1/scoreboard?dates=20180929,2026-10-02T09:31:20+00:00,scoreboard.events[502401].competitions[0],16fb257ed0e4fc6f
2018,2018-09-29,19:00,02:00,LA Galaxy,Vancouver Whitecaps,LA,VAN,502400,mls-2018-LA-VAN-20180929,Regular Season,,Dignity Health Sports Park,Carson,"Carson, California",America/Los_Angeles,full_time,,https://site.api.espn.com/apis/site/v2/sports/soccer/usa.1/scoreboard?dates=20180929,https://site.api.espn.com/apis/site/v2/sports/soccer/usa.1/scoreboard?dates=20180929,2026-10-02T09:31:20+00:00,scoreboard.events[502400].competitions[0],16fb257ed0e4fc6f
2018,2018-09-29,19:30,02:30,Portland Timbers,FC Dallas,POR,DAL,502399,mls-2018-POR-DAL-20180929,Regular Season,,Providence Park,Portland,"Portland, Oregon",America/Los_Angeles,full_time,,https://site.api.espn.com/apis/site/v2/sports/soccer/usa.1/scoreboard?dates=20180929,https://site.api.espn.com/apis/site/v2/sports/soccer/usa.1/scoreboard?dates=20180929,2026-10-02T09:31:20+00:00,scoreboard.events[502399].competitions[0],16fb257ed0e4fc6f
2018,2018-09-30,13:00,17:00,Red Bull New York,Atlanta United FC,RBNY,ATL,502398,mls-2018-RBNY-ATL-20180930,Regular Season,,Sports Illustrated Stadium,Harrison,"Harrison, New Jersey",America/New_York,full_time,,https://site.api.espn.com/apis/site/v2/sports/soccer/usa.1/scoreboard?dates=20180930,https://site.api.espn.com/apis/site/v2/sports/soccer/usa.1/scoreboard?dates=20180930,2026-10-02T09:31:20+00:00,scoreboard.events[502398].competitions[0],265a62c206dd9461
2018,2018-09-30,16:00,21:00,Sporting Kansas City,Real Salt Lake,SKC,RSL,502397,mls-2018-SKC-RSL-20180930,Regular Season,,Children's Mercy Park,Kansas City,"Kansas City, Kansas",America/Chicago,full_time,,https://site.api.espn.com/apis/site/v2/sports/soccer/usa.1/scoreboard?dates=20180930,https://site.api.espn.com/apis/site/v2/sports/soccer/usa.1/scoreboard?dates=20180930,2026-10-02T09:31:20+00:00,scoreboard.events[502397].competitions[0],265a62c206dd9461
2018,2018-10-06,15:00,19:00,CF Montréal,Columbus Crew,MTL,CLB,502394,mls-2018-MTL-CLB-20181006,Regular Season,,Stade Saputo,Montreal,Montreal,America/Toronto,full_time,,https://site.api.espn.com/apis/site/v2/sports/soccer/usa.1/scoreboard?dates=20181006,https://site.api.espn.com/apis/site/v2/sports/soccer/usa.1/scoreboard?dates=20181006,2026-10-02T09:31:21+00:00,scoreboard.events[502394].competitions[0],7c8e444c08d22b39
2018,2018-10-06,15:30,19:30,Atlanta United FC,New England Revolution,ATL,NE,502393,mls-2018-ATL-NE-20181006,Regular Season,,Mercedes-Benz Stadium,Atlanta,"Atlanta, Georgia",America/New_York,full_time,,https://site.api.espn.com/apis/site/v2/sports/soccer/usa.1/scoreboard?dates=20181006,https://site.api.espn.com/apis/site/v2/sports/soccer/usa.1/scoreboard?dates=20181006,2026-10-02T09:31:21+00:00,scoreboard.events[502393].competitions[0],7c8e444c08d22b39
2018,2018-10-06,17:00,21:00,Toronto FC,Vancouver Whitecaps,TOR,VAN,502392,mls-2018-TOR-VAN-20181006,Regular Season,,BMO Field,Toronto,Toronto,America/Toronto,full_time,,https://site.api.espn.com/apis/site/v2/sports/soccer/usa.1/scoreboard?dates=20181006,https://site.api.espn.com/apis/site/v2/sports/soccer/usa.1/scoreboard?dates=20181006,2026-10-02T09:31:21+00:00,scoreboard.events[502392].competitions[0],7c8e444c08d22b39
2018,2018-10-06,19:30,23:30,Philadelphia Union,Minnesota United FC,PHI,MIN,502396,mls-2018-PHI-MIN-20181006,Regular Season,,Subaru Park,Chester,"Chester, Pennsylvania",America/New_York,full_time,,https://site.api.espn.com/apis/site/v2/sports/soccer/usa.1/scoreboard?dates=20181006,https://site.api.espn.com/apis/site/v2/sports/soccer/usa.1/scoreboard?dates=20181006,2026-10-02T09:31:21+00:00,scoreboard.events[502396].competitions[0],7c8e444c08d22b39
2018,2018-10-06,19:00,00:00,FC Dallas,Orlando City SC,DAL,ORL,502391,mls-2018-DAL-ORL-20181006,Regular Season,,Toyota Stadium,Frisco,Toyota Stadium,America/Chicago,full_time,,https://site.api.espn.com/apis/site/v2/sports/soccer/usa.1/scoreboard?dates=20181006,https://site.api.espn.com/apis/site/v2/sports/soccer/usa.1/scoreboard?dates=20181006,2026-10-02T09:31:21+00:00,scoreboard.events[502391].competitions[0],7c8e444c08d22b39
2018,2018-10-06,19:30,00:30,Sporting Kansas City,LA Galaxy,SKC,LA,502390,mls-2018-SKC-LA-20181006,Regular Season,,Children's Mercy Park,Kansas City,"Kansas City, Kansas",America/Chicago,full_time,,https://site.api.espn.com/apis/site/v2/sports/soccer/usa.1/scoreboard?dates=20181006,https://site.api.espn.com/apis/site/v2/sports/soccer/usa.1/scoreboard?dates=20181006,2026-10-02T09:31:21+00:00,scoreboard.events[502390].competitions[0],7c8e444c08d22b39
2018,2018-10-06,19:00,01:00,Colorado Rapids,LAFC,COL,LAFC,502389,mls-2018-COL-LAFC-20181006,Regular Season,,Dick's Sporting Goods Park,Commerce City,"Commerce City, Colorado",America/Denver,full_time,,https://site.api.espn.com/apis/site/v2/sports/soccer/usa.1/scoreboard?dates=20181006,https://site.api.espn.com/apis/site/v2/sports/soccer/usa.1/scoreboard?dates=20181006,2026-10-02T09:31:21+00:00,scoreboard.events[502389].competitions[0],7c8e444c08d22b39
2018,2018-10-06,19:30,01:30,Real Salt Lake,Portland Timbers,RSL,POR,502388,mls-2018-RSL-POR-20181006,Regular Season,,America First Field,Sandy,"Sandy, Utah",America/Denver,full_time,,https://site.api.espn.com/apis/site/v2/sports/soccer/usa.1/scoreboard?dates=20181006,https://site.api.espn.com/apis/site/v2/sports/soccer/usa.1/scoreboard?dates=20181006,2026-10-02T09:31:21+00:00,scoreboard.events[502388].competitions[0],7c8e444c08d22b39
2018,2018-10-06,19:30,02:30,San Jose Earthquakes,Red Bull New York,SJ,RBNY,502387,mls-2018-SJ-RBNY-20181006,Regular Season,,PayPal Park,San Jose,"San Jose, California",America/Los_Angeles,full_time,,https://site.api.espn.com/apis/site/v2/sports/soccer/usa.1/scoreboard?dates=20181006,https://site.api.espn.com/apis/site/v2/sports/soccer/usa.1/scoreboard?dates=20181006,2026-10-02T09:31:21+00:00,scoreboard.events[502387].competitions[0],7c8e444c08d22b39
2018,2018-10-07,13:00,17:00,D.C. United,Chicago Fire FC,DC,CHI,502386,mls-2018-DC-CHI-20181007,Regular Season,,Audi Field,Washington,"Washington, District of Columbia",America/New_York,full_time,,https://site.api.espn.com/apis/site/v2/sports/soccer/usa.1/scoreboard?dates=20181007,https://site.api.espn.com/apis/site/v2/sports/soccer/usa.1/scoreboard?dates=20181007,2026-10-02T09:31:22+00:00,scoreboard.events[502386].competitions[0],dd84273772e376b0
2018,2018-10-08,19:30,02:30,Seattle Sounders FC,Houston Dynamo FC,SEA,HOU,502395,mls-2018-SEA-HOU-20181008,Regular Season,,Lumen Field,Seattle,"Seattle, Washington",America/Los_Angeles,full_time,,https://site.api.espn.com/apis/site/v2/sports/soccer/usa.1/scoreboard?dates=20181008,https://site.api.espn.com/apis/site/v2/sports/soccer/usa.1/scoreboard?dates=20181008,2026-10-02T09:31:22+00:00,scoreboard.events[502395].competitions[0],f1e232f1050f6017
2018,2018-10-12,19:00,02:00,LAFC,Houston Dynamo FC,LAFC,HOU,502378,mls-2018-LAFC-HOU-20181012,Regular Season,,BMO Stadium,Los Angeles,"Los Angeles, California",America/Los_Angeles,full_time,,https://site.api.espn.com/apis/site/v2/sports/soccer/usa.1/scoreboard?dates=20181012,https://site.api.espn.com/apis/site/v2/sports/soccer/usa.1/scoreboard?dates=20181012,2026-10-02T09:31:22+00:00,scoreboard.events[502378].competitions[0],0afd5cdfd02410dd
2018,2018-10-13,13:00,18:00,Minnesota United FC,Colorado Rapids,MIN,COL,502385,mls-2018-MIN-COL-20181013,Regular Season,,TCF Bank Stadium,Minneapolis,"Minneapolis, Minnesota",America/Chicago,full_time,,https://site.api.espn.com/apis/site/v2/sports/soccer/usa.1/scoreboard?dates=20181013,https://site.api.espn.com/apis/site/v2/sports/soccer/usa.1/scoreboard?dates=20181013,2026-10-02T09:31:23+00:00,scoreboard.events[502385].competitions[0],c89d5b4e6a14b640
2018,2018-10-13,16:55,20:55,D.C. United,FC Dallas,DC,DAL,502384,mls-2018-DC-DAL-20181013,Regular Season,,Audi Field,Washington,"Washington, District of Columbia",America/New_York,full_time,,https://site.api.espn.com/apis/site/v2/sports/soccer/usa.1/scoreboard?dates=20181013,https://site.api.espn.com/apis/site/v2/sports/soccer/usa.1/scoreboard?dates=20181013,2026-10-02T09:31:23+00:00,scoreboard.events[502384].competitions[0],c89d5b4e6a14b640
2018,2018-10-13,19:30,23:30,New England Revolution,Orlando City SC,NE,ORL,502383,mls-2018-NE-ORL-20181013,Regular Season,,Gillette Stadium,Foxborough,"Foxborough, Massachusetts",America/New_York,full_time,,https://site.api.espn.com/apis/site/v2/sports/soccer/usa.1/scoreboard?dates=20181013,https://site.api.espn.com/apis/site/v2/sports/soccer/usa.1/scoreboard?dates=20181013,2026-10-02T09:31:23+00:00,scoreboard.events[502383].competitions[0],c89d5b4e6a14b640
2018,2018-10-17,19:30,23:30,D.C. United,Toronto FC,DC,TOR,502381,mls-2018-DC-TOR-20181017,Regular Season,,Audi Field,Washington,"Washington, District of Columbia",America/New_York,full_time,,https://site.api.espn.com/apis/site/v2/sports/soccer/usa.1/scoreboard?dates=20181017,https://site.api.espn.com/apis/site/v2/sports/soccer/usa.1/scoreboard?dates=20181017,2026-10-02T09:31:23+00:00,scoreboard.events[502381].competitions[0],d2e38828de728a1f
2018,2018-10-17,19:30,23:30,Orlando City SC,Seattle Sounders FC,ORL,SEA,502382,mls-2018-ORL-SEA-20181017,Regular Season,,Inter&Co Stadium,Orlando,"Orlando, Florida",America/New_York,full_time,,https://site.api.espn.com/apis/site/v2/sports/soccer/usa.1/scoreboard?dates=20181017,https://site.api.espn.com/apis/site/v2/sports/soccer/usa.1/scoreboard?dates=20181017,2026-10-02T09:31:23+00:00,scoreboard.events[502382].competitions[0],d2e38828de728a1f
2018,2018-10-17,19:00,02:00,Vancouver Whitecaps,Sporting Kansas City,VAN,SKC,502380,mls-2018-VAN-SKC-20181017,Regular Season,,BC Place,Vancouver,Vancouver,America/Vancouver,full_time,,https://site.api.espn.com/apis/site/v2/sports/soccer/usa.1/scoreboard?dates=20181017,https://site.api.espn.com/apis/site/v2/sports/soccer/usa.1/scoreboard?dates=20181017,2026-10-02T09:31:23+00:00,scoreboard.events[502380].competitions[0],d2e38828de728a1f
2018,2018-10-18,19:00,01:00,Real Salt Lake,New England Revolution,RSL,NE,502379,mls-2018-RSL-NE-20181018,Regular Season,,America First Field,Sandy,"Sandy, Utah",America/Denver,full_time,,https://site.api.espn.com/apis/site/v2/sports/soccer/usa.1/scoreboard?dates=20181018,https://site.api.espn.com/apis/site/v2/sports/soccer/usa.1/scoreboard?dates=20181018,2026-10-02T09:31:23+00:00,scoreboard.events[502379].competitions[0],00ce4ecd41cbfdbc
2018,2018-10-21,15:00,19:00,Atlanta United FC,Chicago Fire FC,ATL,CHI,502368,mls-2018-ATL-CHI-20181021,Regular Season,,Mercedes-Benz Stadium,Atlanta,"Atlanta, Georgia",America/New_York,full_time,,https://site.api.espn.com/apis/site/v2/sports/soccer/usa.1/scoreboard?dates=20181021,https://site.api.espn.com/apis/site/v2/sports/soccer/usa.1/scoreboard?dates=20181021,2026-10-02T09:31:24+00:00,scoreboard.events[502368].competitions[0],6bdc63f115a1feb1
2018,2018-10-21,15:00,19:00,CF Montréal,Toronto FC,MTL,TOR,502376,mls-2018-MTL-TOR-20181021,Regular Season,,Stade Saputo,Montreal,Montreal,America/Toronto,full_time,,https://site.api.espn.com/apis/site/v2/sports/soccer/usa.1/scoreboard?dates=20181021,https://site.api.espn.com/apis/site/v2/sports/soccer/usa.1/scoreboard?dates=20181021,2026-10-02T09:31:24+00:00,scoreboard.events[502376].competitions[0],6bdc63f115a1feb1
2018,2018-10-21,15:00,19:00,D.C. United,New York City FC,DC,NYC,502367,mls-2018-DC-NYC-20181021,Regular Season,,Audi Field,Washington,"Washington, District of Columbia",America/New_York,full_time,,https://site.api.espn.com/apis/site/v2/sports/soccer/usa.1/scoreboard?dates=20181021,https://site.api.espn.com/apis/site/v2/sports/soccer/usa.1/scoreboard?dates=20181021,2026-10-02T09:31:24+00:00,scoreboard.events[502367].competitions[0],6bdc63f115a1feb1
2018,2018-10-21,15:00,19:00,Orlando City SC,Columbus Crew,ORL,CLB,502370,mls-2018-ORL-CLB-20181021,Regular Season,,Inter&Co Stadium,Orlando,"Orlando, Florida",America/New_York,full_time,,https://site.api.espn.com/apis/site/v2/sports/soccer/usa.1/scoreboard?dates=20181021,https://site.api.espn.com/apis/site/v2/sports/soccer/usa.1/scoreboard?dates=20181021,2026-10-02T09:31:24+00:00,scoreboard.events[502370].competitions[0],6bdc63f115a1feb1
2018,2018-10-21,15:00,19:00,Philadelphia Union,Red Bull New York,PHI,RBNY,502372,mls-2018-PHI-RBNY-20181021,Regular Season,,Subaru Park,Chester,"Chester, Pennsylvania",America/New_York,full_time,,https://site.api.espn.com/apis/site/v2/sports/soccer/usa.1/scoreboard?dates=20181021,https://site.api.espn.com/apis/site/v2/sports/soccer/usa.1/scoreboard?dates=20181021,2026-10-02T09:31:24+00:00,scoreboard.events[502372].competitions[0],6bdc63f115a1feb1
2018,2018-10-21,16:00,21:00,FC Dallas,Sporting Kansas City,DAL,SKC,502375,mls-2018-DAL-SKC-20181021,Regular Season,,Toyota Stadium,Frisco,Toyota Stadium,America/Chicago,full_time,,https://site.api.espn.com/apis/site/v2/sports/soccer/usa.1/scoreboard?dates=20181021,https://site.api.espn.com/apis/site/v2/sports/soccer/usa.1/scoreboard?dates=20181021,2026-10-02T09:31:24+00:00,scoreboard.events[502375].competitions[0],6bdc63f115a1feb1
2018,2018-10-21,16:00,21:00,Houston Dynamo FC,Seattle Sounders FC,HOU,SEA,502374,mls-2018-HOU-SEA-20181021,Regular Season,,Shell Energy Stadium,Houston,"Houston, Texas",America/Chicago,full_time,,https://site.api.espn.com/apis/site/v2/sports/soccer/usa.1/scoreboard?dates=20181021,https://site.api.espn.com/apis/site/v2/sports/soccer/usa.1/scoreboard?dates=20181021,2026-10-02T09:31:24+00:00,scoreboard.events[502374].competitions[0],6bdc63f115a1feb1
2018,2018-10-21,14:00,21:00,LAFC,Vancouver Whitecaps,LAFC,VAN,502377,mls-2018-LAFC-VAN-20181021,Regular Season,,BMO Stadium,Los Angeles,"Los Angeles, California",America/Los_Angeles,full_time,,https://site.api.espn.com/apis/site/v2/sports/soccer/usa.1/scoreboard?dates=20181021,https://site.api.espn.com/apis/site/v2/sports/soccer/usa.1/scoreboard?dates=20181021,2026-10-02T09:31:24+00:00,scoreboard.events[502377].competitions[0],6bdc63f115a1feb1
2018,2018-10-21,16:00,21:00,Minnesota United FC,LA Galaxy,MIN,LA,502371,mls-2018-MIN-LA-20181021,Regular Season,,TCF Bank Stadium,Minneapolis,"Minneapolis, Minnesota",America/Chicago,full_time,,https://site.api.espn.com/apis/site/v2/sports/soccer/usa.1/scoreboard?dates=20181021,https://site.api.espn.com/apis/site/v2/sports/soccer/usa.1/scoreboard?dates=20181021,2026-10-02T09:31:24+00:00,scoreboard.events[502371].competitions[0],6bdc63f115a1feb1
2018,2018-10-21,14:00,21:00,Portland Timbers,Real Salt Lake,POR,RSL,502373,mls-2018-POR-RSL-20181021,Regular Season,,Providence Park,Portland,"Portland, Oregon",America/Los_Angeles,full_time,,https://site.api.espn.com/apis/site/v2/sports/soccer/usa.1/scoreboard?dates=20181021,https://site.api.espn.com/apis/site/v2/sports/soccer/usa.1/scoreboard?dates=20181021,2026-10-02T09:31:24+00:00,scoreboard.events[502373].competitions[0],6bdc63f115a1feb1
2018,2018-10-21,14:00,21:00,San Jose Earthquakes,Colorado Rapids,SJ,COL,502369,mls-2018-SJ-COL-20181021,Regular Season,,PayPal Park,San Jose,"San Jose, California",America/Los_Angeles,full_time,,https://site.api.espn.com/apis/site/v2/sports/soccer/usa.1/scoreboard?dates=20181021,https://site.api.espn.com/apis/site/v2/sports/soccer/usa.1/scoreboard?dates=20181021,2026-10-02T09:31:24+00:00,scoreboard.events[502369].competitions[0],6bdc63f115a1feb1
2018,2018-10-28,15:30,20:30,Chicago Fire FC,D.C. United,CHI,DC,502357,mls-2018-CHI-DC-20181028,Regular Season,,SeatGeek Stadium,Bridgeview,"Bridgeview, Illinois",America/Chicago,full_time,,https://site.api.espn.com/apis/site/v2/sports/soccer/usa.1/scoreboard?dates=20181028,https://site.api.espn.com/apis/site/v2/sports/soccer/usa.1/scoreboard?dates=20181028,2026-10-02T09:31:25+00:00,scoreboard.events[502357].competitions[0],ce43f925fc564886
2018,2018-10-28,14:30,20:30,Colorado Rapids,FC Dallas,COL,DAL,502358,mls-2018-COL-DAL-20181028,Regular Season,,Dick's Sporting Goods Park,Commerce City,"Commerce City, Colorado",America/Denver,full_time,,https://site.api.espn.com/apis/site/v2/sports/soccer/usa.1/scoreboard?dates=20181028,https://site.api.espn.com/apis/site/v2/sports/soccer/usa.1/scoreboard?dates=20181028,2026-10-02T09:31:25+00:00,scoreboard.events[502358].competitions[0],ce43f925fc564886
2018,2018-10-28,16:30,20:30,Columbus Crew,Minnesota United FC,CLB,MIN,502361,mls-2018-CLB-MIN-20181028,Regular Season,,Historic Crew Stadium,Columbus,"Columbus, Ohio",America/New_York,full_time,,https://site.api.espn.com/apis/site/v2/sports/soccer/usa.1/scoreboard?dates=20181028,https://site.api.espn.com/apis/site/v2/sports/soccer/usa.1/scoreboard?dates=20181028,2026-10-02T09:31:25+00:00,scoreboard.events[502361].competitions[0],ce43f925fc564886
2018,2018-10-28,13:30,20:30,LA Galaxy,Houston Dynamo FC,LA,HOU,502359,mls-2018-LA-HOU-20181028,Regular Season,,Dignity Health Sports Park,Carson,"Carson, California",America/Los_Angeles,full_time,,https://site.api.espn.com/apis/site/v2/sports/soccer/usa.1/scoreboard?dates=20181028,https://site.api.espn.com/apis/site/v2/sports/soccer/usa.1/scoreboard?dates=20181028,2026-10-02T09:31:25+00:00,scoreboard.events[502359].competitions[0],ce43f925fc564886
2018,2018-10-28,16:30,20:30,New England Revolution,CF Montréal,NE,MTL,502362,mls-2018-NE-MTL-20181028,Regular Season,,Gillette Stadium,Foxborough,"Foxborough, Massachusetts",America/New_York,full_time,,https://site.api.espn.com/apis/site/v2/sports/soccer/usa.1/scoreboard?dates=20181028,https://site.api.espn.com/apis/site/v2/sports/soccer/usa.1/scoreboard?dates=20181028,2026-10-02T09:31:25+00:00,scoreboard.events[502362].competitions[0],ce43f925fc564886
2018,2018-10-28,16:30,20:30,New York City FC,Philadelphia Union,NYC,PHI,502364,mls-2018-NYC-PHI-20181028,Regular Season,,Yankee Stadium,New York,New York City,America/New_York,full_time,,https://site.api.espn.com/apis/site/v2/sports/soccer/usa.1/scoreboard?dates=20181028,https://site.api.espn.com/apis/site/v2/sports/soccer/usa.1/scoreboard?dates=20181028,2026-10-02T09:31:25+00:00,scoreboard.events[502364].competitions[0],ce43f925fc564886
2018,2018-10-28,16:30,20:30,Red Bull New York,Orlando City SC,RBNY,ORL,502363,mls-2018-RBNY-ORL-20181028,Regular Season,,Sports Illustrated Stadium,Harrison,"Harrison, New Jersey",America/New_York,full_time,,https://site.api.espn.com/apis/site/v2/sports/soccer/usa.1/scoreboard?dates=20181028,https://site.api.espn.com/apis/site/v2/sports/soccer/usa.1/scoreboard?dates=20181028,2026-10-02T09:31:25+00:00,scoreboard.events[502363].competitions[0],ce43f925fc564886
2018,2018-10-28,13:30,20:30,Seattle Sounders FC,San Jose Earthquakes,SEA,SJ,502366,mls-2018-SEA-SJ-20181028,Regular Season,,Lumen Field,Seattle,"Seattle, Washington",America/Los_Angeles,full_time,,https://site.api.espn.com/apis/site/v2/sports/soccer/usa.1/scoreboard?dates=20181028,https://site.api.espn.com/apis/site/v2/sports/soccer/usa.1/scoreboard?dates=20181028,2026-10-02T09:31:25+00:00,scoreboard.events[502366].competitions[0],ce43f925fc564886
2018,2018-10-28,15:30,20:30,Sporting Kansas City,LAFC,SKC,LAFC,502360,mls-2018-SKC-LAFC-20181028,Regular Season,,Children's Mercy Park,Kansas City,"Kansas City, Kansas",America/Chicago,full_time,,https://site.api.espn.com/apis/site/v2/sports/soccer/usa.1/scoreboard?dates=20181028,https://site.api.espn.com/apis/site/v2/sports/soccer/usa.1/scoreboard?dates=20181028,2026-10-02T09:31:25+00:00,scoreboard.events[502360].competitions[0],ce43f925fc564886
2018,2018-10-28,16:30,20:30,Toronto FC,Atlanta United FC,TOR,ATL,502356,mls-2018-TOR-ATL-20181028,Regular Season,,BMO Field,Toronto,Toronto,America/Toronto,full_time,,https://site.api.espn.com/apis/site/v2/sports/soccer/usa.1/scoreboard?dates=20181028,https://site.api.espn.com/apis/site/v2/sports/soccer/usa.1/scoreboard?dates=20181028,2026-10-02T09:31:25+00:00,scoreboard.events[502356].competitions[0],ce43f925fc564886
2018,2018-10-28,13:30,20:30,Vancouver Whitecaps,Portland Timbers,VAN,POR,502365,mls-2018-VAN-POR-20181028,Regular Season,,BC Place,Vancouver,Vancouver,America/Vancouver,full_time,,https://site.api.espn.com/apis/site/v2/sports/soccer/usa.1/scoreboard?dates=20181028,https://site.api.espn.com/apis/site/v2/sports/soccer/usa.1/scoreboard?dates=20181028,2026-10-02T09:31:25+00:00,scoreboard.events[502365].competitions[0],ce43f925fc564886
