season,date_local,kickoff_local,kickoff_utc,home_team,away_team,home_abbr,away_abbr,provider_fixture_id,stable_match_key,official_stage,official_round,venue,venue_city,venue_city_raw,local_timezone,status,row_note,source_url,final_url,retrieved_at,field_locator,source_sha256
2020,2020-02-29,13:00,18:00,D.C. United,Colorado Rapids,DC,COL,560551,mls-2020-DC-COL-20200229,Regular Season,,Audi Field,Washington,"Washington, District of Columbia",America/New_York,full_time,,https://site.api.espn.com/apis/site/v2/sports/soccer/usa.1/scoreboard?dates=20200229,https://site.api.espn.com/apis/site/v2/sports/soccer/usa.1/scoreboard?dates=20200229,2026-10-02T09:33:33+00:00,scoreboard.events[560551].competitions[0],e64a26ccb0209216
2020,2020-02-29,15:00,20:00,CF Montréal,New England Revolution,MTL,NE,560550,mls-2020-MTL-NE-20200229,Regular Season,,Stade Olympique (Montreal),Montreal,Montreal,America/Toronto,full_time,,https://site.api.espn.com/apis/site/v2/sports/soccer/usa.1/scoreboard?dates=20200229,https://site.api.espn.com/apis/site/v2/sports/soccer/usa.1/scoreboard?dates=20200229,2026-10-02T09:33:33+00:00,scoreboard.events[560550].competitions[0],e64a26ccb0209216
2020,2020-02-29,14:30,20:30,Houston Dynamo FC,LA Galaxy,HOU,LA,560549,mls-2020-HOU-LA-20200229,Regular Season,,Shell Energy Stadium,Houston,"Houston, Texas",America/Chicago,full_time,,https://site.api.espn.com/apis/site/v2/sports/soccer/usa.1/scoreboard?dates=20200229,https://site.api.espn.com/apis/site/v2/sports/soccer/usa.1/scoreboard?dates=20200229,2026-10-02T09:33:33+00:00,scoreboard.events[560549].competitions[0],e64a26ccb0209216
2020,2020-02-29,14:30,22:30,San Jose Earthquakes,Toronto FC,SJ,TOR,560548,mls-2020-SJ-TOR-20200229,Regular Season,,PayPal Park,San Jose,"San Jose, California",America/Los_Angeles,full_time,,https://site.api.espn.com/apis/site/v2/sports/soccer/usa.1/scoreboard?dates=20200229,https://site.api.espn.com/apis/site/v2/sports/soccer/usa.1/scoreboard?dates=20200229,2026-10-02T09:33:33+00:00,scoreboard.events[560548].competitions[0],e64a26ccb0209216
2020,2020-02-29,17:00,23:00,FC Dallas,Philadelphia Union,DAL,PHI,560546,mls-2020-DAL-PHI-20200229,Regular Season,,Toyota Stadium,Frisco,Toyota Stadium,America/Chicago,full_time,,https://site.api.espn.com/apis/site/v2/sports/soccer/usa.1/scoreboard?dates=20200229,https://site.api.espn.com/apis/site/v2/sports/soccer/usa.1/scoreboard?dates=20200229,2026-10-02T09:33:33+00:00,scoreboard.events[560546].competitions[0],e64a26ccb0209216
2020,2020-02-29,18:00,23:00,Orlando City SC,Real Salt Lake,ORL,RSL,560547,mls-2020-ORL-RSL-20200229,Regular Season,,Inter&Co Stadium,Orlando,"Orlando, Florida",America/New_York,full_time,,https://site.api.espn.com/apis/site/v2/sports/soccer/usa.1/scoreboard?dates=20200229,https://site.api.espn.com/apis/site/v2/sports/soccer/usa.1/scoreboard?dates=20200229,2026-10-02T09:33:33+00:00,scoreboard.events[560547].competitions[0],e64a26ccb0209216
2020,2020-02-29,19:00,01:00,Nashville SC,Atlanta United FC,NSH,ATL,560072,mls-2020-NSH-ATL-20200229,Regular Season,,"Nissan Stadium, Nashville",Nashville,"Nashville, Tennessee",America/Chicago,full_time,,https://site.api.espn.com/apis/site/v2/sports/soccer/usa.1/scoreboard?dates=20200229,https://site.api.espn.com/apis/site/v2/sports/soccer/usa.1/scoreboard?dates=20200229,2026-10-02T09:33:33+00:00,scoreboard.events[560072].competitions[0],e64a26ccb0209216
2020,2020-02-29,19:30,03:30,Vancouver Whitecaps,Sporting Kansas City,VAN,SKC,560545,mls-2020-VAN-SKC-20200229,Regular Season,,BC Place,Vancouver,Vancouver,America/Vancouver,full_time,,https://site.api.espn.com/apis/site/v2/sports/soccer/usa.1/scoreboard?dates=20200229,https://site.api.espn.com/apis/site/v2/sports/soccer/usa.1/scoreboard?dates=20200229,2026-10-02T09:33:33+00:00,scoreboard.events[560545].competitions[0],e64a26ccb0209216
2020,2020-03-01,12:30,17:30,Columbus Crew,New York City FC,CLB,NYC,560544,mls-2020-CLB-NYC-20200301,Regular Season,,Historic Crew Stadium,Columbus,"Columbus, Ohio",America/New_York,full_time,,https://site.api.espn.com/apis/site/v2/sports/soccer/usa.1/scoreboard?dates=20200301,https://site.api.espn.com/apis/site/v2/sports/soccer/usa.1/scoreboard?dates=20200301,2026-10-02T09:32:03+00:00,scoreboard.events[560544].competitions[0],f1e24e95d81e2064
2020,2020-03-01,13:00,18:00,Red Bull New York,FC Cincinnati,RBNY,CIN,560543,mls-2020-RBNY-CIN-20200301,Regular Season,,Sports Illustrated Stadium,Harrison,"Harrison, New Jersey",America/New_York,full_time,,https://site.api.espn.com/apis/site/v2/sports/soccer/usa.1/scoreboard?dates=20200301,https://site.api.espn.com/apis/site/v2/sports/soccer/usa.1/scoreboard?dates=20200301,2026-10-02T09:32:03+00:00,scoreboard.events[560543].competitions[0],f1e24e95d81e2064
2020,2020-03-01,12:00,20:00,Seattle Sounders FC,Chicago Fire FC,SEA,CHI,560542,mls-2020-SEA-CHI-20200301,Regular Season,,Lumen Field,Seattle,"Seattle, Washington",America/Los_Angeles,full_time,,https://site.api.espn.com/apis/site/v2/sports/soccer/usa.1/scoreboard?dates=20200301,https://site.api.espn.com/apis/site/v2/sports/soccer/usa.1/scoreboard?dates=20200301,2026-10-02T09:32:03+00:00,scoreboard.events[560542].competitions[0],f1e24e95d81e2064
2020,2020-03-01,14:30,22:30,LAFC,Inter Miami CF,LAFC,MIA,560541,mls-2020-LAFC-MIA-20200301,Regular Season,,BMO Stadium,Los Angeles,"Los Angeles, California",America/Los_Angeles,full_time,,https://site.api.espn.com/apis/site/v2/sports/soccer/usa.1/scoreboard?dates=20200301,https://site.api.espn.com/apis/site/v2/sports/soccer/usa.1/scoreboard?dates=20200301,2026-10-02T09:32:03+00:00,scoreboard.events[560541].competitions[0],f1e24e95d81e2064
2020,2020-03-01,16:30,00:30,Portland Timbers,Minnesota United FC,POR,MIN,560540,mls-2020-POR-MIN-20200301,Regular Season,,Providence Park,Portland,"Portland, Oregon",America/Los_Angeles,full_time,,https://site.api.espn.com/apis/site/v2/sports/soccer/usa.1/scoreboard?dates=20200301,https://site.api.espn.com/apis/site/v2/sports/soccer/usa.1/scoreboard?dates=20200301,2026-10-02T09:32:03+00:00,scoreboard.events[560540].competitions[0],f1e24e95d81e2064
2020,2020-03-07,13:30,18:30,New England Revolution,Chicago Fire FC,NE,CHI,560539,mls-2020-NE-CHI-20200307,Regular Season,,Gillette Stadium,Foxborough,"Foxborough, Massachusetts",America/New_York,full_time,,https://site.api.espn.com/apis/site/v2/sports/soccer/usa.1/scoreboard?dates=20200307,https://site.api.espn.com/apis/site/v2/sports/soccer/usa.1/scoreboard?dates=20200307,2026-10-02T09:32:04+00:00,scoreboard.events[560539].competitions[0],164f1c9e11ea301e
2020,2020-03-07,12:00,19:00,Real Salt Lake,Red Bull New York,RSL,RBNY,560538,mls-2020-RSL-RBNY-20200307,Regular Season,,America First Field,Sandy,"Sandy, Utah",America/Denver,full_time,,https://site.api.espn.com/apis/site/v2/sports/soccer/usa.1/scoreboard?dates=20200307,https://site.api.espn.com/apis/site/v2/sports/soccer/usa.1/scoreboard?dates=20200307,2026-10-02T09:32:04+00:00,scoreboard.events[560538].competitions[0],164f1c9e11ea301e
2020,2020-03-07,14:00,20:00,FC Dallas,CF Montréal,DAL,MTL,561818,mls-2020-DAL-MTL-20200307,Regular Season,,Toyota Stadium,Frisco,Toyota Stadium,America/Chicago,full_time,,https://site.api.espn.com/apis/site/v2/sports/soccer/usa.1/scoreboard?dates=20200307,https://site.api.espn.com/apis/site/v2/sports/soccer/usa.1/scoreboard?dates=20200307,2026-10-02T09:32:04+00:00,scoreboard.events[561818].competitions[0],164f1c9e11ea301e
2020,2020-03-07,15:30,20:30,D.C. United,Inter Miami CF,DC,MIA,561817,mls-2020-DC-MIA-20200307,Regular Season,,Audi Field,Washington,"Washington, District of Columbia",America/New_York,full_time,,https://site.api.espn.com/apis/site/v2/sports/soccer/usa.1/scoreboard?dates=20200307,https://site.api.espn.com/apis/site/v2/sports/soccer/usa.1/scoreboard?dates=20200307,2026-10-02T09:32:04+00:00,scoreboard.events[561817].competitions[0],164f1c9e11ea301e
2020,2020-03-07,17:00,22:00,Toronto FC,New York City FC,TOR,NYC,560537,mls-2020-TOR-NYC-20200307,Regular Season,,BMO Field,Toronto,Toronto,America/Toronto,full_time,,https://site.api.espn.com/apis/site/v2/sports/soccer/usa.1/scoreboard?dates=20200307,https://site.api.espn.com/apis/site/v2/sports/soccer/usa.1/scoreboard?dates=20200307,2026-10-02T09:32:04+00:00,scoreboard.events[560537].competitions[0],164f1c9e11ea301e
2020,2020-03-07,19:00,00:00,Atlanta United FC,FC Cincinnati,ATL,CIN,560536,mls-2020-ATL-CIN-20200307,Regular Season,,Mercedes-Benz Stadium,Atlanta,"Atlanta, Georgia",America/New_York,full_time,,https://site.api.espn.com/apis/site/v2/sports/soccer/usa.1/scoreboard?dates=20200307,https://site.api.espn.com/apis/site/v2/sports/soccer/usa.1/scoreboard?dates=20200307,2026-10-02T09:32:04+00:00,scoreboard.events[560536].competitions[0],164f1c9e11ea301e
2020,2020-03-07,17:00,01:00,San Jose Earthquakes,Minnesota United FC,SJ,MIN,561816,mls-2020-SJ-MIN-20200307,Regular Season,,PayPal Park,San Jose,"San Jose, California",America/Los_Angeles,full_time,,https://site.api.espn.com/apis/site/v2/sports/soccer/usa.1/scoreboard?dates=20200307,https://site.api.espn.com/apis/site/v2/sports/soccer/usa.1/scoreboard?dates=20200307,2026-10-02T09:32:04+00:00,scoreboard.events[561816].competitions[0],164f1c9e11ea301e
2020,2020-03-07,19:30,01:30,Sporting Kansas City,Houston Dynamo FC,SKC,HOU,560535,mls-2020-SKC-HOU-20200307,Regular Season,,Children's Mercy Park,Kansas City,"Kansas City, Kansas",America/Chicago,full_time,,https://site.api.espn.com/apis/site/v2/sports/soccer/usa.1/scoreboard?dates=20200307,https://site.api.espn.com/apis/site/v2/sports/soccer/usa.1/scoreboard?dates=20200307,2026-10-02T09:32:04+00:00,scoreboard.events[560535].competitions[0],164f1c9e11ea301e
2020,2020-03-07,19:00,02:00,Colorado Rapids,Orlando City SC,COL,ORL,560534,mls-2020-COL-ORL-20200307,Regular Season,,Dick's Sporting Goods Park,Commerce City,"Commerce City, Colorado",America/Denver,full_time,,https://site.api.espn.com/apis/site/v2/sports/soccer/usa.1/scoreboard?dates=20200307,https://site.api.espn.com/apis/site/v2/sports/soccer/usa.1/scoreboard?dates=20200307,2026-10-02T09:32:04+00:00,scoreboard.events[560534].competitions[0],164f1c9e11ea301e
2020,2020-03-07,19:00,03:00,LA Galaxy,Vancouver Whitecaps,LA,VAN,560533,mls-2020-LA-VAN-20200307,Regular Season,,Dignity Health Sports Park,Carson,"Carson, California",America/Los_Angeles,full_time,,https://site.api.espn.com/apis/site/v2/sports/soccer/usa.1/scoreboard?dates=20200307,https://site.api.espn.com/apis/site/v2/sports/soccer/usa.1/scoreboard?dates=20200307,2026-10-02T09:32:04+00:00,scoreboard.events[560533].competitions[0],164f1c9e11ea301e
2020,2020-03-07,19:00,03:00,Seattle Sounders FC,Columbus Crew,SEA,CLB,561815,mls-2020-SEA-CLB-20200307,Regular Season,,Lumen Field,Seattle,"Seattle, Washington",America/Los_Angeles,full_time,,https://site.api.espn.com/apis/site/v2/sports/soccer/usa.1/scoreboard?dates=20200307,https://site.api.espn.com/apis/site/v2/sports/soccer/usa.1/scoreboard?dates=20200307,2026-10-02T09:32:04+00:00,scoreboard.events[561815].competitions[0],164f1c9e11ea301e
2020,2020-03-08,16:00,23:00,Portland Timbers,Nashville SC,POR,NSH,561814,mls-2020-POR-NSH-20200308,Regular Season,,Providence Park,Portland,"Portland, Oregon",America/Los_Angeles,full_time,,https://site.api.espn.com/apis/site/v2/sports/soccer/usa.1/scoreboard?dates=20200308,https://site.api.espn.com/apis/site/v2/sports/soccer/usa.1/scoreboard?dates=20200308,2026-10-02T09:32:04+00:00,scoreboard.events[561814].competitions[0],677fed954d37d611
2020,2020-03-08,19:30,02:30,LAFC,Philadelphia Union,LAFC,PHI,561813,mls-2020-LAFC-PHI-20200308,Regular Season,,BMO Stadium,Los Angeles,"Los Angeles, California",America/Los_Angeles,full_time,,https://site.api.espn.com/apis/site/v2/sports/soccer/usa.1/scoreboard?dates=20200308,https://site.api.espn.com/apis/site/v2/sports/soccer/usa.1/scoreboard?dates=20200308,2026-10-02T09:32:04+00:00,scoreboard.events[561813].competitions[0],677fed954d37d611
2020,2020-07-08,20:00,00:00,Orlando City SC,Inter Miami CF,ORL,MIA,571505,mls-2020-ORL-MIA-20200708,Regular Season,,ESPN Wide World of Sports Complex,Orlando,"Orlando, Florida",America/New_York,full_time,,https://site.api.espn.com/apis/site/v2/sports/soccer/usa.1/scoreboard?dates=20200708,https://site.api.espn.com/apis/site/v2/sports/soccer/usa.1/scoreboard?dates=20200708,2026-10-02T09:32:22+00:00,scoreboard.events[571505].competitions[0],42ac7aaed1fe8cea
2020,2020-07-09,,02:30,Nashville SC,Chicago Fire FC,NSH,CHI,571506,mls-2020-NSH-CHI-20200709,Regular Season,,,,,,postponed,,https://site.api.espn.com/apis/site/v2/sports/soccer/usa.1/scoreboard?dates=20200708,https://site.api.espn.com/apis/site/v2/sports/soccer/usa.1/scoreboard?dates=20200708,2026-10-02T09:32:22+00:00,scoreboard.events[571506].competitions[0],42ac7aaed1fe8cea
2020,2020-07-09,09:00,13:00,New York City FC,Philadelphia Union,NYC,PHI,571507,mls-2020-NYC-PHI-20200709,Regular Season,,ESPN Wide World of Sports Complex,Orlando,"Orlando, Florida",America/New_York,full_time,venue_override:ESPN Wide World of Sports Complex,https://site.api.espn.com/apis/site/v2/sports/soccer/usa.1/scoreboard?dates=20200709,https://site.api.espn.com/apis/site/v2/sports/soccer/usa.1/scoreboard?dates=20200709,2026-10-02T09:32:22+00:00,scoreboard.events[571507].competitions[0],1c6615931400392b
2020,2020-07-09,20:00,00:00,CF Montréal,New England Revolution,MTL,NE,573273,mls-2020-MTL-NE-20200709,Regular Season,,ESPN Wide World of Sports Complex,Orlando,"Orlando, Florida",America/New_York,full_time,,https://site.api.espn.com/apis/site/v2/sports/soccer/usa.1/scoreboard?dates=20200709,https://site.api.espn.com/apis/site/v2/sports/soccer/usa.1/scoreboard?dates=20200709,2026-10-02T09:32:22+00:00,scoreboard.events[573273].competitions[0],1c6615931400392b
2020,2020-07-10,,02:30,FC Dallas,Vancouver Whitecaps,DAL,VAN,571509,mls-2020-DAL-VAN-20200710,Regular Season,,,,,,postponed,,https://site.api.espn.com/apis/site/v2/sports/soccer/usa.1/scoreboard?dates=20200709,https://site.api.espn.com/apis/site/v2/sports/soccer/usa.1/scoreboard?dates=20200709,2026-10-02T09:32:22+00:00,scoreboard.events[571509].competitions[0],1c6615931400392b
2020,2020-07-10,21:00,01:00,Seattle Sounders FC,San Jose Earthquakes,SEA,SJ,573274,mls-2020-SEA-SJ-20200710,Regular Season,,ESPN Wide World of Sports Complex,Orlando,"Orlando, Florida",America/New_York,full_time,venue_override:ESPN Wide World of Sports Complex,https://site.api.espn.com/apis/site/v2/sports/soccer/usa.1/scoreboard?dates=20200710,https://site.api.espn.com/apis/site/v2/sports/soccer/usa.1/scoreboard?dates=20200710,2026-10-02T09:32:23+00:00,scoreboard.events[573274].competitions[0],531ebcf795fab9a2
2020,2020-07-11,20:45,00:45,Atlanta United FC,Red Bull New York,ATL,RBNY,573275,mls-2020-ATL-RBNY-20200711,Regular Season,,ESPN Wide World of Sports Complex,Orlando,"Orlando, Florida",America/New_York,full_time,venue_override:ESPN Wide World of Sports Complex,https://site.api.espn.com/apis/site/v2/sports/soccer/usa.1/scoreboard?dates=20200711,https://site.api.espn.com/apis/site/v2/sports/soccer/usa.1/scoreboard?dates=20200711,2026-10-02T09:32:23+00:00,scoreboard.events[573275].competitions[0],921406f67b44541a
2020,2020-07-11,23:20,03:20,FC Cincinnati,Columbus Crew,CIN,CLB,573276,mls-2020-CIN-CLB-20200711,Regular Season,,ESPN Wide World of Sports Complex,Orlando,"Orlando, Florida",America/New_York,full_time,venue_override:ESPN Wide World of Sports Complex,https://site.api.espn.com/apis/site/v2/sports/soccer/usa.1/scoreboard?dates=20200711,https://site.api.espn.com/apis/site/v2/sports/soccer/usa.1/scoreboard?dates=20200711,2026-10-02T09:32:23+00:00,scoreboard.events[573276].competitions[0],921406f67b44541a
2020,2020-07-12,20:00,00:00,Sporting Kansas City,Minnesota United FC,SKC,MIN,573278,mls-2020-SKC-MIN-20200712,Regular Season,,ESPN Wide World of Sports Complex,Orlando,"Orlando, Florida",America/New_York,full_time,venue_override:ESPN Wide World of Sports Complex,https://site.api.espn.com/apis/site/v2/sports/soccer/usa.1/scoreboard?dates=20200712,https://site.api.espn.com/apis/site/v2/sports/soccer/usa.1/scoreboard?dates=20200712,2026-10-02T09:32:23+00:00,scoreboard.events[573278].competitions[0],e447d2a1b5156559
2020,2020-07-12,22:30,02:30,Real Salt Lake,Colorado Rapids,RSL,COL,573279,mls-2020-RSL-COL-20200712,Regular Season,,ESPN Wide World of Sports Complex,Orlando,"Orlando, Florida",America/New_York,full_time,venue_override:ESPN Wide World of Sports Complex,https://site.api.espn.com/apis/site/v2/sports/soccer/usa.1/scoreboard?dates=20200712,https://site.api.espn.com/apis/site/v2/sports/soccer/usa.1/scoreboard?dates=20200712,2026-10-02T09:32:23+00:00,scoreboard.events[573279].competitions[0],e447d2a1b5156559
2020,2020-07-13,09:00,13:00,Toronto FC,D.C. United,TOR,DC,573277,mls-2020-TOR-DC-20200713,Regular Season,,ESPN Wide World of Sports Complex,Orlando,"Orlando, Florida",America/New_York,full_time,venue_override:ESPN Wide World of Sports Complex,https://site.api.espn.com/apis/site/v2/sports/soccer/usa.1/scoreboard?dates=20200713,https://site.api.espn.com/apis/site/v2/sports/soccer/usa.1/scoreboard?dates=20200713,2026-10-02T09:32:23+00:00,scoreboard.events[573277].competitions[0],4a077dd88bcfbdd4
2020,2020-07-13,20:00,00:00,LAFC,Houston Dynamo FC,LAFC,HOU,573280,mls-2020-LAFC-HOU-20200713,Regular Season,,ESPN Wide World of Sports Complex,Orlando,"Orlando, Florida",America/New_York,full_time,,https://site.api.espn.com/apis/site/v2/sports/soccer/usa.1/scoreboard?dates=20200713,https://site.api.espn.com/apis/site/v2/sports/soccer/usa.1/scoreboard?dates=20200713,2026-10-02T09:32:23+00:00,scoreboard.events[573280].competitions[0],4a077dd88bcfbdd4
2020,2020-07-13,22:30,02:30,LA Galaxy,Portland Timbers,LA,POR,573281,mls-2020-LA-POR-20200713,Regular Season,,ESPN Wide World of Sports Complex,Orlando,"Orlando, Florida",America/New_York,full_time,venue_override:ESPN Wide World of Sports Complex,https://site.api.espn.com/apis/site/v2/sports/soccer/usa.1/scoreboard?dates=20200713,https://site.api.espn.com/apis/site/v2/sports/soccer/usa.1/scoreboard?dates=20200713,2026-10-02T09:32:23+00:00,scoreboard.events[573281].competitions[0],4a077dd88bcfbdd4
2020,2020-07-14,09:00,13:00,Chicago Fire FC,Seattle Sounders FC,CHI,SEA,573282,mls-2020-CHI-SEA-20200714,Regular Season,,ESPN Wide World of Sports Complex,Orlando,"Orlando, Florida",America/New_York,full_time,venue_override:ESPN Wide World of Sports Complex,https://site.api.espn.com/apis/site/v2/sports/soccer/usa.1/scoreboard?dates=20200714,https://site.api.espn.com/apis/site/v2/sports/soccer/usa.1/scoreboard?dates=20200714,2026-10-02T09:32:24+00:00,scoreboard.events[573282].competitions[0],486b1f4e83c96d5b
2020,2020-07-14,20:00,00:00,New York City FC,Orlando City SC,NYC,ORL,573283,mls-2020-NYC-ORL-20200714,Regular Season,,ESPN Wide World of Sports Complex,Orlando,"Orlando, Florida",America/New_York,full_time,venue_override:ESPN Wide World of Sports Complex,https://site.api.espn.com/apis/site/v2/sports/soccer/usa.1/scoreboard?dates=20200714,https://site.api.espn.com/apis/site/v2/sports/soccer/usa.1/scoreboard?dates=20200714,2026-10-02T09:32:24+00:00,scoreboard.events[573283].competitions[0],486b1f4e83c96d5b
2020,2020-07-14,22:30,02:30,Philadelphia Union,Inter Miami CF,PHI,MIA,573284,mls-2020-PHI-MIA-20200714,Regular Season,,ESPN Wide World of Sports Complex,Orlando,"Orlando, Florida",America/New_York,full_time,venue_override:ESPN Wide World of Sports Complex,https://site.api.espn.com/apis/site/v2/sports/soccer/usa.1/scoreboard?dates=20200714,https://site.api.espn.com/apis/site/v2/sports/soccer/usa.1/scoreboard?dates=20200714,2026-10-02T09:32:24+00:00,scoreboard.events[573284].competitions[0],486b1f4e83c96d5b
2020,2020-07-15,21:00,01:00,Vancouver Whitecaps,San Jose Earthquakes,VAN,SJ,573286,mls-2020-VAN-SJ-20200715,Regular Season,,ESPN Wide World of Sports Complex,Orlando,"Orlando, Florida",America/New_York,full_time,venue_override:ESPN Wide World of Sports Complex,https://site.api.espn.com/apis/site/v2/sports/soccer/usa.1/scoreboard?dates=20200715,https://site.api.espn.com/apis/site/v2/sports/soccer/usa.1/scoreboard?dates=20200715,2026-10-02T09:32:23+00:00,scoreboard.events[573286].competitions[0],b68f029e60f30f11
2020,2020-07-16,09:00,13:00,Atlanta United FC,FC Cincinnati,ATL,CIN,573287,mls-2020-ATL-CIN-20200716,Regular Season,,ESPN Wide World of Sports Complex,Orlando,"Orlando, Florida",America/New_York,full_time,venue_override:ESPN Wide World of Sports Complex,https://site.api.espn.com/apis/site/v2/sports/soccer/usa.1/scoreboard?dates=20200716,https://site.api.espn.com/apis/site/v2/sports/soccer/usa.1/scoreboard?dates=20200716,2026-10-02T09:32:24+00:00,scoreboard.events[573287].competitions[0],e9bd4766a7695383
2020,2020-07-16,20:00,00:00,CF Montréal,Toronto FC,MTL,TOR,573285,mls-2020-MTL-TOR-20200716,Regular Season,,ESPN Wide World of Sports Complex,Orlando,"Orlando, Florida",America/New_York,full_time,,https://site.api.espn.com/apis/site/v2/sports/soccer/usa.1/scoreboard?dates=20200716,https://site.api.espn.com/apis/site/v2/sports/soccer/usa.1/scoreboard?dates=20200716,2026-10-02T09:32:24+00:00,scoreboard.events[573285].competitions[0],e9bd4766a7695383
2020,2020-07-16,22:30,02:30,Columbus Crew,Red Bull New York,CLB,RBNY,573289,mls-2020-CLB-RBNY-20200716,Regular Season,,ESPN Wide World of Sports Complex,Orlando,"Orlando, Florida",America/New_York,full_time,venue_override:ESPN Wide World of Sports Complex,https://site.api.espn.com/apis/site/v2/sports/soccer/usa.1/scoreboard?dates=20200716,https://site.api.espn.com/apis/site/v2/sports/soccer/usa.1/scoreboard?dates=20200716,2026-10-02T09:32:24+00:00,scoreboard.events[573289].competitions[0],e9bd4766a7695383
2020,2020-07-17,20:00,00:00,D.C. United,New England Revolution,DC,NE,573288,mls-2020-DC-NE-20200717,Regular Season,,ESPN Wide World of Sports Complex,Orlando,"Orlando, Florida",America/New_York,full_time,venue_override:ESPN Wide World of Sports Complex,https://site.api.espn.com/apis/site/v2/sports/soccer/usa.1/scoreboard?dates=20200717,https://site.api.espn.com/apis/site/v2/sports/soccer/usa.1/scoreboard?dates=20200717,2026-10-02T09:32:24+00:00,scoreboard.events[573288].competitions[0],6d6fee8ef12b4866
2020,2020-07-17,20:00,00:00,Sporting Kansas City,Colorado Rapids,SKC,COL,573290,mls-2020-SKC-COL-20200717,Regular Season,,ESPN Wide World of Sports Complex,Orlando,"Orlando, Florida",America/New_York,full_time,venue_override:ESPN Wide World of Sports Complex,https://site.api.espn.com/apis/site/v2/sports/soccer/usa.1/scoreboard?dates=20200717,https://site.api.espn.com/apis/site/v2/sports/soccer/usa.1/scoreboard?dates=20200717,2026-10-02T09:32:24+00:00,scoreboard.events[573290].competitions[0],6d6fee8ef12b4866
2020,2020-07-17,22:30,02:30,Real Salt Lake,Minnesota United FC,RSL,MIN,573291,mls-2020-RSL-MIN-20200717,Regular Season,,ESPN Wide World of Sports Complex,Orlando,"Orlando, Florida",America/New_York,full_time,venue_override:ESPN Wide World of Sports Complex,https://site.api.espn.com/apis/site/v2/sports/soccer/usa.1/scoreboard?dates=20200717,https://site.api.espn.com/apis/site/v2/sports/soccer/usa.1/scoreboard?dates=20200717,2026-10-02T09:32:24+00:00,scoreboard.events[573291].competitions[0],6d6fee8ef12b4866
2020,2020-07-18,20:00,00:00,Portland Timbers,Houston Dynamo FC,POR,HOU,573292,mls-2020-POR-HOU-20200718,Regular Season,,ESPN Wide World of Sports Complex,Orlando,"Orlando, Florida",America/New_York,full_time,venue_override:ESPN Wide World of Sports Complex,https://site.api.espn.com/apis/site/v2/sports/soccer/usa.1/scoreboard?dates=20200718,https://site.api.espn.com/apis/site/v2/sports/soccer/usa.1/scoreboard?dates=20200718,2026-10-02T09:32:24+00:00,scoreboard.events[573292].competitions[0],f722ca742c5eb800
2020,2020-07-18,22:30,02:30,LAFC,LA Galaxy,LAFC,LA,573293,mls-2020-LAFC-LA-20200718,Regular Season,,ESPN Wide World of Sports Complex,Orlando,"Orlando, Florida",America/New_York,full_time,,https://site.api.espn.com/apis/site/v2/sports/soccer/usa.1/scoreboard?dates=20200718,https://site.api.espn.com/apis/site/v2/sports/soccer/usa.1/scoreboard?dates=20200718,2026-10-02T09:32:24+00:00,scoreboard.events[573293].competitions[0],f722ca742c5eb800
2020,2020-07-19,20:00,00:00,Chicago Fire FC,San Jose Earthquakes,CHI,SJ,573294,mls-2020-CHI-SJ-20200719,Regular Season,,ESPN Wide World of Sports Complex,Orlando,"Orlando, Florida",America/New_York,full_time,venue_override:ESPN Wide World of Sports Complex,https://site.api.espn.com/apis/site/v2/sports/soccer/usa.1/scoreboard?dates=20200719,https://site.api.espn.com/apis/site/v2/sports/soccer/usa.1/scoreboard?dates=20200719,2026-10-02T09:32:24+00:00,scoreboard.events[573294].competitions[0],57ecca78be28fd8a
2020,2020-07-19,22:30,02:30,Seattle Sounders FC,Vancouver Whitecaps,SEA,VAN,573295,mls-2020-SEA-VAN-20200719,Regular Season,,ESPN Wide World of Sports Complex,Orlando,"Orlando, Florida",America/New_York,full_time,venue_override:ESPN Wide World of Sports Complex,https://site.api.espn.com/apis/site/v2/sports/soccer/usa.1/scoreboard?dates=20200719,https://site.api.espn.com/apis/site/v2/sports/soccer/usa.1/scoreboard?dates=20200719,2026-10-02T09:32:24+00:00,scoreboard.events[573295].competitions[0],57ecca78be28fd8a
2020,2020-07-20,09:00,13:00,Inter Miami CF,New York City FC,MIA,NYC,573296,mls-2020-MIA-NYC-20200720,Regular Season,,ESPN Wide World of Sports Complex,Orlando,"Orlando, Florida",America/New_York,full_time,venue_override:ESPN Wide World of Sports Complex,https://site.api.espn.com/apis/site/v2/sports/soccer/usa.1/scoreboard?dates=20200720,https://site.api.espn.com/apis/site/v2/sports/soccer/usa.1/scoreboard?dates=20200720,2026-10-02T09:32:24+00:00,scoreboard.events[573296].competitions[0],1ee7f49d5e407b69
2020,2020-07-21,,00:00,FC Dallas,San Jose Earthquakes,DAL,SJ,571534,mls-2020-DAL-SJ-20200721,Regular Season,,,,,,postponed,,https://site.api.espn.com/apis/site/v2/sports/soccer/usa.1/scoreboard?dates=20200720,https://site.api.espn.com/apis/site/v2/sports/soccer/usa.1/scoreboard?dates=20200720,2026-10-02T09:32:24+00:00,scoreboard.events[571534].competitions[0],1ee7f49d5e407b69
2020,2020-07-20,20:00,00:00,Philadelphia Union,Orlando City SC,PHI,ORL,573297,mls-2020-PHI-ORL-20200720,Regular Season,,ESPN Wide World of Sports Complex,Orlando,"Orlando, Florida",America/New_York,full_time,venue_override:ESPN Wide World of Sports Complex,https://site.api.espn.com/apis/site/v2/sports/soccer/usa.1/scoreboard?dates=20200720,https://site.api.espn.com/apis/site/v2/sports/soccer/usa.1/scoreboard?dates=20200720,2026-10-02T09:32:24+00:00,scoreboard.events[573297].competitions[0],1ee7f49d5e407b69
2020,2020-07-21,09:00,13:00,Toronto FC,New England Revolution,TOR,NE,573298,mls-2020-TOR-NE-20200721,Regular Season,,ESPN Wide World of Sports Complex,Orlando,"Orlando, Florida",America/New_York,full_time,venue_override:ESPN Wide World of Sports Complex,https://site.api.espn.com/apis/site/v2/sports/soccer/usa.1/scoreboard?dates=20200721,https://site.api.espn.com/apis/site/v2/sports/soccer/usa.1/scoreboard?dates=20200721,2026-10-02T09:32:25+00:00,scoreboard.events[573298].competitions[0],0ca58e51d7e40ab9
2020,2020-07-21,20:00,00:00,Atlanta United FC,Columbus Crew,ATL,CLB,573299,mls-2020-ATL-CLB-20200721,Regular Season,,ESPN Wide World of Sports Complex,Orlando,"Orlando, Florida",America/New_York,full_time,venue_override:ESPN Wide World of Sports Complex,https://site.api.espn.com/apis/site/v2/sports/soccer/usa.1/scoreboard?dates=20200721,https://site.api.espn.com/apis/site/v2/sports/soccer/usa.1/scoreboard?dates=20200721,2026-10-02T09:32:25+00:00,scoreboard.events[573299].competitions[0],0ca58e51d7e40ab9
2020,2020-07-21,22:30,02:30,CF Montréal,D.C. United,MTL,DC,573300,mls-2020-MTL-DC-20200721,Regular Season,,ESPN Wide World of Sports Complex,Orlando,"Orlando, Florida",America/New_York,full_time,,https://site.api.espn.com/apis/site/v2/sports/soccer/usa.1/scoreboard?dates=20200721,https://site.api.espn.com/apis/site/v2/sports/soccer/usa.1/scoreboard?dates=20200721,2026-10-02T09:32:25+00:00,scoreboard.events[573300].competitions[0],0ca58e51d7e40ab9
2020,2020-07-22,09:00,13:00,Real Salt Lake,Sporting Kansas City,RSL,SKC,573301,mls-2020-RSL-SKC-20200722,Regular Season,,ESPN Wide World of Sports Complex,Orlando,"Orlando, Florida",America/New_York,full_time,venue_override:ESPN Wide World of Sports Complex,https://site.api.espn.com/apis/site/v2/sports/soccer/usa.1/scoreboard?dates=20200722,https://site.api.espn.com/apis/site/v2/sports/soccer/usa.1/scoreboard?dates=20200722,2026-10-02T09:32:25+00:00,scoreboard.events[573301].competitions[0],5fa66a6b56077a46
2020,2020-07-22,20:00,00:00,FC Cincinnati,Red Bull New York,CIN,RBNY,573302,mls-2020-CIN-RBNY-20200722,Regular Season,,ESPN Wide World of Sports Complex,Orlando,"Orlando, Florida",America/New_York,full_time,venue_override:ESPN Wide World of Sports Complex,https://site.api.espn.com/apis/site/v2/sports/soccer/usa.1/scoreboard?dates=20200722,https://site.api.espn.com/apis/site/v2/sports/soccer/usa.1/scoreboard?dates=20200722,2026-10-02T09:32:25+00:00,scoreboard.events[573302].competitions[0],5fa66a6b56077a46
2020,2020-07-22,22:30,02:30,Colorado Rapids,Minnesota United FC,COL,MIN,573303,mls-2020-COL-MIN-20200722,Regular Season,,ESPN Wide World of Sports Complex,Orlando,"Orlando, Florida",America/New_York,full_time,venue_override:ESPN Wide World of Sports Complex,https://site.api.espn.com/apis/site/v2/sports/soccer/usa.1/scoreboard?dates=20200722,https://site.api.espn.com/apis/site/v2/sports/soccer/usa.1/scoreboard?dates=20200722,2026-10-02T09:32:25+00:00,scoreboard.events[573303].competitions[0],5fa66a6b56077a46
2020,2020-07-23,09:00,13:00,Chicago Fire FC,Vancouver Whitecaps,CHI,VAN,573304,mls-2020-CHI-VAN-20200723,Regular Season,,ESPN Wide World of Sports Complex,Orlando,"Orlando, Florida",America/New_York,full_time,venue_override:ESPN Wide World of Sports Complex,https://site.api.espn.com/apis/site/v2/sports/soccer/usa.1/scoreboard?dates=20200723,https://site.api.espn.com/apis/site/v2/sports/soccer/usa.1/scoreboard?dates=20200723,2026-10-02T09:32:25+00:00,scoreboard.events[573304].competitions[0],cc19abc1f809e67d
2020,2020-07-23,20:00,00:00,LA Galaxy,Houston Dynamo FC,LA,HOU,573305,mls-2020-LA-HOU-20200723,Regular Season,,ESPN Wide World of Sports Complex,Orlando,"Orlando, Florida",America/New_York,full_time,venue_override:ESPN Wide World of Sports Complex,https://site.api.espn.com/apis/site/v2/sports/soccer/usa.1/scoreboard?dates=20200723,https://site.api.espn.com/apis/site/v2/sports/soccer/usa.1/scoreboard?dates=20200723,2026-10-02T09:32:25+00:00,scoreboard.events[573305].competitions[0],cc19abc1f809e67d
2020,2020-07-23,22:30,02:30,LAFC,Portland Timbers,LAFC,POR,573306,mls-2020-LAFC-POR-20200723,Regular Season,,ESPN Wide World of Sports Complex,Orlando,"Orlando, Florida",America/New_York,full_time,,https://site.api.espn.com/apis/site/v2/sports/soccer/usa.1/scoreboard?dates=20200723,https://site.api.espn.com/apis/site/v2/sports/soccer/usa.1/scoreboard?dates=20200723,2026-10-02T09:32:25+00:00,scoreboard.events[573306].competitions[0],cc19abc1f809e67d
2020,2020-08-12,19:30,00:30,FC Dallas,Nashville SC,DAL,NSH,577242,mls-2020-DAL-NSH-20200812,Regular Season,,Toyota Stadium,Frisco,Toyota Stadium,America/Chicago,full_time,,https://site.api.espn.com/apis/site/v2/sports/soccer/usa.1/scoreboard?dates=20200812,https://site.api.espn.com/apis/site/v2/sports/soccer/usa.1/scoreboard?dates=20200812,2026-10-02T09:32:28+00:00,scoreboard.events[577242].competitions[0],19b4f90d0241751c
2020,2020-08-16,23:00,04:00,FC Dallas,Nashville SC,DAL,NSH,577172,mls-2020-DAL-NSH-20200816,Regular Season,,Toyota Stadium,Frisco,Toyota Stadium,America/Chicago,full_time,,https://site.api.espn.com/apis/site/v2/sports/soccer/usa.1/scoreboard?dates=20200817,https://site.api.espn.com/apis/site/v2/sports/soccer/usa.1/scoreboard?dates=20200817,2026-10-02T09:32:28+00:00,scoreboard.events[577172].competitions[0],2734f1f5a82a82b6
2020,2020-08-18,20:00,00:00,Toronto FC,Vancouver Whitecaps,TOR,VAN,577573,mls-2020-TOR-VAN-20200818,Regular Season,,BMO Field,Toronto,Toronto,America/Toronto,full_time,,https://site.api.espn.com/apis/site/v2/sports/soccer/usa.1/scoreboard?dates=20200818,https://site.api.espn.com/apis/site/v2/sports/soccer/usa.1/scoreboard?dates=20200818,2026-10-02T09:32:29+00:00,scoreboard.events[577573].competitions[0],d6a7dfba7037f446
2020,2020-08-20,19:00,23:00,Red Bull New York,New York City FC,RBNY,NYC,577173,mls-2020-RBNY-NYC-20200820,Regular Season,,Sports Illustrated Stadium,Harrison,"Harrison, New Jersey",America/New_York,full_time,,https://site.api.espn.com/apis/site/v2/sports/soccer/usa.1/scoreboard?dates=20200820,https://site.api.espn.com/apis/site/v2/sports/soccer/usa.1/scoreboard?dates=20200820,2026-10-02T09:32:29+00:00,scoreboard.events[577173].competitions[0],ee88d0f7a0678315
2020,2020-08-20,19:30,23:30,Columbus Crew,Chicago Fire FC,CLB,CHI,577174,mls-2020-CLB-CHI-20200820,Regular Season,,Historic Crew Stadium,Columbus,"Columbus, Ohio",America/New_York,full_time,,https://site.api.espn.com/apis/site/v2/sports/soccer/usa.1/scoreboard?dates=20200820,https://site.api.espn.com/apis/site/v2/sports/soccer/usa.1/scoreboard?dates=20200820,2026-10-02T09:32:29+00:00,scoreboard.events[577174].competitions[0],ee88d0f7a0678315
2020,2020-08-20,19:30,23:30,New England Revolution,Philadelphia Union,NE,PHI,577178,mls-2020-NE-PHI-20200820,Regular Season,,Gillette Stadium,Foxborough,"Foxborough, Massachusetts",America/New_York,full_time,,https://site.api.espn.com/apis/site/v2/sports/soccer/usa.1/scoreboard?dates=20200820,https://site.api.espn.com/apis/site/v2/sports/soccer/usa.1/scoreboard?dates=20200820,2026-10-02T09:32:29+00:00,scoreboard.events[577178].competitions[0],ee88d0f7a0678315
2020,2020-08-21,19:30,23:30,FC Cincinnati,D.C. United,CIN,DC,577175,mls-2020-CIN-DC-20200821,Regular Season,,Nippert Stadium,Cincinnati,"Cincinnati, Ohio",America/New_York,full_time,,https://site.api.espn.com/apis/site/v2/sports/soccer/usa.1/scoreboard?dates=20200821,https://site.api.espn.com/apis/site/v2/sports/soccer/usa.1/scoreboard?dates=20200821,2026-10-02T09:32:29+00:00,scoreboard.events[577175].competitions[0],9f4dc1f90e7204c9
2020,2020-08-21,18:30,23:30,Minnesota United FC,Sporting Kansas City,MIN,SKC,577176,mls-2020-MIN-SKC-20200821,Regular Season,,Allianz Field,Saint Paul,"Saint Paul, Minnesota",America/Chicago,full_time,,https://site.api.espn.com/apis/site/v2/sports/soccer/usa.1/scoreboard?dates=20200821,https://site.api.espn.com/apis/site/v2/sports/soccer/usa.1/scoreboard?dates=20200821,2026-10-02T09:32:29+00:00,scoreboard.events[577176].competitions[0],9f4dc1f90e7204c9
2020,2020-08-21,19:00,00:00,Houston Dynamo FC,FC Dallas,HOU,DAL,577177,mls-2020-HOU-DAL-20200821,Regular Season,,Shell Energy Stadium,Houston,"Houston, Texas",America/Chicago,full_time,,https://site.api.espn.com/apis/site/v2/sports/soccer/usa.1/scoreboard?dates=20200821,https://site.api.espn.com/apis/site/v2/sports/soccer/usa.1/scoreboard?dates=20200821,2026-10-02T09:32:29+00:00,scoreboard.events[577177].competitions[0],9f4dc1f90e7204c9
2020,2020-08-21,20:00,00:00,Toronto FC,Vancouver Whitecaps,TOR,VAN,577574,mls-2020-TOR-VAN-20200821,Regular Season,,BMO Field,Toronto,Toronto,America/Toronto,full_time,,https://site.api.espn.com/apis/site/v2/sports/soccer/usa.1/scoreboard?dates=20200821,https://site.api.espn.com/apis/site/v2/sports/soccer/usa.1/scoreboard?dates=20200821,2026-10-02T09:32:29+00:00,scoreboard.events[577574].competitions[0],9f4dc1f90e7204c9
2020,2020-08-22,15:00,22:00,LAFC,LA Galaxy,LAFC,LA,577179,mls-2020-LAFC-LA-20200822,Regular Season,,BMO Stadium,Los Angeles,"Los Angeles, California",America/Los_Angeles,full_time,,https://site.api.espn.com/apis/site/v2/sports/soccer/usa.1/scoreboard?dates=20200822,https://site.api.espn.com/apis/site/v2/sports/soccer/usa.1/scoreboard?dates=20200822,2026-10-02T09:32:29+00:00,scoreboard.events[577179].competitions[0],a66ce964752f78b8
2020,2020-08-22,19:00,23:00,Atlanta United FC,Nashville SC,ATL,NSH,577180,mls-2020-ATL-NSH-20200822,Regular Season,,Mercedes-Benz Stadium,Atlanta,"Atlanta, Georgia",America/New_York,full_time,,https://site.api.espn.com/apis/site/v2/sports/soccer/usa.1/scoreboard?dates=20200822,https://site.api.espn.com/apis/site/v2/sports/soccer/usa.1/scoreboard?dates=20200822,2026-10-02T09:32:29+00:00,scoreboard.events[577180].competitions[0],a66ce964752f78b8
2020,2020-08-22,20:00,00:00,Inter Miami CF,Orlando City SC,MIA,ORL,577181,mls-2020-MIA-ORL-20200822,Regular Season,,Chase Stadium,Fort Lauderdale,"Fort Lauderdale, Florida",America/New_York,full_time,,https://site.api.espn.com/apis/site/v2/sports/soccer/usa.1/scoreboard?dates=20200822,https://site.api.espn.com/apis/site/v2/sports/soccer/usa.1/scoreboard?dates=20200822,2026-10-02T09:32:29+00:00,scoreboard.events[577181].competitions[0],a66ce964752f78b8
2020,2020-08-22,19:00,01:00,Colorado Rapids,Real Salt Lake,COL,RSL,577182,mls-2020-COL-RSL-20200822,Regular Season,,Dick's Sporting Goods Park,Commerce City,"Commerce City, Colorado",America/Denver,full_time,,https://site.api.espn.com/apis/site/v2/sports/soccer/usa.1/scoreboard?dates=20200822,https://site.api.espn.com/apis/site/v2/sports/soccer/usa.1/scoreboard?dates=20200822,2026-10-02T09:32:29+00:00,scoreboard.events[577182].competitions[0],a66ce964752f78b8
2020,2020-08-23,19:00,02:00,Portland Timbers,Seattle Sounders FC,POR,SEA,577183,mls-2020-POR-SEA-20200823,Regular Season,,Providence Park,Portland,"Portland, Oregon",America/Los_Angeles,full_time,,https://site.api.espn.com/apis/site/v2/sports/soccer/usa.1/scoreboard?dates=20200823,https://site.api.espn.com/apis/site/v2/sports/soccer/usa.1/scoreboard?dates=20200823,2026-10-02T09:32:29+00:00,scoreboard.events[577183].competitions[0],18a9a7ee6b0328dc
2020,2020-08-24,19:00,23:00,New York City FC,Columbus Crew,NYC,CLB,577184,mls-2020-NYC-CLB-20200824,Regular Season,,Sports Illustrated Stadium,Harrison,"Harrison, New Jersey",America/New_York,full_time,venue_override:Sports Illustrated Stadium,https://site.api.espn.com/apis/site/v2/sports/soccer/usa.1/scoreboard?dates=20200824,https://site.api.espn.com/apis/site/v2/sports/soccer/usa.1/scoreboard?dates=20200824,2026-10-02T09:32:29+00:00,scoreboard.events[577184].competitions[0],9a8eb7b62ba329eb
2020,2020-08-25,19:00,23:00,D.C. United,New England Revolution,DC,NE,577185,mls-2020-DC-NE-20200825,Regular Season,,Audi Field,Washington,"Washington, District of Columbia",America/New_York,full_time,,https://site.api.espn.com/apis/site/v2/sports/soccer/usa.1/scoreboard?dates=20200825,https://site.api.espn.com/apis/site/v2/sports/soccer/usa.1/scoreboard?dates=20200825,2026-10-02T09:32:30+00:00,scoreboard.events[577185].competitions[0],10ebf7d17305fe46
2020,2020-08-25,18:30,23:30,Chicago Fire FC,FC Cincinnati,CHI,CIN,577186,mls-2020-CHI-CIN-20200825,Regular Season,,Soldier Field,Chicago,"Chicago, Illinois",America/Chicago,full_time,venue_override:Soldier Field,https://site.api.espn.com/apis/site/v2/sports/soccer/usa.1/scoreboard?dates=20200825,https://site.api.espn.com/apis/site/v2/sports/soccer/usa.1/scoreboard?dates=20200825,2026-10-02T09:32:30+00:00,scoreboard.events[577186].competitions[0],10ebf7d17305fe46
2020,2020-08-25,19:30,23:30,Philadelphia Union,Red Bull New York,PHI,RBNY,577187,mls-2020-PHI-RBNY-20200825,Regular Season,,Subaru Park,Chester,"Chester, Pennsylvania",America/New_York,full_time,,https://site.api.espn.com/apis/site/v2/sports/soccer/usa.1/scoreboard?dates=20200825,https://site.api.espn.com/apis/site/v2/sports/soccer/usa.1/scoreboard?dates=20200825,2026-10-02T09:32:30+00:00,scoreboard.events[577187].competitions[0],10ebf7d17305fe46
2020,2020-08-25,20:00,00:00,CF Montréal,Vancouver Whitecaps,MTL,VAN,577575,mls-2020-MTL-VAN-20200825,Regular Season,,Stade Saputo,Montreal,Montreal,America/Toronto,full_time,,https://site.api.espn.com/apis/site/v2/sports/soccer/usa.1/scoreboard?dates=20200825,https://site.api.espn.com/apis/site/v2/sports/soccer/usa.1/scoreboard?dates=20200825,2026-10-02T09:32:30+00:00,scoreboard.events[577575].competitions[0],10ebf7d17305fe46
2020,2020-08-25,19:30,00:30,Sporting Kansas City,Houston Dynamo FC,SKC,HOU,577188,mls-2020-SKC-HOU-20200825,Regular Season,,Children's Mercy Park,Kansas City,"Kansas City, Kansas",America/Chicago,full_time,,https://site.api.espn.com/apis/site/v2/sports/soccer/usa.1/scoreboard?dates=20200825,https://site.api.espn.com/apis/site/v2/sports/soccer/usa.1/scoreboard?dates=20200825,2026-10-02T09:32:30+00:00,scoreboard.events[577188].competitions[0],10ebf7d17305fe46
2020,2020-08-26,19:30,23:30,Orlando City SC,Nashville SC,ORL,NSH,577190,mls-2020-ORL-NSH-20200826,Regular Season,,Inter&Co Stadium,Orlando,"Orlando, Florida",America/New_York,full_time,,https://site.api.espn.com/apis/site/v2/sports/soccer/usa.1/scoreboard?dates=20200826,https://site.api.espn.com/apis/site/v2/sports/soccer/usa.1/scoreboard?dates=20200826,2026-10-02T09:32:30+00:00,scoreboard.events[577190].competitions[0],342ab689d83e1a46
2020,2020-08-28,20:00,00:00,CF Montréal,Toronto FC,MTL,TOR,577576,mls-2020-MTL-TOR-20200828,Regular Season,,Stade Saputo,Montreal,Montreal,America/Toronto,full_time,,https://site.api.espn.com/apis/site/v2/sports/soccer/usa.1/scoreboard?dates=20200828,https://site.api.espn.com/apis/site/v2/sports/soccer/usa.1/scoreboard?dates=20200828,2026-10-02T09:32:30+00:00,scoreboard.events[577576].competitions[0],a0667966cba871c5
2020,2020-08-29,15:30,19:30,Atlanta United FC,Orlando City SC,ATL,ORL,577196,mls-2020-ATL-ORL-20200829,Regular Season,,Mercedes-Benz Stadium,Atlanta,"Atlanta, Georgia",America/New_York,full_time,,https://site.api.espn.com/apis/site/v2/sports/soccer/usa.1/scoreboard?dates=20200829,https://site.api.espn.com/apis/site/v2/sports/soccer/usa.1/scoreboard?dates=20200829,2026-10-02T09:32:30+00:00,scoreboard.events[577196].competitions[0],1babb3e0b92f55e5
2020,2020-08-29,19:30,23:30,FC Cincinnati,Columbus Crew,CIN,CLB,577197,mls-2020-CIN-CLB-20200829,Regular Season,,Nippert Stadium,Cincinnati,"Cincinnati, Ohio",America/New_York,full_time,,https://site.api.espn.com/apis/site/v2/sports/soccer/usa.1/scoreboard?dates=20200829,https://site.api.espn.com/apis/site/v2/sports/soccer/usa.1/scoreboard?dates=20200829,2026-10-02T09:32:30+00:00,scoreboard.events[577197].competitions[0],1babb3e0b92f55e5
2020,2020-08-29,19:30,23:30,New York City FC,Chicago Fire FC,NYC,CHI,577199,mls-2020-NYC-CHI-20200829,Regular Season,,Sports Illustrated Stadium,Harrison,"Harrison, New Jersey",America/New_York,full_time,venue_override:Sports Illustrated Stadium,https://site.api.espn.com/apis/site/v2/sports/soccer/usa.1/scoreboard?dates=20200829,https://site.api.espn.com/apis/site/v2/sports/soccer/usa.1/scoreboard?dates=20200829,2026-10-02T09:32:30+00:00,scoreboard.events[577199].competitions[0],1babb3e0b92f55e5
2020,2020-08-29,19:30,23:30,Philadelphia Union,D.C. United,PHI,DC,577198,mls-2020-PHI-DC-20200829,Regular Season,,Subaru Park,Chester,"Chester, Pennsylvania",America/New_York,full_time,,https://site.api.espn.com/apis/site/v2/sports/soccer/usa.1/scoreboard?dates=20200829,https://site.api.espn.com/apis/site/v2/sports/soccer/usa.1/scoreboard?dates=20200829,2026-10-02T09:32:30+00:00,scoreboard.events[577198].competitions[0],1babb3e0b92f55e5
2020,2020-08-29,20:00,00:00,New England Revolution,Red Bull New York,NE,RBNY,577200,mls-2020-NE-RBNY-20200829,Regular Season,,Gillette Stadium,Foxborough,"Foxborough, Massachusetts",America/New_York,full_time,,https://site.api.espn.com/apis/site/v2/sports/soccer/usa.1/scoreboard?dates=20200829,https://site.api.espn.com/apis/site/v2/sports/soccer/usa.1/scoreboard?dates=20200829,2026-10-02T09:32:30+00:00,scoreboard.events[577200].competitions[0],1babb3e0b92f55e5
2020,2020-08-29,19:30,00:30,FC Dallas,Minnesota United FC,DAL,MIN,577201,mls-2020-DAL-MIN-20200829,Regular Season,,Toyota Stadium,Frisco,Toyota Stadium,America/Chicago,full_time,,https://site.api.espn.com/apis/site/v2/sports/soccer/usa.1/scoreboard?dates=20200829,https://site.api.espn.com/apis/site/v2/sports/soccer/usa.1/scoreboard?dates=20200829,2026-10-02T09:32:30+00:00,scoreboard.events[577201].competitions[0],1babb3e0b92f55e5
2020,2020-08-29,19:00,01:00,Colorado Rapids,Sporting Kansas City,COL,SKC,577202,mls-2020-COL-SKC-20200829,Regular Season,,Dick's Sporting Goods Park,Commerce City,"Commerce City, Colorado",America/Denver,full_time,,https://site.api.espn.com/apis/site/v2/sports/soccer/usa.1/scoreboard?dates=20200829,https://site.api.espn.com/apis/site/v2/sports/soccer/usa.1/scoreboard?dates=20200829,2026-10-02T09:32:30+00:00,scoreboard.events[577202].competitions[0],1babb3e0b92f55e5
2020,2020-08-29,19:30,02:30,LA Galaxy,San Jose Earthquakes,LA,SJ,577195,mls-2020-LA-SJ-20200829,Regular Season,,Dignity Health Sports Park,Carson,"Carson, California",America/Los_Angeles,full_time,,https://site.api.espn.com/apis/site/v2/sports/soccer/usa.1/scoreboard?dates=20200829,https://site.api.espn.com/apis/site/v2/sports/soccer/usa.1/scoreboard?dates=20200829,2026-10-02T09:32:30+00:00,scoreboard.events[577195].competitions[0],1babb3e0b92f55e5
2020,2020-08-29,19:30,02:30,Portland Timbers,Real Salt Lake,POR,RSL,577203,mls-2020-POR-RSL-20200829,Regular Season,,Providence Park,Portland,"Portland, Oregon",America/Los_Angeles,full_time,,https://site.api.espn.com/apis/site/v2/sports/soccer/usa.1/scoreboard?dates=20200829,https://site.api.espn.com/apis/site/v2/sports/soccer/usa.1/scoreboard?dates=20200829,2026-10-02T09:32:30+00:00,scoreboard.events[577203].competitions[0],1babb3e0b92f55e5
2020,2020-08-30,19:30,00:30,Nashville SC,Inter Miami CF,NSH,MIA,577204,mls-2020-NSH-MIA-20200830,Regular Season,,"Nissan Stadium, Nashville",Nashville,"Nashville, Tennessee",America/Chicago,full_time,,https://site.api.espn.com/apis/site/v2/sports/soccer/usa.1/scoreboard?dates=20200830,https://site.api.espn.com/apis/site/v2/sports/soccer/usa.1/scoreboard?dates=20200830,2026-10-02T09:32:31+00:00,scoreboard.events[577204].competitions[0],37f30b0d83ee083f
2020,2020-08-30,19:00,02:00,Seattle Sounders FC,LAFC,SEA,LAFC,577205,mls-2020-SEA-LAFC-20200830,Regular Season,,Lumen Field,Seattle,"Seattle, Washington",America/Los_Angeles,full_time,,https://site.api.espn.com/apis/site/v2/sports/soccer/usa.1/scoreboard?dates=20200830,https://site.api.espn.com/apis/site/v2/sports/soccer/usa.1/scoreboard?dates=20200830,2026-10-02T09:32:31+00:00,scoreboard.events[577205].competitions[0],37f30b0d83ee083f
2020,2020-09-01,20:00,00:00,Toronto FC,CF Montréal,TOR,MTL,577577,mls-2020-TOR-MTL-20200901,Regular Season,,BMO Field,Toronto,Toronto,America/Toronto,full_time,,https://site.api.espn.com/apis/site/v2/sports/soccer/usa.1/scoreboard?dates=20200901,https://site.api.espn.com/apis/site/v2/sports/soccer/usa.1/scoreboard?dates=20200901,2026-10-02T09:32:31+00:00,scoreboard.events[577577].competitions[0],c3005bc9983245a0
2020,2020-09-02,19:00,23:00,Atlanta United FC,Inter Miami CF,ATL,MIA,577207,mls-2020-ATL-MIA-20200902,Regular Season,,Mercedes-Benz Stadium,Atlanta,"Atlanta, Georgia",America/New_York,full_time,,https://site.api.espn.com/apis/site/v2/sports/soccer/usa.1/scoreboard?dates=20200902,https://site.api.espn.com/apis/site/v2/sports/soccer/usa.1/scoreboard?dates=20200902,2026-10-02T09:32:31+00:00,scoreboard.events[577207].competitions[0],4a59eaa4ef810e5a
2020,2020-09-02,19:30,23:30,Columbus Crew,Philadelphia Union,CLB,PHI,577208,mls-2020-CLB-PHI-20200902,Regular Season,,Historic Crew Stadium,Columbus,"Columbus, Ohio",America/New_York,full_time,,https://site.api.espn.com/apis/site/v2/sports/soccer/usa.1/scoreboard?dates=20200902,https://site.api.espn.com/apis/site/v2/sports/soccer/usa.1/scoreboard?dates=20200902,2026-10-02T09:32:31+00:00,scoreboard.events[577208].competitions[0],4a59eaa4ef810e5a
2020,2020-09-02,19:30,23:30,FC Cincinnati,Chicago Fire FC,CIN,CHI,577206,mls-2020-CIN-CHI-20200902,Regular Season,,Nippert Stadium,Cincinnati,"Cincinnati, Ohio",America/New_York,full_time,,https://site.api.espn.com/apis/site/v2/sports/soccer/usa.1/scoreboard?dates=20200902,https://site.api.espn.com/apis/site/v2/sports/soccer/usa.1/scoreboard?dates=20200902,2026-10-02T09:32:31+00:00,scoreboard.events[577206].competitions[0],4a59eaa4ef810e5a
2020,2020-09-02,19:30,23:30,Red Bull New York,D.C. United,RBNY,DC,577209,mls-2020-RBNY-DC-20200902,Regular Season,,Sports Illustrated Stadium,Harrison,"Harrison, New Jersey",America/New_York,full_time,,https://site.api.espn.com/apis/site/v2/sports/soccer/usa.1/scoreboard?dates=20200902,https://site.api.espn.com/apis/site/v2/sports/soccer/usa.1/scoreboard?dates=20200902,2026-10-02T09:32:31+00:00,scoreboard.events[577209].competitions[0],4a59eaa4ef810e5a
2020,2020-09-02,19:00,00:00,Houston Dynamo FC,Minnesota United FC,HOU,MIN,577210,mls-2020-HOU-MIN-20200902,Regular Season,,Shell Energy Stadium,Houston,"Houston, Texas",America/Chicago,full_time,,https://site.api.espn.com/apis/site/v2/sports/soccer/usa.1/scoreboard?dates=20200902,https://site.api.espn.com/apis/site/v2/sports/soccer/usa.1/scoreboard?dates=20200902,2026-10-02T09:32:31+00:00,scoreboard.events[577210].competitions[0],4a59eaa4ef810e5a
2020,2020-09-02,20:00,00:00,New England Revolution,New York City FC,NE,NYC,577211,mls-2020-NE-NYC-20200902,Regular Season,,Gillette Stadium,Foxborough,"Foxborough, Massachusetts",America/New_York,full_time,,https://site.api.espn.com/apis/site/v2/sports/soccer/usa.1/scoreboard?dates=20200902,https://site.api.espn.com/apis/site/v2/sports/soccer/usa.1/scoreboard?dates=20200902,2026-10-02T09:32:31+00:00,scoreboard.events[577211].competitions[0],4a59eaa4ef810e5a
2020,2020-09-02,19:30,00:30,Nashville SC,Orlando City SC,NSH,ORL,577213,mls-2020-NSH-ORL-20200902,Regular Season,,"Nissan Stadium, Nashville",Nashville,"Nashville, Tennessee",America/Chicago,full_time,,https://site.api.espn.com/apis/site/v2/sports/soccer/usa.1/scoreboard?dates=20200902,https://site.api.espn.com/apis/site/v2/sports/soccer/usa.1/scoreboard?dates=20200902,2026-10-02T09:32:31+00:00,scoreboard.events[577213].competitions[0],4a59eaa4ef810e5a
2020,2020-09-02,19:30,00:30,Sporting Kansas City,FC Dallas,SKC,DAL,577212,mls-2020-SKC-DAL-20200902,Regular Season,,Children's Mercy Park,Kansas City,"Kansas City, Kansas",America/Chicago,full_time,,https://site.api.espn.com/apis/site/v2/sports/soccer/usa.1/scoreboard?dates=20200902,https://site.api.espn.com/apis/site/v2/sports/soccer/usa.1/scoreboard?dates=20200902,2026-10-02T09:32:31+00:00,scoreboard.events[577212].competitions[0],4a59eaa4ef810e5a
2020,2020-09-02,19:30,01:30,Real Salt Lake,Seattle Sounders FC,RSL,SEA,577214,mls-2020-RSL-SEA-20200902,Regular Season,,America First Field,Sandy,"Sandy, Utah",America/Denver,full_time,,https://site.api.espn.com/apis/site/v2/sports/soccer/usa.1/scoreboard?dates=20200902,https://site.api.espn.com/apis/site/v2/sports/soccer/usa.1/scoreboard?dates=20200902,2026-10-02T09:32:31+00:00,scoreboard.events[577214].competitions[0],4a59eaa4ef810e5a
2020,2020-09-02,19:30,02:30,Portland Timbers,LA Galaxy,POR,LA,577216,mls-2020-POR-LA-20200902,Regular Season,,Providence Park,Portland,"Portland, Oregon",America/Los_Angeles,full_time,,https://site.api.espn.com/apis/site/v2/sports/soccer/usa.1/scoreboard?dates=20200902,https://site.api.espn.com/apis/site/v2/sports/soccer/usa.1/scoreboard?dates=20200902,2026-10-02T09:32:31+00:00,scoreboard.events[577216].competitions[0],4a59eaa4ef810e5a
2020,2020-09-02,20:00,03:00,LAFC,San Jose Earthquakes,LAFC,SJ,577215,mls-2020-LAFC-SJ-20200902,Regular Season,,BMO Stadium,Los Angeles,"Los Angeles, California",America/Los_Angeles,full_time,,https://site.api.espn.com/apis/site/v2/sports/soccer/usa.1/scoreboard?dates=20200902,https://site.api.espn.com/apis/site/v2/sports/soccer/usa.1/scoreboard?dates=20200902,2026-10-02T09:32:31+00:00,scoreboard.events[577215].competitions[0],4a59eaa4ef810e5a
2020,2020-09-05,19:00,00:00,Houston Dynamo FC,Sporting Kansas City,HOU,SKC,577217,mls-2020-HOU-SKC-20200905,Regular Season,,Shell Energy Stadium,Houston,"Houston, Texas",America/Chicago,full_time,,https://site.api.espn.com/apis/site/v2/sports/soccer/usa.1/scoreboard?dates=20200905,https://site.api.espn.com/apis/site/v2/sports/soccer/usa.1/scoreboard?dates=20200905,2026-10-02T09:32:32+00:00,scoreboard.events[577217].competitions[0],179ec5fab182494e
2020,2020-09-05,20:00,00:00,Orlando City SC,Atlanta United FC,ORL,ATL,577224,mls-2020-ORL-ATL-20200905,Regular Season,,Inter&Co Stadium,Orlando,"Orlando, Florida",America/New_York,full_time,,https://site.api.espn.com/apis/site/v2/sports/soccer/usa.1/scoreboard?dates=20200905,https://site.api.espn.com/apis/site/v2/sports/soccer/usa.1/scoreboard?dates=20200905,2026-10-02T09:32:32+00:00,scoreboard.events[577224].competitions[0],179ec5fab182494e
2020,2020-09-05,18:30,01:30,Vancouver Whitecaps,Toronto FC,VAN,TOR,577578,mls-2020-VAN-TOR-20200905,Regular Season,,BC Place,Vancouver,Vancouver,America/Vancouver,full_time,,https://site.api.espn.com/apis/site/v2/sports/soccer/usa.1/scoreboard?dates=20200905,https://site.api.espn.com/apis/site/v2/sports/soccer/usa.1/scoreboard?dates=20200905,2026-10-02T09:32:32+00:00,scoreboard.events[577578].competitions[0],179ec5fab182494e
2020,2020-09-05,19:30,02:30,San Jose Earthquakes,Colorado Rapids,SJ,COL,577218,mls-2020-SJ-COL-20200905,Regular Season,,PayPal Park,San Jose,"San Jose, California",America/Los_Angeles,full_time,,https://site.api.espn.com/apis/site/v2/sports/soccer/usa.1/scoreboard?dates=20200905,https://site.api.espn.com/apis/site/v2/sports/soccer/usa.1/scoreboard?dates=20200905,2026-10-02T09:32:32+00:00,scoreboard.events[577218].competitions[0],179ec5fab182494e
2020,2020-09-06,19:00,23:00,D.C. United,New York City FC,DC,NYC,577221,mls-2020-DC-NYC-20200906,Regular Season,,Audi Field,Washington,"Washington, District of Columbia",America/New_York,full_time,,https://site.api.espn.com/apis/site/v2/sports/soccer/usa.1/scoreboard?dates=20200906,https://site.api.espn.com/apis/site/v2/sports/soccer/usa.1/scoreboard?dates=20200906,2026-10-02T09:32:32+00:00,scoreboard.events[577221].competitions[0],2fe89d414f34ee85
2020,2020-09-06,19:00,23:00,Red Bull New York,Philadelphia Union,RBNY,PHI,577220,mls-2020-RBNY-PHI-20200906,Regular Season,,Sports Illustrated Stadium,Harrison,"Harrison, New Jersey",America/New_York,full_time,,https://site.api.espn.com/apis/site/v2/sports/soccer/usa.1/scoreboard?dates=20200906,https://site.api.espn.com/apis/site/v2/sports/soccer/usa.1/scoreboard?dates=20200906,2026-10-02T09:32:32+00:00,scoreboard.events[577220].competitions[0],2fe89d414f34ee85
2020,2020-09-06,18:30,23:30,Chicago Fire FC,New England Revolution,CHI,NE,577222,mls-2020-CHI-NE-20200906,Regular Season,,Soldier Field,Chicago,"Chicago, Illinois",America/Chicago,full_time,venue_override:Soldier Field,https://site.api.espn.com/apis/site/v2/sports/soccer/usa.1/scoreboard?dates=20200906,https://site.api.espn.com/apis/site/v2/sports/soccer/usa.1/scoreboard?dates=20200906,2026-10-02T09:32:32+00:00,scoreboard.events[577222].competitions[0],2fe89d414f34ee85
2020,2020-09-06,19:30,23:30,Columbus Crew,FC Cincinnati,CLB,CIN,577223,mls-2020-CLB-CIN-20200906,Regular Season,,Historic Crew Stadium,Columbus,"Columbus, Ohio",America/New_York,full_time,,https://site.api.espn.com/apis/site/v2/sports/soccer/usa.1/scoreboard?dates=20200906,https://site.api.espn.com/apis/site/v2/sports/soccer/usa.1/scoreboard?dates=20200906,2026-10-02T09:32:32+00:00,scoreboard.events[577223].competitions[0],2fe89d414f34ee85
2020,2020-09-06,19:00,00:00,Minnesota United FC,Real Salt Lake,MIN,RSL,577225,mls-2020-MIN-RSL-20200906,Regular Season,,Allianz Field,Saint Paul,"Saint Paul, Minnesota",America/Chicago,full_time,,https://site.api.espn.com/apis/site/v2/sports/soccer/usa.1/scoreboard?dates=20200906,https://site.api.espn.com/apis/site/v2/sports/soccer/usa.1/scoreboard?dates=20200906,2026-10-02T09:32:32+00:00,scoreboard.events[577225].competitions[0],2fe89d414f34ee85
2020,2020-09-06,21:45,01:45,Inter Miami CF,Nashville SC,MIA,NSH,577226,mls-2020-MIA-NSH-20200906,Regular Season,,Chase Stadium,Fort Lauderdale,"Fort Lauderdale, Florida",America/New_York,full_time,,https://site.api.espn.com/apis/site/v2/sports/soccer/usa.1/scoreboard?dates=20200906,https://site.api.espn.com/apis/site/v2/sports/soccer/usa.1/scoreboard?dates=20200906,2026-10-02T09:32:32+00:00,scoreboard.events[577226].competitions[0],2fe89d414f34ee85
2020,2020-09-06,19:00,02:00,Seattle Sounders FC,Portland Timbers,SEA,POR,577227,mls-2020-SEA-POR-20200906,Regular Season,,Lumen Field,Seattle,"Seattle, Washington",America/Los_Angeles,full_time,,https://site.api.espn.com/apis/site/v2/sports/soccer/usa.1/scoreboard?dates=20200906,https://site.api.espn.com/apis/site/v2/sports/soccer/usa.1/scoreboard?dates=20200906,2026-10-02T09:32:32+00:00,scoreboard.events[577227].competitions[0],2fe89d414f34ee85
2020,2020-09-06,19:30,02:30,LA Galaxy,LAFC,LA,LAFC,577219,mls-2020-LA-LAFC-20200906,Regular Season,,Dignity Health Sports Park,Carson,"Carson, California",America/Los_Angeles,full_time,,https://site.api.espn.com/apis/site/v2/sports/soccer/usa.1/scoreboard?dates=20200906,https://site.api.espn.com/apis/site/v2/sports/soccer/usa.1/scoreboard?dates=20200906,2026-10-02T09:32:32+00:00,scoreboard.events[577219].competitions[0],2fe89d414f34ee85
2020,2020-09-09,20:00,00:00,CF Montréal,Toronto FC,MTL,TOR,577579,mls-2020-MTL-TOR-20200909,Regular Season,,Stade Saputo,Montreal,Montreal,America/Toronto,full_time,,https://site.api.espn.com/apis/site/v2/sports/soccer/usa.1/scoreboard?dates=20200909,https://site.api.espn.com/apis/site/v2/sports/soccer/usa.1/scoreboard?dates=20200909,2026-10-02T09:32:33+00:00,scoreboard.events[577579].competitions[0],6e31a29d1560d139
2020,2020-09-09,20:00,00:00,Inter Miami CF,Atlanta United FC,MIA,ATL,577191,mls-2020-MIA-ATL-20200909,Regular Season,,Chase Stadium,Fort Lauderdale,"Fort Lauderdale, Florida",America/New_York,full_time,,https://site.api.espn.com/apis/site/v2/sports/soccer/usa.1/scoreboard?dates=20200909,https://site.api.espn.com/apis/site/v2/sports/soccer/usa.1/scoreboard?dates=20200909,2026-10-02T09:32:33+00:00,scoreboard.events[577191].competitions[0],6e31a29d1560d139
2020,2020-09-09,19:00,00:00,Minnesota United FC,FC Dallas,MIN,DAL,577228,mls-2020-MIN-DAL-20200909,Regular Season,,Allianz Field,Saint Paul,"Saint Paul, Minnesota",America/Chicago,full_time,,https://site.api.espn.com/apis/site/v2/sports/soccer/usa.1/scoreboard?dates=20200909,https://site.api.espn.com/apis/site/v2/sports/soccer/usa.1/scoreboard?dates=20200909,2026-10-02T09:32:33+00:00,scoreboard.events[577228].competitions[0],6e31a29d1560d139
2020,2020-09-09,19:00,01:00,Colorado Rapids,Houston Dynamo FC,COL,HOU,577229,mls-2020-COL-HOU-20200909,Regular Season,,Dick's Sporting Goods Park,Commerce City,"Commerce City, Colorado",America/Denver,full_time,,https://site.api.espn.com/apis/site/v2/sports/soccer/usa.1/scoreboard?dates=20200909,https://site.api.espn.com/apis/site/v2/sports/soccer/usa.1/scoreboard?dates=20200909,2026-10-02T09:32:33+00:00,scoreboard.events[577229].competitions[0],6e31a29d1560d139
2020,2020-09-09,19:30,01:30,Real Salt Lake,LAFC,RSL,LAFC,577193,mls-2020-RSL-LAFC-20200909,Regular Season,,America First Field,Sandy,"Sandy, Utah",America/Denver,full_time,,https://site.api.espn.com/apis/site/v2/sports/soccer/usa.1/scoreboard?dates=20200909,https://site.api.espn.com/apis/site/v2/sports/soccer/usa.1/scoreboard?dates=20200909,2026-10-02T09:32:33+00:00,scoreboard.events[577193].competitions[0],6e31a29d1560d139
2020,2020-09-10,19:00,02:00,Seattle Sounders FC,San Jose Earthquakes,SEA,SJ,577230,mls-2020-SEA-SJ-20200910,Regular Season,,Lumen Field,Seattle,"Seattle, Washington",America/Los_Angeles,full_time,,https://site.api.espn.com/apis/site/v2/sports/soccer/usa.1/scoreboard?dates=20200910,https://site.api.espn.com/apis/site/v2/sports/soccer/usa.1/scoreboard?dates=20200910,2026-10-02T09:32:33+00:00,scoreboard.events[577230].competitions[0],625fedbb5e19600a
2020,2020-09-12,14:30,19:30,Chicago Fire FC,Columbus Crew,CHI,CLB,577233,mls-2020-CHI-CLB-20200912,Regular Season,,Soldier Field,Chicago,"Chicago, Illinois",America/Chicago,full_time,venue_override:Soldier Field,https://site.api.espn.com/apis/site/v2/sports/soccer/usa.1/scoreboard?dates=20200912,https://site.api.espn.com/apis/site/v2/sports/soccer/usa.1/scoreboard?dates=20200912,2026-10-02T09:32:33+00:00,scoreboard.events[577233].competitions[0],c20c3925d3472a84
2020,2020-09-12,19:00,23:00,D.C. United,Red Bull New York,DC,RBNY,577232,mls-2020-DC-RBNY-20200912,Regular Season,,Audi Field,Washington,"Washington, District of Columbia",America/New_York,full_time,,https://site.api.espn.com/apis/site/v2/sports/soccer/usa.1/scoreboard?dates=20200912,https://site.api.espn.com/apis/site/v2/sports/soccer/usa.1/scoreboard?dates=20200912,2026-10-02T09:32:33+00:00,scoreboard.events[577232].competitions[0],c20c3925d3472a84
2020,2020-09-12,19:00,23:00,New York City FC,FC Cincinnati,NYC,CIN,577231,mls-2020-NYC-CIN-20200912,Regular Season,,Sports Illustrated Stadium,Harrison,"Harrison, New Jersey",America/New_York,full_time,venue_override:Sports Illustrated Stadium,https://site.api.espn.com/apis/site/v2/sports/soccer/usa.1/scoreboard?dates=20200912,https://site.api.espn.com/apis/site/v2/sports/soccer/usa.1/scoreboard?dates=20200912,2026-10-02T09:32:33+00:00,scoreboard.events[577231].competitions[0],c20c3925d3472a84
2020,2020-09-12,19:30,23:30,Orlando City SC,Inter Miami CF,ORL,MIA,577234,mls-2020-ORL-MIA-20200912,Regular Season,,Inter&Co Stadium,Orlando,"Orlando, Florida",America/New_York,full_time,,https://site.api.espn.com/apis/site/v2/sports/soccer/usa.1/scoreboard?dates=20200912,https://site.api.espn.com/apis/site/v2/sports/soccer/usa.1/scoreboard?dates=20200912,2026-10-02T09:32:33+00:00,scoreboard.events[577234].competitions[0],c20c3925d3472a84
2020,2020-09-12,19:30,23:30,Philadelphia Union,New England Revolution,PHI,NE,577235,mls-2020-PHI-NE-20200912,Regular Season,,Subaru Park,Chester,"Chester, Pennsylvania",America/New_York,full_time,,https://site.api.espn.com/apis/site/v2/sports/soccer/usa.1/scoreboard?dates=20200912,https://site.api.espn.com/apis/site/v2/sports/soccer/usa.1/scoreboard?dates=20200912,2026-10-02T09:32:33+00:00,scoreboard.events[577235].competitions[0],c20c3925d3472a84
2020,2020-09-12,19:30,00:30,FC Dallas,Houston Dynamo FC,DAL,HOU,577241,mls-2020-DAL-HOU-20200912,Regular Season,,Toyota Stadium,Frisco,Toyota Stadium,America/Chicago,full_time,,https://site.api.espn.com/apis/site/v2/sports/soccer/usa.1/scoreboard?dates=20200912,https://site.api.espn.com/apis/site/v2/sports/soccer/usa.1/scoreboard?dates=20200912,2026-10-02T09:32:33+00:00,scoreboard.events[577241].competitions[0],c20c3925d3472a84
2020,2020-09-12,19:30,00:30,Nashville SC,Atlanta United FC,NSH,ATL,577236,mls-2020-NSH-ATL-20200912,Regular Season,,"Nissan Stadium, Nashville",Nashville,"Nashville, Tennessee",America/Chicago,full_time,,https://site.api.espn.com/apis/site/v2/sports/soccer/usa.1/scoreboard?dates=20200912,https://site.api.espn.com/apis/site/v2/sports/soccer/usa.1/scoreboard?dates=20200912,2026-10-02T09:32:33+00:00,scoreboard.events[577236].competitions[0],c20c3925d3472a84
2020,2020-09-12,19:30,01:30,Real Salt Lake,Colorado Rapids,RSL,COL,577237,mls-2020-RSL-COL-20200912,Regular Season,,America First Field,Sandy,"Sandy, Utah",America/Denver,full_time,,https://site.api.espn.com/apis/site/v2/sports/soccer/usa.1/scoreboard?dates=20200912,https://site.api.espn.com/apis/site/v2/sports/soccer/usa.1/scoreboard?dates=20200912,2026-10-02T09:32:33+00:00,scoreboard.events[577237].competitions[0],c20c3925d3472a84
2020,2020-09-13,19:30,00:30,Sporting Kansas City,Minnesota United FC,SKC,MIN,577238,mls-2020-SKC-MIN-20200913,Regular Season,,Children's Mercy Park,Kansas City,"Kansas City, Kansas",America/Chicago,full_time,,https://site.api.espn.com/apis/site/v2/sports/soccer/usa.1/scoreboard?dates=20200913,https://site.api.espn.com/apis/site/v2/sports/soccer/usa.1/scoreboard?dates=20200913,2026-10-02T09:32:33+00:00,scoreboard.events[577238].competitions[0],3c0528f421c352cc
2020,2020-09-13,18:30,01:30,Vancouver Whitecaps,CF Montréal,VAN,MTL,577580,mls-2020-VAN-MTL-20200913,Regular Season,,BC Place,Vancouver,Vancouver,America/Vancouver,full_time,,https://site.api.espn.com/apis/site/v2/sports/soccer/usa.1/scoreboard?dates=20200913,https://site.api.espn.com/apis/site/v2/sports/soccer/usa.1/scoreboard?dates=20200913,2026-10-02T09:32:33+00:00,scoreboard.events[577580].competitions[0],3c0528f421c352cc
2020,2020-09-13,20:00,03:00,LAFC,Portland Timbers,LAFC,POR,577239,mls-2020-LAFC-POR-20200913,Regular Season,,BMO Stadium,Los Angeles,"Los Angeles, California",America/Los_Angeles,full_time,,https://site.api.espn.com/apis/site/v2/sports/soccer/usa.1/scoreboard?dates=20200913,https://site.api.espn.com/apis/site/v2/sports/soccer/usa.1/scoreboard?dates=20200913,2026-10-02T09:32:33+00:00,scoreboard.events[577239].competitions[0],3c0528f421c352cc
2020,2020-09-13,20:00,03:00,San Jose Earthquakes,LA Galaxy,SJ,LA,577240,mls-2020-SJ-LA-20200913,Regular Season,,PayPal Park,San Jose,"San Jose, California",America/Los_Angeles,full_time,,https://site.api.espn.com/apis/site/v2/sports/soccer/usa.1/scoreboard?dates=20200913,https://site.api.espn.com/apis/site/v2/sports/soccer/usa.1/scoreboard?dates=20200913,2026-10-02T09:32:33+00:00,scoreboard.events[577240].competitions[0],3c0528f421c352cc
2020,2020-09-16,19:30,00:30,FC Dallas,Colorado Rapids,DAL,COL,577192,mls-2020-DAL-COL-20200916,Regular Season,,Toyota Stadium,Frisco,Toyota Stadium,America/Chicago,full_time,,https://site.api.espn.com/apis/site/v2/sports/soccer/usa.1/scoreboard?dates=20200916,https://site.api.espn.com/apis/site/v2/sports/soccer/usa.1/scoreboard?dates=20200916,2026-10-02T09:32:34+00:00,scoreboard.events[577192].competitions[0],e2733726fef8a332
2020,2020-09-16,18:30,01:30,San Jose Earthquakes,Portland Timbers,SJ,POR,577194,mls-2020-SJ-POR-20200916,Regular Season,,PayPal Park,San Jose,"San Jose, California",America/Los_Angeles,full_time,,https://site.api.espn.com/apis/site/v2/sports/soccer/usa.1/scoreboard?dates=20200916,https://site.api.espn.com/apis/site/v2/sports/soccer/usa.1/scoreboard?dates=20200916,2026-10-02T09:32:34+00:00,scoreboard.events[577194].competitions[0],e2733726fef8a332
2020,2020-09-16,18:30,01:30,Vancouver Whitecaps,CF Montréal,VAN,MTL,577581,mls-2020-VAN-MTL-20200916,Regular Season,,BC Place,Vancouver,Vancouver,America/Vancouver,full_time,,https://site.api.espn.com/apis/site/v2/sports/soccer/usa.1/scoreboard?dates=20200916,https://site.api.espn.com/apis/site/v2/sports/soccer/usa.1/scoreboard?dates=20200916,2026-10-02T09:32:34+00:00,scoreboard.events[577581].competitions[0],e2733726fef8a332
2020,2020-09-18,19:00,02:00,Seattle Sounders FC,LAFC,SEA,LAFC,584198,mls-2020-SEA-LAFC-20200918,Regular Season,,Lumen Field,Seattle,"Seattle, Washington",America/Los_Angeles,full_time,,https://site.api.espn.com/apis/site/v2/sports/soccer/usa.1/scoreboard?dates=20200918,https://site.api.espn.com/apis/site/v2/sports/soccer/usa.1/scoreboard?dates=20200918,2026-10-02T09:32:34+00:00,scoreboard.events[584198].competitions[0],3491ba5b25c274bf
2020,2020-09-19,14:30,19:30,Sporting Kansas City,FC Dallas,SKC,DAL,584200,mls-2020-SKC-DAL-20200919,Regular Season,,Children's Mercy Park,Kansas City,"Kansas City, Kansas",America/Chicago,full_time,,https://site.api.espn.com/apis/site/v2/sports/soccer/usa.1/scoreboard?dates=20200919,https://site.api.espn.com/apis/site/v2/sports/soccer/usa.1/scoreboard?dates=20200919,2026-10-02T09:32:35+00:00,scoreboard.events[584200].competitions[0],bba7868d183eb37a
2020,2020-09-19,16:30,20:30,New England Revolution,New York City FC,NE,NYC,584199,mls-2020-NE-NYC-20200919,Regular Season,,Gillette Stadium,Foxborough,"Foxborough, Massachusetts",America/New_York,full_time,,https://site.api.espn.com/apis/site/v2/sports/soccer/usa.1/scoreboard?dates=20200919,https://site.api.espn.com/apis/site/v2/sports/soccer/usa.1/scoreboard?dates=20200919,2026-10-02T09:32:35+00:00,scoreboard.events[584199].competitions[0],bba7868d183eb37a
2020,2020-09-19,19:00,23:00,Atlanta United FC,Inter Miami CF,ATL,MIA,584201,mls-2020-ATL-MIA-20200919,Regular Season,,Mercedes-Benz Stadium,Atlanta,"Atlanta, Georgia",America/New_York,full_time,,https://site.api.espn.com/apis/site/v2/sports/soccer/usa.1/scoreboard?dates=20200919,https://site.api.espn.com/apis/site/v2/sports/soccer/usa.1/scoreboard?dates=20200919,2026-10-02T09:32:35+00:00,scoreboard.events[584201].competitions[0],bba7868d183eb37a
2020,2020-09-19,19:00,23:00,Red Bull New York,FC Cincinnati,RBNY,CIN,584202,mls-2020-RBNY-CIN-20200919,Regular Season,,Sports Illustrated Stadium,Harrison,"Harrison, New Jersey",America/New_York,full_time,,https://site.api.espn.com/apis/site/v2/sports/soccer/usa.1/scoreboard?dates=20200919,https://site.api.espn.com/apis/site/v2/sports/soccer/usa.1/scoreboard?dates=20200919,2026-10-02T09:32:35+00:00,scoreboard.events[584202].competitions[0],bba7868d183eb37a
2020,2020-09-19,19:30,23:30,Columbus Crew,Nashville SC,CLB,NSH,584203,mls-2020-CLB-NSH-20200919,Regular Season,,Historic Crew Stadium,Columbus,"Columbus, Ohio",America/New_York,full_time,,https://site.api.espn.com/apis/site/v2/sports/soccer/usa.1/scoreboard?dates=20200919,https://site.api.espn.com/apis/site/v2/sports/soccer/usa.1/scoreboard?dates=20200919,2026-10-02T09:32:35+00:00,scoreboard.events[584203].competitions[0],bba7868d183eb37a
2020,2020-09-19,19:30,23:30,D.C. United,Toronto FC,DC,TOR,584204,mls-2020-DC-TOR-20200919,Regular Season,,Audi Field,Washington,"Washington, District of Columbia",America/New_York,full_time,,https://site.api.espn.com/apis/site/v2/sports/soccer/usa.1/scoreboard?dates=20200919,https://site.api.espn.com/apis/site/v2/sports/soccer/usa.1/scoreboard?dates=20200919,2026-10-02T09:32:35+00:00,scoreboard.events[584204].competitions[0],bba7868d183eb37a
2020,2020-09-19,19:30,23:30,Orlando City SC,Chicago Fire FC,ORL,CHI,584205,mls-2020-ORL-CHI-20200919,Regular Season,,Inter&Co Stadium,Orlando,"Orlando, Florida",America/New_York,full_time,,https://site.api.espn.com/apis/site/v2/sports/soccer/usa.1/scoreboard?dates=20200919,https://site.api.espn.com/apis/site/v2/sports/soccer/usa.1/scoreboard?dates=20200919,2026-10-02T09:32:35+00:00,scoreboard.events[584205].competitions[0],bba7868d183eb37a
2020,2020-09-19,19:00,00:00,Houston Dynamo FC,Minnesota United FC,HOU,MIN,584206,mls-2020-HOU-MIN-20200919,Regular Season,,Shell Energy Stadium,Houston,"Houston, Texas",America/Chicago,full_time,,https://site.api.espn.com/apis/site/v2/sports/soccer/usa.1/scoreboard?dates=20200919,https://site.api.espn.com/apis/site/v2/sports/soccer/usa.1/scoreboard?dates=20200919,2026-10-02T09:32:35+00:00,scoreboard.events[584206].competitions[0],bba7868d183eb37a
2020,2020-09-19,19:30,01:30,Real Salt Lake,Vancouver Whitecaps,RSL,VAN,584207,mls-2020-RSL-VAN-20200919,Regular Season,,America First Field,Sandy,"Sandy, Utah",America/Denver,full_time,,https://site.api.espn.com/apis/site/v2/sports/soccer/usa.1/scoreboard?dates=20200919,https://site.api.espn.com/apis/site/v2/sports/soccer/usa.1/scoreboard?dates=20200919,2026-10-02T09:32:35+00:00,scoreboard.events[584207].competitions[0],bba7868d183eb37a
2020,2020-09-19,19:30,02:30,LA Galaxy,Colorado Rapids,LA,COL,584209,mls-2020-LA-COL-20200919,Regular Season,,Dignity Health Sports Park,Carson,"Carson, California",America/Los_Angeles,full_time,,https://site.api.espn.com/apis/site/v2/sports/soccer/usa.1/scoreboard?dates=20200919,https://site.api.espn.com/apis/site/v2/sports/soccer/usa.1/scoreboard?dates=20200919,2026-10-02T09:32:35+00:00,scoreboard.events[584209].competitions[0],bba7868d183eb37a
2020,2020-09-19,19:30,02:30,San Jose Earthquakes,Portland Timbers,SJ,POR,584208,mls-2020-SJ-POR-20200919,Regular Season,,PayPal Park,San Jose,"San Jose, California",America/Los_Angeles,full_time,,https://site.api.espn.com/apis/site/v2/sports/soccer/usa.1/scoreboard?dates=20200919,https://site.api.espn.com/apis/site/v2/sports/soccer/usa.1/scoreboard?dates=20200919,2026-10-02T09:32:35+00:00,scoreboard.events[584208].competitions[0],bba7868d183eb37a
2020,2020-09-20,19:00,23:00,CF Montréal,Philadelphia Union,MTL,PHI,584210,mls-2020-MTL-PHI-20200920,Regular Season,,Sports Illustrated Stadium,Harrison,"Harrison, New Jersey",America/New_York,full_time,,https://site.api.espn.com/apis/site/v2/sports/soccer/usa.1/scoreboard?dates=20200920,https://site.api.espn.com/apis/site/v2/sports/soccer/usa.1/scoreboard?dates=20200920,2026-10-02T09:32:35+00:00,scoreboard.events[584210].competitions[0],0e329394cfd92a9d
2020,2020-09-23,17:00,21:00,New England Revolution,CF Montréal,NE,MTL,584217,mls-2020-NE-MTL-20200923,Regular Season,,Gillette Stadium,Foxborough,"Foxborough, Massachusetts",America/New_York,full_time,,https://site.api.espn.com/apis/site/v2/sports/soccer/usa.1/scoreboard?dates=20200923,https://site.api.espn.com/apis/site/v2/sports/soccer/usa.1/scoreboard?dates=20200923,2026-10-02T09:32:35+00:00,scoreboard.events[584217].competitions[0],3bd19b8fb0192cbe
2020,2020-09-23,19:00,23:00,Atlanta United FC,FC Dallas,ATL,DAL,584211,mls-2020-ATL-DAL-20200923,Regular Season,,Mercedes-Benz Stadium,Atlanta,"Atlanta, Georgia",America/New_York,full_time,,https://site.api.espn.com/apis/site/v2/sports/soccer/usa.1/scoreboard?dates=20200923,https://site.api.espn.com/apis/site/v2/sports/soccer/usa.1/scoreboard?dates=20200923,2026-10-02T09:32:35+00:00,scoreboard.events[584211].competitions[0],3bd19b8fb0192cbe
2020,2020-09-23,19:00,23:00,New York City FC,Toronto FC,NYC,TOR,584212,mls-2020-NYC-TOR-20200923,Regular Season,,Sports Illustrated Stadium,Harrison,"Harrison, New Jersey",America/New_York,full_time,venue_override:Sports Illustrated Stadium,https://site.api.espn.com/apis/site/v2/sports/soccer/usa.1/scoreboard?dates=20200923,https://site.api.espn.com/apis/site/v2/sports/soccer/usa.1/scoreboard?dates=20200923,2026-10-02T09:32:35+00:00,scoreboard.events[584212].competitions[0],3bd19b8fb0192cbe
2020,2020-09-23,18:30,23:30,Chicago Fire FC,Houston Dynamo FC,CHI,HOU,584215,mls-2020-CHI-HOU-20200923,Regular Season,,Soldier Field,Chicago,"Chicago, Illinois",America/Chicago,full_time,venue_override:Soldier Field,https://site.api.espn.com/apis/site/v2/sports/soccer/usa.1/scoreboard?dates=20200923,https://site.api.espn.com/apis/site/v2/sports/soccer/usa.1/scoreboard?dates=20200923,2026-10-02T09:32:35+00:00,scoreboard.events[584215].competitions[0],3bd19b8fb0192cbe
2020,2020-09-23,19:30,23:30,Columbus Crew,Minnesota United FC,CLB,MIN,584216,mls-2020-CLB-MIN-20200923,Regular Season,,Historic Crew Stadium,Columbus,"Columbus, Ohio",America/New_York,full_time,,https://site.api.espn.com/apis/site/v2/sports/soccer/usa.1/scoreboard?dates=20200923,https://site.api.espn.com/apis/site/v2/sports/soccer/usa.1/scoreboard?dates=20200923,2026-10-02T09:32:35+00:00,scoreboard.events[584216].competitions[0],3bd19b8fb0192cbe
2020,2020-09-23,19:30,23:30,FC Cincinnati,Philadelphia Union,CIN,PHI,584214,mls-2020-CIN-PHI-20200923,Regular Season,,Nippert Stadium,Cincinnati,"Cincinnati, Ohio",America/New_York,full_time,,https://site.api.espn.com/apis/site/v2/sports/soccer/usa.1/scoreboard?dates=20200923,https://site.api.espn.com/apis/site/v2/sports/soccer/usa.1/scoreboard?dates=20200923,2026-10-02T09:32:35+00:00,scoreboard.events[584214].competitions[0],3bd19b8fb0192cbe
2020,2020-09-23,18:30,23:30,Sporting Kansas City,Orlando City SC,SKC,ORL,584213,mls-2020-SKC-ORL-20200923,Regular Season,,Children's Mercy Park,Kansas City,"Kansas City, Kansas",America/Chicago,full_time,,https://site.api.espn.com/apis/site/v2/sports/soccer/usa.1/scoreboard?dates=20200923,https://site.api.espn.com/apis/site/v2/sports/soccer/usa.1/scoreboard?dates=20200923,2026-10-02T09:32:35+00:00,scoreboard.events[584213].competitions[0],3bd19b8fb0192cbe
2020,2020-09-23,20:00,00:00,Inter Miami CF,Red Bull New York,MIA,RBNY,584218,mls-2020-MIA-RBNY-20200923,Regular Season,,Chase Stadium,Fort Lauderdale,"Fort Lauderdale, Florida",America/New_York,full_time,,https://site.api.espn.com/apis/site/v2/sports/soccer/usa.1/scoreboard?dates=20200923,https://site.api.espn.com/apis/site/v2/sports/soccer/usa.1/scoreboard?dates=20200923,2026-10-02T09:32:35+00:00,scoreboard.events[584218].competitions[0],3bd19b8fb0192cbe
2020,2020-09-23,19:30,00:30,Nashville SC,D.C. United,NSH,DC,584219,mls-2020-NSH-DC-20200923,Regular Season,,"Nissan Stadium, Nashville",Nashville,"Nashville, Tennessee",America/Chicago,full_time,,https://site.api.espn.com/apis/site/v2/sports/soccer/usa.1/scoreboard?dates=20200923,https://site.api.espn.com/apis/site/v2/sports/soccer/usa.1/scoreboard?dates=20200923,2026-10-02T09:32:35+00:00,scoreboard.events[584219].competitions[0],3bd19b8fb0192cbe
2020,2020-09-23,19:00,01:00,Colorado Rapids,San Jose Earthquakes,COL,SJ,584220,mls-2020-COL-SJ-20200923,Regular Season,,Dick's Sporting Goods Park,Commerce City,"Commerce City, Colorado",America/Denver,full_time,,https://site.api.espn.com/apis/site/v2/sports/soccer/usa.1/scoreboard?dates=20200923,https://site.api.espn.com/apis/site/v2/sports/soccer/usa.1/scoreboard?dates=20200923,2026-10-02T09:32:35+00:00,scoreboard.events[584220].competitions[0],3bd19b8fb0192cbe
2020,2020-09-23,19:30,01:30,Real Salt Lake,LA Galaxy,RSL,LA,584221,mls-2020-RSL-LA-20200923,Regular Season,,America First Field,Sandy,"Sandy, Utah",America/Denver,full_time,,https://site.api.espn.com/apis/site/v2/sports/soccer/usa.1/scoreboard?dates=20200923,https://site.api.espn.com/apis/site/v2/sports/soccer/usa.1/scoreboard?dates=20200923,2026-10-02T09:32:35+00:00,scoreboard.events[584221].competitions[0],3bd19b8fb0192cbe
2020,2020-09-23,19:00,02:00,Portland Timbers,Seattle Sounders FC,POR,SEA,584222,mls-2020-POR-SEA-20200923,Regular Season,,Providence Park,Portland,"Portland, Oregon",America/Los_Angeles,full_time,,https://site.api.espn.com/apis/site/v2/sports/soccer/usa.1/scoreboard?dates=20200923,https://site.api.espn.com/apis/site/v2/sports/soccer/usa.1/scoreboard?dates=20200923,2026-10-02T09:32:35+00:00,scoreboard.events[584222].competitions[0],3bd19b8fb0192cbe
2020,2020-09-23,19:30,02:30,LAFC,Vancouver Whitecaps,LAFC,VAN,584223,mls-2020-LAFC-VAN-20200923,Regular Season,,BMO Stadium,Los Angeles,"Los Angeles, California",America/Los_Angeles,full_time,,https://site.api.espn.com/apis/site/v2/sports/soccer/usa.1/scoreboard?dates=20200923,https://site.api.espn.com/apis/site/v2/sports/soccer/usa.1/scoreboard?dates=20200923,2026-10-02T09:32:35+00:00,scoreboard.events[584223].competitions[0],3bd19b8fb0192cbe
2020,2020-09-26,14:30,19:30,Nashville SC,Houston Dynamo FC,NSH,HOU,584224,mls-2020-NSH-HOU-20200926,Regular Season,,"Nissan Stadium, Nashville",Nashville,"Nashville, Tennessee",America/Chicago,full_time,,https://site.api.espn.com/apis/site/v2/sports/soccer/usa.1/scoreboard?dates=20200926,https://site.api.espn.com/apis/site/v2/sports/soccer/usa.1/scoreboard?dates=20200926,2026-10-02T09:32:36+00:00,scoreboard.events[584224].competitions[0],cc0cbf773175da76
2020,2020-09-26,19:00,23:00,New York City FC,FC Cincinnati,NYC,CIN,584225,mls-2020-NYC-CIN-20200926,Regular Season,,Sports Illustrated Stadium,Harrison,"Harrison, New Jersey",America/New_York,full_time,venue_override:Sports Illustrated Stadium,https://site.api.espn.com/apis/site/v2/sports/soccer/usa.1/scoreboard?dates=20200926,https://site.api.espn.com/apis/site/v2/sports/soccer/usa.1/scoreboard?dates=20200926,2026-10-02T09:32:36+00:00,scoreboard.events[584225].competitions[0],cc0cbf773175da76
2020,2020-09-27,19:00,23:00,D.C. United,New England Revolution,DC,NE,584226,mls-2020-DC-NE-20200927,Regular Season,,Audi Field,Washington,"Washington, District of Columbia",America/New_York,full_time,,https://site.api.espn.com/apis/site/v2/sports/soccer/usa.1/scoreboard?dates=20200927,https://site.api.espn.com/apis/site/v2/sports/soccer/usa.1/scoreboard?dates=20200927,2026-10-02T09:32:36+00:00,scoreboard.events[584226].competitions[0],1d146af3cf7ada47
2020,2020-09-27,19:00,23:00,Red Bull New York,CF Montréal,RBNY,MTL,584227,mls-2020-RBNY-MTL-20200927,Regular Season,,Sports Illustrated Stadium,Harrison,"Harrison, New Jersey",America/New_York,full_time,,https://site.api.espn.com/apis/site/v2/sports/soccer/usa.1/scoreboard?dates=20200927,https://site.api.espn.com/apis/site/v2/sports/soccer/usa.1/scoreboard?dates=20200927,2026-10-02T09:32:36+00:00,scoreboard.events[584227].competitions[0],1d146af3cf7ada47
2020,2020-09-27,18:30,23:30,Chicago Fire FC,Atlanta United FC,CHI,ATL,584228,mls-2020-CHI-ATL-20200927,Regular Season,,Soldier Field,Chicago,"Chicago, Illinois",America/Chicago,full_time,venue_override:Soldier Field,https://site.api.espn.com/apis/site/v2/sports/soccer/usa.1/scoreboard?dates=20200927,https://site.api.espn.com/apis/site/v2/sports/soccer/usa.1/scoreboard?dates=20200927,2026-10-02T09:32:36+00:00,scoreboard.events[584228].competitions[0],1d146af3cf7ada47
2020,2020-09-27,19:30,23:30,Philadelphia Union,Inter Miami CF,PHI,MIA,584230,mls-2020-PHI-MIA-20200927,Regular Season,,Subaru Park,Chester,"Chester, Pennsylvania",America/New_York,full_time,,https://site.api.espn.com/apis/site/v2/sports/soccer/usa.1/scoreboard?dates=20200927,https://site.api.espn.com/apis/site/v2/sports/soccer/usa.1/scoreboard?dates=20200927,2026-10-02T09:32:36+00:00,scoreboard.events[584230].competitions[0],1d146af3cf7ada47
2020,2020-09-27,19:30,23:30,Toronto FC,Columbus Crew,TOR,CLB,584229,mls-2020-TOR-CLB-20200927,Regular Season,,Pratt & Whitney Stadium at Rentschler Field,East Hartford,"East Hartford, Connecticut",America/New_York,full_time,venue_override:Pratt & Whitney Stadium at Rentschler Field,https://site.api.espn.com/apis/site/v2/sports/soccer/usa.1/scoreboard?dates=20200927,https://site.api.espn.com/apis/site/v2/sports/soccer/usa.1/scoreboard?dates=20200927,2026-10-02T09:32:36+00:00,scoreboard.events[584229].competitions[0],1d146af3cf7ada47
2020,2020-09-27,19:00,00:00,Minnesota United FC,Real Salt Lake,MIN,RSL,584231,mls-2020-MIN-RSL-20200927,Regular Season,,Allianz Field,Saint Paul,"Saint Paul, Minnesota",America/Chicago,full_time,,https://site.api.espn.com/apis/site/v2/sports/soccer/usa.1/scoreboard?dates=20200927,https://site.api.espn.com/apis/site/v2/sports/soccer/usa.1/scoreboard?dates=20200927,2026-10-02T09:32:36+00:00,scoreboard.events[584231].competitions[0],1d146af3cf7ada47
2020,2020-09-27,19:30,00:30,FC Dallas,Orlando City SC,DAL,ORL,584232,mls-2020-DAL-ORL-20200927,Regular Season,,Toyota Stadium,Frisco,Toyota Stadium,America/Chicago,full_time,,https://site.api.espn.com/apis/site/v2/sports/soccer/usa.1/scoreboard?dates=20200927,https://site.api.espn.com/apis/site/v2/sports/soccer/usa.1/scoreboard?dates=20200927,2026-10-02T09:32:36+00:00,scoreboard.events[584232].competitions[0],1d146af3cf7ada47
2020,2020-09-27,19:00,02:00,Vancouver Whitecaps,Portland Timbers,VAN,POR,584234,mls-2020-VAN-POR-20200927,Regular Season,,Providence Park,Portland,"Portland, Oregon",America/Los_Angeles,full_time,venue_override:Providence Park,https://site.api.espn.com/apis/site/v2/sports/soccer/usa.1/scoreboard?dates=20200927,https://site.api.espn.com/apis/site/v2/sports/soccer/usa.1/scoreboard?dates=20200927,2026-10-02T09:32:36+00:00,scoreboard.events[584234].competitions[0],1d146af3cf7ada47
2020,2020-09-27,19:30,02:30,LA Galaxy,Seattle Sounders FC,LA,SEA,584235,mls-2020-LA-SEA-20200927,Regular Season,,Dignity Health Sports Park,Carson,"Carson, California",America/Los_Angeles,full_time,,https://site.api.espn.com/apis/site/v2/sports/soccer/usa.1/scoreboard?dates=20200927,https://site.api.espn.com/apis/site/v2/sports/soccer/usa.1/scoreboard?dates=20200927,2026-10-02T09:32:36+00:00,scoreboard.events[584235].competitions[0],1d146af3cf7ada47
2020,2020-09-27,19:30,02:30,LAFC,San Jose Earthquakes,LAFC,SJ,584236,mls-2020-LAFC-SJ-20200927,Regular Season,,BMO Stadium,Los Angeles,"Los Angeles, California",America/Los_Angeles,full_time,,https://site.api.espn.com/apis/site/v2/sports/soccer/usa.1/scoreboard?dates=20200927,https://site.api.espn.com/apis/site/v2/sports/soccer/usa.1/scoreboard?dates=20200927,2026-10-02T09:32:36+00:00,scoreboard.events[584236].competitions[0],1d146af3cf7ada47
2020,2020-10-03,16:30,20:30,Orlando City SC,Red Bull New York,ORL,RBNY,585496,mls-2020-ORL-RBNY-20201003,Regular Season,,Inter&Co Stadium,Orlando,"Orlando, Florida",America/New_York,full_time,,https://site.api.espn.com/apis/site/v2/sports/soccer/usa.1/scoreboard?dates=20201003,https://site.api.espn.com/apis/site/v2/sports/soccer/usa.1/scoreboard?dates=20201003,2026-10-02T09:32:37+00:00,scoreboard.events[585496].competitions[0],d468b821a2f6f35b
2020,2020-10-03,19:00,23:00,D.C. United,Atlanta United FC,DC,ATL,585497,mls-2020-DC-ATL-20201003,Regular Season,,Audi Field,Washington,"Washington, District of Columbia",America/New_York,full_time,,https://site.api.espn.com/apis/site/v2/sports/soccer/usa.1/scoreboard?dates=20201003,https://site.api.espn.com/apis/site/v2/sports/soccer/usa.1/scoreboard?dates=20201003,2026-10-02T09:32:37+00:00,scoreboard.events[585497].competitions[0],d468b821a2f6f35b
2020,2020-10-03,19:30,23:30,CF Montréal,Chicago Fire FC,MTL,CHI,585499,mls-2020-MTL-CHI-20201003,Regular Season,,Sports Illustrated Stadium,Harrison,"Harrison, New Jersey",America/New_York,full_time,,https://site.api.espn.com/apis/site/v2/sports/soccer/usa.1/scoreboard?dates=20201003,https://site.api.espn.com/apis/site/v2/sports/soccer/usa.1/scoreboard?dates=20201003,2026-10-02T09:32:37+00:00,scoreboard.events[585499].competitions[0],d468b821a2f6f35b
2020,2020-10-03,19:30,23:30,New England Revolution,Nashville SC,NE,NSH,585498,mls-2020-NE-NSH-20201003,Regular Season,,Gillette Stadium,Foxborough,"Foxborough, Massachusetts",America/New_York,full_time,,https://site.api.espn.com/apis/site/v2/sports/soccer/usa.1/scoreboard?dates=20201003,https://site.api.espn.com/apis/site/v2/sports/soccer/usa.1/scoreboard?dates=20201003,2026-10-02T09:32:37+00:00,scoreboard.events[585498].competitions[0],d468b821a2f6f35b
2020,2020-10-03,19:30,23:30,Toronto FC,Philadelphia Union,TOR,PHI,585500,mls-2020-TOR-PHI-20201003,Regular Season,,Pratt & Whitney Stadium at Rentschler Field,East Hartford,"East Hartford, Connecticut",America/New_York,full_time,venue_override:Pratt & Whitney Stadium at Rentschler Field,https://site.api.espn.com/apis/site/v2/sports/soccer/usa.1/scoreboard?dates=20201003,https://site.api.espn.com/apis/site/v2/sports/soccer/usa.1/scoreboard?dates=20201003,2026-10-02T09:32:37+00:00,scoreboard.events[585500].competitions[0],d468b821a2f6f35b
2020,2020-10-03,19:00,00:00,Houston Dynamo FC,Sporting Kansas City,HOU,SKC,585502,mls-2020-HOU-SKC-20201003,Regular Season,,Shell Energy Stadium,Houston,"Houston, Texas",America/Chicago,full_time,,https://site.api.espn.com/apis/site/v2/sports/soccer/usa.1/scoreboard?dates=20201003,https://site.api.espn.com/apis/site/v2/sports/soccer/usa.1/scoreboard?dates=20201003,2026-10-02T09:32:37+00:00,scoreboard.events[585502].competitions[0],d468b821a2f6f35b
2020,2020-10-03,20:00,00:00,Inter Miami CF,New York City FC,MIA,NYC,585503,mls-2020-MIA-NYC-20201003,Regular Season,,Chase Stadium,Fort Lauderdale,"Fort Lauderdale, Florida",America/New_York,full_time,,https://site.api.espn.com/apis/site/v2/sports/soccer/usa.1/scoreboard?dates=20201003,https://site.api.espn.com/apis/site/v2/sports/soccer/usa.1/scoreboard?dates=20201003,2026-10-02T09:32:37+00:00,scoreboard.events[585503].competitions[0],d468b821a2f6f35b
2020,2020-10-03,19:00,00:00,Minnesota United FC,FC Cincinnati,MIN,CIN,585501,mls-2020-MIN-CIN-20201003,Regular Season,,Allianz Field,Saint Paul,"Saint Paul, Minnesota",America/Chicago,full_time,,https://site.api.espn.com/apis/site/v2/sports/soccer/usa.1/scoreboard?dates=20201003,https://site.api.espn.com/apis/site/v2/sports/soccer/usa.1/scoreboard?dates=20201003,2026-10-02T09:32:37+00:00,scoreboard.events[585501].competitions[0],d468b821a2f6f35b
2020,2020-10-03,19:30,00:30,FC Dallas,Columbus Crew,DAL,CLB,585504,mls-2020-DAL-CLB-20201003,Regular Season,,Toyota Stadium,Frisco,Toyota Stadium,America/Chicago,full_time,,https://site.api.espn.com/apis/site/v2/sports/soccer/usa.1/scoreboard?dates=20201003,https://site.api.espn.com/apis/site/v2/sports/soccer/usa.1/scoreboard?dates=20201003,2026-10-02T09:32:37+00:00,scoreboard.events[585504].competitions[0],d468b821a2f6f35b
2020,2020-10-03,19:00,02:00,Seattle Sounders FC,Vancouver Whitecaps,SEA,VAN,585506,mls-2020-SEA-VAN-20201003,Regular Season,,Lumen Field,Seattle,"Seattle, Washington",America/Los_Angeles,full_time,,https://site.api.espn.com/apis/site/v2/sports/soccer/usa.1/scoreboard?dates=20201003,https://site.api.espn.com/apis/site/v2/sports/soccer/usa.1/scoreboard?dates=20201003,2026-10-02T09:32:37+00:00,scoreboard.events[585506].competitions[0],d468b821a2f6f35b
2020,2020-10-03,19:30,02:30,San Jose Earthquakes,LA Galaxy,SJ,LA,585507,mls-2020-SJ-LA-20201003,Regular Season,,PayPal Park,San Jose,"San Jose, California",America/Los_Angeles,full_time,,https://site.api.espn.com/apis/site/v2/sports/soccer/usa.1/scoreboard?dates=20201003,https://site.api.espn.com/apis/site/v2/sports/soccer/usa.1/scoreboard?dates=20201003,2026-10-02T09:32:37+00:00,scoreboard.events[585507].competitions[0],d468b821a2f6f35b
2020,2020-10-04,19:30,01:30,Real Salt Lake,LAFC,RSL,LAFC,585508,mls-2020-RSL-LAFC-20201004,Regular Season,,America First Field,Sandy,"Sandy, Utah",America/Denver,full_time,,https://site.api.espn.com/apis/site/v2/sports/soccer/usa.1/scoreboard?dates=20201004,https://site.api.espn.com/apis/site/v2/sports/soccer/usa.1/scoreboard?dates=20201004,2026-10-02T09:32:37+00:00,scoreboard.events[585508].competitions[0],947839fe9b3ac92b
2020,2020-10-06,19:30,00:30,Nashville SC,Minnesota United FC,NSH,MIN,585510,mls-2020-NSH-MIN-20201006,Regular Season,,"Nissan Stadium, Nashville",Nashville,"Nashville, Tennessee",America/Chicago,full_time,,https://site.api.espn.com/apis/site/v2/sports/soccer/usa.1/scoreboard?dates=20201006,https://site.api.espn.com/apis/site/v2/sports/soccer/usa.1/scoreboard?dates=20201006,2026-10-02T09:32:37+00:00,scoreboard.events[585510].competitions[0],4169ed90edf8776e
2020,2020-10-07,19:00,23:00,Atlanta United FC,Orlando City SC,ATL,ORL,585512,mls-2020-ATL-ORL-20201007,Regular Season,,Mercedes-Benz Stadium,Atlanta,"Atlanta, Georgia",America/New_York,full_time,,https://site.api.espn.com/apis/site/v2/sports/soccer/usa.1/scoreboard?dates=20201007,https://site.api.espn.com/apis/site/v2/sports/soccer/usa.1/scoreboard?dates=20201007,2026-10-02T09:32:37+00:00,scoreboard.events[585512].competitions[0],dda77691e9bd38a0
2020,2020-10-07,19:00,23:00,Red Bull New York,Inter Miami CF,RBNY,MIA,585511,mls-2020-RBNY-MIA-20201007,Regular Season,,Sports Illustrated Stadium,Harrison,"Harrison, New Jersey",America/New_York,full_time,,https://site.api.espn.com/apis/site/v2/sports/soccer/usa.1/scoreboard?dates=20201007,https://site.api.espn.com/apis/site/v2/sports/soccer/usa.1/scoreboard?dates=20201007,2026-10-02T09:32:37+00:00,scoreboard.events[585511].competitions[0],dda77691e9bd38a0
2020,2020-10-07,19:30,23:30,Columbus Crew,CF Montréal,CLB,MTL,585513,mls-2020-CLB-MTL-20201007,Regular Season,,Historic Crew Stadium,Columbus,"Columbus, Ohio",America/New_York,full_time,,https://site.api.espn.com/apis/site/v2/sports/soccer/usa.1/scoreboard?dates=20201007,https://site.api.espn.com/apis/site/v2/sports/soccer/usa.1/scoreboard?dates=20201007,2026-10-02T09:32:37+00:00,scoreboard.events[585513].competitions[0],dda77691e9bd38a0
2020,2020-10-07,19:30,23:30,New England Revolution,Toronto FC,NE,TOR,585514,mls-2020-NE-TOR-20201007,Regular Season,,Gillette Stadium,Foxborough,"Foxborough, Massachusetts",America/New_York,full_time,,https://site.api.espn.com/apis/site/v2/sports/soccer/usa.1/scoreboard?dates=20201007,https://site.api.espn.com/apis/site/v2/sports/soccer/usa.1/scoreboard?dates=20201007,2026-10-02T09:32:37+00:00,scoreboard.events[585514].competitions[0],dda77691e9bd38a0
2020,2020-10-07,19:30,23:30,Philadelphia Union,FC Cincinnati,PHI,CIN,585515,mls-2020-PHI-CIN-20201007,Regular Season,,Subaru Park,Chester,"Chester, Pennsylvania",America/New_York,full_time,,https://site.api.espn.com/apis/site/v2/sports/soccer/usa.1/scoreboard?dates=20201007,https://site.api.espn.com/apis/site/v2/sports/soccer/usa.1/scoreboard?dates=20201007,2026-10-02T09:32:37+00:00,scoreboard.events[585515].competitions[0],dda77691e9bd38a0
2020,2020-10-07,19:00,00:00,Houston Dynamo FC,FC Dallas,HOU,DAL,585516,mls-2020-HOU-DAL-20201007,Regular Season,,Shell Energy Stadium,Houston,"Houston, Texas",America/Chicago,full_time,,https://site.api.espn.com/apis/site/v2/sports/soccer/usa.1/scoreboard?dates=20201007,https://site.api.espn.com/apis/site/v2/sports/soccer/usa.1/scoreboard?dates=20201007,2026-10-02T09:32:37+00:00,scoreboard.events[585516].competitions[0],dda77691e9bd38a0
2020,2020-10-07,20:15,00:15,New York City FC,D.C. United,NYC,DC,585509,mls-2020-NYC-DC-20201007,Regular Season,,Yankee Stadium,New York,New York City,America/New_York,full_time,,https://site.api.espn.com/apis/site/v2/sports/soccer/usa.1/scoreboard?dates=20201007,https://site.api.espn.com/apis/site/v2/sports/soccer/usa.1/scoreboard?dates=20201007,2026-10-02T09:32:37+00:00,scoreboard.events[585509].competitions[0],dda77691e9bd38a0
2020,2020-10-07,19:30,00:30,Sporting Kansas City,Chicago Fire FC,SKC,CHI,585533,mls-2020-SKC-CHI-20201007,Regular Season,,Children's Mercy Park,Kansas City,"Kansas City, Kansas",America/Chicago,full_time,,https://site.api.espn.com/apis/site/v2/sports/soccer/usa.1/scoreboard?dates=20201007,https://site.api.espn.com/apis/site/v2/sports/soccer/usa.1/scoreboard?dates=20201007,2026-10-02T09:32:37+00:00,scoreboard.events[585533].competitions[0],dda77691e9bd38a0
2020,2020-10-07,19:00,01:00,Colorado Rapids,LAFC,COL,LAFC,585534,mls-2020-COL-LAFC-20201007,Regular Season,,Dick's Sporting Goods Park,Commerce City,"Commerce City, Colorado",America/Denver,canceled,,https://site.api.espn.com/apis/site/v2/sports/soccer/usa.1/scoreboard?dates=20201007,https://site.api.espn.com/apis/site/v2/sports/soccer/usa.1/scoreboard?dates=20201007,2026-10-02T09:32:37+00:00,scoreboard.events[585534].competitions[0],dda77691e9bd38a0
2020,2020-10-07,19:00,02:00,Seattle Sounders FC,Real Salt Lake,SEA,RSL,585535,mls-2020-SEA-RSL-20201007,Regular Season,,Lumen Field,Seattle,"Seattle, Washington",America/Los_Angeles,full_time,,https://site.api.espn.com/apis/site/v2/sports/soccer/usa.1/scoreboard?dates=20201007,https://site.api.espn.com/apis/site/v2/sports/soccer/usa.1/scoreboard?dates=20201007,2026-10-02T09:32:37+00:00,scoreboard.events[585535].competitions[0],dda77691e9bd38a0
2020,2020-10-07,19:30,02:30,LA Galaxy,Portland Timbers,LA,POR,585536,mls-2020-LA-POR-20201007,Regular Season,,Dignity Health Sports Park,Carson,"Carson, California",America/Los_Angeles,full_time,,https://site.api.espn.com/apis/site/v2/sports/soccer/usa.1/scoreboard?dates=20201007,https://site.api.espn.com/apis/site/v2/sports/soccer/usa.1/scoreboard?dates=20201007,2026-10-02T09:32:37+00:00,scoreboard.events[585536].competitions[0],dda77691e9bd38a0
2020,2020-10-07,19:30,02:30,San Jose Earthquakes,Vancouver Whitecaps,SJ,VAN,585537,mls-2020-SJ-VAN-20201007,Regular Season,,PayPal Park,San Jose,"San Jose, California",America/Los_Angeles,full_time,,https://site.api.espn.com/apis/site/v2/sports/soccer/usa.1/scoreboard?dates=20201007,https://site.api.espn.com/apis/site/v2/sports/soccer/usa.1/scoreboard?dates=20201007,2026-10-02T09:32:37+00:00,scoreboard.events[585537].competitions[0],dda77691e9bd38a0
2020,2020-10-10,17:00,21:00,Inter Miami CF,Houston Dynamo FC,MIA,HOU,585539,mls-2020-MIA-HOU-20201010,Regular Season,,Chase Stadium,Fort Lauderdale,"Fort Lauderdale, Florida",America/New_York,full_time,,https://site.api.espn.com/apis/site/v2/sports/soccer/usa.1/scoreboard?dates=20201010,https://site.api.espn.com/apis/site/v2/sports/soccer/usa.1/scoreboard?dates=20201010,2026-10-02T09:32:38+00:00,scoreboard.events[585539].competitions[0],fe8085f6f0d3135b
2020,2020-10-10,18:00,22:00,Atlanta United FC,Red Bull New York,ATL,RBNY,585540,mls-2020-ATL-RBNY-20201010,Regular Season,,Mercedes-Benz Stadium,Atlanta,"Atlanta, Georgia",America/New_York,full_time,,https://site.api.espn.com/apis/site/v2/sports/soccer/usa.1/scoreboard?dates=20201010,https://site.api.espn.com/apis/site/v2/sports/soccer/usa.1/scoreboard?dates=20201010,2026-10-02T09:32:38+00:00,scoreboard.events[585540].competitions[0],fe8085f6f0d3135b
2020,2020-10-10,17:00,23:00,Colorado Rapids,LA Galaxy,COL,LA,585541,mls-2020-COL-LA-20201010,Regular Season,,Dick's Sporting Goods Park,Commerce City,"Commerce City, Colorado",America/Denver,canceled,,https://site.api.espn.com/apis/site/v2/sports/soccer/usa.1/scoreboard?dates=20201010,https://site.api.espn.com/apis/site/v2/sports/soccer/usa.1/scoreboard?dates=20201010,2026-10-02T09:32:38+00:00,scoreboard.events[585541].competitions[0],fe8085f6f0d3135b
2020,2020-10-10,19:00,02:00,Vancouver Whitecaps,Real Salt Lake,VAN,RSL,585542,mls-2020-VAN-RSL-20201010,Regular Season,,Providence Park,Portland,"Portland, Oregon",America/Los_Angeles,full_time,venue_override:Providence Park,https://site.api.espn.com/apis/site/v2/sports/soccer/usa.1/scoreboard?dates=20201010,https://site.api.espn.com/apis/site/v2/sports/soccer/usa.1/scoreboard?dates=20201010,2026-10-02T09:32:38+00:00,scoreboard.events[585542].competitions[0],fe8085f6f0d3135b
2020,2020-10-11,16:30,20:30,New York City FC,New England Revolution,NYC,NE,585544,mls-2020-NYC-NE-20201011,Regular Season,,Yankee Stadium,New York,New York City,America/New_York,full_time,,https://site.api.espn.com/apis/site/v2/sports/soccer/usa.1/scoreboard?dates=20201011,https://site.api.espn.com/apis/site/v2/sports/soccer/usa.1/scoreboard?dates=20201011,2026-10-02T09:32:38+00:00,scoreboard.events[585544].competitions[0],7541737bcf36c8b5
2020,2020-10-11,16:00,23:00,LAFC,Seattle Sounders FC,LAFC,SEA,585543,mls-2020-LAFC-SEA-20201011,Regular Season,,BMO Stadium,Los Angeles,"Los Angeles, California",America/Los_Angeles,full_time,,https://site.api.espn.com/apis/site/v2/sports/soccer/usa.1/scoreboard?dates=20201011,https://site.api.espn.com/apis/site/v2/sports/soccer/usa.1/scoreboard?dates=20201011,2026-10-02T09:32:38+00:00,scoreboard.events[585543].competitions[0],7541737bcf36c8b5
2020,2020-10-11,18:30,23:30,Chicago Fire FC,D.C. United,CHI,DC,585549,mls-2020-CHI-DC-20201011,Regular Season,,Soldier Field,Chicago,"Chicago, Illinois",America/Chicago,full_time,venue_override:Soldier Field,https://site.api.espn.com/apis/site/v2/sports/soccer/usa.1/scoreboard?dates=20201011,https://site.api.espn.com/apis/site/v2/sports/soccer/usa.1/scoreboard?dates=20201011,2026-10-02T09:32:38+00:00,scoreboard.events[585549].competitions[0],7541737bcf36c8b5
2020,2020-10-11,19:30,23:30,FC Cincinnati,Toronto FC,CIN,TOR,585545,mls-2020-CIN-TOR-20201011,Regular Season,,Nippert Stadium,Cincinnati,"Cincinnati, Ohio",America/New_York,full_time,,https://site.api.espn.com/apis/site/v2/sports/soccer/usa.1/scoreboard?dates=20201011,https://site.api.espn.com/apis/site/v2/sports/soccer/usa.1/scoreboard?dates=20201011,2026-10-02T09:32:38+00:00,scoreboard.events[585545].competitions[0],7541737bcf36c8b5
2020,2020-10-11,19:30,23:30,Philadelphia Union,CF Montréal,PHI,MTL,585548,mls-2020-PHI-MTL-20201011,Regular Season,,Subaru Park,Chester,"Chester, Pennsylvania",America/New_York,full_time,,https://site.api.espn.com/apis/site/v2/sports/soccer/usa.1/scoreboard?dates=20201011,https://site.api.espn.com/apis/site/v2/sports/soccer/usa.1/scoreboard?dates=20201011,2026-10-02T09:32:38+00:00,scoreboard.events[585548].competitions[0],7541737bcf36c8b5
2020,2020-10-11,18:30,23:30,Sporting Kansas City,Nashville SC,SKC,NSH,585547,mls-2020-SKC-NSH-20201011,Regular Season,,Children's Mercy Park,Kansas City,"Kansas City, Kansas",America/Chicago,full_time,,https://site.api.espn.com/apis/site/v2/sports/soccer/usa.1/scoreboard?dates=20201011,https://site.api.espn.com/apis/site/v2/sports/soccer/usa.1/scoreboard?dates=20201011,2026-10-02T09:32:38+00:00,scoreboard.events[585547].competitions[0],7541737bcf36c8b5
2020,2020-10-11,19:30,00:30,FC Dallas,Minnesota United FC,DAL,MIN,585550,mls-2020-DAL-MIN-20201011,Regular Season,,Toyota Stadium,Frisco,Toyota Stadium,America/Chicago,canceled,,https://site.api.espn.com/apis/site/v2/sports/soccer/usa.1/scoreboard?dates=20201011,https://site.api.espn.com/apis/site/v2/sports/soccer/usa.1/scoreboard?dates=20201011,2026-10-02T09:32:38+00:00,scoreboard.events[585550].competitions[0],7541737bcf36c8b5
2020,2020-10-11,19:00,02:00,Portland Timbers,San Jose Earthquakes,POR,SJ,585551,mls-2020-POR-SJ-20201011,Regular Season,,Providence Park,Portland,"Portland, Oregon",America/Los_Angeles,full_time,,https://site.api.espn.com/apis/site/v2/sports/soccer/usa.1/scoreboard?dates=20201011,https://site.api.espn.com/apis/site/v2/sports/soccer/usa.1/scoreboard?dates=20201011,2026-10-02T09:32:38+00:00,scoreboard.events[585551].competitions[0],7541737bcf36c8b5
2020,2020-10-14,19:30,23:30,CF Montréal,New England Revolution,MTL,NE,585554,mls-2020-MTL-NE-20201014,Regular Season,,Sports Illustrated Stadium,Harrison,"Harrison, New Jersey",America/New_York,full_time,,https://site.api.espn.com/apis/site/v2/sports/soccer/usa.1/scoreboard?dates=20201014,https://site.api.espn.com/apis/site/v2/sports/soccer/usa.1/scoreboard?dates=20201014,2026-10-02T09:32:39+00:00,scoreboard.events[585554].competitions[0],8f3252f4789bea73
2020,2020-10-14,19:30,23:30,FC Cincinnati,Columbus Crew,CIN,CLB,585553,mls-2020-CIN-CLB-20201014,Regular Season,,Nippert Stadium,Cincinnati,"Cincinnati, Ohio",America/New_York,full_time,,https://site.api.espn.com/apis/site/v2/sports/soccer/usa.1/scoreboard?dates=20201014,https://site.api.espn.com/apis/site/v2/sports/soccer/usa.1/scoreboard?dates=20201014,2026-10-02T09:32:39+00:00,scoreboard.events[585553].competitions[0],8f3252f4789bea73
2020,2020-10-14,19:30,23:30,Orlando City SC,New York City FC,ORL,NYC,585555,mls-2020-ORL-NYC-20201014,Regular Season,,Inter&Co Stadium,Orlando,"Orlando, Florida",America/New_York,full_time,,https://site.api.espn.com/apis/site/v2/sports/soccer/usa.1/scoreboard?dates=20201014,https://site.api.espn.com/apis/site/v2/sports/soccer/usa.1/scoreboard?dates=20201014,2026-10-02T09:32:39+00:00,scoreboard.events[585555].competitions[0],8f3252f4789bea73
2020,2020-10-14,19:30,23:30,Toronto FC,Red Bull New York,TOR,RBNY,585552,mls-2020-TOR-RBNY-20201014,Regular Season,,Pratt & Whitney Stadium at Rentschler Field,East Hartford,"East Hartford, Connecticut",America/New_York,full_time,venue_override:Pratt & Whitney Stadium at Rentschler Field,https://site.api.espn.com/apis/site/v2/sports/soccer/usa.1/scoreboard?dates=20201014,https://site.api.espn.com/apis/site/v2/sports/soccer/usa.1/scoreboard?dates=20201014,2026-10-02T09:32:39+00:00,scoreboard.events[585552].competitions[0],8f3252f4789bea73
2020,2020-10-14,20:00,00:00,D.C. United,Philadelphia Union,DC,PHI,585558,mls-2020-DC-PHI-20201014,Regular Season,,Audi Field,Washington,"Washington, District of Columbia",America/New_York,full_time,,https://site.api.espn.com/apis/site/v2/sports/soccer/usa.1/scoreboard?dates=20201014,https://site.api.espn.com/apis/site/v2/sports/soccer/usa.1/scoreboard?dates=20201014,2026-10-02T09:32:39+00:00,scoreboard.events[585558].competitions[0],8f3252f4789bea73
2020,2020-10-14,19:00,00:00,Houston Dynamo FC,Nashville SC,HOU,NSH,585557,mls-2020-HOU-NSH-20201014,Regular Season,,Shell Energy Stadium,Houston,"Houston, Texas",America/Chicago,full_time,,https://site.api.espn.com/apis/site/v2/sports/soccer/usa.1/scoreboard?dates=20201014,https://site.api.espn.com/apis/site/v2/sports/soccer/usa.1/scoreboard?dates=20201014,2026-10-02T09:32:39+00:00,scoreboard.events[585557].competitions[0],8f3252f4789bea73
2020,2020-10-14,20:00,00:00,Inter Miami CF,Atlanta United FC,MIA,ATL,585559,mls-2020-MIA-ATL-20201014,Regular Season,,Chase Stadium,Fort Lauderdale,"Fort Lauderdale, Florida",America/New_York,full_time,,https://site.api.espn.com/apis/site/v2/sports/soccer/usa.1/scoreboard?dates=20201014,https://site.api.espn.com/apis/site/v2/sports/soccer/usa.1/scoreboard?dates=20201014,2026-10-02T09:32:39+00:00,scoreboard.events[585559].competitions[0],8f3252f4789bea73
2020,2020-10-14,19:30,00:30,FC Dallas,Sporting Kansas City,DAL,SKC,585560,mls-2020-DAL-SKC-20201014,Regular Season,,Toyota Stadium,Frisco,Toyota Stadium,America/Chicago,full_time,,https://site.api.espn.com/apis/site/v2/sports/soccer/usa.1/scoreboard?dates=20201014,https://site.api.espn.com/apis/site/v2/sports/soccer/usa.1/scoreboard?dates=20201014,2026-10-02T09:32:39+00:00,scoreboard.events[585560].competitions[0],8f3252f4789bea73
2020,2020-10-14,19:30,01:30,Real Salt Lake,Portland Timbers,RSL,POR,585561,mls-2020-RSL-POR-20201014,Regular Season,,America First Field,Sandy,"Sandy, Utah",America/Denver,full_time,,https://site.api.espn.com/apis/site/v2/sports/soccer/usa.1/scoreboard?dates=20201014,https://site.api.espn.com/apis/site/v2/sports/soccer/usa.1/scoreboard?dates=20201014,2026-10-02T09:32:39+00:00,scoreboard.events[585561].competitions[0],8f3252f4789bea73
2020,2020-10-14,19:00,02:00,Seattle Sounders FC,Colorado Rapids,SEA,COL,585562,mls-2020-SEA-COL-20201014,Regular Season,,Lumen Field,Seattle,"Seattle, Washington",America/Los_Angeles,canceled,,https://site.api.espn.com/apis/site/v2/sports/soccer/usa.1/scoreboard?dates=20201014,https://site.api.espn.com/apis/site/v2/sports/soccer/usa.1/scoreboard?dates=20201014,2026-10-02T09:32:39+00:00,scoreboard.events[585562].competitions[0],8f3252f4789bea73
2020,2020-10-14,19:00,02:00,Vancouver Whitecaps,LAFC,VAN,LAFC,585563,mls-2020-VAN-LAFC-20201014,Regular Season,,Providence Park,Portland,"Portland, Oregon",America/Los_Angeles,full_time,venue_override:Providence Park,https://site.api.espn.com/apis/site/v2/sports/soccer/usa.1/scoreboard?dates=20201014,https://site.api.espn.com/apis/site/v2/sports/soccer/usa.1/scoreboard?dates=20201014,2026-10-02T09:32:39+00:00,scoreboard.events[585563].competitions[0],8f3252f4789bea73
2020,2020-10-14,19:30,02:30,LA Galaxy,San Jose Earthquakes,LA,SJ,585587,mls-2020-LA-SJ-20201014,Regular Season,,Dignity Health Sports Park,Carson,"Carson, California",America/Los_Angeles,full_time,,https://site.api.espn.com/apis/site/v2/sports/soccer/usa.1/scoreboard?dates=20201014,https://site.api.espn.com/apis/site/v2/sports/soccer/usa.1/scoreboard?dates=20201014,2026-10-02T09:32:39+00:00,scoreboard.events[585587].competitions[0],8f3252f4789bea73
2020,2020-10-17,14:30,19:30,Chicago Fire FC,Sporting Kansas City,CHI,SKC,585588,mls-2020-CHI-SKC-20201017,Regular Season,,Soldier Field,Chicago,"Chicago, Illinois",America/Chicago,full_time,venue_override:Soldier Field,https://site.api.espn.com/apis/site/v2/sports/soccer/usa.1/scoreboard?dates=20201017,https://site.api.espn.com/apis/site/v2/sports/soccer/usa.1/scoreboard?dates=20201017,2026-10-02T09:32:39+00:00,scoreboard.events[585588].competitions[0],4ac3ad89ad374318
2020,2020-10-17,19:00,23:00,CF Montréal,Inter Miami CF,MTL,MIA,585589,mls-2020-MTL-MIA-20201017,Regular Season,,Sports Illustrated Stadium,Harrison,"Harrison, New Jersey",America/New_York,full_time,,https://site.api.espn.com/apis/site/v2/sports/soccer/usa.1/scoreboard?dates=20201017,https://site.api.espn.com/apis/site/v2/sports/soccer/usa.1/scoreboard?dates=20201017,2026-10-02T09:32:39+00:00,scoreboard.events[585589].competitions[0],4ac3ad89ad374318
2020,2020-10-18,18:00,22:00,Columbus Crew,New York City FC,CLB,NYC,585596,mls-2020-CLB-NYC-20201018,Regular Season,,Historic Crew Stadium,Columbus,"Columbus, Ohio",America/New_York,full_time,,https://site.api.espn.com/apis/site/v2/sports/soccer/usa.1/scoreboard?dates=20201018,https://site.api.espn.com/apis/site/v2/sports/soccer/usa.1/scoreboard?dates=20201018,2026-10-02T09:32:39+00:00,scoreboard.events[585596].competitions[0],66eebd84e45209b5
2020,2020-10-18,19:00,23:00,Red Bull New York,Orlando City SC,RBNY,ORL,585594,mls-2020-RBNY-ORL-20201018,Regular Season,,Sports Illustrated Stadium,Harrison,"Harrison, New Jersey",America/New_York,full_time,,https://site.api.espn.com/apis/site/v2/sports/soccer/usa.1/scoreboard?dates=20201018,https://site.api.espn.com/apis/site/v2/sports/soccer/usa.1/scoreboard?dates=20201018,2026-10-02T09:32:39+00:00,scoreboard.events[585594].competitions[0],66eebd84e45209b5
2020,2020-10-18,19:30,23:30,FC Cincinnati,D.C. United,CIN,DC,585595,mls-2020-CIN-DC-20201018,Regular Season,,Nippert Stadium,Cincinnati,"Cincinnati, Ohio",America/New_York,full_time,,https://site.api.espn.com/apis/site/v2/sports/soccer/usa.1/scoreboard?dates=20201018,https://site.api.espn.com/apis/site/v2/sports/soccer/usa.1/scoreboard?dates=20201018,2026-10-02T09:32:39+00:00,scoreboard.events[585595].competitions[0],66eebd84e45209b5
2020,2020-10-18,19:30,23:30,Toronto FC,Atlanta United FC,TOR,ATL,585598,mls-2020-TOR-ATL-20201018,Regular Season,,Pratt & Whitney Stadium at Rentschler Field,East Hartford,"East Hartford, Connecticut",America/New_York,full_time,venue_override:Pratt & Whitney Stadium at Rentschler Field,https://site.api.espn.com/apis/site/v2/sports/soccer/usa.1/scoreboard?dates=20201018,https://site.api.espn.com/apis/site/v2/sports/soccer/usa.1/scoreboard?dates=20201018,2026-10-02T09:32:39+00:00,scoreboard.events[585598].competitions[0],66eebd84e45209b5
2020,2020-10-18,19:00,00:00,Minnesota United FC,Houston Dynamo FC,MIN,HOU,585599,mls-2020-MIN-HOU-20201018,Regular Season,,Allianz Field,Saint Paul,"Saint Paul, Minnesota",America/Chicago,full_time,,https://site.api.espn.com/apis/site/v2/sports/soccer/usa.1/scoreboard?dates=20201018,https://site.api.espn.com/apis/site/v2/sports/soccer/usa.1/scoreboard?dates=20201018,2026-10-02T09:32:39+00:00,scoreboard.events[585599].competitions[0],66eebd84e45209b5
2020,2020-10-18,19:00,01:00,Colorado Rapids,Real Salt Lake,COL,RSL,585600,mls-2020-COL-RSL-20201018,Regular Season,,Dick's Sporting Goods Park,Commerce City,"Commerce City, Colorado",America/Denver,canceled,,https://site.api.espn.com/apis/site/v2/sports/soccer/usa.1/scoreboard?dates=20201018,https://site.api.espn.com/apis/site/v2/sports/soccer/usa.1/scoreboard?dates=20201018,2026-10-02T09:32:39+00:00,scoreboard.events[585600].competitions[0],66eebd84e45209b5
2020,2020-10-18,19:00,02:00,Portland Timbers,LAFC,POR,LAFC,585601,mls-2020-POR-LAFC-20201018,Regular Season,,Providence Park,Portland,"Portland, Oregon",America/Los_Angeles,full_time,,https://site.api.espn.com/apis/site/v2/sports/soccer/usa.1/scoreboard?dates=20201018,https://site.api.espn.com/apis/site/v2/sports/soccer/usa.1/scoreboard?dates=20201018,2026-10-02T09:32:39+00:00,scoreboard.events[585601].competitions[0],66eebd84e45209b5
2020,2020-10-18,19:30,02:30,LA Galaxy,Vancouver Whitecaps,LA,VAN,585603,mls-2020-LA-VAN-20201018,Regular Season,,Dignity Health Sports Park,Carson,"Carson, California",America/Los_Angeles,full_time,,https://site.api.espn.com/apis/site/v2/sports/soccer/usa.1/scoreboard?dates=20201018,https://site.api.espn.com/apis/site/v2/sports/soccer/usa.1/scoreboard?dates=20201018,2026-10-02T09:32:39+00:00,scoreboard.events[585603].competitions[0],66eebd84e45209b5
2020,2020-10-18,19:30,02:30,San Jose Earthquakes,Seattle Sounders FC,SJ,SEA,585602,mls-2020-SJ-SEA-20201018,Regular Season,,PayPal Park,San Jose,"San Jose, California",America/Los_Angeles,full_time,,https://site.api.espn.com/apis/site/v2/sports/soccer/usa.1/scoreboard?dates=20201018,https://site.api.espn.com/apis/site/v2/sports/soccer/usa.1/scoreboard?dates=20201018,2026-10-02T09:32:39+00:00,scoreboard.events[585602].competitions[0],66eebd84e45209b5
2020,2020-10-19,19:30,23:30,New England Revolution,Philadelphia Union,NE,PHI,585597,mls-2020-NE-PHI-20201019,Regular Season,,Gillette Stadium,Foxborough,"Foxborough, Massachusetts",America/New_York,full_time,,https://site.api.espn.com/apis/site/v2/sports/soccer/usa.1/scoreboard?dates=20201019,https://site.api.espn.com/apis/site/v2/sports/soccer/usa.1/scoreboard?dates=20201019,2026-10-02T09:32:39+00:00,scoreboard.events[585597].competitions[0],c92c3e79484aaa19
2020,2020-10-20,19:30,00:30,Nashville SC,FC Dallas,NSH,DAL,585517,mls-2020-NSH-DAL-20201020,Regular Season,,"Nissan Stadium, Nashville",Nashville,"Nashville, Tennessee",America/Chicago,full_time,,https://site.api.espn.com/apis/site/v2/sports/soccer/usa.1/scoreboard?dates=20201020,https://site.api.espn.com/apis/site/v2/sports/soccer/usa.1/scoreboard?dates=20201020,2026-10-02T09:32:39+00:00,scoreboard.events[585517].competitions[0],f85e23932443b595
2020,2020-10-21,19:00,01:00,Colorado Rapids,Sporting Kansas City,COL,SKC,584233,mls-2020-COL-SKC-20201021,Regular Season,,Dick's Sporting Goods Park,Commerce City,"Commerce City, Colorado",America/Denver,canceled,,https://site.api.espn.com/apis/site/v2/sports/soccer/usa.1/scoreboard?dates=20201021,https://site.api.espn.com/apis/site/v2/sports/soccer/usa.1/scoreboard?dates=20201021,2026-10-02T09:32:39+00:00,scoreboard.events[584233].competitions[0],966e7ac5ffbc420e
2020,2020-10-22,19:30,02:30,Seattle Sounders FC,Portland Timbers,SEA,POR,585528,mls-2020-SEA-POR-20201022,Regular Season,,Lumen Field,Seattle,"Seattle, Washington",America/Los_Angeles,full_time,,https://site.api.espn.com/apis/site/v2/sports/soccer/usa.1/scoreboard?dates=20201022,https://site.api.espn.com/apis/site/v2/sports/soccer/usa.1/scoreboard?dates=20201022,2026-10-02T09:32:39+00:00,scoreboard.events[585528].competitions[0],8293f634c67add50
2020,2020-10-23,20:52,01:52,Nashville SC,New England Revolution,NSH,NE,585525,mls-2020-NSH-NE-20201023,Regular Season,,"Nissan Stadium, Nashville",Nashville,"Nashville, Tennessee",America/Chicago,full_time,,https://site.api.espn.com/apis/site/v2/sports/soccer/usa.1/scoreboard?dates=20201023,https://site.api.espn.com/apis/site/v2/sports/soccer/usa.1/scoreboard?dates=20201023,2026-10-02T09:32:40+00:00,scoreboard.events[585525].competitions[0],82c82a8dc42879cb
2020,2020-10-24,15:30,19:30,Inter Miami CF,Orlando City SC,MIA,ORL,585518,mls-2020-MIA-ORL-20201024,Regular Season,,Chase Stadium,Fort Lauderdale,"Fort Lauderdale, Florida",America/New_York,full_time,,https://site.api.espn.com/apis/site/v2/sports/soccer/usa.1/scoreboard?dates=20201024,https://site.api.espn.com/apis/site/v2/sports/soccer/usa.1/scoreboard?dates=20201024,2026-10-02T09:32:40+00:00,scoreboard.events[585518].competitions[0],02fbe80be0679d6f
2020,2020-10-24,16:00,20:00,Atlanta United FC,D.C. United,ATL,DC,585519,mls-2020-ATL-DC-20201024,Regular Season,,Mercedes-Benz Stadium,Atlanta,"Atlanta, Georgia",America/New_York,full_time,,https://site.api.espn.com/apis/site/v2/sports/soccer/usa.1/scoreboard?dates=20201024,https://site.api.espn.com/apis/site/v2/sports/soccer/usa.1/scoreboard?dates=20201024,2026-10-02T09:32:40+00:00,scoreboard.events[585519].competitions[0],02fbe80be0679d6f
2020,2020-10-24,18:30,23:30,Chicago Fire FC,Red Bull New York,CHI,RBNY,585521,mls-2020-CHI-RBNY-20201024,Regular Season,,Soldier Field,Chicago,"Chicago, Illinois",America/Chicago,full_time,venue_override:Soldier Field,https://site.api.espn.com/apis/site/v2/sports/soccer/usa.1/scoreboard?dates=20201024,https://site.api.espn.com/apis/site/v2/sports/soccer/usa.1/scoreboard?dates=20201024,2026-10-02T09:32:40+00:00,scoreboard.events[585521].competitions[0],02fbe80be0679d6f
2020,2020-10-24,19:30,23:30,FC Cincinnati,Minnesota United FC,CIN,MIN,585520,mls-2020-CIN-MIN-20201024,Regular Season,,Nippert Stadium,Cincinnati,"Cincinnati, Ohio",America/New_York,full_time,,https://site.api.espn.com/apis/site/v2/sports/soccer/usa.1/scoreboard?dates=20201024,https://site.api.espn.com/apis/site/v2/sports/soccer/usa.1/scoreboard?dates=20201024,2026-10-02T09:32:40+00:00,scoreboard.events[585520].competitions[0],02fbe80be0679d6f
2020,2020-10-24,19:30,23:30,New York City FC,CF Montréal,NYC,MTL,585522,mls-2020-NYC-MTL-20201024,Regular Season,,Yankee Stadium,New York,New York City,America/New_York,full_time,,https://site.api.espn.com/apis/site/v2/sports/soccer/usa.1/scoreboard?dates=20201024,https://site.api.espn.com/apis/site/v2/sports/soccer/usa.1/scoreboard?dates=20201024,2026-10-02T09:32:40+00:00,scoreboard.events[585522].competitions[0],02fbe80be0679d6f
2020,2020-10-24,19:30,23:30,Philadelphia Union,Toronto FC,PHI,TOR,585523,mls-2020-PHI-TOR-20201024,Regular Season,,Subaru Park,Chester,"Chester, Pennsylvania",America/New_York,full_time,,https://site.api.espn.com/apis/site/v2/sports/soccer/usa.1/scoreboard?dates=20201024,https://site.api.espn.com/apis/site/v2/sports/soccer/usa.1/scoreboard?dates=20201024,2026-10-02T09:32:40+00:00,scoreboard.events[585523].competitions[0],02fbe80be0679d6f
2020,2020-10-24,19:00,00:00,Houston Dynamo FC,Columbus Crew,HOU,CLB,585524,mls-2020-HOU-CLB-20201024,Regular Season,,Shell Energy Stadium,Houston,"Houston, Texas",America/Chicago,full_time,,https://site.api.espn.com/apis/site/v2/sports/soccer/usa.1/scoreboard?dates=20201024,https://site.api.espn.com/apis/site/v2/sports/soccer/usa.1/scoreboard?dates=20201024,2026-10-02T09:32:40+00:00,scoreboard.events[585524].competitions[0],02fbe80be0679d6f
2020,2020-10-24,19:30,00:30,Sporting Kansas City,Colorado Rapids,SKC,COL,585526,mls-2020-SKC-COL-20201024,Regular Season,,Children's Mercy Park,Kansas City,"Kansas City, Kansas",America/Chicago,full_time,,https://site.api.espn.com/apis/site/v2/sports/soccer/usa.1/scoreboard?dates=20201024,https://site.api.espn.com/apis/site/v2/sports/soccer/usa.1/scoreboard?dates=20201024,2026-10-02T09:32:40+00:00,scoreboard.events[585526].competitions[0],02fbe80be0679d6f
2020,2020-10-24,19:30,01:30,Real Salt Lake,FC Dallas,RSL,DAL,585527,mls-2020-RSL-DAL-20201024,Regular Season,,America First Field,Sandy,"Sandy, Utah",America/Denver,full_time,,https://site.api.espn.com/apis/site/v2/sports/soccer/usa.1/scoreboard?dates=20201024,https://site.api.espn.com/apis/site/v2/sports/soccer/usa.1/scoreboard?dates=20201024,2026-10-02T09:32:40+00:00,scoreboard.events[585527].competitions[0],02fbe80be0679d6f
2020,2020-10-24,19:00,02:00,Vancouver Whitecaps,San Jose Earthquakes,VAN,SJ,585529,mls-2020-VAN-SJ-20201024,Regular Season,,Providence Park,Portland,"Portland, Oregon",America/Los_Angeles,full_time,venue_override:Providence Park,https://site.api.espn.com/apis/site/v2/sports/soccer/usa.1/scoreboard?dates=20201024,https://site.api.espn.com/apis/site/v2/sports/soccer/usa.1/scoreboard?dates=20201024,2026-10-02T09:32:40+00:00,scoreboard.events[585529].competitions[0],02fbe80be0679d6f
2020,2020-10-25,12:30,19:30,LAFC,LA Galaxy,LAFC,LA,585530,mls-2020-LAFC-LA-20201025,Regular Season,,BMO Stadium,Los Angeles,"Los Angeles, California",America/Los_Angeles,full_time,,https://site.api.espn.com/apis/site/v2/sports/soccer/usa.1/scoreboard?dates=20201025,https://site.api.espn.com/apis/site/v2/sports/soccer/usa.1/scoreboard?dates=20201025,2026-10-02T09:32:40+00:00,scoreboard.events[585530].competitions[0],53dd3604cccd629b
2020,2020-10-27,19:00,23:00,CF Montréal,Nashville SC,MTL,NSH,585531,mls-2020-MTL-NSH-20201027,Regular Season,,Sports Illustrated Stadium,Harrison,"Harrison, New Jersey",America/New_York,full_time,,https://site.api.espn.com/apis/site/v2/sports/soccer/usa.1/scoreboard?dates=20201027,https://site.api.espn.com/apis/site/v2/sports/soccer/usa.1/scoreboard?dates=20201027,2026-10-02T09:32:40+00:00,scoreboard.events[585531].competitions[0],997582550764cc21
2020,2020-10-27,19:00,02:00,Vancouver Whitecaps,Seattle Sounders FC,VAN,SEA,585532,mls-2020-VAN-SEA-20201027,Regular Season,,Providence Park,Portland,"Portland, Oregon",America/Los_Angeles,full_time,venue_override:Providence Park,https://site.api.espn.com/apis/site/v2/sports/soccer/usa.1/scoreboard?dates=20201027,https://site.api.espn.com/apis/site/v2/sports/soccer/usa.1/scoreboard?dates=20201027,2026-10-02T09:32:40+00:00,scoreboard.events[585532].competitions[0],997582550764cc21
2020,2020-10-28,19:00,23:00,Red Bull New York,New England Revolution,RBNY,NE,585564,mls-2020-RBNY-NE-20201028,Regular Season,,Sports Illustrated Stadium,Harrison,"Harrison, New Jersey",America/New_York,full_time,,https://site.api.espn.com/apis/site/v2/sports/soccer/usa.1/scoreboard?dates=20201028,https://site.api.espn.com/apis/site/v2/sports/soccer/usa.1/scoreboard?dates=20201028,2026-10-02T09:32:41+00:00,scoreboard.events[585564].competitions[0],3395ef751faebc76
2020,2020-10-28,19:30,23:30,FC Cincinnati,Sporting Kansas City,CIN,SKC,585565,mls-2020-CIN-SKC-20201028,Regular Season,,Nippert Stadium,Cincinnati,"Cincinnati, Ohio",America/New_York,full_time,,https://site.api.espn.com/apis/site/v2/sports/soccer/usa.1/scoreboard?dates=20201028,https://site.api.espn.com/apis/site/v2/sports/soccer/usa.1/scoreboard?dates=20201028,2026-10-02T09:32:41+00:00,scoreboard.events[585565].competitions[0],3395ef751faebc76
2020,2020-10-28,19:30,23:30,Orlando City SC,Atlanta United FC,ORL,ATL,585568,mls-2020-ORL-ATL-20201028,Regular Season,,Inter&Co Stadium,Orlando,"Orlando, Florida",America/New_York,full_time,,https://site.api.espn.com/apis/site/v2/sports/soccer/usa.1/scoreboard?dates=20201028,https://site.api.espn.com/apis/site/v2/sports/soccer/usa.1/scoreboard?dates=20201028,2026-10-02T09:32:41+00:00,scoreboard.events[585568].competitions[0],3395ef751faebc76
2020,2020-10-28,19:30,23:30,Philadelphia Union,Chicago Fire FC,PHI,CHI,585566,mls-2020-PHI-CHI-20201028,Regular Season,,Subaru Park,Chester,"Chester, Pennsylvania",America/New_York,full_time,,https://site.api.espn.com/apis/site/v2/sports/soccer/usa.1/scoreboard?dates=20201028,https://site.api.espn.com/apis/site/v2/sports/soccer/usa.1/scoreboard?dates=20201028,2026-10-02T09:32:41+00:00,scoreboard.events[585566].competitions[0],3395ef751faebc76
2020,2020-10-28,19:30,23:30,Toronto FC,New York City FC,TOR,NYC,585567,mls-2020-TOR-NYC-20201028,Regular Season,,Pratt & Whitney Stadium at Rentschler Field,East Hartford,"East Hartford, Connecticut",America/New_York,full_time,venue_override:Pratt & Whitney Stadium at Rentschler Field,https://site.api.espn.com/apis/site/v2/sports/soccer/usa.1/scoreboard?dates=20201028,https://site.api.espn.com/apis/site/v2/sports/soccer/usa.1/scoreboard?dates=20201028,2026-10-02T09:32:41+00:00,scoreboard.events[585567].competitions[0],3395ef751faebc76
2020,2020-10-28,20:00,00:00,D.C. United,Columbus Crew,DC,CLB,585571,mls-2020-DC-CLB-20201028,Regular Season,,Audi Field,Washington,"Washington, District of Columbia",America/New_York,full_time,,https://site.api.espn.com/apis/site/v2/sports/soccer/usa.1/scoreboard?dates=20201028,https://site.api.espn.com/apis/site/v2/sports/soccer/usa.1/scoreboard?dates=20201028,2026-10-02T09:32:41+00:00,scoreboard.events[585571].competitions[0],3395ef751faebc76
2020,2020-10-28,19:00,00:00,Minnesota United FC,Colorado Rapids,MIN,COL,585569,mls-2020-MIN-COL-20201028,Regular Season,,Allianz Field,Saint Paul,"Saint Paul, Minnesota",America/Chicago,full_time,,https://site.api.espn.com/apis/site/v2/sports/soccer/usa.1/scoreboard?dates=20201028,https://site.api.espn.com/apis/site/v2/sports/soccer/usa.1/scoreboard?dates=20201028,2026-10-02T09:32:41+00:00,scoreboard.events[585569].competitions[0],3395ef751faebc76
2020,2020-10-28,19:30,00:30,FC Dallas,Inter Miami CF,DAL,MIA,585570,mls-2020-DAL-MIA-20201028,Regular Season,,Toyota Stadium,Frisco,Toyota Stadium,America/Chicago,full_time,,https://site.api.espn.com/apis/site/v2/sports/soccer/usa.1/scoreboard?dates=20201028,https://site.api.espn.com/apis/site/v2/sports/soccer/usa.1/scoreboard?dates=20201028,2026-10-02T09:32:41+00:00,scoreboard.events[585570].competitions[0],3395ef751faebc76
2020,2020-10-28,19:00,02:00,Portland Timbers,LA Galaxy,POR,LA,585572,mls-2020-POR-LA-20201028,Regular Season,,Providence Park,Portland,"Portland, Oregon",America/Los_Angeles,full_time,,https://site.api.espn.com/apis/site/v2/sports/soccer/usa.1/scoreboard?dates=20201028,https://site.api.espn.com/apis/site/v2/sports/soccer/usa.1/scoreboard?dates=20201028,2026-10-02T09:32:41+00:00,scoreboard.events[585572].competitions[0],3395ef751faebc76
2020,2020-10-28,19:30,02:30,LAFC,Houston Dynamo FC,LAFC,HOU,585574,mls-2020-LAFC-HOU-20201028,Regular Season,,BMO Stadium,Los Angeles,"Los Angeles, California",America/Los_Angeles,full_time,,https://site.api.espn.com/apis/site/v2/sports/soccer/usa.1/scoreboard?dates=20201028,https://site.api.espn.com/apis/site/v2/sports/soccer/usa.1/scoreboard?dates=20201028,2026-10-02T09:32:41+00:00,scoreboard.events[585574].competitions[0],3395ef751faebc76
2020,2020-10-28,19:30,02:30,San Jose Earthquakes,Real Salt Lake,SJ,RSL,585573,mls-2020-SJ-RSL-20201028,Regular Season,,PayPal Park,San Jose,"San Jose, California",America/Los_Angeles,full_time,,https://site.api.espn.com/apis/site/v2/sports/soccer/usa.1/scoreboard?dates=20201028,https://site.api.espn.com/apis/site/v2/sports/soccer/usa.1/scoreboard?dates=20201028,2026-10-02T09:32:41+00:00,scoreboard.events[585573].competitions[0],3395ef751faebc76
2020,2020-10-31,14:30,19:30,FC Dallas,Houston Dynamo FC,DAL,HOU,585575,mls-2020-DAL-HOU-20201031,Regular Season,,Toyota Stadium,Frisco,Toyota Stadium,America/Chicago,full_time,,https://site.api.espn.com/apis/site/v2/sports/soccer/usa.1/scoreboard?dates=20201031,https://site.api.espn.com/apis/site/v2/sports/soccer/usa.1/scoreboard?dates=20201031,2026-10-02T09:32:41+00:00,scoreboard.events[585575].competitions[0],4e8d1864d3c3cc3a
2020,2020-10-31,19:30,00:30,Nashville SC,Chicago Fire FC,NSH,CHI,585576,mls-2020-NSH-CHI-20201031,Regular Season,,"Nissan Stadium, Nashville",Nashville,"Nashville, Tennessee",America/Chicago,full_time,,https://site.api.espn.com/apis/site/v2/sports/soccer/usa.1/scoreboard?dates=20201031,https://site.api.espn.com/apis/site/v2/sports/soccer/usa.1/scoreboard?dates=20201031,2026-10-02T09:32:41+00:00,scoreboard.events[585576].competitions[0],4e8d1864d3c3cc3a
2020,2020-11-01,15:30,20:30,Columbus Crew,Philadelphia Union,CLB,PHI,585579,mls-2020-CLB-PHI-20201101,Regular Season,,Historic Crew Stadium,Columbus,"Columbus, Ohio",America/New_York,full_time,,https://site.api.espn.com/apis/site/v2/sports/soccer/usa.1/scoreboard?dates=20201101,https://site.api.espn.com/apis/site/v2/sports/soccer/usa.1/scoreboard?dates=20201101,2026-10-02T09:32:41+00:00,scoreboard.events[585579].competitions[0],5d8b12bd62091c57
2020,2020-11-01,19:00,00:00,Atlanta United FC,FC Cincinnati,ATL,CIN,585577,mls-2020-ATL-CIN-20201101,Regular Season,,Mercedes-Benz Stadium,Atlanta,"Atlanta, Georgia",America/New_York,full_time,,https://site.api.espn.com/apis/site/v2/sports/soccer/usa.1/scoreboard?dates=20201101,https://site.api.espn.com/apis/site/v2/sports/soccer/usa.1/scoreboard?dates=20201101,2026-10-02T09:32:41+00:00,scoreboard.events[585577].competitions[0],5d8b12bd62091c57
2020,2020-11-01,19:00,00:00,New York City FC,Red Bull New York,NYC,RBNY,585578,mls-2020-NYC-RBNY-20201101,Regular Season,,Yankee Stadium,New York,New York City,America/New_York,full_time,,https://site.api.espn.com/apis/site/v2/sports/soccer/usa.1/scoreboard?dates=20201101,https://site.api.espn.com/apis/site/v2/sports/soccer/usa.1/scoreboard?dates=20201101,2026-10-02T09:32:41+00:00,scoreboard.events[585578].competitions[0],5d8b12bd62091c57
2020,2020-11-01,19:30,00:30,CF Montréal,Orlando City SC,MTL,ORL,585580,mls-2020-MTL-ORL-20201101,Regular Season,,Sports Illustrated Stadium,Harrison,"Harrison, New Jersey",America/New_York,full_time,,https://site.api.espn.com/apis/site/v2/sports/soccer/usa.1/scoreboard?dates=20201101,https://site.api.espn.com/apis/site/v2/sports/soccer/usa.1/scoreboard?dates=20201101,2026-10-02T09:32:41+00:00,scoreboard.events[585580].competitions[0],5d8b12bd62091c57
2020,2020-11-01,19:30,00:30,New England Revolution,D.C. United,NE,DC,585582,mls-2020-NE-DC-20201101,Regular Season,,Gillette Stadium,Foxborough,"Foxborough, Massachusetts",America/New_York,full_time,,https://site.api.espn.com/apis/site/v2/sports/soccer/usa.1/scoreboard?dates=20201101,https://site.api.espn.com/apis/site/v2/sports/soccer/usa.1/scoreboard?dates=20201101,2026-10-02T09:32:41+00:00,scoreboard.events[585582].competitions[0],5d8b12bd62091c57
2020,2020-11-01,18:30,00:30,Sporting Kansas City,Minnesota United FC,SKC,MIN,585581,mls-2020-SKC-MIN-20201101,Regular Season,,Children's Mercy Park,Kansas City,"Kansas City, Kansas",America/Chicago,canceled,,https://site.api.espn.com/apis/site/v2/sports/soccer/usa.1/scoreboard?dates=20201101,https://site.api.espn.com/apis/site/v2/sports/soccer/usa.1/scoreboard?dates=20201101,2026-10-02T09:32:41+00:00,scoreboard.events[585581].competitions[0],5d8b12bd62091c57
2020,2020-11-01,19:30,00:30,Toronto FC,Inter Miami CF,TOR,MIA,585583,mls-2020-TOR-MIA-20201101,Regular Season,,Pratt & Whitney Stadium at Rentschler Field,East Hartford,"East Hartford, Connecticut",America/New_York,full_time,venue_override:Pratt & Whitney Stadium at Rentschler Field,https://site.api.espn.com/apis/site/v2/sports/soccer/usa.1/scoreboard?dates=20201101,https://site.api.espn.com/apis/site/v2/sports/soccer/usa.1/scoreboard?dates=20201101,2026-10-02T09:32:41+00:00,scoreboard.events[585583].competitions[0],5d8b12bd62091c57
2020,2020-11-01,19:00,02:00,Colorado Rapids,Seattle Sounders FC,COL,SEA,585584,mls-2020-COL-SEA-20201101,Regular Season,,Dick's Sporting Goods Park,Commerce City,"Commerce City, Colorado",America/Denver,full_time,,https://site.api.espn.com/apis/site/v2/sports/soccer/usa.1/scoreboard?dates=20201101,https://site.api.espn.com/apis/site/v2/sports/soccer/usa.1/scoreboard?dates=20201101,2026-10-02T09:32:41+00:00,scoreboard.events[585584].competitions[0],5d8b12bd62091c57
2020,2020-11-01,19:00,03:00,Portland Timbers,Vancouver Whitecaps,POR,VAN,585585,mls-2020-POR-VAN-20201101,Regular Season,,Providence Park,Portland,"Portland, Oregon",America/Los_Angeles,full_time,,https://site.api.espn.com/apis/site/v2/sports/soccer/usa.1/scoreboard?dates=20201101,https://site.api.espn.com/apis/site/v2/sports/soccer/usa.1/scoreboard?dates=20201101,2026-10-02T09:32:41+00:00,scoreboard.events[585585].competitions[0],5d8b12bd62091c57
2020,2020-11-01,19:30,03:30,LA Galaxy,Real Salt Lake,LA,RSL,585586,mls-2020-LA-RSL-20201101,Regular Season,,Dignity Health Sports Park,Carson,"Carson, California",America/Los_Angeles,full_time,,https://site.api.espn.com/apis/site/v2/sports/soccer/usa.1/scoreboard?dates=20201101,https://site.api.espn.com/apis/site/v2/sports/soccer/usa.1/scoreboard?dates=20201101,2026-10-02T09:32:41+00:00,scoreboard.events[585586].competitions[0],5d8b12bd62091c57
2020,2020-11-04,19:30,00:30,Orlando City SC,Columbus Crew,ORL,CLB,585546,mls-2020-ORL-CLB-20201104,Regular Season,,Inter&Co Stadium,Orlando,"Orlando, Florida",America/New_York,full_time,,https://site.api.espn.com/apis/site/v2/sports/soccer/usa.1/scoreboard?dates=20201104,https://site.api.espn.com/apis/site/v2/sports/soccer/usa.1/scoreboard?dates=20201104,2026-10-02T09:32:41+00:00,scoreboard.events[585546].competitions[0],9ada9f107cc23236
2020,2020-11-04,19:00,01:00,Minnesota United FC,Chicago Fire FC,MIN,CHI,585556,mls-2020-MIN-CHI-20201104,Regular Season,,Allianz Field,Saint Paul,"Saint Paul, Minnesota",America/Chicago,full_time,,https://site.api.espn.com/apis/site/v2/sports/soccer/usa.1/scoreboard?dates=20201104,https://site.api.espn.com/apis/site/v2/sports/soccer/usa.1/scoreboard?dates=20201104,2026-10-02T09:32:41+00:00,scoreboard.events[585556].competitions[0],9ada9f107cc23236
2020,2020-11-04,19:30,01:30,Nashville SC,FC Dallas,NSH,DAL,586118,mls-2020-NSH-DAL-20201104,Regular Season,,"Nissan Stadium, Nashville",Nashville,"Nashville, Tennessee",America/Chicago,full_time,,https://site.api.espn.com/apis/site/v2/sports/soccer/usa.1/scoreboard?dates=20201104,https://site.api.espn.com/apis/site/v2/sports/soccer/usa.1/scoreboard?dates=20201104,2026-10-02T09:32:41+00:00,scoreboard.events[586118].competitions[0],9ada9f107cc23236
2020,2020-11-04,19:00,03:00,Portland Timbers,Colorado Rapids,POR,COL,585505,mls-2020-POR-COL-20201104,Regular Season,,Providence Park,Portland,"Portland, Oregon",America/Los_Angeles,full_time,,https://site.api.espn.com/apis/site/v2/sports/soccer/usa.1/scoreboard?dates=20201104,https://site.api.espn.com/apis/site/v2/sports/soccer/usa.1/scoreboard?dates=20201104,2026-10-02T09:32:41+00:00,scoreboard.events[585505].competitions[0],9ada9f107cc23236
2020,2020-11-04,20:00,04:00,LA Galaxy,Seattle Sounders FC,LA,SEA,585855,mls-2020-LA-SEA-20201104,Regular Season,,Dignity Health Sports Park,Carson,"Carson, California",America/Los_Angeles,full_time,,https://site.api.espn.com/apis/site/v2/sports/soccer/usa.1/scoreboard?dates=20201104,https://site.api.espn.com/apis/site/v2/sports/soccer/usa.1/scoreboard?dates=20201104,2026-10-02T09:32:41+00:00,scoreboard.events[585855].competitions[0],9ada9f107cc23236
2020,2020-11-04,20:00,04:00,San Jose Earthquakes,LAFC,SJ,LAFC,585590,mls-2020-SJ-LAFC-20201104,Regular Season,,PayPal Park,San Jose,"San Jose, California",America/Los_Angeles,full_time,,https://site.api.espn.com/apis/site/v2/sports/soccer/usa.1/scoreboard?dates=20201104,https://site.api.espn.com/apis/site/v2/sports/soccer/usa.1/scoreboard?dates=20201104,2026-10-02T09:32:41+00:00,scoreboard.events[585590].competitions[0],9ada9f107cc23236
2020,2020-11-08,14:30,20:30,Chicago Fire FC,New York City FC,CHI,NYC,585605,mls-2020-CHI-NYC-20201108,Regular Season,,Soldier Field,Chicago,"Chicago, Illinois",America/Chicago,full_time,venue_override:Soldier Field,https://site.api.espn.com/apis/site/v2/sports/soccer/usa.1/scoreboard?dates=20201108,https://site.api.espn.com/apis/site/v2/sports/soccer/usa.1/scoreboard?dates=20201108,2026-10-02T09:32:42+00:00,scoreboard.events[585605].competitions[0],d6d5160ffbe6339d
2020,2020-11-08,15:30,20:30,Columbus Crew,Atlanta United FC,CLB,ATL,585604,mls-2020-CLB-ATL-20201108,Regular Season,,Historic Crew Stadium,Columbus,"Columbus, Ohio",America/New_York,full_time,,https://site.api.espn.com/apis/site/v2/sports/soccer/usa.1/scoreboard?dates=20201108,https://site.api.espn.com/apis/site/v2/sports/soccer/usa.1/scoreboard?dates=20201108,2026-10-02T09:32:42+00:00,scoreboard.events[585604].competitions[0],d6d5160ffbe6339d
2020,2020-11-08,15:30,20:30,D.C. United,CF Montréal,DC,MTL,585593,mls-2020-DC-MTL-20201108,Regular Season,,Audi Field,Washington,"Washington, District of Columbia",America/New_York,full_time,,https://site.api.espn.com/apis/site/v2/sports/soccer/usa.1/scoreboard?dates=20201108,https://site.api.espn.com/apis/site/v2/sports/soccer/usa.1/scoreboard?dates=20201108,2026-10-02T09:32:42+00:00,scoreboard.events[585593].competitions[0],d6d5160ffbe6339d
2020,2020-11-08,15:30,20:30,Inter Miami CF,FC Cincinnati,MIA,CIN,585592,mls-2020-MIA-CIN-20201108,Regular Season,,Chase Stadium,Fort Lauderdale,"Fort Lauderdale, Florida",America/New_York,full_time,,https://site.api.espn.com/apis/site/v2/sports/soccer/usa.1/scoreboard?dates=20201108,https://site.api.espn.com/apis/site/v2/sports/soccer/usa.1/scoreboard?dates=20201108,2026-10-02T09:32:42+00:00,scoreboard.events[585592].competitions[0],d6d5160ffbe6339d
2020,2020-11-08,15:30,20:30,Orlando City SC,Nashville SC,ORL,NSH,585606,mls-2020-ORL-NSH-20201108,Regular Season,,Inter&Co Stadium,Orlando,"Orlando, Florida",America/New_York,full_time,,https://site.api.espn.com/apis/site/v2/sports/soccer/usa.1/scoreboard?dates=20201108,https://site.api.espn.com/apis/site/v2/sports/soccer/usa.1/scoreboard?dates=20201108,2026-10-02T09:32:42+00:00,scoreboard.events[585606].competitions[0],d6d5160ffbe6339d
2020,2020-11-08,15:30,20:30,Philadelphia Union,New England Revolution,PHI,NE,585591,mls-2020-PHI-NE-20201108,Regular Season,,Subaru Park,Chester,"Chester, Pennsylvania",America/New_York,full_time,,https://site.api.espn.com/apis/site/v2/sports/soccer/usa.1/scoreboard?dates=20201108,https://site.api.espn.com/apis/site/v2/sports/soccer/usa.1/scoreboard?dates=20201108,2026-10-02T09:32:42+00:00,scoreboard.events[585591].competitions[0],d6d5160ffbe6339d
2020,2020-11-08,15:30,20:30,Red Bull New York,Toronto FC,RBNY,TOR,585607,mls-2020-RBNY-TOR-20201108,Regular Season,,Sports Illustrated Stadium,Harrison,"Harrison, New Jersey",America/New_York,full_time,,https://site.api.espn.com/apis/site/v2/sports/soccer/usa.1/scoreboard?dates=20201108,https://site.api.espn.com/apis/site/v2/sports/soccer/usa.1/scoreboard?dates=20201108,2026-10-02T09:32:42+00:00,scoreboard.events[585607].competitions[0],d6d5160ffbe6339d
2020,2020-11-08,17:30,23:30,Houston Dynamo FC,Colorado Rapids,HOU,COL,585608,mls-2020-HOU-COL-20201108,Regular Season,,Shell Energy Stadium,Houston,"Houston, Texas",America/Chicago,full_time,,https://site.api.espn.com/apis/site/v2/sports/soccer/usa.1/scoreboard?dates=20201108,https://site.api.espn.com/apis/site/v2/sports/soccer/usa.1/scoreboard?dates=20201108,2026-10-02T09:32:42+00:00,scoreboard.events[585608].competitions[0],d6d5160ffbe6339d
2020,2020-11-08,15:30,23:30,LAFC,Portland Timbers,LAFC,POR,585612,mls-2020-LAFC-POR-20201108,Regular Season,,BMO Stadium,Los Angeles,"Los Angeles, California",America/Los_Angeles,full_time,,https://site.api.espn.com/apis/site/v2/sports/soccer/usa.1/scoreboard?dates=20201108,https://site.api.espn.com/apis/site/v2/sports/soccer/usa.1/scoreboard?dates=20201108,2026-10-02T09:32:42+00:00,scoreboard.events[585612].competitions[0],d6d5160ffbe6339d
2020,2020-11-08,17:30,23:30,Minnesota United FC,FC Dallas,MIN,DAL,585613,mls-2020-MIN-DAL-20201108,Regular Season,,Allianz Field,Saint Paul,"Saint Paul, Minnesota",America/Chicago,full_time,,https://site.api.espn.com/apis/site/v2/sports/soccer/usa.1/scoreboard?dates=20201108,https://site.api.espn.com/apis/site/v2/sports/soccer/usa.1/scoreboard?dates=20201108,2026-10-02T09:32:42+00:00,scoreboard.events[585613].competitions[0],d6d5160ffbe6339d
2020,2020-11-08,16:30,23:30,Real Salt Lake,Sporting Kansas City,RSL,SKC,585611,mls-2020-RSL-SKC-20201108,Regular Season,,America First Field,Sandy,"Sandy, Utah",America/Denver,full_time,,https://site.api.espn.com/apis/site/v2/sports/soccer/usa.1/scoreboard?dates=20201108,https://site.api.espn.com/apis/site/v2/sports/soccer/usa.1/scoreboard?dates=20201108,2026-10-02T09:32:42+00:00,scoreboard.events[585611].competitions[0],d6d5160ffbe6339d
2020,2020-11-08,15:30,23:30,Seattle Sounders FC,San Jose Earthquakes,SEA,SJ,585610,mls-2020-SEA-SJ-20201108,Regular Season,,Lumen Field,Seattle,"Seattle, Washington",America/Los_Angeles,full_time,,https://site.api.espn.com/apis/site/v2/sports/soccer/usa.1/scoreboard?dates=20201108,https://site.api.espn.com/apis/site/v2/sports/soccer/usa.1/scoreboard?dates=20201108,2026-10-02T09:32:42+00:00,scoreboard.events[585610].competitions[0],d6d5160ffbe6339d
2020,2020-11-08,15:30,23:30,Vancouver Whitecaps,LA Galaxy,VAN,LA,585609,mls-2020-VAN-LA-20201108,Regular Season,,Providence Park,Portland,"Portland, Oregon",America/Los_Angeles,full_time,venue_override:Providence Park,https://site.api.espn.com/apis/site/v2/sports/soccer/usa.1/scoreboard?dates=20201108,https://site.api.espn.com/apis/site/v2/sports/soccer/usa.1/scoreboard?dates=20201108,2026-10-02T09:32:42+00:00,scoreboard.events[585609].competitions[0],d6d5160ffbe6339d
