season,date,home_team,away_team,stage,round,provider_match_id,source_url,final_url,retrieved_at,field_locator,source_sha256,date_iso_utc,kickoff_time_utc,score_hg,score_ag,score_res,wiki_box_id,wiki_page,wiki_section,official_report_url,date_note
2018,31/10/2018,New York City,Philadelphia Union,playoff,Knockout round / Eastern Conference,,https://football-data.co.uk/new/USA.csv,https://football-data.co.uk/new/USA.csv,2026-10-02T09:11:13Z,"new_USA.csv row: Season=2018, Date=31/10/2018, Home=New York City, Away=Philadelphia Union",59e34e47daa710a98af7705c5c2b72a270d04673c9243789f0fd81eb1738761e,2018-10-31,23:00,3,1,H,New York City FC v Philadelphia Union,https://en.wikipedia.org/wiki/2018_MLS_Cup_playoffs,Knockout round / Eastern Conference,https://matchcenter.mlssoccer.com/matchcenter/2018-10-31-new-york-city-fc-vs-philadelphia-union,football-data Date/Time = UTC kickoff; wiki dates = US local; matched within 0-1 day tolerance.
2018,01/11/2018,FC Dallas,Portland Timbers,playoff,Knockout round / Western Conference,,https://football-data.co.uk/new/USA.csv,https://football-data.co.uk/new/USA.csv,2026-10-02T09:11:13Z,"new_USA.csv row: Season=2018, Date=01/11/2018, Home=FC Dallas, Away=Portland Timbers",59e34e47daa710a98af7705c5c2b72a270d04673c9243789f0fd81eb1738761e,2018-11-01,01:30,1,2,A,FC Dallas v Portland Timbers,https://en.wikipedia.org/wiki/2018_MLS_Cup_playoffs,Knockout round / Western Conference,https://matchcenter.mlssoccer.com/matchcenter/2018-10-31-fc-dallas-vs-portland-timbers,football-data Date/Time = UTC kickoff; wiki dates = US local; matched within 0-1 day tolerance.
2018,02/11/2018,DC United,Columbus Crew,playoff,Knockout round / Eastern Conference,,https://football-data.co.uk/new/USA.csv,https://football-data.co.uk/new/USA.csv,2026-10-02T09:11:13Z,"new_USA.csv row: Season=2018, Date=02/11/2018, Home=DC United, Away=Columbus Crew",59e34e47daa710a98af7705c5c2b72a270d04673c9243789f0fd81eb1738761e,2018-11-02,00:00,1,1,D,D.C. United v Columbus Crew SC,https://en.wikipedia.org/wiki/2018_MLS_Cup_playoffs,Knockout round / Eastern Conference,https://matchcenter.mlssoccer.com/matchcenter/2018-11-01-dc-united-vs-columbus-crew-sc,football-data Date/Time = UTC kickoff; wiki dates = US local; matched within 0-1 day tolerance.
2018,02/11/2018,Los Angeles FC,Real Salt Lake,playoff,Knockout round / Western Conference,,https://football-data.co.uk/new/USA.csv,https://football-data.co.uk/new/USA.csv,2026-10-02T09:11:13Z,"new_USA.csv row: Season=2018, Date=02/11/2018, Home=Los Angeles FC, Away=Real Salt Lake",59e34e47daa710a98af7705c5c2b72a270d04673c9243789f0fd81eb1738761e,2018-11-02,03:00,2,3,A,Los Angeles FC v Real Salt Lake,https://en.wikipedia.org/wiki/2018_MLS_Cup_playoffs,Knockout round / Western Conference,https://matchcenter.mlssoccer.com/matchcenter/2018-11-01-los-angeles-football-club-vs-real-salt-lake,football-data Date/Time = UTC kickoff; wiki dates = US local; matched within 0-1 day tolerance.
2018,04/11/2018,Columbus Crew,New York Red Bulls,playoff,Conference semifinals / Eastern Conference,,https://football-data.co.uk/new/USA.csv,https://football-data.co.uk/new/USA.csv,2026-10-02T09:11:13Z,"new_USA.csv row: Season=2018, Date=04/11/2018, Home=Columbus Crew, Away=New York Red Bulls",59e34e47daa710a98af7705c5c2b72a270d04673c9243789f0fd81eb1738761e,2018-11-04,20:00,1,0,H,Columbus Crew SC v New York Red Bulls,https://en.wikipedia.org/wiki/2018_MLS_Cup_playoffs,Conference semifinals / Eastern Conference,https://matchcenter.mlssoccer.com/matchcenter/2018-11-04-columbus-crew-sc-vs-new-york-red-bulls,football-data Date/Time = UTC kickoff; wiki dates = US local; matched within 0-1 day tolerance.
2018,04/11/2018,Portland Timbers,Seattle Sounders,playoff,Conference semifinals / Western Conference,,https://football-data.co.uk/new/USA.csv,https://football-data.co.uk/new/USA.csv,2026-10-02T09:11:13Z,"new_USA.csv row: Season=2018, Date=04/11/2018, Home=Portland Timbers, Away=Seattle Sounders",59e34e47daa710a98af7705c5c2b72a270d04673c9243789f0fd81eb1738761e,2018-11-04,22:30,2,1,H,Portland Timbers v Seattle Sounders FC,https://en.wikipedia.org/wiki/2018_MLS_Cup_playoffs,Conference semifinals / Western Conference,https://matchcenter.mlssoccer.com/matchcenter/2018-11-04-portland-timbers-vs-seattle-sounders-fc,football-data Date/Time = UTC kickoff; wiki dates = US local; matched within 0-1 day tolerance.
2018,05/11/2018,New York City,Atlanta Utd,playoff,Conference semifinals / Eastern Conference,,https://football-data.co.uk/new/USA.csv,https://football-data.co.uk/new/USA.csv,2026-10-02T09:11:13Z,"new_USA.csv row: Season=2018, Date=05/11/2018, Home=New York City, Away=Atlanta Utd",59e34e47daa710a98af7705c5c2b72a270d04673c9243789f0fd81eb1738761e,2018-11-05,00:30,0,1,A,New York City FC v Atlanta United FC,https://en.wikipedia.org/wiki/2018_MLS_Cup_playoffs,Conference semifinals / Eastern Conference,https://matchcenter.mlssoccer.com/matchcenter/2018-11-04-new-york-city-fc-vs-atlanta-united-fc,football-data Date/Time = UTC kickoff; wiki dates = US local; matched within 0-1 day tolerance.
2018,05/11/2018,Real Salt Lake,Sporting Kansas City,playoff,Conference semifinals / Western Conference,,https://football-data.co.uk/new/USA.csv,https://football-data.co.uk/new/USA.csv,2026-10-02T09:11:13Z,"new_USA.csv row: Season=2018, Date=05/11/2018, Home=Real Salt Lake, Away=Sporting Kansas City",59e34e47daa710a98af7705c5c2b72a270d04673c9243789f0fd81eb1738761e,2018-11-05,03:00,1,1,D,Real Salt Lake v Sporting Kansas City,https://en.wikipedia.org/wiki/2018_MLS_Cup_playoffs,Conference semifinals / Western Conference,https://matchcenter.mlssoccer.com/matchcenter/2018-11-04-real-salt-lake-vs-sporting-kansas-city,football-data Date/Time = UTC kickoff; wiki dates = US local; matched within 0-1 day tolerance.
2018,09/11/2018,Seattle Sounders,Portland Timbers,playoff,Conference semifinals / Western Conference,,https://football-data.co.uk/new/USA.csv,https://football-data.co.uk/new/USA.csv,2026-10-02T09:11:13Z,"new_USA.csv row: Season=2018, Date=09/11/2018, Home=Seattle Sounders, Away=Portland Timbers",59e34e47daa710a98af7705c5c2b72a270d04673c9243789f0fd81eb1738761e,2018-11-09,03:30,2,1,H,Seattle Sounders FC v Portland Timbers,https://en.wikipedia.org/wiki/2018_MLS_Cup_playoffs,Conference semifinals / Western Conference,https://matchcenter.mlssoccer.com/matchcenter/2018-11-08-seattle-sounders-fc-vs-portland-timbers,football-data Date/Time = UTC kickoff; wiki dates = US local; matched within 0-1 day tolerance.
2018,11/11/2018,Sporting Kansas City,Real Salt Lake,playoff,Conference semifinals / Western Conference,,https://football-data.co.uk/new/USA.csv,https://football-data.co.uk/new/USA.csv,2026-10-02T09:11:13Z,"new_USA.csv row: Season=2018, Date=11/11/2018, Home=Sporting Kansas City, Away=Real Salt Lake",59e34e47daa710a98af7705c5c2b72a270d04673c9243789f0fd81eb1738761e,2018-11-11,20:00,4,2,H,Sporting Kansas City v Real Salt Lake,https://en.wikipedia.org/wiki/2018_MLS_Cup_playoffs,Conference semifinals / Western Conference,https://matchcenter.mlssoccer.com/matchcenter/2018-11-11-sporting-kansas-city-vs-real-salt-lake,football-data Date/Time = UTC kickoff; wiki dates = US local; matched within 0-1 day tolerance.
2018,11/11/2018,Atlanta Utd,New York City,playoff,Conference semifinals / Eastern Conference,,https://football-data.co.uk/new/USA.csv,https://football-data.co.uk/new/USA.csv,2026-10-02T09:11:13Z,"new_USA.csv row: Season=2018, Date=11/11/2018, Home=Atlanta Utd, Away=New York City",59e34e47daa710a98af7705c5c2b72a270d04673c9243789f0fd81eb1738761e,2018-11-11,22:30,3,1,H,Atlanta United FC v New York City FC,https://en.wikipedia.org/wiki/2018_MLS_Cup_playoffs,Conference semifinals / Eastern Conference,https://matchcenter.mlssoccer.com/matchcenter/2018-11-11-atlanta-united-fc-vs-new-york-city-fc,football-data Date/Time = UTC kickoff; wiki dates = US local; matched within 0-1 day tolerance.
2018,12/11/2018,New York Red Bulls,Columbus Crew,playoff,Conference semifinals / Eastern Conference,,https://football-data.co.uk/new/USA.csv,https://football-data.co.uk/new/USA.csv,2026-10-02T09:11:13Z,"new_USA.csv row: Season=2018, Date=12/11/2018, Home=New York Red Bulls, Away=Columbus Crew",59e34e47daa710a98af7705c5c2b72a270d04673c9243789f0fd81eb1738761e,2018-11-12,00:30,3,0,H,New York Red Bulls v Columbus Crew SC,https://en.wikipedia.org/wiki/2018_MLS_Cup_playoffs,Conference semifinals / Eastern Conference,https://matchcenter.mlssoccer.com/matchcenter/2018-11-11-new-york-red-bulls-vs-columbus-crew-sc,football-data Date/Time = UTC kickoff; wiki dates = US local; matched within 0-1 day tolerance.
2018,25/11/2018,Atlanta Utd,New York Red Bulls,playoff,Conference finals / Eastern Conference,,https://football-data.co.uk/new/USA.csv,https://football-data.co.uk/new/USA.csv,2026-10-02T09:11:13Z,"new_USA.csv row: Season=2018, Date=25/11/2018, Home=Atlanta Utd, Away=New York Red Bulls",59e34e47daa710a98af7705c5c2b72a270d04673c9243789f0fd81eb1738761e,2018-11-25,22:00,3,0,H,Atlanta United FC v New York Red Bulls,https://en.wikipedia.org/wiki/2018_MLS_Cup_playoffs,Conference finals / Eastern Conference,https://matchcenter.mlssoccer.com/matchcenter/2018-11-25-atlanta-united-fc-vs-new-york-red-bulls,football-data Date/Time = UTC kickoff; wiki dates = US local; matched within 0-1 day tolerance.
2018,26/11/2018,Portland Timbers,Sporting Kansas City,playoff,Conference finals / Western Conference,,https://football-data.co.uk/new/USA.csv,https://football-data.co.uk/new/USA.csv,2026-10-02T09:11:13Z,"new_USA.csv row: Season=2018, Date=26/11/2018, Home=Portland Timbers, Away=Sporting Kansas City",59e34e47daa710a98af7705c5c2b72a270d04673c9243789f0fd81eb1738761e,2018-11-26,00:30,0,0,D,Portland Timbers v Sporting Kansas City,https://en.wikipedia.org/wiki/2018_MLS_Cup_playoffs,Conference finals / Western Conference,https://matchcenter.mlssoccer.com/matchcenter/2018-11-25-portland-timbers-vs-sporting-kansas-city,football-data Date/Time = UTC kickoff; wiki dates = US local; matched within 0-1 day tolerance.
2018,30/11/2018,New York Red Bulls,Atlanta Utd,playoff,Conference finals / Eastern Conference,,https://football-data.co.uk/new/USA.csv,https://football-data.co.uk/new/USA.csv,2026-10-02T09:11:13Z,"new_USA.csv row: Season=2018, Date=30/11/2018, Home=New York Red Bulls, Away=Atlanta Utd",59e34e47daa710a98af7705c5c2b72a270d04673c9243789f0fd81eb1738761e,2018-11-30,00:30,1,0,H,New York Red Bulls v Atlanta United FC,https://en.wikipedia.org/wiki/2018_MLS_Cup_playoffs,Conference finals / Eastern Conference,https://matchcenter.mlssoccer.com/matchcenter/2018-11-29-new-york-red-bulls-vs-atlanta-united-fc,football-data Date/Time = UTC kickoff; wiki dates = US local; matched within 0-1 day tolerance.
2018,30/11/2018,Sporting Kansas City,Portland Timbers,playoff,Conference finals / Western Conference,,https://football-data.co.uk/new/USA.csv,https://football-data.co.uk/new/USA.csv,2026-10-02T09:11:13Z,"new_USA.csv row: Season=2018, Date=30/11/2018, Home=Sporting Kansas City, Away=Portland Timbers",59e34e47daa710a98af7705c5c2b72a270d04673c9243789f0fd81eb1738761e,2018-11-30,02:30,2,3,A,Sporting Kansas City v Portland Timbers,https://en.wikipedia.org/wiki/2018_MLS_Cup_playoffs,Conference finals / Western Conference,https://matchcenter.mlssoccer.com/matchcenter/2018-11-29-sporting-kansas-city-vs-portland-timbers,football-data Date/Time = UTC kickoff; wiki dates = US local; matched within 0-1 day tolerance.
2018,09/12/2018,Atlanta Utd,Portland Timbers,playoff,MLS Cup,,https://football-data.co.uk/new/USA.csv,https://football-data.co.uk/new/USA.csv,2026-10-02T09:11:13Z,"new_USA.csv row: Season=2018, Date=09/12/2018, Home=Atlanta Utd, Away=Portland Timbers",59e34e47daa710a98af7705c5c2b72a270d04673c9243789f0fd81eb1738761e,2018-12-09,01:00,2,0,H,,https://en.wikipedia.org/wiki/2018_MLS_Cup_playoffs ; https://en.wikipedia.org/wiki/MLS_Cup_2018,MLS Cup,https://matchcenter.mlssoccer.com/matchcenter/2018-12-08-atlanta-united-fc-vs-portland-timbers/recap,football-data Date/Time = UTC kickoff; wiki dates = US local; matched within 0-1 day tolerance.
2019,19/10/2019,Atlanta Utd,New England Revolution,playoff,First round / Eastern Conference,,https://football-data.co.uk/new/USA.csv,https://football-data.co.uk/new/USA.csv,2026-10-02T09:11:13Z,"new_USA.csv row: Season=2019, Date=19/10/2019, Home=Atlanta Utd, Away=New England Revolution",59e34e47daa710a98af7705c5c2b72a270d04673c9243789f0fd81eb1738761e,2019-10-19,18:00,1,0,H,,https://en.wikipedia.org/wiki/2019_MLS_Cup_playoffs,First round / Eastern Conference,https://matchcenter.mlssoccer.com/matchcenter/2019-10-19-atlanta-united-fc-vs-new-england-revolution/recap,football-data Date/Time = UTC kickoff; wiki dates = US local; matched within 0-1 day tolerance.
2019,19/10/2019,Seattle Sounders,FC Dallas,playoff,First round / Western Conference,,https://football-data.co.uk/new/USA.csv,https://football-data.co.uk/new/USA.csv,2026-10-02T09:11:13Z,"new_USA.csv row: Season=2019, Date=19/10/2019, Home=Seattle Sounders, Away=FC Dallas",59e34e47daa710a98af7705c5c2b72a270d04673c9243789f0fd81eb1738761e,2019-10-19,20:30,3,3,D,,https://en.wikipedia.org/wiki/2019_MLS_Cup_playoffs,First round / Western Conference,https://matchcenter.mlssoccer.com/matchcenter/2019-10-19-seattle-sounders-fc-vs-fc-dallas/recap,football-data Date/Time = UTC kickoff; wiki dates = US local; matched within 0-1 day tolerance.
2019,19/10/2019,Toronto FC,DC United,playoff,First round / Eastern Conference,,https://football-data.co.uk/new/USA.csv,https://football-data.co.uk/new/USA.csv,2026-10-02T09:11:13Z,"new_USA.csv row: Season=2019, Date=19/10/2019, Home=Toronto FC, Away=DC United",59e34e47daa710a98af7705c5c2b72a270d04673c9243789f0fd81eb1738761e,2019-10-19,23:00,1,1,D,,https://en.wikipedia.org/wiki/2019_MLS_Cup_playoffs,First round / Eastern Conference,https://matchcenter.mlssoccer.com/matchcenter/2019-10-19-toronto-fc-vs-dc-united/recap,football-data Date/Time = UTC kickoff; wiki dates = US local; matched within 0-1 day tolerance.
2019,20/10/2019,Real Salt Lake,Portland Timbers,playoff,First round / Western Conference,,https://football-data.co.uk/new/USA.csv,https://football-data.co.uk/new/USA.csv,2026-10-02T09:11:13Z,"new_USA.csv row: Season=2019, Date=20/10/2019, Home=Real Salt Lake, Away=Portland Timbers",59e34e47daa710a98af7705c5c2b72a270d04673c9243789f0fd81eb1738761e,2019-10-20,03:00,2,1,H,,https://en.wikipedia.org/wiki/2019_MLS_Cup_playoffs,First round / Western Conference,https://matchcenter.mlssoccer.com/matchcenter/2019-10-19-real-salt-lake-vs-portland-timbers/recap,football-data Date/Time = UTC kickoff; wiki dates = US local; matched within 0-1 day tolerance.
2019,20/10/2019,Philadelphia Union,New York Red Bulls,playoff,First round / Eastern Conference,,https://football-data.co.uk/new/USA.csv,https://football-data.co.uk/new/USA.csv,2026-10-02T09:11:13Z,"new_USA.csv row: Season=2019, Date=20/10/2019, Home=Philadelphia Union, Away=New York Red Bulls",59e34e47daa710a98af7705c5c2b72a270d04673c9243789f0fd81eb1738761e,2019-10-20,20:00,3,3,D,,https://en.wikipedia.org/wiki/2019_MLS_Cup_playoffs,First round / Eastern Conference,https://matchcenter.mlssoccer.com/matchcenter/2019-10-20-philadelphia-union-vs-new-york-red-bulls/recap,football-data Date/Time = UTC kickoff; wiki dates = US local; matched within 0-1 day tolerance.
2019,21/10/2019,Minnesota United,Los Angeles Galaxy,playoff,First round / Western Conference,,https://football-data.co.uk/new/USA.csv,https://football-data.co.uk/new/USA.csv,2026-10-02T09:11:13Z,"new_USA.csv row: Season=2019, Date=21/10/2019, Home=Minnesota United, Away=Los Angeles Galaxy",59e34e47daa710a98af7705c5c2b72a270d04673c9243789f0fd81eb1738761e,2019-10-21,01:30,1,2,A,,https://en.wikipedia.org/wiki/2019_MLS_Cup_playoffs,First round / Western Conference,https://matchcenter.mlssoccer.com/matchcenter/2019-10-20-minnesota-united-fc-vs-la-galaxy/recap,football-data Date/Time = UTC kickoff; wiki dates = US local; matched within 0-1 day tolerance.
2019,24/10/2019,New York City,Toronto FC,playoff,Conference semifinals / Eastern Conference,,https://football-data.co.uk/new/USA.csv,https://football-data.co.uk/new/USA.csv,2026-10-02T09:11:13Z,"new_USA.csv row: Season=2019, Date=24/10/2019, Home=New York City, Away=Toronto FC",59e34e47daa710a98af7705c5c2b72a270d04673c9243789f0fd81eb1738761e,2019-10-24,00:00,1,2,A,,https://en.wikipedia.org/wiki/2019_MLS_Cup_playoffs,Conference semifinals / Eastern Conference,https://matchcenter.mlssoccer.com/matchcenter/2019-10-23-new-york-city-fc-vs-toronto-fc/recap,football-data Date/Time = UTC kickoff; wiki dates = US local; matched within 0-1 day tolerance.
2019,24/10/2019,Seattle Sounders,Real Salt Lake,playoff,Conference semifinals / Western Conference,,https://football-data.co.uk/new/USA.csv,https://football-data.co.uk/new/USA.csv,2026-10-02T09:11:13Z,"new_USA.csv row: Season=2019, Date=24/10/2019, Home=Seattle Sounders, Away=Real Salt Lake",59e34e47daa710a98af7705c5c2b72a270d04673c9243789f0fd81eb1738761e,2019-10-24,03:00,2,0,H,,https://en.wikipedia.org/wiki/2019_MLS_Cup_playoffs,Conference semifinals / Western Conference,https://matchcenter.mlssoccer.com/matchcenter/2019-10-23-seattle-sounders-fc-vs-real-salt-lake/recap,football-data Date/Time = UTC kickoff; wiki dates = US local; matched within 0-1 day tolerance.
2019,25/10/2019,Atlanta Utd,Philadelphia Union,playoff,Conference semifinals / Eastern Conference,,https://football-data.co.uk/new/USA.csv,https://football-data.co.uk/new/USA.csv,2026-10-02T09:11:13Z,"new_USA.csv row: Season=2019, Date=25/10/2019, Home=Atlanta Utd, Away=Philadelphia Union",59e34e47daa710a98af7705c5c2b72a270d04673c9243789f0fd81eb1738761e,2019-10-25,01:00,2,0,H,,https://en.wikipedia.org/wiki/2019_MLS_Cup_playoffs,Conference semifinals / Eastern Conference,https://matchcenter.mlssoccer.com/matchcenter/2019-10-24-atlanta-united-fc-vs-philadelphia-union/recap,football-data Date/Time = UTC kickoff; wiki dates = US local; matched within 0-1 day tolerance.
2019,25/10/2019,Los Angeles FC,Los Angeles Galaxy,playoff,Conference semifinals / Western Conference,,https://football-data.co.uk/new/USA.csv,https://football-data.co.uk/new/USA.csv,2026-10-02T09:11:13Z,"new_USA.csv row: Season=2019, Date=25/10/2019, Home=Los Angeles FC, Away=Los Angeles Galaxy",59e34e47daa710a98af7705c5c2b72a270d04673c9243789f0fd81eb1738761e,2019-10-25,03:30,5,3,H,,https://en.wikipedia.org/wiki/2019_MLS_Cup_playoffs,Conference semifinals / Western Conference,https://matchcenter.mlssoccer.com/matchcenter/2019-10-24-los-angeles-football-club-vs-la-galaxy/recap,football-data Date/Time = UTC kickoff; wiki dates = US local; matched within 0-1 day tolerance.
2019,30/10/2019,Los Angeles FC,Seattle Sounders,playoff,Conference finals / Western Conference,,https://football-data.co.uk/new/USA.csv,https://football-data.co.uk/new/USA.csv,2026-10-02T09:11:13Z,"new_USA.csv row: Season=2019, Date=30/10/2019, Home=Los Angeles FC, Away=Seattle Sounders",59e34e47daa710a98af7705c5c2b72a270d04673c9243789f0fd81eb1738761e,2019-10-30, 02:00,1,3,A,,https://en.wikipedia.org/wiki/2019_MLS_Cup_playoffs,Conference finals / Western Conference,https://matchcenter.mlssoccer.com/matchcenter/2019-10-29-los-angeles-football-club-vs-seattle-sounders-fc/recap,football-data Date/Time = UTC kickoff; wiki dates = US local; matched within 0-1 day tolerance.
2019,31/10/2019,Atlanta Utd,Toronto FC,playoff,Conference finals / Eastern Conference,,https://football-data.co.uk/new/USA.csv,https://football-data.co.uk/new/USA.csv,2026-10-02T09:11:13Z,"new_USA.csv row: Season=2019, Date=31/10/2019, Home=Atlanta Utd, Away=Toronto FC",59e34e47daa710a98af7705c5c2b72a270d04673c9243789f0fd81eb1738761e,2019-10-31, 00:00,1,2,A,,https://en.wikipedia.org/wiki/2019_MLS_Cup_playoffs,Conference finals / Eastern Conference,https://matchcenter.mlssoccer.com/matchcenter/2019-10-30-atlanta-united-fc-vs-toronto-fc/recap,football-data Date/Time = UTC kickoff; wiki dates = US local; matched within 0-1 day tolerance.
2019,10/11/2019,Seattle Sounders,Toronto FC,playoff,MLS Cup,,https://football-data.co.uk/new/USA.csv,https://football-data.co.uk/new/USA.csv,2026-10-02T09:11:13Z,"new_USA.csv row: Season=2019, Date=10/11/2019, Home=Seattle Sounders, Away=Toronto FC",59e34e47daa710a98af7705c5c2b72a270d04673c9243789f0fd81eb1738761e,2019-11-10,20:00,3,1,H,,https://en.wikipedia.org/wiki/2019_MLS_Cup_playoffs ; https://en.wikipedia.org/wiki/MLS_Cup_2019,MLS Cup,https://www.mlssoccer.com/matchcenter/seavstor-11-10-2019/,football-data Date/Time = UTC kickoff; wiki dates = US local; matched within 0-1 day tolerance.
2020,26/07/2020,Orlando City,CF Montreal,MLS-is-Back-knockout,Round of 16,,https://football-data.co.uk/new/USA.csv,https://football-data.co.uk/new/USA.csv,2026-10-02T09:11:13Z,"new_USA.csv row: Season=2020, Date=26/07/2020, Home=Orlando City, Away=CF Montreal",59e34e47daa710a98af7705c5c2b72a270d04673c9243789f0fd81eb1738761e,2020-07-26,01:00,1,0,H,,https://en.wikipedia.org/wiki/MLS_is_Back_Tournament,Knockout stage / Round of 16,https://matchcenter.mlssoccer.com/matchcenter/2020-07-25-orlando-city-sc-vs-montreal-impact/boxscore,football-data Date/Time = UTC kickoff; wiki dates = US local; matched within 0-1 day tolerance.
2020,26/07/2020,Philadelphia Union,New England Revolution,MLS-is-Back-knockout,Round of 16,,https://football-data.co.uk/new/USA.csv,https://football-data.co.uk/new/USA.csv,2026-10-02T09:11:13Z,"new_USA.csv row: Season=2020, Date=26/07/2020, Home=Philadelphia Union, Away=New England Revolution",59e34e47daa710a98af7705c5c2b72a270d04673c9243789f0fd81eb1738761e,2020-07-26,03:30,1,0,H,,https://en.wikipedia.org/wiki/MLS_is_Back_Tournament,Knockout stage / Round of 16,https://matchcenter.mlssoccer.com/matchcenter/2020-07-25-philadelphia-union-vs-new-england-revolution/boxscore,football-data Date/Time = UTC kickoff; wiki dates = US local; matched within 0-1 day tolerance.
2020,27/07/2020,Toronto FC,New York City,MLS-is-Back-knockout,Round of 16,,https://football-data.co.uk/new/USA.csv,https://football-data.co.uk/new/USA.csv,2026-10-02T09:11:13Z,"new_USA.csv row: Season=2020, Date=27/07/2020, Home=Toronto FC, Away=New York City",59e34e47daa710a98af7705c5c2b72a270d04673c9243789f0fd81eb1738761e,2020-07-27,01:30,1,3,A,,https://en.wikipedia.org/wiki/MLS_is_Back_Tournament,Knockout stage / Round of 16,https://matchcenter.mlssoccer.com/matchcenter/2020-07-26-toronto-fc-vs-new-york-city-fc/boxscore,football-data Date/Time = UTC kickoff; wiki dates = US local; matched within 0-1 day tolerance.
2020,27/07/2020,Sporting Kansas City,Vancouver Whitecaps,MLS-is-Back-knockout,Round of 16,,https://football-data.co.uk/new/USA.csv,https://football-data.co.uk/new/USA.csv,2026-10-02T09:11:13Z,"new_USA.csv row: Season=2020, Date=27/07/2020, Home=Sporting Kansas City, Away=Vancouver Whitecaps",59e34e47daa710a98af7705c5c2b72a270d04673c9243789f0fd81eb1738761e,2020-07-27,04:00,0,0,D,,https://en.wikipedia.org/wiki/MLS_is_Back_Tournament,Knockout stage / Round of 16,https://matchcenter.mlssoccer.com/matchcenter/2020-07-26-sporting-kansas-city-vs-vancouver-whitecaps-fc/boxscore,football-data Date/Time = UTC kickoff; wiki dates = US local; matched within 0-1 day tolerance.
2020,28/07/2020,San Jose Earthquakes,Real Salt Lake,MLS-is-Back-knockout,Round of 16,,https://football-data.co.uk/new/USA.csv,https://football-data.co.uk/new/USA.csv,2026-10-02T09:11:13Z,"new_USA.csv row: Season=2020, Date=28/07/2020, Home=San Jose Earthquakes, Away=Real Salt Lake",59e34e47daa710a98af7705c5c2b72a270d04673c9243789f0fd81eb1738761e,2020-07-28,01:30,5,2,H,,https://en.wikipedia.org/wiki/MLS_is_Back_Tournament,Knockout stage / Round of 16,https://matchcenter.mlssoccer.com/matchcenter/2020-07-27-san-jose-earthquakes-vs-real-salt-lake/boxscore,football-data Date/Time = UTC kickoff; wiki dates = US local; matched within 0-1 day tolerance.
2020,28/07/2020,Seattle Sounders,Los Angeles FC,MLS-is-Back-knockout,Round of 16,,https://football-data.co.uk/new/USA.csv,https://football-data.co.uk/new/USA.csv,2026-10-02T09:11:13Z,"new_USA.csv row: Season=2020, Date=28/07/2020, Home=Seattle Sounders, Away=Los Angeles FC",59e34e47daa710a98af7705c5c2b72a270d04673c9243789f0fd81eb1738761e,2020-07-28,04:00,1,4,A,,https://en.wikipedia.org/wiki/MLS_is_Back_Tournament,Knockout stage / Round of 16,https://matchcenter.mlssoccer.com/matchcenter/2020-07-27-seattle-sounders-fc-vs-los-angeles-football-club/boxscore,football-data Date/Time = UTC kickoff; wiki dates = US local; matched within 0-1 day tolerance.
2020,29/07/2020,Columbus Crew,Minnesota United,MLS-is-Back-knockout,Round of 16,,https://football-data.co.uk/new/USA.csv,https://football-data.co.uk/new/USA.csv,2026-10-02T09:11:13Z,"new_USA.csv row: Season=2020, Date=29/07/2020, Home=Columbus Crew, Away=Minnesota United",59e34e47daa710a98af7705c5c2b72a270d04673c9243789f0fd81eb1738761e,2020-07-29,01:00,1,1,D,,https://en.wikipedia.org/wiki/MLS_is_Back_Tournament,Knockout stage / Round of 16,https://matchcenter.mlssoccer.com/matchcenter/2020-07-28-columbus-crew-sc-vs-minnesota-united-fc/boxscore,football-data Date/Time = UTC kickoff; wiki dates = US local; matched within 0-1 day tolerance.
2020,29/07/2020,Portland Timbers,FC Cincinnati,MLS-is-Back-knockout,Round of 16,,https://football-data.co.uk/new/USA.csv,https://football-data.co.uk/new/USA.csv,2026-10-02T09:11:13Z,"new_USA.csv row: Season=2020, Date=29/07/2020, Home=Portland Timbers, Away=FC Cincinnati",59e34e47daa710a98af7705c5c2b72a270d04673c9243789f0fd81eb1738761e,2020-07-29,03:30,1,1,D,,https://en.wikipedia.org/wiki/MLS_is_Back_Tournament,Knockout stage / Round of 16,https://matchcenter.mlssoccer.com/matchcenter/2020-07-28-portland-timbers-vs-fc-cincinnati/boxscore,football-data Date/Time = UTC kickoff; wiki dates = US local; matched within 0-1 day tolerance.
2020,31/07/2020,Philadelphia Union,Sporting Kansas City,MLS-is-Back-knockout,Quarter-finals,,https://football-data.co.uk/new/USA.csv,https://football-data.co.uk/new/USA.csv,2026-10-02T09:11:13Z,"new_USA.csv row: Season=2020, Date=31/07/2020, Home=Philadelphia Union, Away=Sporting Kansas City",59e34e47daa710a98af7705c5c2b72a270d04673c9243789f0fd81eb1738761e,2020-07-31,01:00,3,1,H,,https://en.wikipedia.org/wiki/MLS_is_Back_Tournament,Knockout stage / Quarter-finals,https://matchcenter.mlssoccer.com/matchcenter/2020-07-30-philadelphia-union-vs-sporting-kansas-city/boxscore,football-data Date/Time = UTC kickoff; wiki dates = US local; matched within 0-1 day tolerance.
2020,01/08/2020,Orlando City,Los Angeles FC,MLS-is-Back-knockout,Quarter-finals,,https://football-data.co.uk/new/USA.csv,https://football-data.co.uk/new/USA.csv,2026-10-02T09:11:13Z,"new_USA.csv row: Season=2020, Date=01/08/2020, Home=Orlando City, Away=Los Angeles FC",59e34e47daa710a98af7705c5c2b72a270d04673c9243789f0fd81eb1738761e,2020-08-01,00:30,1,1,D,,https://en.wikipedia.org/wiki/MLS_is_Back_Tournament,Knockout stage / Quarter-finals,https://matchcenter.mlssoccer.com/matchcenter/2020-07-31-orlando-city-sc-vs-los-angeles-football-club/boxscore,football-data Date/Time = UTC kickoff; wiki dates = US local; matched within 0-1 day tolerance.
2020,02/08/2020,San Jose Earthquakes,Minnesota United,MLS-is-Back-knockout,Quarter-finals,,https://football-data.co.uk/new/USA.csv,https://football-data.co.uk/new/USA.csv,2026-10-02T09:11:13Z,"new_USA.csv row: Season=2020, Date=02/08/2020, Home=San Jose Earthquakes, Away=Minnesota United",59e34e47daa710a98af7705c5c2b72a270d04673c9243789f0fd81eb1738761e,2020-08-02,01:00,1,4,A,,https://en.wikipedia.org/wiki/MLS_is_Back_Tournament,Knockout stage / Quarter-finals,https://matchcenter.mlssoccer.com/matchcenter/2020-08-01-san-jose-earthquakes-vs-minnesota-united-fc/preview,football-data Date/Time = UTC kickoff; wiki dates = US local; matched within 0-1 day tolerance.
2020,02/08/2020,New York City,Portland Timbers,MLS-is-Back-knockout,Quarter-finals,,https://football-data.co.uk/new/USA.csv,https://football-data.co.uk/new/USA.csv,2026-10-02T09:11:13Z,"new_USA.csv row: Season=2020, Date=02/08/2020, Home=New York City, Away=Portland Timbers",59e34e47daa710a98af7705c5c2b72a270d04673c9243789f0fd81eb1738761e,2020-08-02,03:30,1,3,A,,https://en.wikipedia.org/wiki/MLS_is_Back_Tournament,Knockout stage / Quarter-finals,https://matchcenter.mlssoccer.com/matchcenter/2020-08-01-new-york-city-fc-vs-portland-timbers/boxscore,football-data Date/Time = UTC kickoff; wiki dates = US local; matched within 0-1 day tolerance.
2020,06/08/2020,Philadelphia Union,Portland Timbers,MLS-is-Back-knockout,Semi-finals,,https://football-data.co.uk/new/USA.csv,https://football-data.co.uk/new/USA.csv,2026-10-02T09:11:13Z,"new_USA.csv row: Season=2020, Date=06/08/2020, Home=Philadelphia Union, Away=Portland Timbers",59e34e47daa710a98af7705c5c2b72a270d04673c9243789f0fd81eb1738761e,2020-08-06,01:00,1,2,A,,https://en.wikipedia.org/wiki/MLS_is_Back_Tournament,Knockout stage / Semi-finals,https://matchcenter.mlssoccer.com/matchcenter/2020-08-05-philadelphia-union-vs-portland-timbers/boxscore,football-data Date/Time = UTC kickoff; wiki dates = US local; matched within 0-1 day tolerance.
2020,07/08/2020,Orlando City,Minnesota United,MLS-is-Back-knockout,Semi-finals,,https://football-data.co.uk/new/USA.csv,https://football-data.co.uk/new/USA.csv,2026-10-02T09:11:13Z,"new_USA.csv row: Season=2020, Date=07/08/2020, Home=Orlando City, Away=Minnesota United",59e34e47daa710a98af7705c5c2b72a270d04673c9243789f0fd81eb1738761e,2020-08-07,01:00,3,1,H,,https://en.wikipedia.org/wiki/MLS_is_Back_Tournament,Knockout stage / Semi-finals,https://matchcenter.mlssoccer.com/matchcenter/2020-08-06-orlando-city-sc-vs-minnesota-united-fc/boxscore,football-data Date/Time = UTC kickoff; wiki dates = US local; matched within 0-1 day tolerance.
2020,12/08/2020,Portland Timbers,Orlando City,MLS-is-Back-knockout,Final,,https://football-data.co.uk/new/USA.csv,https://football-data.co.uk/new/USA.csv,2026-10-02T09:11:13Z,"new_USA.csv row: Season=2020, Date=12/08/2020, Home=Portland Timbers, Away=Orlando City",59e34e47daa710a98af7705c5c2b72a270d04673c9243789f0fd81eb1738761e,2020-08-12,01:30,2,1,H,"|date         = August 11, 2020",https://en.wikipedia.org/wiki/MLS_is_Back_Tournament ; https://en.wikipedia.org/wiki/MLS_is_Back_Tournament_final,Knockout stage / Final,https://web.archive.org/web/20201129051329/https://matchcenter.mlssoccer.com/matchcenter/2020-08-11-portland-timbers-vs-orlando-city-sc/feed,football-data Date/Time = UTC kickoff; wiki dates = US local; matched within 0-1 day tolerance.
2020,20/11/2020,New England Revolution,CF Montreal,playoff,Play-in round,,https://football-data.co.uk/new/USA.csv,https://football-data.co.uk/new/USA.csv,2026-10-02T09:11:13Z,"new_USA.csv row: Season=2020, Date=20/11/2020, Home=New England Revolution, Away=CF Montreal",59e34e47daa710a98af7705c5c2b72a270d04673c9243789f0fd81eb1738761e,2020-11-20,23:30,2,1,H,,https://en.wikipedia.org/wiki/2020_MLS_Cup_playoffs,Play-in round,https://matchcenter.mlssoccer.com/matchcenter/2020-11-20-new-england-revolution-vs-montreal-impact/recap,football-data Date/Time = UTC kickoff; wiki dates = US local; matched within 0-1 day tolerance.
2020,21/11/2020,Nashville SC,Inter Miami,playoff,Play-in round,,https://football-data.co.uk/new/USA.csv,https://football-data.co.uk/new/USA.csv,2026-10-02T09:11:13Z,"new_USA.csv row: Season=2020, Date=21/11/2020, Home=Nashville SC, Away=Inter Miami",59e34e47daa710a98af7705c5c2b72a270d04673c9243789f0fd81eb1738761e,2020-11-21,02:00,3,0,H,,https://en.wikipedia.org/wiki/2020_MLS_Cup_playoffs,Play-in round,https://matchcenter.mlssoccer.com/matchcenter/2020-11-20-nashville-sc-vs-inter-miami-cf/recap,football-data Date/Time = UTC kickoff; wiki dates = US local; matched within 0-1 day tolerance.
2020,21/11/2020,Orlando City,New York City,playoff,First round / Eastern Conference,,https://football-data.co.uk/new/USA.csv,https://football-data.co.uk/new/USA.csv,2026-10-02T09:11:13Z,"new_USA.csv row: Season=2020, Date=21/11/2020, Home=Orlando City, Away=New York City",59e34e47daa710a98af7705c5c2b72a270d04673c9243789f0fd81eb1738761e,2020-11-21,17:00,1,1,D,,https://en.wikipedia.org/wiki/2020_MLS_Cup_playoffs,First round / Eastern Conference,https://matchcenter.mlssoccer.com/matchcenter/2020-11-21-orlando-city-sc-vs-new-york-city-fc/recap,football-data Date/Time = UTC kickoff; wiki dates = US local; matched within 0-1 day tolerance.
2020,21/11/2020,Columbus Crew,New York Red Bulls,playoff,First round / Eastern Conference,,https://football-data.co.uk/new/USA.csv,https://football-data.co.uk/new/USA.csv,2026-10-02T09:11:13Z,"new_USA.csv row: Season=2020, Date=21/11/2020, Home=Columbus Crew, Away=New York Red Bulls",59e34e47daa710a98af7705c5c2b72a270d04673c9243789f0fd81eb1738761e,2020-11-21,20:00,3,2,H,,https://en.wikipedia.org/wiki/2020_MLS_Cup_playoffs,First round / Eastern Conference,https://matchcenter.mlssoccer.com/matchcenter/2020-11-21-columbus-crew-sc-vs-new-york-red-bulls/recap,football-data Date/Time = UTC kickoff; wiki dates = US local; matched within 0-1 day tolerance.
2020,22/11/2020,Sporting Kansas City,San Jose Earthquakes,playoff,First round / Western Conference,,https://football-data.co.uk/new/USA.csv,https://football-data.co.uk/new/USA.csv,2026-10-02T09:11:13Z,"new_USA.csv row: Season=2020, Date=22/11/2020, Home=Sporting Kansas City, Away=San Jose Earthquakes",59e34e47daa710a98af7705c5c2b72a270d04673c9243789f0fd81eb1738761e,2020-11-22,21:00,3,3,D,,https://en.wikipedia.org/wiki/2020_MLS_Cup_playoffs,First round / Western Conference,https://matchcenter.mlssoccer.com/matchcenter/2020-11-22-sporting-kansas-city-vs-san-jose-earthquakes/recap,football-data Date/Time = UTC kickoff; wiki dates = US local; matched within 0-1 day tolerance.
2020,23/11/2020,Minnesota United,Colorado Rapids,playoff,First round / Western Conference,,https://football-data.co.uk/new/USA.csv,https://football-data.co.uk/new/USA.csv,2026-10-02T09:11:13Z,"new_USA.csv row: Season=2020, Date=23/11/2020, Home=Minnesota United, Away=Colorado Rapids",59e34e47daa710a98af7705c5c2b72a270d04673c9243789f0fd81eb1738761e,2020-11-23,00:30,3,0,H,,https://en.wikipedia.org/wiki/2020_MLS_Cup_playoffs,First round / Western Conference,https://matchcenter.mlssoccer.com/matchcenter/2020-11-22-minnesota-united-fc-vs-colorado-rapids/recap,football-data Date/Time = UTC kickoff; wiki dates = US local; matched within 0-1 day tolerance.
2020,23/11/2020,Portland Timbers,FC Dallas,playoff,First round / Western Conference,,https://football-data.co.uk/new/USA.csv,https://football-data.co.uk/new/USA.csv,2026-10-02T09:11:13Z,"new_USA.csv row: Season=2020, Date=23/11/2020, Home=Portland Timbers, Away=FC Dallas",59e34e47daa710a98af7705c5c2b72a270d04673c9243789f0fd81eb1738761e,2020-11-23,03:00,1,1,D,,https://en.wikipedia.org/wiki/2020_MLS_Cup_playoffs,First round / Western Conference,https://matchcenter.mlssoccer.com/matchcenter/2020-11-22-portland-timbers-vs-fc-dallas/recap,football-data Date/Time = UTC kickoff; wiki dates = US local; matched within 0-1 day tolerance.
2020,24/11/2020,Toronto FC,Nashville SC,playoff,First round / Eastern Conference,,https://football-data.co.uk/new/USA.csv,https://football-data.co.uk/new/USA.csv,2026-10-02T09:11:13Z,"new_USA.csv row: Season=2020, Date=24/11/2020, Home=Toronto FC, Away=Nashville SC",59e34e47daa710a98af7705c5c2b72a270d04673c9243789f0fd81eb1738761e,2020-11-24,23:00,0,0,D,,https://en.wikipedia.org/wiki/2020_MLS_Cup_playoffs,First round / Eastern Conference,https://matchcenter.mlssoccer.com/matchcenter/2020-11-24-toronto-fc-vs-nashville-sc/recap,football-data Date/Time = UTC kickoff; wiki dates = US local; matched within 0-1 day tolerance.
2020,25/11/2020,Philadelphia Union,New England Revolution,playoff,First round / Eastern Conference,,https://football-data.co.uk/new/USA.csv,https://football-data.co.uk/new/USA.csv,2026-10-02T09:11:13Z,"new_USA.csv row: Season=2020, Date=25/11/2020, Home=Philadelphia Union, Away=New England Revolution",59e34e47daa710a98af7705c5c2b72a270d04673c9243789f0fd81eb1738761e,2020-11-25,01:00,0,2,A,,https://en.wikipedia.org/wiki/2020_MLS_Cup_playoffs,First round / Eastern Conference,https://matchcenter.mlssoccer.com/matchcenter/2020-11-24-philadelphia-union-vs-new-england-revolution/recap,football-data Date/Time = UTC kickoff; wiki dates = US local; matched within 0-1 day tolerance.
2020,25/11/2020,Seattle Sounders,Los Angeles FC,playoff,First round / Western Conference,,https://football-data.co.uk/new/USA.csv,https://football-data.co.uk/new/USA.csv,2026-10-02T09:11:13Z,"new_USA.csv row: Season=2020, Date=25/11/2020, Home=Seattle Sounders, Away=Los Angeles FC",59e34e47daa710a98af7705c5c2b72a270d04673c9243789f0fd81eb1738761e,2020-11-25,03:30,3,1,H,,https://en.wikipedia.org/wiki/2020_MLS_Cup_playoffs,First round / Western Conference,https://matchcenter.mlssoccer.com/matchcenter/2020-11-24-seattle-sounders-fc-vs-los-angeles-football-club/recap,football-data Date/Time = UTC kickoff; wiki dates = US local; matched within 0-1 day tolerance.
2020,29/11/2020,Orlando City,New England Revolution,playoff,Conference semifinals / Eastern Conference,,https://football-data.co.uk/new/USA.csv,https://football-data.co.uk/new/USA.csv,2026-10-02T09:11:13Z,"new_USA.csv row: Season=2020, Date=29/11/2020, Home=Orlando City, Away=New England Revolution",59e34e47daa710a98af7705c5c2b72a270d04673c9243789f0fd81eb1738761e,2020-11-29,20:00,1,3,A,,https://en.wikipedia.org/wiki/2020_MLS_Cup_playoffs,Conference semifinals / Eastern Conference,https://matchcenter.mlssoccer.com/matchcenter/2020-11-29-orlando-city-sc-vs-new-england-revolution/recap,football-data Date/Time = UTC kickoff; wiki dates = US local; matched within 0-1 day tolerance.
2020,30/11/2020,Columbus Crew,Nashville SC,playoff,Conference semifinals / Eastern Conference,,https://football-data.co.uk/new/USA.csv,https://football-data.co.uk/new/USA.csv,2026-10-02T09:11:13Z,"new_USA.csv row: Season=2020, Date=30/11/2020, Home=Columbus Crew, Away=Nashville SC",59e34e47daa710a98af7705c5c2b72a270d04673c9243789f0fd81eb1738761e,2020-11-30,01:00,0,0,D,,https://en.wikipedia.org/wiki/2020_MLS_Cup_playoffs,Conference semifinals / Eastern Conference,https://matchcenter.mlssoccer.com/matchcenter/2020-11-29-columbus-crew-sc-vs-nashville-sc/recap,football-data Date/Time = UTC kickoff; wiki dates = US local; matched within 0-1 day tolerance.
2020,02/12/2020,Seattle Sounders,FC Dallas,playoff,Conference semifinals / Western Conference,,https://football-data.co.uk/new/USA.csv,https://football-data.co.uk/new/USA.csv,2026-10-02T09:11:13Z,"new_USA.csv row: Season=2020, Date=02/12/2020, Home=Seattle Sounders, Away=FC Dallas",59e34e47daa710a98af7705c5c2b72a270d04673c9243789f0fd81eb1738761e,2020-12-02,02:30,1,0,H,,https://en.wikipedia.org/wiki/2020_MLS_Cup_playoffs,Conference semifinals / Western Conference,https://matchcenter.mlssoccer.com/matchcenter/2020-12-01-seattle-sounders-fc-vs-fc-dallas/recap,football-data Date/Time = UTC kickoff; wiki dates = US local; matched within 0-1 day tolerance.
2020,04/12/2020,Sporting Kansas City,Minnesota United,playoff,Conference semifinals / Western Conference,,https://football-data.co.uk/new/USA.csv,https://football-data.co.uk/new/USA.csv,2026-10-02T09:11:13Z,"new_USA.csv row: Season=2020, Date=04/12/2020, Home=Sporting Kansas City, Away=Minnesota United",59e34e47daa710a98af7705c5c2b72a270d04673c9243789f0fd81eb1738761e,2020-12-04,01:30,0,3,A,,https://en.wikipedia.org/wiki/2020_MLS_Cup_playoffs,Conference semifinals / Western Conference,https://matchcenter.mlssoccer.com/matchcenter/2020-12-03-sporting-kansas-city-vs-minnesota-united-fc/recap,football-data Date/Time = UTC kickoff; wiki dates = US local; matched within 0-1 day tolerance.
2020,06/12/2020,Columbus Crew,New England Revolution,playoff,Conference finals / Eastern Conference,,https://football-data.co.uk/new/USA.csv,https://football-data.co.uk/new/USA.csv,2026-10-02T09:11:13Z,"new_USA.csv row: Season=2020, Date=06/12/2020, Home=Columbus Crew, Away=New England Revolution",59e34e47daa710a98af7705c5c2b72a270d04673c9243789f0fd81eb1738761e,2020-12-06,20:00,1,0,H,,https://en.wikipedia.org/wiki/2020_MLS_Cup_playoffs,Conference finals / Eastern Conference,https://matchcenter.mlssoccer.com/matchcenter/2020-12-06-columbus-crew-sc-vs-new-england-revolution/recap,football-data Date/Time = UTC kickoff; wiki dates = US local; matched within 0-1 day tolerance.
2020,08/12/2020,Seattle Sounders,Minnesota United,playoff,Conference finals / Western Conference,,https://football-data.co.uk/new/USA.csv,https://football-data.co.uk/new/USA.csv,2026-10-02T09:11:13Z,"new_USA.csv row: Season=2020, Date=08/12/2020, Home=Seattle Sounders, Away=Minnesota United",59e34e47daa710a98af7705c5c2b72a270d04673c9243789f0fd81eb1738761e,2020-12-08,02:30,3,2,H,,https://en.wikipedia.org/wiki/2020_MLS_Cup_playoffs,Conference finals / Western Conference,https://matchcenter.mlssoccer.com/matchcenter/2020-12-07-seattle-sounders-fc-vs-minnesota-united-fc/recap,football-data Date/Time = UTC kickoff; wiki dates = US local; matched within 0-1 day tolerance.
2020,13/12/2020,Columbus Crew,Seattle Sounders,playoff,MLS Cup,,https://football-data.co.uk/new/USA.csv,https://football-data.co.uk/new/USA.csv,2026-10-02T09:11:13Z,"new_USA.csv row: Season=2020, Date=13/12/2020, Home=Columbus Crew, Away=Seattle Sounders",59e34e47daa710a98af7705c5c2b72a270d04673c9243789f0fd81eb1738761e,2020-12-13,01:30,3,0,H,,https://en.wikipedia.org/wiki/2020_MLS_Cup_playoffs ; https://en.wikipedia.org/wiki/MLS_Cup_2020,MLS Cup,https://matchcenter.mlssoccer.com/matchcenter/2020-12-12-columbus-crew-sc-vs-seattle-sounders-fc/boxscore,football-data Date/Time = UTC kickoff; wiki dates = US local; matched within 0-1 day tolerance.
2021,20/11/2021,Philadelphia Union,New York Red Bulls,playoff,First round / Eastern Conference,,https://football-data.co.uk/new/USA.csv,https://football-data.co.uk/new/USA.csv,2026-10-02T09:11:13Z,"new_USA.csv row: Season=2021, Date=20/11/2021, Home=Philadelphia Union, Away=New York Red Bulls",59e34e47daa710a98af7705c5c2b72a270d04673c9243789f0fd81eb1738761e,2021-11-20,19:30,0,0,D,,https://en.wikipedia.org/wiki/2021_MLS_Cup_playoffs,First round / Eastern Conference,https://www.mlssoccer.com/competitions/mls-cup-playoffs/2021/matches/phivsrbny-11-20-2021/,football-data Date/Time = UTC kickoff; wiki dates = US local; matched within 0-1 day tolerance.
2021,20/11/2021,Sporting Kansas City,Vancouver Whitecaps,playoff,First round / Western Conference,,https://football-data.co.uk/new/USA.csv,https://football-data.co.uk/new/USA.csv,2026-10-02T09:11:13Z,"new_USA.csv row: Season=2021, Date=20/11/2021, Home=Sporting Kansas City, Away=Vancouver Whitecaps",59e34e47daa710a98af7705c5c2b72a270d04673c9243789f0fd81eb1738761e,2021-11-20,22:00,3,1,H,,https://en.wikipedia.org/wiki/2021_MLS_Cup_playoffs,First round / Western Conference,https://www.mlssoccer.com/competitions/mls-cup-playoffs/2021/matches/skcvsvan-11-20-2021/,football-data Date/Time = UTC kickoff; wiki dates = US local; matched within 0-1 day tolerance.
2021,21/11/2021,New York City,Atlanta Utd,playoff,First round / Eastern Conference,,https://football-data.co.uk/new/USA.csv,https://football-data.co.uk/new/USA.csv,2026-10-02T09:11:13Z,"new_USA.csv row: Season=2021, Date=21/11/2021, Home=New York City, Away=Atlanta Utd",59e34e47daa710a98af7705c5c2b72a270d04673c9243789f0fd81eb1738761e,2021-11-21,20:00,2,0,H,,https://en.wikipedia.org/wiki/2021_MLS_Cup_playoffs,First round / Eastern Conference,https://www.mlssoccer.com/competitions/mls-cup-playoffs/2021/matches/nycvsatl-11-21-2021/,football-data Date/Time = UTC kickoff; wiki dates = US local; matched within 0-1 day tolerance.
2021,21/11/2021,Portland Timbers,Minnesota United,playoff,First round / Western Conference,,https://football-data.co.uk/new/USA.csv,https://football-data.co.uk/new/USA.csv,2026-10-02T09:11:13Z,"new_USA.csv row: Season=2021, Date=21/11/2021, Home=Portland Timbers, Away=Minnesota United",59e34e47daa710a98af7705c5c2b72a270d04673c9243789f0fd81eb1738761e,2021-11-21,22:30,3,1,H,,https://en.wikipedia.org/wiki/2021_MLS_Cup_playoffs,First round / Western Conference,https://www.mlssoccer.com/competitions/mls-cup-playoffs/2021/matches/porvsmin-11-21-2021/,football-data Date/Time = UTC kickoff; wiki dates = US local; matched within 0-1 day tolerance.
2021,24/11/2021,Nashville SC,Orlando City,playoff,First round / Eastern Conference,,https://football-data.co.uk/new/USA.csv,https://football-data.co.uk/new/USA.csv,2026-10-02T09:11:13Z,"new_USA.csv row: Season=2021, Date=24/11/2021, Home=Nashville SC, Away=Orlando City",59e34e47daa710a98af7705c5c2b72a270d04673c9243789f0fd81eb1738761e,2021-11-24,01:00,3,1,H,,https://en.wikipedia.org/wiki/2021_MLS_Cup_playoffs,First round / Eastern Conference,https://www.mlssoccer.com/competitions/mls-cup-playoffs/2021/matches/nshvsorl-11-23-2021/,football-data Date/Time = UTC kickoff; wiki dates = US local; matched within 0-1 day tolerance.
2021,24/11/2021,Seattle Sounders,Real Salt Lake,playoff,First round / Western Conference,,https://football-data.co.uk/new/USA.csv,https://football-data.co.uk/new/USA.csv,2026-10-02T09:11:13Z,"new_USA.csv row: Season=2021, Date=24/11/2021, Home=Seattle Sounders, Away=Real Salt Lake",59e34e47daa710a98af7705c5c2b72a270d04673c9243789f0fd81eb1738761e,2021-11-24,03:30,0,0,D,,https://en.wikipedia.org/wiki/2021_MLS_Cup_playoffs,First round / Western Conference,https://www.mlssoccer.com/competitions/mls-cup-playoffs/2021/matches/seavsrsl-11-23-2021/,football-data Date/Time = UTC kickoff; wiki dates = US local; matched within 0-1 day tolerance.
2021,25/11/2021,Colorado Rapids,Portland Timbers,playoff,Conference semifinals / Western Conference,,https://football-data.co.uk/new/USA.csv,https://football-data.co.uk/new/USA.csv,2026-10-02T09:11:13Z,"new_USA.csv row: Season=2021, Date=25/11/2021, Home=Colorado Rapids, Away=Portland Timbers",59e34e47daa710a98af7705c5c2b72a270d04673c9243789f0fd81eb1738761e,2021-11-25,21:30,0,1,A,,https://en.wikipedia.org/wiki/2021_MLS_Cup_playoffs,Conference semifinals / Western Conference,https://www.mlssoccer.com/competitions/mls-cup-playoffs/2021/matches/colvspor-11-25-2021/,football-data Date/Time = UTC kickoff; wiki dates = US local; matched within 0-1 day tolerance.
2021,28/11/2021,Sporting Kansas City,Real Salt Lake,playoff,Conference semifinals / Western Conference,,https://football-data.co.uk/new/USA.csv,https://football-data.co.uk/new/USA.csv,2026-10-02T09:11:13Z,"new_USA.csv row: Season=2021, Date=28/11/2021, Home=Sporting Kansas City, Away=Real Salt Lake",59e34e47daa710a98af7705c5c2b72a270d04673c9243789f0fd81eb1738761e,2021-11-28,20:00,1,2,A,,https://en.wikipedia.org/wiki/2021_MLS_Cup_playoffs,Conference semifinals / Western Conference,https://www.mlssoccer.com/competitions/mls-cup-playoffs/2021/matches/skcvsrsl-11-28-2021/,football-data Date/Time = UTC kickoff; wiki dates = US local; matched within 0-1 day tolerance.
2021,28/11/2021,Philadelphia Union,Nashville SC,playoff,Conference semifinals / Eastern Conference,,https://football-data.co.uk/new/USA.csv,https://football-data.co.uk/new/USA.csv,2026-10-02T09:11:13Z,"new_USA.csv row: Season=2021, Date=28/11/2021, Home=Philadelphia Union, Away=Nashville SC",59e34e47daa710a98af7705c5c2b72a270d04673c9243789f0fd81eb1738761e,2021-11-28,22:30,1,1,D,,https://en.wikipedia.org/wiki/2021_MLS_Cup_playoffs,Conference semifinals / Eastern Conference,https://www.mlssoccer.com/competitions/mls-cup-playoffs/2021/matches/phivsnsh-11-28-2021/,football-data Date/Time = UTC kickoff; wiki dates = US local; matched within 0-1 day tolerance.
2021,01/12/2021,New England Revolution,New York City,playoff,Conference semifinals / Eastern Conference,,https://football-data.co.uk/new/USA.csv,https://football-data.co.uk/new/USA.csv,2026-10-02T09:11:13Z,"new_USA.csv row: Season=2021, Date=01/12/2021, Home=New England Revolution, Away=New York City",59e34e47daa710a98af7705c5c2b72a270d04673c9243789f0fd81eb1738761e,2021-12-01,00:30,1,1,D,,https://en.wikipedia.org/wiki/2021_MLS_Cup_playoffs,Conference semifinals / Eastern Conference,https://www.mlssoccer.com/competitions/mls-cup-playoffs/2021/matches/nevsnyc-11-30-2021/,football-data Date/Time = UTC kickoff; wiki dates = US local; matched within 0-1 day tolerance.
2021,04/12/2021,Portland Timbers,Real Salt Lake,playoff,Conference finals / Western Conference,,https://football-data.co.uk/new/USA.csv,https://football-data.co.uk/new/USA.csv,2026-10-02T09:11:13Z,"new_USA.csv row: Season=2021, Date=04/12/2021, Home=Portland Timbers, Away=Real Salt Lake",59e34e47daa710a98af7705c5c2b72a270d04673c9243789f0fd81eb1738761e,2021-12-04,23:30,2,0,H,,https://en.wikipedia.org/wiki/2021_MLS_Cup_playoffs,Conference finals / Western Conference,https://www.mlssoccer.com/competitions/mls-cup-playoffs/2021/matches/porvsrsl-12-04-2021/,football-data Date/Time = UTC kickoff; wiki dates = US local; matched within 0-1 day tolerance.
2021,05/12/2021,Philadelphia Union,New York City,playoff,Conference finals / Eastern Conference,,https://football-data.co.uk/new/USA.csv,https://football-data.co.uk/new/USA.csv,2026-10-02T09:11:13Z,"new_USA.csv row: Season=2021, Date=05/12/2021, Home=Philadelphia Union, Away=New York City",59e34e47daa710a98af7705c5c2b72a270d04673c9243789f0fd81eb1738761e,2021-12-05,20:00,1,2,A,,https://en.wikipedia.org/wiki/2021_MLS_Cup_playoffs,Conference finals / Eastern Conference,https://www.mlssoccer.com/competitions/mls-cup-playoffs/2021/matches/phivsnyc-12-05-2021/,football-data Date/Time = UTC kickoff; wiki dates = US local; matched within 0-1 day tolerance.
2021,11/12/2021,Portland Timbers,New York City,playoff,MLS Cup,,https://football-data.co.uk/new/USA.csv,https://football-data.co.uk/new/USA.csv,2026-10-02T09:11:13Z,"new_USA.csv row: Season=2021, Date=11/12/2021, Home=Portland Timbers, Away=New York City",59e34e47daa710a98af7705c5c2b72a270d04673c9243789f0fd81eb1738761e,2021-12-11,20:00,1,1,D,,https://en.wikipedia.org/wiki/2021_MLS_Cup_playoffs ; https://en.wikipedia.org/wiki/MLS_Cup_2021,MLS Cup,https://www.mlssoccer.com/competitions/mls-cup-playoffs/2021/matches/porvsnyc-12-11-2021/,football-data Date/Time = UTC kickoff; wiki dates = US local; matched within 0-1 day tolerance.
2022,15/10/2022,New York Red Bulls,FC Cincinnati,playoff,First round / Eastern Conference,,https://football-data.co.uk/new/USA.csv,https://football-data.co.uk/new/USA.csv,2026-10-02T09:11:13Z,"new_USA.csv row: Season=2022, Date=15/10/2022, Home=New York Red Bulls, Away=FC Cincinnati",59e34e47daa710a98af7705c5c2b72a270d04673c9243789f0fd81eb1738761e,2022-10-15,17:00,1,2,A,,https://en.wikipedia.org/wiki/2022_MLS_Cup_playoffs,First round / Eastern Conference,https://www.mlssoccer.com/competitions/mls-cup-playoffs/2022/matches/rbnyvscin-10-15-2022/,football-data Date/Time = UTC kickoff; wiki dates = US local; matched within 0-1 day tolerance.
2022,15/10/2022,Los Angeles Galaxy,Nashville SC,playoff,First round / Western Conference,,https://football-data.co.uk/new/USA.csv,https://football-data.co.uk/new/USA.csv,2026-10-02T09:11:13Z,"new_USA.csv row: Season=2022, Date=15/10/2022, Home=Los Angeles Galaxy, Away=Nashville SC",59e34e47daa710a98af7705c5c2b72a270d04673c9243789f0fd81eb1738761e,2022-10-15,20:00,1,0,H,,https://en.wikipedia.org/wiki/2022_MLS_Cup_playoffs,First round / Western Conference,https://www.mlssoccer.com/competitions/mls-cup-playoffs/2022/matches/lavsnsh-10-15-2022/,football-data Date/Time = UTC kickoff; wiki dates = US local; matched within 0-1 day tolerance.
2022,16/10/2022,Austin FC,Real Salt Lake,playoff,First round / Western Conference,,https://football-data.co.uk/new/USA.csv,https://football-data.co.uk/new/USA.csv,2026-10-02T09:11:13Z,"new_USA.csv row: Season=2022, Date=16/10/2022, Home=Austin FC, Away=Real Salt Lake",59e34e47daa710a98af7705c5c2b72a270d04673c9243789f0fd81eb1738761e,2022-10-16,20:00,2,2,D,,https://en.wikipedia.org/wiki/2022_MLS_Cup_playoffs,First round / Western Conference,https://www.mlssoccer.com/competitions/mls-cup-playoffs/2022/matches/atxvsrsl-10-16-2022/,football-data Date/Time = UTC kickoff; wiki dates = US local; matched within 0-1 day tolerance.
2022,17/10/2022,CF Montreal,Orlando City,playoff,First round / Eastern Conference,,https://football-data.co.uk/new/USA.csv,https://football-data.co.uk/new/USA.csv,2026-10-02T09:11:13Z,"new_USA.csv row: Season=2022, Date=17/10/2022, Home=CF Montreal, Away=Orlando City",59e34e47daa710a98af7705c5c2b72a270d04673c9243789f0fd81eb1738761e,2022-10-17,01:00,2,0,H,,https://en.wikipedia.org/wiki/2022_MLS_Cup_playoffs,First round / Eastern Conference,https://www.mlssoccer.com/competitions/mls-cup-playoffs/2022/matches/mtlvsorl-10-16-2022/,football-data Date/Time = UTC kickoff; wiki dates = US local; matched within 0-1 day tolerance.
2022,18/10/2022,New York City,Inter Miami,playoff,First round / Eastern Conference,,https://football-data.co.uk/new/USA.csv,https://football-data.co.uk/new/USA.csv,2026-10-02T09:11:13Z,"new_USA.csv row: Season=2022, Date=18/10/2022, Home=New York City, Away=Inter Miami",59e34e47daa710a98af7705c5c2b72a270d04673c9243789f0fd81eb1738761e,2022-10-18,00:00,3,0,H,,https://en.wikipedia.org/wiki/2022_MLS_Cup_playoffs,First round / Eastern Conference,https://www.mlssoccer.com/competitions/mls-cup-playoffs/2022/matches/nycvsmia-10-17-2022/,football-data Date/Time = UTC kickoff; wiki dates = US local; matched within 0-1 day tolerance.
2022,18/10/2022,FC Dallas,Minnesota United,playoff,First round / Western Conference,,https://football-data.co.uk/new/USA.csv,https://football-data.co.uk/new/USA.csv,2026-10-02T09:11:13Z,"new_USA.csv row: Season=2022, Date=18/10/2022, Home=FC Dallas, Away=Minnesota United",59e34e47daa710a98af7705c5c2b72a270d04673c9243789f0fd81eb1738761e,2022-10-18,02:30,1,1,D,,https://en.wikipedia.org/wiki/2022_MLS_Cup_playoffs,First round / Western Conference,https://www.mlssoccer.com/competitions/mls-cup-playoffs/2022/matches/dalvsmin-10-17-2022/,football-data Date/Time = UTC kickoff; wiki dates = US local; matched within 0-1 day tolerance.
2022,21/10/2022,Philadelphia Union,FC Cincinnati,playoff,Conference semifinals / Eastern Conference,,https://football-data.co.uk/new/USA.csv,https://football-data.co.uk/new/USA.csv,2026-10-02T09:11:13Z,"new_USA.csv row: Season=2022, Date=21/10/2022, Home=Philadelphia Union, Away=FC Cincinnati",59e34e47daa710a98af7705c5c2b72a270d04673c9243789f0fd81eb1738761e,2022-10-21,01:00,1,0,H,,https://en.wikipedia.org/wiki/2022_MLS_Cup_playoffs,Conference semifinals / Eastern Conference,https://www.mlssoccer.com/competitions/mls-cup-playoffs/2022/matches/phivscin-10-20-2022/,football-data Date/Time = UTC kickoff; wiki dates = US local; matched within 0-1 day tolerance.
2022,21/10/2022,Los Angeles FC,Los Angeles Galaxy,playoff,Conference semifinals / Western Conference,,https://football-data.co.uk/new/USA.csv,https://football-data.co.uk/new/USA.csv,2026-10-02T09:11:13Z,"new_USA.csv row: Season=2022, Date=21/10/2022, Home=Los Angeles FC, Away=Los Angeles Galaxy",59e34e47daa710a98af7705c5c2b72a270d04673c9243789f0fd81eb1738761e,2022-10-21,03:00,3,2,H,,https://en.wikipedia.org/wiki/2022_MLS_Cup_playoffs,Conference semifinals / Western Conference,https://www.mlssoccer.com/competitions/mls-cup-playoffs/2022/matches/lafcvsla-10-20-2022/,football-data Date/Time = UTC kickoff; wiki dates = US local; matched within 0-1 day tolerance.
2022,23/10/2022,CF Montreal,New York City,playoff,Conference semifinals / Eastern Conference,,https://football-data.co.uk/new/USA.csv,https://football-data.co.uk/new/USA.csv,2026-10-02T09:11:13Z,"new_USA.csv row: Season=2022, Date=23/10/2022, Home=CF Montreal, Away=New York City",59e34e47daa710a98af7705c5c2b72a270d04673c9243789f0fd81eb1738761e,2022-10-23,18:00,1,3,A,,https://en.wikipedia.org/wiki/2022_MLS_Cup_playoffs,Conference semifinals / Eastern Conference,https://www.mlssoccer.com/competitions/mls-cup-playoffs/2022/matches/mtlvsnyc-10-23-2022/,football-data Date/Time = UTC kickoff; wiki dates = US local; matched within 0-1 day tolerance.
2022,24/10/2022,Austin FC,FC Dallas,playoff,Conference semifinals / Western Conference,,https://football-data.co.uk/new/USA.csv,https://football-data.co.uk/new/USA.csv,2026-10-02T09:11:13Z,"new_USA.csv row: Season=2022, Date=24/10/2022, Home=Austin FC, Away=FC Dallas",59e34e47daa710a98af7705c5c2b72a270d04673c9243789f0fd81eb1738761e,2022-10-24,01:00,2,1,H,,https://en.wikipedia.org/wiki/2022_MLS_Cup_playoffs,Conference semifinals / Western Conference,https://www.mlssoccer.com/competitions/mls-cup-playoffs/2022/matches/atxvsdal-10-23-2022/,football-data Date/Time = UTC kickoff; wiki dates = US local; matched within 0-1 day tolerance.
2022,30/10/2022,Los Angeles FC,Austin FC,playoff,Conference finals / Western Conference,,https://football-data.co.uk/new/USA.csv,https://football-data.co.uk/new/USA.csv,2026-10-02T09:11:13Z,"new_USA.csv row: Season=2022, Date=30/10/2022, Home=Los Angeles FC, Away=Austin FC",59e34e47daa710a98af7705c5c2b72a270d04673c9243789f0fd81eb1738761e,2022-10-30,19:00,3,0,H,,https://en.wikipedia.org/wiki/2022_MLS_Cup_playoffs,Conference finals / Western Conference,https://www.mlssoccer.com/competitions/mls-cup-playoffs/2022/matches/lafcvsatx-10-30-2022/,football-data Date/Time = UTC kickoff; wiki dates = US local; matched within 0-1 day tolerance.
2022,31/10/2022,Philadelphia Union,New York City,playoff,Conference finals / Eastern Conference,,https://football-data.co.uk/new/USA.csv,https://football-data.co.uk/new/USA.csv,2026-10-02T09:11:13Z,"new_USA.csv row: Season=2022, Date=31/10/2022, Home=Philadelphia Union, Away=New York City",59e34e47daa710a98af7705c5c2b72a270d04673c9243789f0fd81eb1738761e,2022-10-31,00:00,3,1,H,,https://en.wikipedia.org/wiki/2022_MLS_Cup_playoffs,Conference finals / Eastern Conference,https://www.mlssoccer.com/competitions/mls-cup-playoffs/2022/matches/phivsnyc-10-30-2022/,football-data Date/Time = UTC kickoff; wiki dates = US local; matched within 0-1 day tolerance.
2022,05/11/2022,Los Angeles FC,Philadelphia Union,playoff,MLS Cup,,https://football-data.co.uk/new/USA.csv,https://football-data.co.uk/new/USA.csv,2026-10-02T09:11:13Z,"new_USA.csv row: Season=2022, Date=05/11/2022, Home=Los Angeles FC, Away=Philadelphia Union",59e34e47daa710a98af7705c5c2b72a270d04673c9243789f0fd81eb1738761e,2022-11-05,20:00,3,3,D,,https://en.wikipedia.org/wiki/2022_MLS_Cup_playoffs ; https://en.wikipedia.org/wiki/MLS_Cup_2022,MLS Cup,https://www.mlssoccer.com/competitions/mls-cup-playoffs/2022/matches/lafcvsphi-11-05-2022/,football-data Date/Time = UTC kickoff; wiki dates = US local; matched within 0-1 day tolerance.
2023,26/10/2023,New York Red Bulls,Charlotte,playoff,Wild card round / Eastern Conference,,https://football-data.co.uk/new/USA.csv,https://football-data.co.uk/new/USA.csv,2026-10-02T09:11:13Z,"new_USA.csv row: Season=2023, Date=26/10/2023, Home=New York Red Bulls, Away=Charlotte",59e34e47daa710a98af7705c5c2b72a270d04673c9243789f0fd81eb1738761e,2023-10-26,00:30,5,2,H,WCE,https://en.wikipedia.org/wiki/2023_MLS_Cup_playoffs,Wild card round / Eastern Conference,https://www.mlssoccer.com/competitions/mls-cup-playoffs/2023/matches/rbnyvsclt-10-25-2023/,football-data Date/Time = UTC kickoff; wiki dates = US local; matched within 0-1 day tolerance.
2023,26/10/2023,Sporting Kansas City,San Jose Earthquakes,playoff,Wild card round / Western Conference,,https://football-data.co.uk/new/USA.csv,https://football-data.co.uk/new/USA.csv,2026-10-02T09:11:13Z,"new_USA.csv row: Season=2023, Date=26/10/2023, Home=Sporting Kansas City, Away=San Jose Earthquakes",59e34e47daa710a98af7705c5c2b72a270d04673c9243789f0fd81eb1738761e,2023-10-26,02:30,0,0,D,WCW,https://en.wikipedia.org/wiki/2023_MLS_Cup_playoffs,Wild card round / Western Conference,https://www.mlssoccer.com/competitions/mls-cup-playoffs/2023/matches/skcvssj-10-25-2023/,football-data Date/Time = UTC kickoff; wiki dates = US local; matched within 0-1 day tolerance.
2023,28/10/2023,Philadelphia Union,New England Revolution,playoff,Round one / Eastern Conference,,https://football-data.co.uk/new/USA.csv,https://football-data.co.uk/new/USA.csv,2026-10-02T09:11:13Z,"new_USA.csv row: Season=2023, Date=28/10/2023, Home=Philadelphia Union, Away=New England Revolution",59e34e47daa710a98af7705c5c2b72a270d04673c9243789f0fd81eb1738761e,2023-10-28,22:00,3,1,H,R1E4-1,https://en.wikipedia.org/wiki/2023_MLS_Cup_playoffs,Round one / Eastern Conference,https://www.mlssoccer.com/competitions/mls-cup-playoffs-bo3/2023/matches/phivsne-10-28-2023/,football-data Date/Time = UTC kickoff; wiki dates = US local; matched within 0-1 day tolerance.
2023,29/10/2023,Los Angeles FC,Vancouver Whitecaps,playoff,Round one / Western Conference,,https://football-data.co.uk/new/USA.csv,https://football-data.co.uk/new/USA.csv,2026-10-02T09:11:13Z,"new_USA.csv row: Season=2023, Date=29/10/2023, Home=Los Angeles FC, Away=Vancouver Whitecaps",59e34e47daa710a98af7705c5c2b72a270d04673c9243789f0fd81eb1738761e,2023-10-29,01:00,5,2,H,R1W3-1,https://en.wikipedia.org/wiki/2023_MLS_Cup_playoffs,Round one / Western Conference,https://www.mlssoccer.com/competitions/mls-cup-playoffs-bo3/2023/matches/lafcvsvan-10-28-2023/,football-data Date/Time = UTC kickoff; wiki dates = US local; matched within 0-1 day tolerance.
2023,29/10/2023,Houston Dynamo,Real Salt Lake,playoff,Round one / Western Conference,,https://football-data.co.uk/new/USA.csv,https://football-data.co.uk/new/USA.csv,2026-10-02T09:11:13Z,"new_USA.csv row: Season=2023, Date=29/10/2023, Home=Houston Dynamo, Away=Real Salt Lake",59e34e47daa710a98af7705c5c2b72a270d04673c9243789f0fd81eb1738761e,2023-10-29,22:00,2,1,H,R1W4-1,https://en.wikipedia.org/wiki/2023_MLS_Cup_playoffs,Round one / Western Conference,https://www.mlssoccer.com/competitions/mls-cup-playoffs-bo3/2023/matches/houvsrsl-10-29-2023/,football-data Date/Time = UTC kickoff; wiki dates = US local; matched within 0-1 day tolerance.
2023,30/10/2023,FC Cincinnati,New York Red Bulls,playoff,Round one / Eastern Conference,,https://football-data.co.uk/new/USA.csv,https://football-data.co.uk/new/USA.csv,2026-10-02T09:11:13Z,"new_USA.csv row: Season=2023, Date=30/10/2023, Home=FC Cincinnati, Away=New York Red Bulls",59e34e47daa710a98af7705c5c2b72a270d04673c9243789f0fd81eb1738761e,2023-10-30,00:00,3,0,H,R1E1-1,https://en.wikipedia.org/wiki/2023_MLS_Cup_playoffs,Round one / Eastern Conference,https://www.mlssoccer.com/competitions/mls-cup-playoffs/2023/matches/cinvsrbny-10-29-2023/,football-data Date/Time = UTC kickoff; wiki dates = US local; matched within 0-1 day tolerance.
2023,30/10/2023,St. Louis City,Sporting Kansas City,playoff,Round one / Western Conference,,https://football-data.co.uk/new/USA.csv,https://football-data.co.uk/new/USA.csv,2026-10-02T09:11:13Z,"new_USA.csv row: Season=2023, Date=30/10/2023, Home=St. Louis City, Away=Sporting Kansas City",59e34e47daa710a98af7705c5c2b72a270d04673c9243789f0fd81eb1738761e,2023-10-30,02:00,1,4,A,R1W1-1,https://en.wikipedia.org/wiki/2023_MLS_Cup_playoffs,Round one / Western Conference,https://www.mlssoccer.com/competitions/mls-cup-playoffs/2023/matches/stlvsskc-10-29-2023/,football-data Date/Time = UTC kickoff; wiki dates = US local; matched within 0-1 day tolerance.
2023,30/10/2023,Orlando City,Nashville SC,playoff,Round one / Eastern Conference,,https://football-data.co.uk/new/USA.csv,https://football-data.co.uk/new/USA.csv,2026-10-02T09:11:13Z,"new_USA.csv row: Season=2023, Date=30/10/2023, Home=Orlando City, Away=Nashville SC",59e34e47daa710a98af7705c5c2b72a270d04673c9243789f0fd81eb1738761e,2023-10-30,23:00,1,0,H,R1E2-1,https://en.wikipedia.org/wiki/2023_MLS_Cup_playoffs,Round one / Eastern Conference,https://www.mlssoccer.com/competitions/mls-cup-playoffs-bo3/2023/matches/orlvsnsh-10-30-2023/,football-data Date/Time = UTC kickoff; wiki dates = US local; matched within 0-1 day tolerance.
2023,31/10/2023,Seattle Sounders,FC Dallas,playoff,Round one / Western Conference,,https://football-data.co.uk/new/USA.csv,https://football-data.co.uk/new/USA.csv,2026-10-02T09:11:13Z,"new_USA.csv row: Season=2023, Date=31/10/2023, Home=Seattle Sounders, Away=FC Dallas",59e34e47daa710a98af7705c5c2b72a270d04673c9243789f0fd81eb1738761e,2023-10-31,01:00,2,0,H,R1W2-1,https://en.wikipedia.org/wiki/2023_MLS_Cup_playoffs,Round one / Western Conference,https://www.mlssoccer.com/competitions/mls-cup-playoffs-bo3/2023/matches/seavsdal-10-30-2023/,football-data Date/Time = UTC kickoff; wiki dates = US local; matched within 0-1 day tolerance.
2023,01/11/2023,Columbus Crew,Atlanta Utd,playoff,Round one / Eastern Conference,,https://football-data.co.uk/new/USA.csv,https://football-data.co.uk/new/USA.csv,2026-10-02T09:11:13Z,"new_USA.csv row: Season=2023, Date=01/11/2023, Home=Columbus Crew, Away=Atlanta Utd",59e34e47daa710a98af7705c5c2b72a270d04673c9243789f0fd81eb1738761e,2023-11-01,23:30,2,0,H,R1E3-1,https://en.wikipedia.org/wiki/2023_MLS_Cup_playoffs,Round one / Eastern Conference,https://www.mlssoccer.com/competitions/mls-cup-playoffs-bo3/2023/matches/clbvsatl-11-01-2023/,football-data Date/Time = UTC kickoff; wiki dates = US local; matched within 0-1 day tolerance.
2023,04/11/2023,New York Red Bulls,FC Cincinnati,playoff,Round one / Eastern Conference,,https://football-data.co.uk/new/USA.csv,https://football-data.co.uk/new/USA.csv,2026-10-02T09:11:13Z,"new_USA.csv row: Season=2023, Date=04/11/2023, Home=New York Red Bulls, Away=FC Cincinnati",59e34e47daa710a98af7705c5c2b72a270d04673c9243789f0fd81eb1738761e,2023-11-04,23:00,1,1,D,R1E1-2,https://en.wikipedia.org/wiki/2023_MLS_Cup_playoffs,Round one / Eastern Conference,https://www.mlssoccer.com/competitions/mls-cup-playoffs/2023/matches/rbnyvscin-11-04-2023,football-data Date/Time = UTC kickoff; wiki dates = US local; matched within 0-1 day tolerance.
2023,05/11/2023,FC Dallas,Seattle Sounders,playoff,Round one / Western Conference,,https://football-data.co.uk/new/USA.csv,https://football-data.co.uk/new/USA.csv,2026-10-02T09:11:13Z,"new_USA.csv row: Season=2023, Date=05/11/2023, Home=FC Dallas, Away=Seattle Sounders",59e34e47daa710a98af7705c5c2b72a270d04673c9243789f0fd81eb1738761e,2023-11-05,01:00,3,1,H,R1W2-2,https://en.wikipedia.org/wiki/2023_MLS_Cup_playoffs,Round one / Western Conference,https://www.mlssoccer.com/competitions/mls-cup-playoffs-bo3/2023/matches/dalvssea-11-04-2023/,football-data Date/Time = UTC kickoff; wiki dates = US local; matched within 0-1 day tolerance.
2023,05/11/2023,Sporting Kansas City,St. Louis City,playoff,Round one / Western Conference,,https://football-data.co.uk/new/USA.csv,https://football-data.co.uk/new/USA.csv,2026-10-02T09:11:13Z,"new_USA.csv row: Season=2023, Date=05/11/2023, Home=Sporting Kansas City, Away=St. Louis City",59e34e47daa710a98af7705c5c2b72a270d04673c9243789f0fd81eb1738761e,2023-11-05,22:00,2,1,H,R1W1-2,https://en.wikipedia.org/wiki/2023_MLS_Cup_playoffs,Round one / Western Conference,https://www.mlssoccer.com/competitions/mls-cup-playoffs/2023/matches/skcvsstl-11-05-2023/,football-data Date/Time = UTC kickoff; wiki dates = US local; matched within 0-1 day tolerance.
2023,06/11/2023,Vancouver Whitecaps,Los Angeles FC,playoff,Round one / Western Conference,,https://football-data.co.uk/new/USA.csv,https://football-data.co.uk/new/USA.csv,2026-10-02T09:11:13Z,"new_USA.csv row: Season=2023, Date=06/11/2023, Home=Vancouver Whitecaps, Away=Los Angeles FC",59e34e47daa710a98af7705c5c2b72a270d04673c9243789f0fd81eb1738761e,2023-11-06,00:30,0,1,A,R1W3-2,https://en.wikipedia.org/wiki/2023_MLS_Cup_playoffs,Round one / Western Conference,https://www.mlssoccer.com/competitions/mls-cup-playoffs-bo3/2023/matches/vanvslafc-11-05-2023/,football-data Date/Time = UTC kickoff; wiki dates = US local; matched within 0-1 day tolerance.
2023,07/11/2023,Real Salt Lake,Houston Dynamo,playoff,Round one / Western Conference,,https://football-data.co.uk/new/USA.csv,https://football-data.co.uk/new/USA.csv,2026-10-02T09:11:13Z,"new_USA.csv row: Season=2023, Date=07/11/2023, Home=Real Salt Lake, Away=Houston Dynamo",59e34e47daa710a98af7705c5c2b72a270d04673c9243789f0fd81eb1738761e,2023-11-07,02:00,1,1,D,R1W4-2,https://en.wikipedia.org/wiki/2023_MLS_Cup_playoffs,Round one / Western Conference,https://www.mlssoccer.com/competitions/mls-cup-playoffs-bo3/2023/matches/rslvshou-11-06-2023/,football-data Date/Time = UTC kickoff; wiki dates = US local; matched within 0-1 day tolerance.
2023,08/11/2023,Atlanta Utd,Columbus Crew,playoff,Round one / Eastern Conference,,https://football-data.co.uk/new/USA.csv,https://football-data.co.uk/new/USA.csv,2026-10-02T09:11:13Z,"new_USA.csv row: Season=2023, Date=08/11/2023, Home=Atlanta Utd, Away=Columbus Crew",59e34e47daa710a98af7705c5c2b72a270d04673c9243789f0fd81eb1738761e,2023-11-08,00:00,4,2,H,R1E3-2,https://en.wikipedia.org/wiki/2023_MLS_Cup_playoffs,Round one / Eastern Conference,https://www.mlssoccer.com/competitions/mls-cup-playoffs-bo3/2023/matches/atlvsclb-11-07-2023/,football-data Date/Time = UTC kickoff; wiki dates = US local; matched within 0-1 day tolerance.
2023,08/11/2023,Nashville SC,Orlando City,playoff,Round one / Eastern Conference,,https://football-data.co.uk/new/USA.csv,https://football-data.co.uk/new/USA.csv,2026-10-02T09:11:13Z,"new_USA.csv row: Season=2023, Date=08/11/2023, Home=Nashville SC, Away=Orlando City",59e34e47daa710a98af7705c5c2b72a270d04673c9243789f0fd81eb1738761e,2023-11-08,02:00,0,1,A,R1E2-2,https://en.wikipedia.org/wiki/2023_MLS_Cup_playoffs,Round one / Eastern Conference,https://www.mlssoccer.com/competitions/mls-cup-playoffs-bo3/2023/matches/nshvsorl-11-07-2023/,football-data Date/Time = UTC kickoff; wiki dates = US local; matched within 0-1 day tolerance.
2023,09/11/2023,New England Revolution,Philadelphia Union,playoff,Round one / Eastern Conference,,https://football-data.co.uk/new/USA.csv,https://football-data.co.uk/new/USA.csv,2026-10-02T09:11:13Z,"new_USA.csv row: Season=2023, Date=09/11/2023, Home=New England Revolution, Away=Philadelphia Union",59e34e47daa710a98af7705c5c2b72a270d04673c9243789f0fd81eb1738761e,2023-11-09,00:00,0,1,A,R1E4-2,https://en.wikipedia.org/wiki/2023_MLS_Cup_playoffs,Round one / Eastern Conference,https://www.mlssoccer.com/competitions/mls-cup-playoffs-bo3/2023/matches/nevsphi-11-08-2023/,football-data Date/Time = UTC kickoff; wiki dates = US local; matched within 0-1 day tolerance.
2023,11/11/2023,Seattle Sounders,FC Dallas,playoff,Round one / Western Conference,,https://football-data.co.uk/new/USA.csv,https://football-data.co.uk/new/USA.csv,2026-10-02T09:11:13Z,"new_USA.csv row: Season=2023, Date=11/11/2023, Home=Seattle Sounders, Away=FC Dallas",59e34e47daa710a98af7705c5c2b72a270d04673c9243789f0fd81eb1738761e,2023-11-11,03:00,1,0,H,R1W2-3,https://en.wikipedia.org/wiki/2023_MLS_Cup_playoffs,Round one / Western Conference,https://www.mlssoccer.com/competitions/mls-cup-playoffs-bo3/2023/matches/seavsdal-11-10-2023/,football-data Date/Time = UTC kickoff; wiki dates = US local; matched within 0-1 day tolerance.
2023,11/11/2023,Houston Dynamo,Real Salt Lake,playoff,Round one / Western Conference,,https://football-data.co.uk/new/USA.csv,https://football-data.co.uk/new/USA.csv,2026-10-02T09:11:13Z,"new_USA.csv row: Season=2023, Date=11/11/2023, Home=Houston Dynamo, Away=Real Salt Lake",59e34e47daa710a98af7705c5c2b72a270d04673c9243789f0fd81eb1738761e,2023-11-11,23:00,1,1,D,R1W4-3,https://en.wikipedia.org/wiki/2023_MLS_Cup_playoffs,Round one / Western Conference,https://www.mlssoccer.com/competitions/mls-cup-playoffs-bo3/2023/matches/houvsrsl-11-11-2023/,football-data Date/Time = UTC kickoff; wiki dates = US local; matched within 0-1 day tolerance.
2023,13/11/2023,Columbus Crew,Atlanta Utd,playoff,Round one / Eastern Conference,,https://football-data.co.uk/new/USA.csv,https://football-data.co.uk/new/USA.csv,2026-10-02T09:11:13Z,"new_USA.csv row: Season=2023, Date=13/11/2023, Home=Columbus Crew, Away=Atlanta Utd",59e34e47daa710a98af7705c5c2b72a270d04673c9243789f0fd81eb1738761e,2023-11-13,00:00,4,2,H,R1E3-3,https://en.wikipedia.org/wiki/2023_MLS_Cup_playoffs,Round one / Eastern Conference,https://www.mlssoccer.com/competitions/mls-cup-playoffs/2023/matches/clbvsatl-11-12-2023/,football-data Date/Time = UTC kickoff; wiki dates = US local; matched within 0-1 day tolerance.
2023,25/11/2023,Orlando City,Columbus Crew,playoff,Conference semifinals / Eastern Conference,,https://football-data.co.uk/new/USA.csv,https://football-data.co.uk/new/USA.csv,2026-10-02T09:11:13Z,"new_USA.csv row: Season=2023, Date=25/11/2023, Home=Orlando City, Away=Columbus Crew",59e34e47daa710a98af7705c5c2b72a270d04673c9243789f0fd81eb1738761e,2023-11-25,22:30,0,0,D,CSFE1,https://en.wikipedia.org/wiki/2023_MLS_Cup_playoffs,Conference semifinals / Eastern Conference,https://www.mlssoccer.com/competitions/mls-cup-playoffs/2023/matches/orlvsclb-11-25-2023/,football-data Date/Time = UTC kickoff; wiki dates = US local; matched within 0-1 day tolerance.
2023,26/11/2023,FC Cincinnati,Philadelphia Union,playoff,Conference semifinals / Eastern Conference,,https://football-data.co.uk/new/USA.csv,https://football-data.co.uk/new/USA.csv,2026-10-02T09:11:13Z,"new_USA.csv row: Season=2023, Date=26/11/2023, Home=FC Cincinnati, Away=Philadelphia Union",59e34e47daa710a98af7705c5c2b72a270d04673c9243789f0fd81eb1738761e,2023-11-26,01:00,1,0,H,CSFE2,https://en.wikipedia.org/wiki/2023_MLS_Cup_playoffs,Conference semifinals / Eastern Conference,https://www.mlssoccer.com/competitions/mls-cup-playoffs/2023/matches/cinvsphi-11-25-2023/,football-data Date/Time = UTC kickoff; wiki dates = US local; matched within 0-1 day tolerance.
2023,27/11/2023,Houston Dynamo,Sporting Kansas City,playoff,Conference semifinals / Western Conference,,https://football-data.co.uk/new/USA.csv,https://football-data.co.uk/new/USA.csv,2026-10-02T09:11:13Z,"new_USA.csv row: Season=2023, Date=27/11/2023, Home=Houston Dynamo, Away=Sporting Kansas City",59e34e47daa710a98af7705c5c2b72a270d04673c9243789f0fd81eb1738761e,2023-11-27,00:00,1,0,H,CSFW1,https://en.wikipedia.org/wiki/2023_MLS_Cup_playoffs,Conference semifinals / Western Conference,https://www.mlssoccer.com/competitions/mls-cup-playoffs/2023/matches/houvsskc-11-26-2023/,football-data Date/Time = UTC kickoff; wiki dates = US local; matched within 0-1 day tolerance.
2023,27/11/2023,Seattle Sounders,Los Angeles FC,playoff,Conference semifinals / Western Conference,,https://football-data.co.uk/new/USA.csv,https://football-data.co.uk/new/USA.csv,2026-10-02T09:11:13Z,"new_USA.csv row: Season=2023, Date=27/11/2023, Home=Seattle Sounders, Away=Los Angeles FC",59e34e47daa710a98af7705c5c2b72a270d04673c9243789f0fd81eb1738761e,2023-11-27,02:30,0,1,A,CSFW2,https://en.wikipedia.org/wiki/2023_MLS_Cup_playoffs,Conference semifinals / Western Conference,https://www.mlssoccer.com/competitions/mls-cup-playoffs/2023/matches/seavslafc-11-26-2023/,football-data Date/Time = UTC kickoff; wiki dates = US local; matched within 0-1 day tolerance.
2023,02/12/2023,FC Cincinnati,Columbus Crew,playoff,Conference finals / Eastern Conference,,https://football-data.co.uk/new/USA.csv,https://football-data.co.uk/new/USA.csv,2026-10-02T09:11:13Z,"new_USA.csv row: Season=2023, Date=02/12/2023, Home=FC Cincinnati, Away=Columbus Crew",59e34e47daa710a98af7705c5c2b72a270d04673c9243789f0fd81eb1738761e,2023-12-02,23:00,2,2,D,,https://en.wikipedia.org/wiki/2023_MLS_Cup_playoffs,Conference finals / Eastern Conference,https://www.mlssoccer.com/competitions/mls-cup-playoffs/2023/matches/cinvsclb-12-02-2023/,football-data Date/Time = UTC kickoff; wiki dates = US local; matched within 0-1 day tolerance.
2023,03/12/2023,Los Angeles FC,Houston Dynamo,playoff,Conference finals / Western Conference,,https://football-data.co.uk/new/USA.csv,https://football-data.co.uk/new/USA.csv,2026-10-02T09:11:13Z,"new_USA.csv row: Season=2023, Date=03/12/2023, Home=Los Angeles FC, Away=Houston Dynamo",59e34e47daa710a98af7705c5c2b72a270d04673c9243789f0fd81eb1738761e,2023-12-03,02:30,2,0,H,,https://en.wikipedia.org/wiki/2023_MLS_Cup_playoffs,Conference finals / Western Conference,https://www.mlssoccer.com/competitions/mls-cup-playoffs/2023/matches/lafcvshou-12-02-2023/,football-data Date/Time = UTC kickoff; wiki dates = US local; matched within 0-1 day tolerance.
2023,09/12/2023,Columbus Crew,Los Angeles FC,playoff,MLS Cup,,https://football-data.co.uk/new/USA.csv,https://football-data.co.uk/new/USA.csv,2026-10-02T09:11:13Z,"new_USA.csv row: Season=2023, Date=09/12/2023, Home=Columbus Crew, Away=Los Angeles FC",59e34e47daa710a98af7705c5c2b72a270d04673c9243789f0fd81eb1738761e,2023-12-09,21:00,2,1,H,,https://en.wikipedia.org/wiki/2023_MLS_Cup_playoffs ; https://en.wikipedia.org/wiki/MLS_Cup_2023,MLS Cup,https://www.mlssoccer.com/competitions/mls-cup-playoffs/2023/matches/clbvslafc-12-09-2023/,football-data Date/Time = UTC kickoff; wiki dates = US local; matched within 0-1 day tolerance.
2024,23/10/2024,CF Montreal,Atlanta Utd,playoff,Wild card round / Eastern Conference,,https://football-data.co.uk/new/USA.csv,https://football-data.co.uk/new/USA.csv,2026-10-02T09:11:13Z,"new_USA.csv row: Season=2024, Date=23/10/2024, Home=CF Montreal, Away=Atlanta Utd",59e34e47daa710a98af7705c5c2b72a270d04673c9243789f0fd81eb1738761e,2024-10-23,00:30,2,2,D,WCE,https://en.wikipedia.org/wiki/2024_MLS_Cup_playoffs,Wild card round / Eastern Conference,https://www.mlssoccer.com/competitions/mls-cup-playoffs-cup-short/2024/matches/mtlvsatl-10-22-2024,football-data Date/Time = UTC kickoff; wiki dates = US local; matched within 0-1 day tolerance.
2024,24/10/2024,Vancouver Whitecaps,Portland Timbers,playoff,Wild card round / Western Conference,,https://football-data.co.uk/new/USA.csv,https://football-data.co.uk/new/USA.csv,2026-10-02T09:11:13Z,"new_USA.csv row: Season=2024, Date=24/10/2024, Home=Vancouver Whitecaps, Away=Portland Timbers",59e34e47daa710a98af7705c5c2b72a270d04673c9243789f0fd81eb1738761e,2024-10-24,03:30,5,0,H,WCW,https://en.wikipedia.org/wiki/2024_MLS_Cup_playoffs,Wild card round / Western Conference,https://www.mlssoccer.com/competitions/mls-cup-playoffs-cup-short/2024/matches/vanvspor-10-23-2024/,football-data Date/Time = UTC kickoff; wiki dates = US local; matched within 0-1 day tolerance.
2024,26/10/2024,Inter Miami,Atlanta Utd,playoff,Round one / Eastern Conference,,https://football-data.co.uk/new/USA.csv,https://football-data.co.uk/new/USA.csv,2026-10-02T09:11:13Z,"new_USA.csv row: Season=2024, Date=26/10/2024, Home=Inter Miami, Away=Atlanta Utd",59e34e47daa710a98af7705c5c2b72a270d04673c9243789f0fd81eb1738761e,2024-10-26,01:30,2,1,H,R1E1-1,https://en.wikipedia.org/wiki/2024_MLS_Cup_playoffs,Round one / Eastern Conference,https://www.mlssoccer.com/competitions/mls-cup-playoffs-cup-short/2024/matches/miavsatl-10-25-2024/,football-data Date/Time = UTC kickoff; wiki dates = US local; matched within 0-1 day tolerance.
2024,27/10/2024,Los Angeles Galaxy,Colorado Rapids,playoff,Round one / Western Conference,,https://football-data.co.uk/new/USA.csv,https://football-data.co.uk/new/USA.csv,2026-10-02T09:11:13Z,"new_USA.csv row: Season=2024, Date=27/10/2024, Home=Los Angeles Galaxy, Away=Colorado Rapids",59e34e47daa710a98af7705c5c2b72a270d04673c9243789f0fd81eb1738761e,2024-10-27,03:00,5,0,H,R1W2-1,https://en.wikipedia.org/wiki/2024_MLS_Cup_playoffs,Round one / Western Conference,https://www.mlssoccer.com/competitions/mls-cup-playoffs-cup-short/2024/matches/lavscol-10-26-2024,football-data Date/Time = UTC kickoff; wiki dates = US local; matched within 0-1 day tolerance.
2024,27/10/2024,Orlando City,Charlotte,playoff,Round one / Eastern Conference,,https://football-data.co.uk/new/USA.csv,https://football-data.co.uk/new/USA.csv,2026-10-02T09:11:13Z,"new_USA.csv row: Season=2024, Date=27/10/2024, Home=Orlando City, Away=Charlotte",59e34e47daa710a98af7705c5c2b72a270d04673c9243789f0fd81eb1738761e,2024-10-27,23:30,2,0,H,R1E4-1,https://en.wikipedia.org/wiki/2024_MLS_Cup_playoffs,Round one / Eastern Conference,https://www.mlssoccer.com/competitions/mls-cup-playoffs-cup-short/2024/matches/orlvsclt-10-27-2024/,football-data Date/Time = UTC kickoff; wiki dates = US local; matched within 0-1 day tolerance.
2024,28/10/2024,Los Angeles FC,Vancouver Whitecaps,playoff,Round one / Western Conference,,https://football-data.co.uk/new/USA.csv,https://football-data.co.uk/new/USA.csv,2026-10-02T09:11:13Z,"new_USA.csv row: Season=2024, Date=28/10/2024, Home=Los Angeles FC, Away=Vancouver Whitecaps",59e34e47daa710a98af7705c5c2b72a270d04673c9243789f0fd81eb1738761e,2024-10-28,01:45,2,1,H,R1W1-1,https://en.wikipedia.org/wiki/2024_MLS_Cup_playoffs,Round one / Western Conference,https://www.mlssoccer.com/competitions/mls-cup-playoffs-cup-short/2024/matches/lafcvsvan-10-27-2024/,football-data Date/Time = UTC kickoff; wiki dates = US local; matched within 0-1 day tolerance.
2024,28/10/2024,FC Cincinnati,New York City,playoff,Round one / Eastern Conference,,https://football-data.co.uk/new/USA.csv,https://football-data.co.uk/new/USA.csv,2026-10-02T09:11:13Z,"new_USA.csv row: Season=2024, Date=28/10/2024, Home=FC Cincinnati, Away=New York City",59e34e47daa710a98af7705c5c2b72a270d04673c9243789f0fd81eb1738761e,2024-10-28,22:45,1,0,H,R1E3-1,https://en.wikipedia.org/wiki/2024_MLS_Cup_playoffs,Round one / Eastern Conference,https://www.mlssoccer.com/competitions/mls-cup-playoffs-cup-short/2024/matches/cinvsnyc-10-28-2024/,football-data Date/Time = UTC kickoff; wiki dates = US local; matched within 0-1 day tolerance.
2024,29/10/2024,Seattle Sounders,Houston Dynamo,playoff,Round one / Western Conference,,https://football-data.co.uk/new/USA.csv,https://football-data.co.uk/new/USA.csv,2026-10-02T09:11:13Z,"new_USA.csv row: Season=2024, Date=29/10/2024, Home=Seattle Sounders, Away=Houston Dynamo",59e34e47daa710a98af7705c5c2b72a270d04673c9243789f0fd81eb1738761e,2024-10-29,00:50,0,0,D,R1W4-1,https://en.wikipedia.org/wiki/2024_MLS_Cup_playoffs,Round one / Western Conference,https://www.mlssoccer.com/competitions/mls-cup-playoffs-cup-short/2024/matches/seavshou-10-28-2024/,football-data Date/Time = UTC kickoff; wiki dates = US local; matched within 0-1 day tolerance.
2024,29/10/2024,Columbus Crew,New York Red Bulls,playoff,Round one / Eastern Conference,,https://football-data.co.uk/new/USA.csv,https://football-data.co.uk/new/USA.csv,2026-10-02T09:11:13Z,"new_USA.csv row: Season=2024, Date=29/10/2024, Home=Columbus Crew, Away=New York Red Bulls",59e34e47daa710a98af7705c5c2b72a270d04673c9243789f0fd81eb1738761e,2024-10-29,22:45,0,1,A,R1E2-1,https://en.wikipedia.org/wiki/2024_MLS_Cup_playoffs,Round one / Eastern Conference,https://www.mlssoccer.com/competitions/mls-cup-playoffs-cup-short/2024/matches/clbvsrbny-10-29-2024/,football-data Date/Time = UTC kickoff; wiki dates = US local; matched within 0-1 day tolerance.
2024,30/10/2024,Real Salt Lake,Minnesota United,playoff,Round one / Western Conference,,https://football-data.co.uk/new/USA.csv,https://football-data.co.uk/new/USA.csv,2026-10-02T09:11:13Z,"new_USA.csv row: Season=2024, Date=30/10/2024, Home=Real Salt Lake, Away=Minnesota United",59e34e47daa710a98af7705c5c2b72a270d04673c9243789f0fd81eb1738761e,2024-10-30,00:50,0,0,D,R1W3-1,https://en.wikipedia.org/wiki/2024_MLS_Cup_playoffs,Round one / Western Conference,https://www.mlssoccer.com/competitions/mls-cup-playoffs-cup-short/2024/matches/rslvsmin-10-29-2024/,football-data Date/Time = UTC kickoff; wiki dates = US local; matched within 0-1 day tolerance.
2024,01/11/2024,Charlotte,Orlando City,playoff,Round one / Eastern Conference,,https://football-data.co.uk/new/USA.csv,https://football-data.co.uk/new/USA.csv,2026-10-02T09:11:13Z,"new_USA.csv row: Season=2024, Date=01/11/2024, Home=Charlotte, Away=Orlando City",59e34e47daa710a98af7705c5c2b72a270d04673c9243789f0fd81eb1738761e,2024-11-01,23:30,0,0,D,R1E4-2,https://en.wikipedia.org/wiki/2024_MLS_Cup_playoffs,Round one / Eastern Conference,https://www.mlssoccer.com/competitions/mls-cup-playoffs-cup-short/2024/matches/cltvsorl-11-01-2024/,football-data Date/Time = UTC kickoff; wiki dates = US local; matched within 0-1 day tolerance.
2024,02/11/2024,Colorado Rapids,Los Angeles Galaxy,playoff,Round one / Western Conference,,https://football-data.co.uk/new/USA.csv,https://football-data.co.uk/new/USA.csv,2026-10-02T09:11:13Z,"new_USA.csv row: Season=2024, Date=02/11/2024, Home=Colorado Rapids, Away=Los Angeles Galaxy",59e34e47daa710a98af7705c5c2b72a270d04673c9243789f0fd81eb1738761e,2024-11-02,01:30,1,4,A,R1W2-2,https://en.wikipedia.org/wiki/2024_MLS_Cup_playoffs,Round one / Western Conference,https://www.mlssoccer.com/competitions/mls-cup-playoffs-cup-short/2024/matches/colvsla-11-01-2024/,football-data Date/Time = UTC kickoff; wiki dates = US local; matched within 0-1 day tolerance.
2024,02/11/2024,New York City,FC Cincinnati,playoff,Round one / Eastern Conference,,https://football-data.co.uk/new/USA.csv,https://football-data.co.uk/new/USA.csv,2026-10-02T09:11:13Z,"new_USA.csv row: Season=2024, Date=02/11/2024, Home=New York City, Away=FC Cincinnati",59e34e47daa710a98af7705c5c2b72a270d04673c9243789f0fd81eb1738761e,2024-11-02,21:00,3,1,H,R1E3-2,https://en.wikipedia.org/wiki/2024_MLS_Cup_playoffs,Round one / Eastern Conference,https://www.mlssoccer.com/competitions/mls-cup-playoffs-cup-short/2024/matches/nycvscin-11-02-2024/,football-data Date/Time = UTC kickoff; wiki dates = US local; matched within 0-1 day tolerance.
2024,02/11/2024,Atlanta Utd,Inter Miami,playoff,Round one / Eastern Conference,,https://football-data.co.uk/new/USA.csv,https://football-data.co.uk/new/USA.csv,2026-10-02T09:11:13Z,"new_USA.csv row: Season=2024, Date=02/11/2024, Home=Atlanta Utd, Away=Inter Miami",59e34e47daa710a98af7705c5c2b72a270d04673c9243789f0fd81eb1738761e,2024-11-02,23:00,2,1,H,R1E1-2,https://en.wikipedia.org/wiki/2024_MLS_Cup_playoffs,Round one / Eastern Conference,https://www.mlssoccer.com/competitions/mls-cup-playoffs-cup-short/2024/matches/atlvsmia-11-02-2024/,football-data Date/Time = UTC kickoff; wiki dates = US local; matched within 0-1 day tolerance.
2024,03/11/2024,Minnesota United,Real Salt Lake,playoff,Round one / Western Conference,,https://football-data.co.uk/new/USA.csv,https://football-data.co.uk/new/USA.csv,2026-10-02T09:11:13Z,"new_USA.csv row: Season=2024, Date=03/11/2024, Home=Minnesota United, Away=Real Salt Lake",59e34e47daa710a98af7705c5c2b72a270d04673c9243789f0fd81eb1738761e,2024-11-03,01:00,1,1,D,R1W3-2,https://en.wikipedia.org/wiki/2024_MLS_Cup_playoffs,Round one / Western Conference,https://www.mlssoccer.com/competitions/mls-cup-playoffs-cup-short/2024/matches/minvsrsl-11-02-2024/,football-data Date/Time = UTC kickoff; wiki dates = US local; matched within 0-1 day tolerance.
2024,03/11/2024,New York Red Bulls,Columbus Crew,playoff,Round one / Eastern Conference,,https://football-data.co.uk/new/USA.csv,https://football-data.co.uk/new/USA.csv,2026-10-02T09:11:13Z,"new_USA.csv row: Season=2024, Date=03/11/2024, Home=New York Red Bulls, Away=Columbus Crew",59e34e47daa710a98af7705c5c2b72a270d04673c9243789f0fd81eb1738761e,2024-11-03,21:30,2,2,D,R1E2-2,https://en.wikipedia.org/wiki/2024_MLS_Cup_playoffs,Round one / Eastern Conference,https://www.mlssoccer.com/competitions/mls-cup-playoffs-cup-short/2024/matches/rbnyvsclb-11-03-2024/,football-data Date/Time = UTC kickoff; wiki dates = US local; matched within 0-1 day tolerance.
2024,03/11/2024,Houston Dynamo,Seattle Sounders,playoff,Round one / Western Conference,,https://football-data.co.uk/new/USA.csv,https://football-data.co.uk/new/USA.csv,2026-10-02T09:11:13Z,"new_USA.csv row: Season=2024, Date=03/11/2024, Home=Houston Dynamo, Away=Seattle Sounders",59e34e47daa710a98af7705c5c2b72a270d04673c9243789f0fd81eb1738761e,2024-11-03,23:30,1,1,D,R1W4-2,https://en.wikipedia.org/wiki/2024_MLS_Cup_playoffs,Round one / Western Conference,https://www.mlssoccer.com/competitions/mls-cup-playoffs-cup-short/2024/matches/houvssea-11-03-2024/,football-data Date/Time = UTC kickoff; wiki dates = US local; matched within 0-1 day tolerance.
2024,04/11/2024,Vancouver Whitecaps,Los Angeles FC,playoff,Round one / Western Conference,,https://football-data.co.uk/new/USA.csv,https://football-data.co.uk/new/USA.csv,2026-10-02T09:11:13Z,"new_USA.csv row: Season=2024, Date=04/11/2024, Home=Vancouver Whitecaps, Away=Los Angeles FC",59e34e47daa710a98af7705c5c2b72a270d04673c9243789f0fd81eb1738761e,2024-11-04,01:45,3,0,H,R1W1-2,https://en.wikipedia.org/wiki/2024_MLS_Cup_playoffs,Round one / Western Conference,https://www.mlssoccer.com/competitions/mls-cup-playoffs-cup-short/2024/matches/vanvslafc-11-03-2024/,football-data Date/Time = UTC kickoff; wiki dates = US local; matched within 0-1 day tolerance.
2024,09/11/2024,Los Angeles FC,Vancouver Whitecaps,playoff,Round one / Western Conference,,https://football-data.co.uk/new/USA.csv,https://football-data.co.uk/new/USA.csv,2026-10-02T09:11:13Z,"new_USA.csv row: Season=2024, Date=09/11/2024, Home=Los Angeles FC, Away=Vancouver Whitecaps",59e34e47daa710a98af7705c5c2b72a270d04673c9243789f0fd81eb1738761e,2024-11-09,03:30,1,0,H,R1W1-3,https://en.wikipedia.org/wiki/2024_MLS_Cup_playoffs,Round one / Western Conference,https://www.mlssoccer.com/competitions/mls-cup-playoffs-cup-short/2024/matches/lafcvsvan-11-08-2024/,football-data Date/Time = UTC kickoff; wiki dates = US local; matched within 0-1 day tolerance.
2024,09/11/2024,FC Cincinnati,New York City,playoff,Round one / Eastern Conference,,https://football-data.co.uk/new/USA.csv,https://football-data.co.uk/new/USA.csv,2026-10-02T09:11:13Z,"new_USA.csv row: Season=2024, Date=09/11/2024, Home=FC Cincinnati, Away=New York City",59e34e47daa710a98af7705c5c2b72a270d04673c9243789f0fd81eb1738761e,2024-11-09,21:00,0,0,D,R1E3-3,https://en.wikipedia.org/wiki/2024_MLS_Cup_playoffs,Round one / Eastern Conference,https://www.mlssoccer.com/competitions/mls-cup-playoffs-cup-short/2024/matches/cinvsnyc-11-09-2024/,football-data Date/Time = UTC kickoff; wiki dates = US local; matched within 0-1 day tolerance.
2024,09/11/2024,Orlando City,Charlotte,playoff,Round one / Eastern Conference,,https://football-data.co.uk/new/USA.csv,https://football-data.co.uk/new/USA.csv,2026-10-02T09:11:13Z,"new_USA.csv row: Season=2024, Date=09/11/2024, Home=Orlando City, Away=Charlotte",59e34e47daa710a98af7705c5c2b72a270d04673c9243789f0fd81eb1738761e,2024-11-09,23:00,1,1,D,R1E4-3,https://en.wikipedia.org/wiki/2024_MLS_Cup_playoffs,Round one / Eastern Conference,https://www.mlssoccer.com/competitions/mls-cup-playoffs-cup-short/2024/matches/orlvsclt-11-09-2024/,football-data Date/Time = UTC kickoff; wiki dates = US local; matched within 0-1 day tolerance.
2024,10/11/2024,Inter Miami,Atlanta Utd,playoff,Round one / Eastern Conference,,https://football-data.co.uk/new/USA.csv,https://football-data.co.uk/new/USA.csv,2026-10-02T09:11:13Z,"new_USA.csv row: Season=2024, Date=10/11/2024, Home=Inter Miami, Away=Atlanta Utd",59e34e47daa710a98af7705c5c2b72a270d04673c9243789f0fd81eb1738761e,2024-11-10,01:00,2,3,A,R1E1-3,https://en.wikipedia.org/wiki/2024_MLS_Cup_playoffs,Round one / Eastern Conference,https://www.mlssoccer.com/competitions/mls-cup-playoffs-cup-short/2024/matches/miavsatl-11-09-2024/,football-data Date/Time = UTC kickoff; wiki dates = US local; matched within 0-1 day tolerance.
2024,23/11/2024,New York City,New York Red Bulls,playoff,Conference semifinals / Eastern Conference,,https://football-data.co.uk/new/USA.csv,https://football-data.co.uk/new/USA.csv,2026-10-02T09:11:13Z,"new_USA.csv row: Season=2024, Date=23/11/2024, Home=New York City, Away=New York Red Bulls",59e34e47daa710a98af7705c5c2b72a270d04673c9243789f0fd81eb1738761e,2024-11-23,22:30,0,2,A,CSFE1,https://en.wikipedia.org/wiki/2024_MLS_Cup_playoffs,Conference semifinals / Eastern Conference,https://www.mlssoccer.com/competitions/mls-cup-playoffs-cup-short/2024/matches/nycvsrbny-11-23-2024,football-data Date/Time = UTC kickoff; wiki dates = US local; matched within 0-1 day tolerance.
2024,24/11/2024,Los Angeles FC,Seattle Sounders,playoff,Conference semifinals / Western Conference,,https://football-data.co.uk/new/USA.csv,https://football-data.co.uk/new/USA.csv,2026-10-02T09:11:13Z,"new_USA.csv row: Season=2024, Date=24/11/2024, Home=Los Angeles FC, Away=Seattle Sounders",59e34e47daa710a98af7705c5c2b72a270d04673c9243789f0fd81eb1738761e,2024-11-24,03:30,1,1,D,CSFW1,https://en.wikipedia.org/wiki/2024_MLS_Cup_playoffs,Conference semifinals / Western Conference,https://www.mlssoccer.com/competitions/mls-cup-playoffs-cup-short/2024/matches/lafcvssea-11-23-2024,football-data Date/Time = UTC kickoff; wiki dates = US local; matched within 0-1 day tolerance.
2024,24/11/2024,Orlando City,Atlanta Utd,playoff,Conference semifinals / Eastern Conference,,https://football-data.co.uk/new/USA.csv,https://football-data.co.uk/new/USA.csv,2026-10-02T09:11:13Z,"new_USA.csv row: Season=2024, Date=24/11/2024, Home=Orlando City, Away=Atlanta Utd",59e34e47daa710a98af7705c5c2b72a270d04673c9243789f0fd81eb1738761e,2024-11-24,20:30,1,0,H,CSFE2,https://en.wikipedia.org/wiki/2024_MLS_Cup_playoffs,Conference semifinals / Eastern Conference,https://www.mlssoccer.com/competitions/mls-cup-playoffs-cup-short/2024/matches/orlvsatl-11-24-2024,football-data Date/Time = UTC kickoff; wiki dates = US local; matched within 0-1 day tolerance.
2024,24/11/2024,Los Angeles Galaxy,Minnesota United,playoff,Conference semifinals / Western Conference,,https://football-data.co.uk/new/USA.csv,https://football-data.co.uk/new/USA.csv,2026-10-02T09:11:13Z,"new_USA.csv row: Season=2024, Date=24/11/2024, Home=Los Angeles Galaxy, Away=Minnesota United",59e34e47daa710a98af7705c5c2b72a270d04673c9243789f0fd81eb1738761e,2024-11-24,23:00,6,2,H,CSFW2,https://en.wikipedia.org/wiki/2024_MLS_Cup_playoffs,Conference semifinals / Western Conference,https://www.mlssoccer.com/competitions/mls-cup-playoffs-cup-short/2024/matches/lavsmin-11-24-2024,football-data Date/Time = UTC kickoff; wiki dates = US local; matched within 0-1 day tolerance.
2024,01/12/2024,Orlando City,New York Red Bulls,playoff,Conference finals / Eastern Conference,,https://football-data.co.uk/new/USA.csv,https://football-data.co.uk/new/USA.csv,2026-10-02T09:11:13Z,"new_USA.csv row: Season=2024, Date=01/12/2024, Home=Orlando City, Away=New York Red Bulls",59e34e47daa710a98af7705c5c2b72a270d04673c9243789f0fd81eb1738761e,2024-12-01,00:30,0,1,A,CFE,https://en.wikipedia.org/wiki/2024_MLS_Cup_playoffs,Conference finals / Eastern Conference,https://www.mlssoccer.com/competitions/mls-cup-playoffs-cup-short/2024/matches/orlvsrbny-11-30-2024/,football-data Date/Time = UTC kickoff; wiki dates = US local; matched within 0-1 day tolerance.
2024,01/12/2024,Los Angeles Galaxy,Seattle Sounders,playoff,Conference finals / Western Conference,,https://football-data.co.uk/new/USA.csv,https://football-data.co.uk/new/USA.csv,2026-10-02T09:11:13Z,"new_USA.csv row: Season=2024, Date=01/12/2024, Home=Los Angeles Galaxy, Away=Seattle Sounders",59e34e47daa710a98af7705c5c2b72a270d04673c9243789f0fd81eb1738761e,2024-12-01,03:00,1,0,H,CFW,https://en.wikipedia.org/wiki/2024_MLS_Cup_playoffs,Conference finals / Western Conference,https://www.mlssoccer.com/competitions/mls-cup-playoffs-cup-short/2024/matches/lavssea-11-30-2024/,football-data Date/Time = UTC kickoff; wiki dates = US local; matched within 0-1 day tolerance.
2024,07/12/2024,Los Angeles Galaxy,New York Red Bulls,playoff,MLS Cup,,https://football-data.co.uk/new/USA.csv,https://football-data.co.uk/new/USA.csv,2026-10-02T09:11:13Z,"new_USA.csv row: Season=2024, Date=07/12/2024, Home=Los Angeles Galaxy, Away=New York Red Bulls",59e34e47daa710a98af7705c5c2b72a270d04673c9243789f0fd81eb1738761e,2024-12-07,21:00,2,1,H,,https://en.wikipedia.org/wiki/2024_MLS_Cup_playoffs ; https://en.wikipedia.org/wiki/MLS_Cup_2024,MLS Cup,https://www.mlssoccer.com/competitions/mls-cup-playoffs-cup-short/2024/matches/lavsrbny-12-07-2024/,football-data Date/Time = UTC kickoff; wiki dates = US local; matched within 0-1 day tolerance.
2025,23/10/2025,Chicago Fire,Orlando City,playoff,Wild card round / Eastern Conference,,https://football-data.co.uk/new/USA.csv,https://football-data.co.uk/new/USA.csv,2026-10-02T09:11:13Z,"new_USA.csv row: Season=2025, Date=23/10/2025, Home=Chicago Fire, Away=Orlando City",59e34e47daa710a98af7705c5c2b72a270d04673c9243789f0fd81eb1738761e,2025-10-23,01:30,3,1,H,WCE,https://en.wikipedia.org/wiki/2025_MLS_Cup_playoffs,Wild card round / Eastern Conference,https://www.mlssoccer.com/competitions/mls-cup-playoffs/2025/matches/chivsorl-10-22-2025/,football-data Date/Time = UTC kickoff; wiki dates = US local; matched within 0-1 day tolerance.
2025,23/10/2025,Portland Timbers,Real Salt Lake,playoff,Wild card round / Western Conference,,https://football-data.co.uk/new/USA.csv,https://football-data.co.uk/new/USA.csv,2026-10-02T09:11:13Z,"new_USA.csv row: Season=2025, Date=23/10/2025, Home=Portland Timbers, Away=Real Salt Lake",59e34e47daa710a98af7705c5c2b72a270d04673c9243789f0fd81eb1738761e,2025-10-23,03:30,3,1,H,WCW,https://en.wikipedia.org/wiki/2025_MLS_Cup_playoffs,Wild card round / Western Conference,https://www.mlssoccer.com/competitions/mls-cup-playoffs/2025/matches/porvsrsl-10-22-2025/,football-data Date/Time = UTC kickoff; wiki dates = US local; matched within 0-1 day tolerance.
2025,25/10/2025,Inter Miami,Nashville SC,playoff,Round one / Eastern Conference,,https://football-data.co.uk/new/USA.csv,https://football-data.co.uk/new/USA.csv,2026-10-02T09:11:13Z,"new_USA.csv row: Season=2025, Date=25/10/2025, Home=Inter Miami, Away=Nashville SC",59e34e47daa710a98af7705c5c2b72a270d04673c9243789f0fd81eb1738761e,2025-10-25,01:00,3,1,H,R1E3-1,https://en.wikipedia.org/wiki/2025_MLS_Cup_playoffs,Round one / Eastern Conference,https://www.mlssoccer.com/competitions/mls-cup-playoffs/2025/matches/miavsnsh-10-24-2025/,football-data Date/Time = UTC kickoff; wiki dates = US local; matched within 0-1 day tolerance.
2025,26/10/2025,Philadelphia Union,Chicago Fire,playoff,Round one / Eastern Conference,,https://football-data.co.uk/new/USA.csv,https://football-data.co.uk/new/USA.csv,2026-10-02T09:11:13Z,"new_USA.csv row: Season=2025, Date=26/10/2025, Home=Philadelphia Union, Away=Chicago Fire",59e34e47daa710a98af7705c5c2b72a270d04673c9243789f0fd81eb1738761e,2025-10-26,21:30,2,2,D,R1E1-1,https://en.wikipedia.org/wiki/2025_MLS_Cup_playoffs,Round one / Eastern Conference,https://www.mlssoccer.com/competitions/mls-cup-playoffs/2025/matches/phivschi-10-26-2025/,football-data Date/Time = UTC kickoff; wiki dates = US local; matched within 0-1 day tolerance.
2025,26/10/2025,Vancouver Whitecaps,FC Dallas,playoff,Round one / Western Conference,,https://football-data.co.uk/new/USA.csv,https://football-data.co.uk/new/USA.csv,2026-10-02T09:11:13Z,"new_USA.csv row: Season=2025, Date=26/10/2025, Home=Vancouver Whitecaps, Away=FC Dallas",59e34e47daa710a98af7705c5c2b72a270d04673c9243789f0fd81eb1738761e,2025-10-26,23:30,3,0,H,R1W2-1,https://en.wikipedia.org/wiki/2025_MLS_Cup_playoffs,Round one / Western Conference,https://www.mlssoccer.com/competitions/mls-cup-playoffs/2025/matches/vanvsdal-10-26-2025/,football-data Date/Time = UTC kickoff; wiki dates = US local; matched within 0-1 day tolerance.
2025,27/10/2025,San Diego FC,Portland Timbers,playoff,Round one / Western Conference,,https://football-data.co.uk/new/USA.csv,https://football-data.co.uk/new/USA.csv,2026-10-02T09:11:13Z,"new_USA.csv row: Season=2025, Date=27/10/2025, Home=San Diego FC, Away=Portland Timbers",59e34e47daa710a98af7705c5c2b72a270d04673c9243789f0fd81eb1738761e,2025-10-27,01:30,2,1,H,R1W1-1,https://en.wikipedia.org/wiki/2025_MLS_Cup_playoffs,Round one / Western Conference,https://www.mlssoccer.com/competitions/mls-cup-playoffs/2025/matches/sdvspor-10-26-2025/,football-data Date/Time = UTC kickoff; wiki dates = US local; matched within 0-1 day tolerance.
2025,27/10/2025,FC Cincinnati,Columbus Crew,playoff,Round one / Eastern Conference,,https://football-data.co.uk/new/USA.csv,https://football-data.co.uk/new/USA.csv,2026-10-02T09:11:13Z,"new_USA.csv row: Season=2025, Date=27/10/2025, Home=FC Cincinnati, Away=Columbus Crew",59e34e47daa710a98af7705c5c2b72a270d04673c9243789f0fd81eb1738761e,2025-10-27,22:45,1,0,H,R1E2-1,https://en.wikipedia.org/wiki/2025_MLS_Cup_playoffs,Round one / Eastern Conference,https://www.mlssoccer.com/competitions/mls-cup-playoffs/2025/matches/cinvsclb-10-27-2025/,football-data Date/Time = UTC kickoff; wiki dates = US local; matched within 0-1 day tolerance.
2025,28/10/2025,Minnesota United,Seattle Sounders,playoff,Round one / Western Conference,,https://football-data.co.uk/new/USA.csv,https://football-data.co.uk/new/USA.csv,2026-10-02T09:11:13Z,"new_USA.csv row: Season=2025, Date=28/10/2025, Home=Minnesota United, Away=Seattle Sounders",59e34e47daa710a98af7705c5c2b72a270d04673c9243789f0fd81eb1738761e,2025-10-28,01:00,0,0,D,R1W4-1,https://en.wikipedia.org/wiki/2025_MLS_Cup_playoffs,Round one / Western Conference,https://www.mlssoccer.com/competitions/mls-cup-playoffs/2025/matches/minvssea-10-27-2025/,football-data Date/Time = UTC kickoff; wiki dates = US local; matched within 0-1 day tolerance.
2025,28/10/2025,Charlotte,New York City,playoff,Round one / Eastern Conference,,https://football-data.co.uk/new/USA.csv,https://football-data.co.uk/new/USA.csv,2026-10-02T09:11:13Z,"new_USA.csv row: Season=2025, Date=28/10/2025, Home=Charlotte, Away=New York City",59e34e47daa710a98af7705c5c2b72a270d04673c9243789f0fd81eb1738761e,2025-10-28,22:45,0,1,A,R1E4-1,https://en.wikipedia.org/wiki/2025_MLS_Cup_playoffs,Round one / Eastern Conference,https://www.mlssoccer.com/competitions/mls-cup-playoffs/2025/matches/cltvsnyc-10-28-2025/,football-data Date/Time = UTC kickoff; wiki dates = US local; matched within 0-1 day tolerance.
2025,30/10/2025,Los Angeles FC,Austin FC,playoff,Round one / Western Conference,,https://football-data.co.uk/new/USA.csv,https://football-data.co.uk/new/USA.csv,2026-10-02T09:11:13Z,"new_USA.csv row: Season=2025, Date=30/10/2025, Home=Los Angeles FC, Away=Austin FC",59e34e47daa710a98af7705c5c2b72a270d04673c9243789f0fd81eb1738761e,2025-10-30,02:30,2,1,H,R1W3-1,https://en.wikipedia.org/wiki/2025_MLS_Cup_playoffs,Round one / Western Conference,https://www.mlssoccer.com/competitions/mls-cup-playoffs/2025/matches/lafcvsatx-10-29-2025/,football-data Date/Time = UTC kickoff; wiki dates = US local; matched within 0-1 day tolerance.
2025,01/11/2025,New York City,Charlotte,playoff,Round one / Eastern Conference,,https://football-data.co.uk/new/USA.csv,https://football-data.co.uk/new/USA.csv,2026-10-02T09:11:13Z,"new_USA.csv row: Season=2025, Date=01/11/2025, Home=New York City, Away=Charlotte",59e34e47daa710a98af7705c5c2b72a270d04673c9243789f0fd81eb1738761e,2025-11-01,19:30,0,0,D,R1E4-2,https://en.wikipedia.org/wiki/2025_MLS_Cup_playoffs,Round one / Eastern Conference,https://www.mlssoccer.com/competitions/mls-cup-playoffs/2025/matches/nycvsclt-11-01-2025/,football-data Date/Time = UTC kickoff; wiki dates = US local; matched within 0-1 day tolerance.
2025,01/11/2025,Chicago Fire,Philadelphia Union,playoff,Round one / Eastern Conference,,https://football-data.co.uk/new/USA.csv,https://football-data.co.uk/new/USA.csv,2026-10-02T09:11:13Z,"new_USA.csv row: Season=2025, Date=01/11/2025, Home=Chicago Fire, Away=Philadelphia Union",59e34e47daa710a98af7705c5c2b72a270d04673c9243789f0fd81eb1738761e,2025-11-01,21:30,0,3,A,R1E1-2,https://en.wikipedia.org/wiki/2025_MLS_Cup_playoffs,Round one / Eastern Conference,https://www.mlssoccer.com/competitions/mls-cup-playoffs/2025/matches/chivsphi-11-01-2025/,football-data Date/Time = UTC kickoff; wiki dates = US local; matched within 0-1 day tolerance.
2025,01/11/2025,Nashville SC,Inter Miami,playoff,Round one / Eastern Conference,,https://football-data.co.uk/new/USA.csv,https://football-data.co.uk/new/USA.csv,2026-10-02T09:11:13Z,"new_USA.csv row: Season=2025, Date=01/11/2025, Home=Nashville SC, Away=Inter Miami",59e34e47daa710a98af7705c5c2b72a270d04673c9243789f0fd81eb1738761e,2025-11-01,23:30,2,1,H,R1E3-2,https://en.wikipedia.org/wiki/2025_MLS_Cup_playoffs,Round one / Eastern Conference,https://www.mlssoccer.com/competitions/mls-cup-playoffs/2025/matches/nshvsmia-11-01-2025/,football-data Date/Time = UTC kickoff; wiki dates = US local; matched within 0-1 day tolerance.
2025,02/11/2025,FC Dallas,Vancouver Whitecaps,playoff,Round one / Western Conference,,https://football-data.co.uk/new/USA.csv,https://football-data.co.uk/new/USA.csv,2026-10-02T09:11:13Z,"new_USA.csv row: Season=2025, Date=02/11/2025, Home=FC Dallas, Away=Vancouver Whitecaps",59e34e47daa710a98af7705c5c2b72a270d04673c9243789f0fd81eb1738761e,2025-11-02,01:30,1,1,D,R1W2-2,https://en.wikipedia.org/wiki/2025_MLS_Cup_playoffs,Round one / Western Conference,https://www.mlssoccer.com/competitions/mls-cup-playoffs/2025/matches/dalvsvan-11-01-2025/,football-data Date/Time = UTC kickoff; wiki dates = US local; matched within 0-1 day tolerance.
2025,02/11/2025,Portland Timbers,San Diego FC,playoff,Round one / Western Conference,,https://football-data.co.uk/new/USA.csv,https://football-data.co.uk/new/USA.csv,2026-10-02T09:11:13Z,"new_USA.csv row: Season=2025, Date=02/11/2025, Home=Portland Timbers, Away=San Diego FC",59e34e47daa710a98af7705c5c2b72a270d04673c9243789f0fd81eb1738761e,2025-11-02,01:30,2,2,D,R1W1-2,https://en.wikipedia.org/wiki/2025_MLS_Cup_playoffs,Round one / Western Conference,https://www.mlssoccer.com/competitions/mls-cup-playoffs/2025/matches/porvssd-11-01-2025/,football-data Date/Time = UTC kickoff; wiki dates = US local; matched within 0-1 day tolerance.
2025,02/11/2025,Columbus Crew,FC Cincinnati,playoff,Round one / Eastern Conference,,https://football-data.co.uk/new/USA.csv,https://football-data.co.uk/new/USA.csv,2026-10-02T09:11:13Z,"new_USA.csv row: Season=2025, Date=02/11/2025, Home=Columbus Crew, Away=FC Cincinnati",59e34e47daa710a98af7705c5c2b72a270d04673c9243789f0fd81eb1738761e,2025-11-02,23:30,4,0,H,R1E2-2,https://en.wikipedia.org/wiki/2025_MLS_Cup_playoffs,Round one / Eastern Conference,https://www.mlssoccer.com/competitions/mls-cup-playoffs/2025/matches/clbvscin-11-02-2025/,football-data Date/Time = UTC kickoff; wiki dates = US local; matched within 0-1 day tolerance.
2025,03/11/2025,Austin FC,Los Angeles FC,playoff,Round one / Western Conference,,https://football-data.co.uk/new/USA.csv,https://football-data.co.uk/new/USA.csv,2026-10-02T09:11:13Z,"new_USA.csv row: Season=2025, Date=03/11/2025, Home=Austin FC, Away=Los Angeles FC",59e34e47daa710a98af7705c5c2b72a270d04673c9243789f0fd81eb1738761e,2025-11-03,01:45,1,4,A,R1W3-2,https://en.wikipedia.org/wiki/2025_MLS_Cup_playoffs,Round one / Western Conference,https://www.mlssoccer.com/competitions/mls-cup-playoffs/2025/matches/atxvslafc-11-02-2025/,football-data Date/Time = UTC kickoff; wiki dates = US local; matched within 0-1 day tolerance.
2025,04/11/2025,Seattle Sounders,Minnesota United,playoff,Round one / Western Conference,,https://football-data.co.uk/new/USA.csv,https://football-data.co.uk/new/USA.csv,2026-10-02T09:11:13Z,"new_USA.csv row: Season=2025, Date=04/11/2025, Home=Seattle Sounders, Away=Minnesota United",59e34e47daa710a98af7705c5c2b72a270d04673c9243789f0fd81eb1738761e,2025-11-04,03:45,4,2,H,R1W4-2,https://en.wikipedia.org/wiki/2025_MLS_Cup_playoffs,Round one / Western Conference,https://www.mlssoccer.com/competitions/mls-cup-playoffs/2025/matches/seavsmin-11-03-2025/,football-data Date/Time = UTC kickoff; wiki dates = US local; matched within 0-1 day tolerance.
2025,08/11/2025,Charlotte,New York City,playoff,Round one / Eastern Conference,,https://football-data.co.uk/new/USA.csv,https://football-data.co.uk/new/USA.csv,2026-10-02T09:11:13Z,"new_USA.csv row: Season=2025, Date=08/11/2025, Home=Charlotte, Away=New York City",59e34e47daa710a98af7705c5c2b72a270d04673c9243789f0fd81eb1738761e,2025-11-08,00:00,1,3,A,R1E4-3,https://en.wikipedia.org/wiki/2025_MLS_Cup_playoffs,Round one / Eastern Conference,https://www.mlssoccer.com/competitions/mls-cup-playoffs/2025/matches/cltvsnyc-11-07-2025/,football-data Date/Time = UTC kickoff; wiki dates = US local; matched within 0-1 day tolerance.
2025,08/11/2025,Minnesota United,Seattle Sounders,playoff,Round one / Western Conference,,https://football-data.co.uk/new/USA.csv,https://football-data.co.uk/new/USA.csv,2026-10-02T09:11:13Z,"new_USA.csv row: Season=2025, Date=08/11/2025, Home=Minnesota United, Away=Seattle Sounders",59e34e47daa710a98af7705c5c2b72a270d04673c9243789f0fd81eb1738761e,2025-11-08,21:00,3,3,D,R1W4-3,https://en.wikipedia.org/wiki/2025_MLS_Cup_playoffs,Round one / Western Conference,https://www.mlssoccer.com/competitions/mls-cup-playoffs/2025/matches/minvssea-11-08-2025/,football-data Date/Time = UTC kickoff; wiki dates = US local; matched within 0-1 day tolerance.
2025,08/11/2025,FC Cincinnati,Columbus Crew,playoff,Round one / Eastern Conference,,https://football-data.co.uk/new/USA.csv,https://football-data.co.uk/new/USA.csv,2026-10-02T09:11:13Z,"new_USA.csv row: Season=2025, Date=08/11/2025, Home=FC Cincinnati, Away=Columbus Crew",59e34e47daa710a98af7705c5c2b72a270d04673c9243789f0fd81eb1738761e,2025-11-08,23:00,2,1,H,R1E2-3,https://en.wikipedia.org/wiki/2025_MLS_Cup_playoffs,Round one / Eastern Conference,https://www.mlssoccer.com/competitions/mls-cup-playoffs/2025/matches/cinvsclb-11-08-2025/,football-data Date/Time = UTC kickoff; wiki dates = US local; matched within 0-1 day tolerance.
2025,09/11/2025,Inter Miami,Nashville SC,playoff,Round one / Eastern Conference,,https://football-data.co.uk/new/USA.csv,https://football-data.co.uk/new/USA.csv,2026-10-02T09:11:13Z,"new_USA.csv row: Season=2025, Date=09/11/2025, Home=Inter Miami, Away=Nashville SC",59e34e47daa710a98af7705c5c2b72a270d04673c9243789f0fd81eb1738761e,2025-11-09,01:00,4,0,H,R1E3-3,https://en.wikipedia.org/wiki/2025_MLS_Cup_playoffs,Round one / Eastern Conference,https://www.mlssoccer.com/competitions/mls-cup-playoffs/2025/matches/miavsnsh-11-08-2025/,football-data Date/Time = UTC kickoff; wiki dates = US local; matched within 0-1 day tolerance.
2025,10/11/2025,San Diego FC,Portland Timbers,playoff,Round one / Western Conference,,https://football-data.co.uk/new/USA.csv,https://football-data.co.uk/new/USA.csv,2026-10-02T09:11:13Z,"new_USA.csv row: Season=2025, Date=10/11/2025, Home=San Diego FC, Away=Portland Timbers",59e34e47daa710a98af7705c5c2b72a270d04673c9243789f0fd81eb1738761e,2025-11-10,02:00,4,0,H,R1W1-3,https://en.wikipedia.org/wiki/2025_MLS_Cup_playoffs,Round one / Western Conference,https://www.mlssoccer.com/competitions/mls-cup-playoffs/2025/matches/sdvspor-11-09-2025/,football-data Date/Time = UTC kickoff; wiki dates = US local; matched within 0-1 day tolerance.
2025,23/11/2025,Vancouver Whitecaps,Los Angeles FC,playoff,Conference semifinals / Western Conference,,https://football-data.co.uk/new/USA.csv,https://football-data.co.uk/new/USA.csv,2026-10-02T09:11:13Z,"new_USA.csv row: Season=2025, Date=23/11/2025, Home=Vancouver Whitecaps, Away=Los Angeles FC",59e34e47daa710a98af7705c5c2b72a270d04673c9243789f0fd81eb1738761e,2025-11-23,02:30,2,2,D,CSFW2,https://en.wikipedia.org/wiki/2025_MLS_Cup_playoffs,Conference semifinals / Western Conference,https://www.mlssoccer.com/competitions/mls-cup-playoffs/2025/matches/vanvslafc-11-22-2025,football-data Date/Time = UTC kickoff; wiki dates = US local; matched within 0-1 day tolerance.
2025,23/11/2025,FC Cincinnati,Inter Miami,playoff,Conference semifinals / Eastern Conference,,https://football-data.co.uk/new/USA.csv,https://football-data.co.uk/new/USA.csv,2026-10-02T09:11:13Z,"new_USA.csv row: Season=2025, Date=23/11/2025, Home=FC Cincinnati, Away=Inter Miami",59e34e47daa710a98af7705c5c2b72a270d04673c9243789f0fd81eb1738761e,2025-11-23,22:00,0,4,A,CSFE2,https://en.wikipedia.org/wiki/2025_MLS_Cup_playoffs,Conference semifinals / Eastern Conference,https://www.mlssoccer.com/competitions/mls-cup-playoffs/2025/matches/cinvsmia-11-23-2025,football-data Date/Time = UTC kickoff; wiki dates = US local; matched within 0-1 day tolerance.
2025,24/11/2025,Philadelphia Union,New York City,playoff,Conference semifinals / Eastern Conference,,https://football-data.co.uk/new/USA.csv,https://football-data.co.uk/new/USA.csv,2026-10-02T09:11:13Z,"new_USA.csv row: Season=2025, Date=24/11/2025, Home=Philadelphia Union, Away=New York City",59e34e47daa710a98af7705c5c2b72a270d04673c9243789f0fd81eb1738761e,2025-11-24,00:45,0,1,A,CSFE1,https://en.wikipedia.org/wiki/2025_MLS_Cup_playoffs,Conference semifinals / Eastern Conference,https://www.mlssoccer.com/competitions/mls-cup-playoffs/2025/matches/phivsnyc-11-23-2025,football-data Date/Time = UTC kickoff; wiki dates = US local; matched within 0-1 day tolerance.
2025,25/11/2025,San Diego FC,Minnesota United,playoff,Conference semifinals / Western Conference,,https://football-data.co.uk/new/USA.csv,https://football-data.co.uk/new/USA.csv,2026-10-02T09:11:13Z,"new_USA.csv row: Season=2025, Date=25/11/2025, Home=San Diego FC, Away=Minnesota United",59e34e47daa710a98af7705c5c2b72a270d04673c9243789f0fd81eb1738761e,2025-11-25,03:00,1,0,H,CSFW1,https://en.wikipedia.org/wiki/2025_MLS_Cup_playoffs,Conference semifinals / Western Conference,https://www.mlssoccer.com/competitions/mls-cup-playoffs/2025/matches/sdvsmin-11-24-2025,football-data Date/Time = UTC kickoff; wiki dates = US local; matched within 0-1 day tolerance.
2025,29/11/2025,Inter Miami,New York City,playoff,Conference finals / Eastern Conference,,https://football-data.co.uk/new/USA.csv,https://football-data.co.uk/new/USA.csv,2026-10-02T09:11:13Z,"new_USA.csv row: Season=2025, Date=29/11/2025, Home=Inter Miami, Away=New York City",59e34e47daa710a98af7705c5c2b72a270d04673c9243789f0fd81eb1738761e,2025-11-29,23:00,5,1,H,CFE,https://en.wikipedia.org/wiki/2025_MLS_Cup_playoffs,Conference finals / Eastern Conference,https://www.mlssoccer.com/competitions/mls-cup-playoffs/2025/matches/miavsnyc-11-29-2025/,football-data Date/Time = UTC kickoff; wiki dates = US local; matched within 0-1 day tolerance.
2025,30/11/2025,San Diego FC,Vancouver Whitecaps,playoff,Conference finals / Western Conference,,https://football-data.co.uk/new/USA.csv,https://football-data.co.uk/new/USA.csv,2026-10-02T09:11:13Z,"new_USA.csv row: Season=2025, Date=30/11/2025, Home=San Diego FC, Away=Vancouver Whitecaps",59e34e47daa710a98af7705c5c2b72a270d04673c9243789f0fd81eb1738761e,2025-11-30,02:00,1,3,A,CFW,https://en.wikipedia.org/wiki/2025_MLS_Cup_playoffs,Conference finals / Western Conference,https://www.mlssoccer.com/competitions/mls-cup-playoffs/2025/matches/sdvsvan-11-29-2025/,football-data Date/Time = UTC kickoff; wiki dates = US local; matched within 0-1 day tolerance.
2025,06/12/2025,Inter Miami,Vancouver Whitecaps,playoff,MLS Cup,,https://football-data.co.uk/new/USA.csv,https://football-data.co.uk/new/USA.csv,2026-10-02T09:11:13Z,"new_USA.csv row: Season=2025, Date=06/12/2025, Home=Inter Miami, Away=Vancouver Whitecaps",59e34e47daa710a98af7705c5c2b72a270d04673c9243789f0fd81eb1738761e,2025-12-06,19:30,3,1,H,,https://en.wikipedia.org/wiki/2025_MLS_Cup_playoffs ; https://en.wikipedia.org/wiki/MLS_Cup_2025,MLS Cup,https://www.mlssoccer.com/competitions/mls-cup-playoffs/2025/matches/miavsvan-12-06-2025/,football-data Date/Time = UTC kickoff; wiki dates = US local; matched within 0-1 day tolerance.
